source_path,bytes,canonical_owner,incubation_home,canonical_home,disposition,merge_group,trust_class,duplicate_of,flags
.staging/.github/agents/agentic-workflows.md,12446,aether,aether/.staging/library/organization/agents/agentic-workflows.md,aether/library/organization/agents/agentic-workflows.md,merge-with-canonical-agent-library,aether-organization-agents,staged-instruction,,
.staging/.github/agents/architect.agent.md,2128,aether,aether/.staging/library/organization/agents/architect.agent.md,aether/library/organization/agents/architect.agent.md,merge-with-canonical-agent-library,aether-organization-agents,staged-instruction,,
.staging/.github/agents/arxiv-publisher.agent.md,1985,aether,aether/.staging/library/organization/agents/arxiv-publisher.agent.md,aether/library/organization/agents/arxiv-publisher.agent.md,merge-with-canonical-agent-library,aether-organization-agents,staged-instruction,,
.staging/.github/agents/auditor.agent.md,2123,aether,aether/.staging/library/organization/agents/auditor.agent.md,aether/library/organization/agents/auditor.agent.md,merge-with-canonical-agent-library,aether-organization-agents,staged-instruction,,
.staging/.github/agents/awesome/CSharpExpert.agent.md,8607,aether,aether/.staging/community/awesome-copilot/agents/CSharpExpert.agent.md,aether/library/community/awesome-copilot/agents/CSharpExpert.agent.md,quarantine-and-curate,aether-community-awesome-copilot,quarantined-instruction,,
.staging/.github/agents/awesome/Thinking-Beast-Mode.agent.md,17947,aether,aether/.staging/community/awesome-copilot/agents/Thinking-Beast-Mode.agent.md,aether/library/community/awesome-copilot/agents/Thinking-Beast-Mode.agent.md,quarantine-and-curate,aether-community-awesome-copilot,quarantined-instruction,,
.staging/.github/agents/awesome/Ultimate-Transparent-Thinking-Beast-Mode.agent.md,29019,aether,aether/.staging/community/awesome-copilot/agents/Ultimate-Transparent-Thinking-Beast-Mode.agent.md,aether/library/community/awesome-copilot/agents/Ultimate-Transparent-Thinking-Beast-Mode.agent.md,quarantine-and-curate,aether-community-awesome-copilot,quarantined-instruction,,prompt-override-content
.staging/.github/agents/awesome/WinFormsExpert.agent.md,26054,aether,aether/.staging/community/awesome-copilot/agents/WinFormsExpert.agent.md,aether/library/community/awesome-copilot/agents/WinFormsExpert.agent.md,quarantine-and-curate,aether-community-awesome-copilot,quarantined-instruction,,
.staging/.github/agents/awesome/accessibility-runtime-tester.agent.md,5041,aether,aether/.staging/community/awesome-copilot/agents/accessibility-runtime-tester.agent.md,aether/library/community/awesome-copilot/agents/accessibility-runtime-tester.agent.md,quarantine-and-curate,aether-community-awesome-copilot,quarantined-instruction,,
.staging/.github/agents/awesome/accessibility.agent.md,12689,aether,aether/.staging/community/awesome-copilot/agents/accessibility.agent.md,aether/library/community/awesome-copilot/agents/accessibility.agent.md,quarantine-and-curate,aether-community-awesome-copilot,quarantined-instruction,,
.staging/.github/agents/awesome/address-comments.agent.md,1530,aether,aether/.staging/community/awesome-copilot/agents/address-comments.agent.md,aether/library/community/awesome-copilot/agents/address-comments.agent.md,quarantine-and-curate,aether-community-awesome-copilot,quarantined-instruction,,
.staging/.github/agents/awesome/adr-generator.agent.md,6662,aether,aether/.staging/community/awesome-copilot/agents/adr-generator.agent.md,aether/library/community/awesome-copilot/agents/adr-generator.agent.md,quarantine-and-curate,aether-community-awesome-copilot,quarantined-instruction,,
.staging/.github/agents/awesome/aem-frontend-specialist.agent.md,20085,aether,aether/.staging/community/awesome-copilot/agents/aem-frontend-specialist.agent.md,aether/library/community/awesome-copilot/agents/aem-frontend-specialist.agent.md,quarantine-and-curate,aether-community-awesome-copilot,quarantined-instruction,,
.staging/.github/agents/awesome/agent-governance-reviewer.agent.md,2399,aether,aether/.staging/community/awesome-copilot/agents/agent-governance-reviewer.agent.md,aether/library/community/awesome-copilot/agents/agent-governance-reviewer.agent.md,quarantine-and-curate,aether-community-awesome-copilot,quarantined-instruction,,
.staging/.github/agents/awesome/ai-readiness-reporter.agent.md,14833,aether,aether/.staging/community/awesome-copilot/agents/ai-readiness-reporter.agent.md,aether/library/community/awesome-copilot/agents/ai-readiness-reporter.agent.md,quarantine-and-curate,aether-community-awesome-copilot,quarantined-instruction,,
.staging/.github/agents/awesome/ai-team-dev.agent.md,3064,aether,aether/.staging/community/awesome-copilot/agents/ai-team-dev.agent.md,aether/library/community/awesome-copilot/agents/ai-team-dev.agent.md,quarantine-and-curate,aether-community-awesome-copilot,quarantined-instruction,,
.staging/.github/agents/awesome/ai-team-producer.agent.md,2622,aether,aether/.staging/community/awesome-copilot/agents/ai-team-producer.agent.md,aether/library/community/awesome-copilot/agents/ai-team-producer.agent.md,quarantine-and-curate,aether-community-awesome-copilot,quarantined-instruction,,
.staging/.github/agents/awesome/ai-team-qa.agent.md,2794,aether,aether/.staging/community/awesome-copilot/agents/ai-team-qa.agent.md,aether/library/community/awesome-copilot/agents/ai-team-qa.agent.md,quarantine-and-curate,aether-community-awesome-copilot,quarantined-instruction,,
.staging/.github/agents/awesome/amplitude-experiment-implementation.agent.md,1863,aether,aether/.staging/community/awesome-copilot/agents/amplitude-experiment-implementation.agent.md,aether/library/community/awesome-copilot/agents/amplitude-experiment-implementation.agent.md,quarantine-and-curate,aether-community-awesome-copilot,quarantined-instruction,,
.staging/.github/agents/awesome/api-architect.agent.md,2547,aether,aether/.staging/community/awesome-copilot/agents/api-architect.agent.md,aether/library/community/awesome-copilot/agents/api-architect.agent.md,quarantine-and-curate,aether-community-awesome-copilot,quarantined-instruction,,
.staging/.github/agents/awesome/apify-integration-expert.agent.md,7383,aether,aether/.staging/community/awesome-copilot/agents/apify-integration-expert.agent.md,aether/library/community/awesome-copilot/agents/apify-integration-expert.agent.md,quarantine-and-curate,aether-community-awesome-copilot,quarantined-instruction,,
.staging/.github/agents/awesome/arch-linux-expert.agent.md,2009,aether,aether/.staging/community/awesome-copilot/agents/arch-linux-expert.agent.md,aether/library/community/awesome-copilot/agents/arch-linux-expert.agent.md,quarantine-and-curate,aether-community-awesome-copilot,quarantined-instruction,,
.staging/.github/agents/awesome/arch.agent.md,7086,aether,aether/.staging/community/awesome-copilot/agents/arch.agent.md,aether/library/community/awesome-copilot/agents/arch.agent.md,quarantine-and-curate,aether-community-awesome-copilot,quarantined-instruction,,
.staging/.github/agents/awesome/arm-migration.agent.md,3364,aether,aether/.staging/community/awesome-copilot/agents/arm-migration.agent.md,aether/library/community/awesome-copilot/agents/arm-migration.agent.md,quarantine-and-curate,aether-community-awesome-copilot,quarantined-instruction,,
.staging/.github/agents/awesome/atlassian-requirements-to-jira.agent.md,18614,aether,aether/.staging/community/awesome-copilot/agents/atlassian-requirements-to-jira.agent.md,aether/library/community/awesome-copilot/agents/atlassian-requirements-to-jira.agent.md,quarantine-and-curate,aether-community-awesome-copilot,quarantined-instruction,,
.staging/.github/agents/awesome/aws-cloud-expert.agent.md,6115,aether,aether/.staging/community/awesome-copilot/agents/aws-cloud-expert.agent.md,aether/library/community/awesome-copilot/agents/aws-cloud-expert.agent.md,quarantine-and-curate,aether-community-awesome-copilot,quarantined-instruction,,
.staging/.github/agents/awesome/aws-incident-triage.agent.md,5716,aether,aether/.staging/community/awesome-copilot/agents/aws-incident-triage.agent.md,aether/library/community/awesome-copilot/agents/aws-incident-triage.agent.md,quarantine-and-curate,aether-community-awesome-copilot,quarantined-instruction,,
.staging/.github/agents/awesome/aws-principal-architect.agent.md,3002,aether,aether/.staging/community/awesome-copilot/agents/aws-principal-architect.agent.md,aether/library/community/awesome-copilot/agents/aws-principal-architect.agent.md,quarantine-and-curate,aether-community-awesome-copilot,quarantined-instruction,,
.staging/.github/agents/awesome/aws-serverless-architect.agent.md,3986,aether,aether/.staging/community/awesome-copilot/agents/aws-serverless-architect.agent.md,aether/library/community/awesome-copilot/agents/aws-serverless-architect.agent.md,quarantine-and-curate,aether-community-awesome-copilot,quarantined-instruction,,
.staging/.github/agents/awesome/azure-iac-exporter.agent.md,23509,aether,aether/.staging/community/awesome-copilot/agents/azure-iac-exporter.agent.md,aether/library/community/awesome-copilot/agents/azure-iac-exporter.agent.md,quarantine-and-curate,aether-community-awesome-copilot,quarantined-instruction,,
.staging/.github/agents/awesome/azure-iac-generator.agent.md,10757,aether,aether/.staging/community/awesome-copilot/agents/azure-iac-generator.agent.md,aether/library/community/awesome-copilot/agents/azure-iac-generator.agent.md,quarantine-and-curate,aether-community-awesome-copilot,quarantined-instruction,,
.staging/.github/agents/awesome/azure-logic-apps-expert.agent.md,5160,aether,aether/.staging/community/awesome-copilot/agents/azure-logic-apps-expert.agent.md,aether/library/community/awesome-copilot/agents/azure-logic-apps-expert.agent.md,quarantine-and-curate,aether-community-awesome-copilot,quarantined-instruction,,
.staging/.github/agents/awesome/azure-policy-analyzer.agent.md,1626,aether,aether/.staging/community/awesome-copilot/agents/azure-policy-analyzer.agent.md,aether/library/community/awesome-copilot/agents/azure-policy-analyzer.agent.md,quarantine-and-curate,aether-community-awesome-copilot,quarantined-instruction,,
.staging/.github/agents/awesome/azure-principal-architect.agent.md,4432,aether,aether/.staging/community/awesome-copilot/agents/azure-principal-architect.agent.md,aether/library/community/awesome-copilot/agents/azure-principal-architect.agent.md,quarantine-and-curate,aether-community-awesome-copilot,quarantined-instruction,,
.staging/.github/agents/awesome/azure-saas-architect.agent.md,8453,aether,aether/.staging/community/awesome-copilot/agents/azure-saas-architect.agent.md,aether/library/community/awesome-copilot/agents/azure-saas-architect.agent.md,quarantine-and-curate,aether-community-awesome-copilot,quarantined-instruction,,
.staging/.github/agents/awesome/azure-smart-city-iot-architect.agent.md,1652,aether,aether/.staging/community/awesome-copilot/agents/azure-smart-city-iot-architect.agent.md,aether/library/community/awesome-copilot/agents/azure-smart-city-iot-architect.agent.md,quarantine-and-curate,aether-community-awesome-copilot,quarantined-instruction,,
.staging/.github/agents/awesome/azure-verified-modules-bicep.agent.md,1842,aether,aether/.staging/community/awesome-copilot/agents/azure-verified-modules-bicep.agent.md,aether/library/community/awesome-copilot/agents/azure-verified-modules-bicep.agent.md,quarantine-and-curate,aether-community-awesome-copilot,quarantined-instruction,,
.staging/.github/agents/awesome/azure-verified-modules-owner-triage.agent.md,41316,aether,aether/.staging/community/awesome-copilot/agents/azure-verified-modules-owner-triage.agent.md,aether/library/community/awesome-copilot/agents/azure-verified-modules-owner-triage.agent.md,quarantine-and-curate,aether-community-awesome-copilot,quarantined-instruction,,
.staging/.github/agents/awesome/azure-verified-modules-terraform.agent.md,2656,aether,aether/.staging/community/awesome-copilot/agents/azure-verified-modules-terraform.agent.md,aether/library/community/awesome-copilot/agents/azure-verified-modules-terraform.agent.md,quarantine-and-curate,aether-community-awesome-copilot,quarantined-instruction,,
.staging/.github/agents/awesome/bicep-implement.agent.md,2273,aether,aether/.staging/community/awesome-copilot/agents/bicep-implement.agent.md,aether/library/community/awesome-copilot/agents/bicep-implement.agent.md,quarantine-and-curate,aether-community-awesome-copilot,quarantined-instruction,,
.staging/.github/agents/awesome/bicep-plan.agent.md,4539,aether,aether/.staging/community/awesome-copilot/agents/bicep-plan.agent.md,aether/library/community/awesome-copilot/agents/bicep-plan.agent.md,quarantine-and-curate,aether-community-awesome-copilot,quarantined-instruction,,
.staging/.github/agents/awesome/blueprint-mode.agent.md,10856,aether,aether/.staging/community/awesome-copilot/agents/blueprint-mode.agent.md,aether/library/community/awesome-copilot/agents/blueprint-mode.agent.md,quarantine-and-curate,aether-community-awesome-copilot,quarantined-instruction,,
.staging/.github/agents/awesome/cast-imaging-impact-analysis.agent.md,4780,aether,aether/.staging/community/awesome-copilot/agents/cast-imaging-impact-analysis.agent.md,aether/library/community/awesome-copilot/agents/cast-imaging-impact-analysis.agent.md,quarantine-and-curate,aether-community-awesome-copilot,quarantined-instruction,,
.staging/.github/agents/awesome/cast-imaging-software-discovery.agent.md,3754,aether,aether/.staging/community/awesome-copilot/agents/cast-imaging-software-discovery.agent.md,aether/library/community/awesome-copilot/agents/cast-imaging-software-discovery.agent.md,quarantine-and-curate,aether-community-awesome-copilot,quarantined-instruction,,
.staging/.github/agents/awesome/cast-imaging-structural-quality-advisor.agent.md,3841,aether,aether/.staging/community/awesome-copilot/agents/cast-imaging-structural-quality-advisor.agent.md,aether/library/community/awesome-copilot/agents/cast-imaging-structural-quality-advisor.agent.md,quarantine-and-curate,aether-community-awesome-copilot,quarantined-instruction,,
.staging/.github/agents/awesome/caveman-mode.agent.md,1614,aether,aether/.staging/community/awesome-copilot/agents/caveman-mode.agent.md,aether/library/community/awesome-copilot/agents/caveman-mode.agent.md,quarantine-and-curate,aether-community-awesome-copilot,quarantined-instruction,,
.staging/.github/agents/awesome/centos-linux-expert.agent.md,2059,aether,aether/.staging/community/awesome-copilot/agents/centos-linux-expert.agent.md,aether/library/community/awesome-copilot/agents/centos-linux-expert.agent.md,quarantine-and-curate,aether-community-awesome-copilot,quarantined-instruction,,
.staging/.github/agents/awesome/clojure-interactive-programming.agent.md,6652,aether,aether/.staging/community/awesome-copilot/agents/clojure-interactive-programming.agent.md,aether/library/community/awesome-copilot/agents/clojure-interactive-programming.agent.md,quarantine-and-curate,aether-community-awesome-copilot,quarantined-instruction,,
.staging/.github/agents/awesome/code-tour.agent.md,7047,aether,aether/.staging/community/awesome-copilot/agents/code-tour.agent.md,aether/library/community/awesome-copilot/agents/code-tour.agent.md,quarantine-and-curate,aether-community-awesome-copilot,quarantined-instruction,,
.staging/.github/agents/awesome/comet-opik.agent.md,9949,aether,aether/.staging/community/awesome-copilot/agents/comet-opik.agent.md,aether/library/community/awesome-copilot/agents/comet-opik.agent.md,quarantine-and-curate,aether-community-awesome-copilot,quarantined-instruction,,
.staging/.github/agents/awesome/context-architect.agent.md,1968,aether,aether/.staging/community/awesome-copilot/agents/context-architect.agent.md,aether/library/community/awesome-copilot/agents/context-architect.agent.md,quarantine-and-curate,aether-community-awesome-copilot,quarantined-instruction,,
.staging/.github/agents/awesome/context7.agent.md,26684,aether,aether/.staging/community/awesome-copilot/agents/context7.agent.md,aether/library/community/awesome-copilot/agents/context7.agent.md,quarantine-and-curate,aether-community-awesome-copilot,quarantined-instruction,,
.staging/.github/agents/awesome/critical-thinking.agent.md,2153,aether,aether/.staging/community/awesome-copilot/agents/critical-thinking.agent.md,aether/library/community/awesome-copilot/agents/critical-thinking.agent.md,quarantine-and-curate,aether-community-awesome-copilot,quarantined-instruction,,
.staging/.github/agents/awesome/csharp-dotnet-janitor.agent.md,3027,aether,aether/.staging/community/awesome-copilot/agents/csharp-dotnet-janitor.agent.md,aether/library/community/awesome-copilot/agents/csharp-dotnet-janitor.agent.md,quarantine-and-curate,aether-community-awesome-copilot,quarantined-instruction,,
.staging/.github/agents/awesome/csharp-mcp-expert.agent.md,7063,aether,aether/.staging/community/awesome-copilot/agents/csharp-mcp-expert.agent.md,aether/library/community/awesome-copilot/agents/csharp-mcp-expert.agent.md,quarantine-and-curate,aether-community-awesome-copilot,quarantined-instruction,,
.staging/.github/agents/awesome/custom-agent-foundry.agent.md,7208,aether,aether/.staging/community/awesome-copilot/agents/custom-agent-foundry.agent.md,aether/library/community/awesome-copilot/agents/custom-agent-foundry.agent.md,quarantine-and-curate,aether-community-awesome-copilot,quarantined-instruction,,
.staging/.github/agents/awesome/debian-linux-expert.agent.md,2201,aether,aether/.staging/community/awesome-copilot/agents/debian-linux-expert.agent.md,aether/library/community/awesome-copilot/agents/debian-linux-expert.agent.md,quarantine-and-curate,aether-community-awesome-copilot,quarantined-instruction,,
.staging/.github/agents/awesome/debug.agent.md,3553,aether,aether/.staging/community/awesome-copilot/agents/debug.agent.md,aether/library/community/awesome-copilot/agents/debug.agent.md,quarantine-and-curate,aether-community-awesome-copilot,quarantined-instruction,,
.staging/.github/agents/awesome/declarative-agents-architect.agent.md,4057,aether,aether/.staging/community/awesome-copilot/agents/declarative-agents-architect.agent.md,aether/library/community/awesome-copilot/agents/declarative-agents-architect.agent.md,quarantine-and-curate,aether-community-awesome-copilot,quarantined-instruction,,
.staging/.github/agents/awesome/defender-scout-kql.agent.md,5831,aether,aether/.staging/community/awesome-copilot/agents/defender-scout-kql.agent.md,aether/library/community/awesome-copilot/agents/defender-scout-kql.agent.md,quarantine-and-curate,aether-community-awesome-copilot,quarantined-instruction,,
.staging/.github/agents/awesome/delphi-expert.agent.md,24100,aether,aether/.staging/community/awesome-copilot/agents/delphi-expert.agent.md,aether/library/community/awesome-copilot/agents/delphi-expert.agent.md,quarantine-and-curate,aether-community-awesome-copilot,quarantined-instruction,,
.staging/.github/agents/awesome/demonstrate-understanding.agent.md,3046,aether,aether/.staging/community/awesome-copilot/agents/demonstrate-understanding.agent.md,aether/library/community/awesome-copilot/agents/demonstrate-understanding.agent.md,quarantine-and-curate,aether-community-awesome-copilot,quarantined-instruction,,
.staging/.github/agents/awesome/devils-advocate.agent.md,2126,aether,aether/.staging/community/awesome-copilot/agents/devils-advocate.agent.md,aether/library/community/awesome-copilot/agents/devils-advocate.agent.md,quarantine-and-curate,aether-community-awesome-copilot,quarantined-instruction,,
.staging/.github/agents/awesome/devops-expert.agent.md,8289,aether,aether/.staging/community/awesome-copilot/agents/devops-expert.agent.md,aether/library/community/awesome-copilot/agents/devops-expert.agent.md,quarantine-and-curate,aether-community-awesome-copilot,quarantined-instruction,,
.staging/.github/agents/awesome/devtools-regression-investigator.agent.md,4764,aether,aether/.staging/community/awesome-copilot/agents/devtools-regression-investigator.agent.md,aether/library/community/awesome-copilot/agents/devtools-regression-investigator.agent.md,quarantine-and-curate,aether-community-awesome-copilot,quarantined-instruction,,
.staging/.github/agents/awesome/diffblue-cover.agent.md,3092,aether,aether/.staging/community/awesome-copilot/agents/diffblue-cover.agent.md,aether/library/community/awesome-copilot/agents/diffblue-cover.agent.md,quarantine-and-curate,aether-community-awesome-copilot,quarantined-instruction,,
.staging/.github/agents/awesome/dotnet-fullstack-mentor.agent.md,8740,aether,aether/.staging/community/awesome-copilot/agents/dotnet-fullstack-mentor.agent.md,aether/library/community/awesome-copilot/agents/dotnet-fullstack-mentor.agent.md,quarantine-and-curate,aether-community-awesome-copilot,quarantined-instruction,,
.staging/.github/agents/awesome/dotnet-maui.agent.md,6596,aether,aether/.staging/community/awesome-copilot/agents/dotnet-maui.agent.md,aether/library/community/awesome-copilot/agents/dotnet-maui.agent.md,quarantine-and-curate,aether-community-awesome-copilot,quarantined-instruction,,
.staging/.github/agents/awesome/dotnet-self-learning-architect.agent.md,9667,aether,aether/.staging/community/awesome-copilot/agents/dotnet-self-learning-architect.agent.md,aether/library/community/awesome-copilot/agents/dotnet-self-learning-architect.agent.md,quarantine-and-curate,aether-community-awesome-copilot,quarantined-instruction,,
.staging/.github/agents/awesome/dotnet-upgrade.agent.md,7262,aether,aether/.staging/community/awesome-copilot/agents/dotnet-upgrade.agent.md,aether/library/community/awesome-copilot/agents/dotnet-upgrade.agent.md,quarantine-and-curate,aether-community-awesome-copilot,quarantined-instruction,,
.staging/.github/agents/awesome/doublecheck.agent.md,5016,aether,aether/.staging/community/awesome-copilot/agents/doublecheck.agent.md,aether/library/community/awesome-copilot/agents/doublecheck.agent.md,quarantine-and-curate,aether-community-awesome-copilot,quarantined-instruction,,
.staging/.github/agents/awesome/droid.agent.md,9058,aether,aether/.staging/community/awesome-copilot/agents/droid.agent.md,aether/library/community/awesome-copilot/agents/droid.agent.md,quarantine-and-curate,aether-community-awesome-copilot,quarantined-instruction,,
.staging/.github/agents/awesome/drupal-expert.agent.md,21207,aether,aether/.staging/community/awesome-copilot/agents/drupal-expert.agent.md,aether/library/community/awesome-copilot/agents/drupal-expert.agent.md,quarantine-and-curate,aether-community-awesome-copilot,quarantined-instruction,,
.staging/.github/agents/awesome/dynatrace-expert.agent.md,25893,aether,aether/.staging/community/awesome-copilot/agents/dynatrace-expert.agent.md,aether/library/community/awesome-copilot/agents/dynatrace-expert.agent.md,quarantine-and-curate,aether-community-awesome-copilot,quarantined-instruction,,
.staging/.github/agents/awesome/elasticsearch-observability.agent.md,4042,aether,aether/.staging/community/awesome-copilot/agents/elasticsearch-observability.agent.md,aether/library/community/awesome-copilot/agents/elasticsearch-observability.agent.md,quarantine-and-curate,aether-community-awesome-copilot,quarantined-instruction,,
.staging/.github/agents/awesome/electron-angular-native.agent.md,8626,aether,aether/.staging/community/awesome-copilot/agents/electron-angular-native.agent.md,aether/library/community/awesome-copilot/agents/electron-angular-native.agent.md,quarantine-and-curate,aether-community-awesome-copilot,quarantined-instruction,,
.staging/.github/agents/awesome/ember.agent.md,18404,aether,aether/.staging/community/awesome-copilot/agents/ember.agent.md,aether/library/community/awesome-copilot/agents/ember.agent.md,quarantine-and-curate,aether-community-awesome-copilot,quarantined-instruction,,
.staging/.github/agents/awesome/expert-cpp-software-engineer.agent.md,3121,aether,aether/.staging/community/awesome-copilot/agents/expert-cpp-software-engineer.agent.md,aether/library/community/awesome-copilot/agents/expert-cpp-software-engineer.agent.md,quarantine-and-curate,aether-community-awesome-copilot,quarantined-instruction,,
.staging/.github/agents/awesome/expert-dotnet-software-engineer.agent.md,2356,aether,aether/.staging/community/awesome-copilot/agents/expert-dotnet-software-engineer.agent.md,aether/library/community/awesome-copilot/agents/expert-dotnet-software-engineer.agent.md,quarantine-and-curate,aether-community-awesome-copilot,quarantined-instruction,,
.staging/.github/agents/awesome/expert-embedded-c-engineer.agent.md,9056,aether,aether/.staging/community/awesome-copilot/agents/expert-embedded-c-engineer.agent.md,aether/library/community/awesome-copilot/agents/expert-embedded-c-engineer.agent.md,quarantine-and-curate,aether-community-awesome-copilot,quarantined-instruction,,
.staging/.github/agents/awesome/expert-nextjs-developer.agent.md,18881,aether,aether/.staging/community/awesome-copilot/agents/expert-nextjs-developer.agent.md,aether/library/community/awesome-copilot/agents/expert-nextjs-developer.agent.md,quarantine-and-curate,aether-community-awesome-copilot,quarantined-instruction,,
.staging/.github/agents/awesome/expert-react-frontend-engineer.agent.md,24970,aether,aether/.staging/community/awesome-copilot/agents/expert-react-frontend-engineer.agent.md,aether/library/community/awesome-copilot/agents/expert-react-frontend-engineer.agent.md,quarantine-and-curate,aether-community-awesome-copilot,quarantined-instruction,,
.staging/.github/agents/awesome/fedora-linux-expert.agent.md,1898,aether,aether/.staging/community/awesome-copilot/agents/fedora-linux-expert.agent.md,aether/library/community/awesome-copilot/agents/fedora-linux-expert.agent.md,quarantine-and-curate,aether-community-awesome-copilot,quarantined-instruction,,
.staging/.github/agents/awesome/frontend-performance-investigator.agent.md,5977,aether,aether/.staging/community/awesome-copilot/agents/frontend-performance-investigator.agent.md,aether/library/community/awesome-copilot/agents/frontend-performance-investigator.agent.md,quarantine-and-curate,aether-community-awesome-copilot,quarantined-instruction,,
.staging/.github/agents/awesome/gem-browser-tester.agent.md,4155,aether,aether/.staging/community/awesome-copilot/agents/gem-browser-tester.agent.md,aether/library/community/awesome-copilot/agents/gem-browser-tester.agent.md,quarantine-and-curate,aether-community-awesome-copilot,quarantined-instruction,,
.staging/.github/agents/awesome/gem-code-simplifier.agent.md,4758,aether,aether/.staging/community/awesome-copilot/agents/gem-code-simplifier.agent.md,aether/library/community/awesome-copilot/agents/gem-code-simplifier.agent.md,quarantine-and-curate,aether-community-awesome-copilot,quarantined-instruction,,
.staging/.github/agents/awesome/gem-critic.agent.md,4320,aether,aether/.staging/community/awesome-copilot/agents/gem-critic.agent.md,aether/library/community/awesome-copilot/agents/gem-critic.agent.md,quarantine-and-curate,aether-community-awesome-copilot,quarantined-instruction,,
.staging/.github/agents/awesome/gem-debugger.agent.md,4906,aether,aether/.staging/community/awesome-copilot/agents/gem-debugger.agent.md,aether/library/community/awesome-copilot/agents/gem-debugger.agent.md,quarantine-and-curate,aether-community-awesome-copilot,quarantined-instruction,,
.staging/.github/agents/awesome/gem-designer-mobile.agent.md,9396,aether,aether/.staging/community/awesome-copilot/agents/gem-designer-mobile.agent.md,aether/library/community/awesome-copilot/agents/gem-designer-mobile.agent.md,quarantine-and-curate,aether-community-awesome-copilot,quarantined-instruction,,
.staging/.github/agents/awesome/gem-designer.agent.md,7746,aether,aether/.staging/community/awesome-copilot/agents/gem-designer.agent.md,aether/library/community/awesome-copilot/agents/gem-designer.agent.md,quarantine-and-curate,aether-community-awesome-copilot,quarantined-instruction,,
.staging/.github/agents/awesome/gem-devops.agent.md,6499,aether,aether/.staging/community/awesome-copilot/agents/gem-devops.agent.md,aether/library/community/awesome-copilot/agents/gem-devops.agent.md,quarantine-and-curate,aether-community-awesome-copilot,quarantined-instruction,,
.staging/.github/agents/awesome/gem-documentation-writer.agent.md,5386,aether,aether/.staging/community/awesome-copilot/agents/gem-documentation-writer.agent.md,aether/library/community/awesome-copilot/agents/gem-documentation-writer.agent.md,quarantine-and-curate,aether-community-awesome-copilot,quarantined-instruction,,
.staging/.github/agents/awesome/gem-implementer-mobile.agent.md,5506,aether,aether/.staging/community/awesome-copilot/agents/gem-implementer-mobile.agent.md,aether/library/community/awesome-copilot/agents/gem-implementer-mobile.agent.md,quarantine-and-curate,aether-community-awesome-copilot,quarantined-instruction,,
.staging/.github/agents/awesome/gem-implementer.agent.md,5008,aether,aether/.staging/community/awesome-copilot/agents/gem-implementer.agent.md,aether/library/community/awesome-copilot/agents/gem-implementer.agent.md,quarantine-and-curate,aether-community-awesome-copilot,quarantined-instruction,,
.staging/.github/agents/awesome/gem-mobile-tester.agent.md,5065,aether,aether/.staging/community/awesome-copilot/agents/gem-mobile-tester.agent.md,aether/library/community/awesome-copilot/agents/gem-mobile-tester.agent.md,quarantine-and-curate,aether-community-awesome-copilot,quarantined-instruction,,
.staging/.github/agents/awesome/gem-orchestrator.agent.md,17892,aether,aether/.staging/community/awesome-copilot/agents/gem-orchestrator.agent.md,aether/library/community/awesome-copilot/agents/gem-orchestrator.agent.md,quarantine-and-curate,aether-community-awesome-copilot,quarantined-instruction,,
.staging/.github/agents/awesome/gem-planner.agent.md,21011,aether,aether/.staging/community/awesome-copilot/agents/gem-planner.agent.md,aether/library/community/awesome-copilot/agents/gem-planner.agent.md,quarantine-and-curate,aether-community-awesome-copilot,quarantined-instruction,,
.staging/.github/agents/awesome/gem-researcher.agent.md,6548,aether,aether/.staging/community/awesome-copilot/agents/gem-researcher.agent.md,aether/library/community/awesome-copilot/agents/gem-researcher.agent.md,quarantine-and-curate,aether-community-awesome-copilot,quarantined-instruction,,
.staging/.github/agents/awesome/gem-reviewer.agent.md,4778,aether,aether/.staging/community/awesome-copilot/agents/gem-reviewer.agent.md,aether/library/community/awesome-copilot/agents/gem-reviewer.agent.md,quarantine-and-curate,aether-community-awesome-copilot,quarantined-instruction,,
.staging/.github/agents/awesome/gem-skill-creator.agent.md,5969,aether,aether/.staging/community/awesome-copilot/agents/gem-skill-creator.agent.md,aether/library/community/awesome-copilot/agents/gem-skill-creator.agent.md,quarantine-and-curate,aether-community-awesome-copilot,quarantined-instruction,,
.staging/.github/agents/awesome/gilfoyle.agent.md,3920,aether,aether/.staging/community/awesome-copilot/agents/gilfoyle.agent.md,aether/library/community/awesome-copilot/agents/gilfoyle.agent.md,quarantine-and-curate,aether-community-awesome-copilot,quarantined-instruction,,
.staging/.github/agents/awesome/github-actions-expert.agent.md,5521,aether,aether/.staging/community/awesome-copilot/agents/github-actions-expert.agent.md,aether/library/community/awesome-copilot/agents/github-actions-expert.agent.md,quarantine-and-curate,aether-community-awesome-copilot,quarantined-instruction,,
.staging/.github/agents/awesome/github-actions-node-upgrade.agent.md,3724,aether,aether/.staging/community/awesome-copilot/agents/github-actions-node-upgrade.agent.md,aether/library/community/awesome-copilot/agents/github-actions-node-upgrade.agent.md,quarantine-and-curate,aether-community-awesome-copilot,quarantined-instruction,,
.staging/.github/agents/awesome/go-mcp-expert.agent.md,4297,aether,aether/.staging/community/awesome-copilot/agents/go-mcp-expert.agent.md,aether/library/community/awesome-copilot/agents/go-mcp-expert.agent.md,quarantine-and-curate,aether-community-awesome-copilot,quarantined-instruction,,
.staging/.github/agents/awesome/hlbpa.agent.md,12204,aether,aether/.staging/community/awesome-copilot/agents/hlbpa.agent.md,aether/library/community/awesome-copilot/agents/hlbpa.agent.md,quarantine-and-curate,aether-community-awesome-copilot,quarantined-instruction,,
.staging/.github/agents/awesome/implementation-plan.agent.md,6894,aether,aether/.staging/community/awesome-copilot/agents/implementation-plan.agent.md,aether/library/community/awesome-copilot/agents/implementation-plan.agent.md,quarantine-and-curate,aether-community-awesome-copilot,quarantined-instruction,,
.staging/.github/agents/awesome/insiders-a11y-tracker.agent.md,2886,aether,aether/.staging/community/awesome-copilot/agents/insiders-a11y-tracker.agent.md,aether/library/community/awesome-copilot/agents/insiders-a11y-tracker.agent.md,quarantine-and-curate,aether-community-awesome-copilot,quarantined-instruction,,
.staging/.github/agents/awesome/interview-prep.agent.md,5313,aether,aether/.staging/community/awesome-copilot/agents/interview-prep.agent.md,aether/library/community/awesome-copilot/agents/interview-prep.agent.md,quarantine-and-curate,aether-community-awesome-copilot,quarantined-instruction,,
.staging/.github/agents/awesome/janitor.agent.md,3091,aether,aether/.staging/community/awesome-copilot/agents/janitor.agent.md,aether/library/community/awesome-copilot/agents/janitor.agent.md,quarantine-and-curate,aether-community-awesome-copilot,quarantined-instruction,,
.staging/.github/agents/awesome/java-mcp-expert.agent.md,8296,aether,aether/.staging/community/awesome-copilot/agents/java-mcp-expert.agent.md,aether/library/community/awesome-copilot/agents/java-mcp-expert.agent.md,quarantine-and-curate,aether-community-awesome-copilot,quarantined-instruction,,
.staging/.github/agents/awesome/jfrog-sec.agent.md,1657,aether,aether/.staging/community/awesome-copilot/agents/jfrog-sec.agent.md,aether/library/community/awesome-copilot/agents/jfrog-sec.agent.md,quarantine-and-curate,aether-community-awesome-copilot,quarantined-instruction,,
.staging/.github/agents/awesome/kotlin-mcp-expert.agent.md,5625,aether,aether/.staging/community/awesome-copilot/agents/kotlin-mcp-expert.agent.md,aether/library/community/awesome-copilot/agents/kotlin-mcp-expert.agent.md,quarantine-and-curate,aether-community-awesome-copilot,quarantined-instruction,,
.staging/.github/agents/awesome/kubestellar-console.agent.md,2796,aether,aether/.staging/community/awesome-copilot/agents/kubestellar-console.agent.md,aether/library/community/awesome-copilot/agents/kubestellar-console.agent.md,quarantine-and-curate,aether-community-awesome-copilot,quarantined-instruction,,
.staging/.github/agents/awesome/kusto-assistant.agent.md,9016,aether,aether/.staging/community/awesome-copilot/agents/kusto-assistant.agent.md,aether/library/community/awesome-copilot/agents/kusto-assistant.agent.md,quarantine-and-curate,aether-community-awesome-copilot,quarantined-instruction,,
.staging/.github/agents/awesome/laravel-expert-agent.agent.md,23570,aether,aether/.staging/community/awesome-copilot/agents/laravel-expert-agent.agent.md,aether/library/community/awesome-copilot/agents/laravel-expert-agent.agent.md,quarantine-and-curate,aether-community-awesome-copilot,quarantined-instruction,,
.staging/.github/agents/awesome/launchdarkly-flag-cleanup.agent.md,8633,aether,aether/.staging/community/awesome-copilot/agents/launchdarkly-flag-cleanup.agent.md,aether/library/community/awesome-copilot/agents/launchdarkly-flag-cleanup.agent.md,quarantine-and-curate,aether-community-awesome-copilot,quarantined-instruction,,
.staging/.github/agents/awesome/lingodotdev-i18n.agent.md,1285,aether,aether/.staging/community/awesome-copilot/agents/lingodotdev-i18n.agent.md,aether/library/community/awesome-copilot/agents/lingodotdev-i18n.agent.md,quarantine-and-curate,aether-community-awesome-copilot,quarantined-instruction,,
.staging/.github/agents/awesome/linkedin-post-writer.agent.md,2887,aether,aether/.staging/community/awesome-copilot/agents/linkedin-post-writer.agent.md,aether/library/community/awesome-copilot/agents/linkedin-post-writer.agent.md,quarantine-and-curate,aether-community-awesome-copilot,quarantined-instruction,,
.staging/.github/agents/awesome/markdown-accessibility-assistant.agent.md,10339,aether,aether/.staging/community/awesome-copilot/agents/markdown-accessibility-assistant.agent.md,aether/library/community/awesome-copilot/agents/markdown-accessibility-assistant.agent.md,quarantine-and-curate,aether-community-awesome-copilot,quarantined-instruction,,
.staging/.github/agents/awesome/mcp-m365-agent-expert.agent.md,4724,aether,aether/.staging/community/awesome-copilot/agents/mcp-m365-agent-expert.agent.md,aether/library/community/awesome-copilot/agents/mcp-m365-agent-expert.agent.md,quarantine-and-curate,aether-community-awesome-copilot,quarantined-instruction,,
.staging/.github/agents/awesome/mentor.agent.md,3558,aether,aether/.staging/community/awesome-copilot/agents/mentor.agent.md,aether/library/community/awesome-copilot/agents/mentor.agent.md,quarantine-and-curate,aether-community-awesome-copilot,quarantined-instruction,,
.staging/.github/agents/awesome/mentoring-juniors.agent.md,6926,aether,aether/.staging/community/awesome-copilot/agents/mentoring-juniors.agent.md,aether/library/community/awesome-copilot/agents/mentoring-juniors.agent.md,quarantine-and-curate,aether-community-awesome-copilot,quarantined-instruction,,
.staging/.github/agents/awesome/meta-agentic-project-scaffold.agent.md,1535,aether,aether/.staging/community/awesome-copilot/agents/meta-agentic-project-scaffold.agent.md,aether/library/community/awesome-copilot/agents/meta-agentic-project-scaffold.agent.md,quarantine-and-curate,aether-community-awesome-copilot,quarantined-instruction,,
.staging/.github/agents/awesome/microsoft-study-mode.agent.md,3642,aether,aether/.staging/community/awesome-copilot/agents/microsoft-study-mode.agent.md,aether/library/community/awesome-copilot/agents/microsoft-study-mode.agent.md,quarantine-and-curate,aether-community-awesome-copilot,quarantined-instruction,,
.staging/.github/agents/awesome/microsoft_learn_contributor.agent.md,16097,aether,aether/.staging/community/awesome-copilot/agents/microsoft_learn_contributor.agent.md,aether/library/community/awesome-copilot/agents/microsoft_learn_contributor.agent.md,quarantine-and-curate,aether-community-awesome-copilot,quarantined-instruction,,
.staging/.github/agents/awesome/modernization.agent.md,26807,aether,aether/.staging/community/awesome-copilot/agents/modernization.agent.md,aether/library/community/awesome-copilot/agents/modernization.agent.md,quarantine-and-curate,aether-community-awesome-copilot,quarantined-instruction,,
.staging/.github/agents/awesome/monday-bug-fixer.agent.md,13606,aether,aether/.staging/community/awesome-copilot/agents/monday-bug-fixer.agent.md,aether/library/community/awesome-copilot/agents/monday-bug-fixer.agent.md,quarantine-and-curate,aether-community-awesome-copilot,quarantined-instruction,,
.staging/.github/agents/awesome/mongodb-performance-advisor.agent.md,4501,aether,aether/.staging/community/awesome-copilot/agents/mongodb-performance-advisor.agent.md,aether/library/community/awesome-copilot/agents/mongodb-performance-advisor.agent.md,quarantine-and-curate,aether-community-awesome-copilot,quarantined-instruction,,
.staging/.github/agents/awesome/ms-sql-dba.agent.md,2270,aether,aether/.staging/community/awesome-copilot/agents/ms-sql-dba.agent.md,aether/library/community/awesome-copilot/agents/ms-sql-dba.agent.md,quarantine-and-curate,aether-community-awesome-copilot,quarantined-instruction,,
.staging/.github/agents/awesome/neo4j-docker-client-generator.agent.md,8336,aether,aether/.staging/community/awesome-copilot/agents/neo4j-docker-client-generator.agent.md,aether/library/community/awesome-copilot/agents/neo4j-docker-client-generator.agent.md,quarantine-and-curate,aether-community-awesome-copilot,quarantined-instruction,,
.staging/.github/agents/awesome/neon-migration-specialist.agent.md,2689,aether,aether/.staging/community/awesome-copilot/agents/neon-migration-specialist.agent.md,aether/library/community/awesome-copilot/agents/neon-migration-specialist.agent.md,quarantine-and-curate,aether-community-awesome-copilot,quarantined-instruction,,
.staging/.github/agents/awesome/neon-optimization-analyzer.agent.md,3559,aether,aether/.staging/community/awesome-copilot/agents/neon-optimization-analyzer.agent.md,aether/library/community/awesome-copilot/agents/neon-optimization-analyzer.agent.md,quarantine-and-curate,aether-community-awesome-copilot,quarantined-instruction,,
.staging/.github/agents/awesome/new-relic-incident-response.agent.md,16014,aether,aether/.staging/community/awesome-copilot/agents/new-relic-incident-response.agent.md,aether/library/community/awesome-copilot/agents/new-relic-incident-response.agent.md,quarantine-and-curate,aether-community-awesome-copilot,quarantined-instruction,,
.staging/.github/agents/awesome/nuxt-expert.agent.md,4628,aether,aether/.staging/community/awesome-copilot/agents/nuxt-expert.agent.md,aether/library/community/awesome-copilot/agents/nuxt-expert.agent.md,quarantine-and-curate,aether-community-awesome-copilot,quarantined-instruction,,
.staging/.github/agents/awesome/octopus-deploy-release-notes-mcp.agent.md,1906,aether,aether/.staging/community/awesome-copilot/agents/octopus-deploy-release-notes-mcp.agent.md,aether/library/community/awesome-copilot/agents/octopus-deploy-release-notes-mcp.agent.md,quarantine-and-curate,aether-community-awesome-copilot,quarantined-instruction,,
.staging/.github/agents/awesome/one-shot-feature-issue-planner.agent.md,9754,aether,aether/.staging/community/awesome-copilot/agents/one-shot-feature-issue-planner.agent.md,aether/library/community/awesome-copilot/agents/one-shot-feature-issue-planner.agent.md,quarantine-and-curate,aether-community-awesome-copilot,quarantined-instruction,,
.staging/.github/agents/awesome/openapi-to-application.agent.md,2376,aether,aether/.staging/community/awesome-copilot/agents/openapi-to-application.agent.md,aether/library/community/awesome-copilot/agents/openapi-to-application.agent.md,quarantine-and-curate,aether-community-awesome-copilot,quarantined-instruction,,
.staging/.github/agents/awesome/oracle-to-postgres-migration-expert.agent.md,4020,aether,aether/.staging/community/awesome-copilot/agents/oracle-to-postgres-migration-expert.agent.md,aether/library/community/awesome-copilot/agents/oracle-to-postgres-migration-expert.agent.md,quarantine-and-curate,aether-community-awesome-copilot,quarantined-instruction,,
.staging/.github/agents/awesome/pagerduty-incident-responder.agent.md,2197,aether,aether/.staging/community/awesome-copilot/agents/pagerduty-incident-responder.agent.md,aether/library/community/awesome-copilot/agents/pagerduty-incident-responder.agent.md,quarantine-and-curate,aether-community-awesome-copilot,quarantined-instruction,,
.staging/.github/agents/awesome/php-mcp-expert.agent.md,11130,aether,aether/.staging/community/awesome-copilot/agents/php-mcp-expert.agent.md,aether/library/community/awesome-copilot/agents/php-mcp-expert.agent.md,quarantine-and-curate,aether-community-awesome-copilot,quarantined-instruction,,
.staging/.github/agents/awesome/pimcore-expert.agent.md,31954,aether,aether/.staging/community/awesome-copilot/agents/pimcore-expert.agent.md,aether/library/community/awesome-copilot/agents/pimcore-expert.agent.md,quarantine-and-curate,aether-community-awesome-copilot,quarantined-instruction,,
.staging/.github/agents/awesome/plan.agent.md,6734,aether,aether/.staging/community/awesome-copilot/agents/plan.agent.md,aether/library/community/awesome-copilot/agents/plan.agent.md,quarantine-and-curate,aether-community-awesome-copilot,quarantined-instruction,,
.staging/.github/agents/awesome/planner.agent.md,877,aether,aether/.staging/community/awesome-copilot/agents/planner.agent.md,aether/library/community/awesome-copilot/agents/planner.agent.md,quarantine-and-curate,aether-community-awesome-copilot,quarantined-instruction,,
.staging/.github/agents/awesome/platform-sre-kubernetes.agent.md,4141,aether,aether/.staging/community/awesome-copilot/agents/platform-sre-kubernetes.agent.md,aether/library/community/awesome-copilot/agents/platform-sre-kubernetes.agent.md,quarantine-and-curate,aether-community-awesome-copilot,quarantined-instruction,,
.staging/.github/agents/awesome/playwright-tester.agent.md,1327,aether,aether/.staging/community/awesome-copilot/agents/playwright-tester.agent.md,aether/library/community/awesome-copilot/agents/playwright-tester.agent.md,quarantine-and-curate,aether-community-awesome-copilot,quarantined-instruction,,
.staging/.github/agents/awesome/postgresql-dba.agent.md,1276,aether,aether/.staging/community/awesome-copilot/agents/postgresql-dba.agent.md,aether/library/community/awesome-copilot/agents/postgresql-dba.agent.md,quarantine-and-curate,aether-community-awesome-copilot,quarantined-instruction,,
.staging/.github/agents/awesome/power-bi-data-modeling-expert.agent.md,12570,aether,aether/.staging/community/awesome-copilot/agents/power-bi-data-modeling-expert.agent.md,aether/library/community/awesome-copilot/agents/power-bi-data-modeling-expert.agent.md,quarantine-and-curate,aether-community-awesome-copilot,quarantined-instruction,,
.staging/.github/agents/awesome/power-bi-dax-expert.agent.md,10707,aether,aether/.staging/community/awesome-copilot/agents/power-bi-dax-expert.agent.md,aether/library/community/awesome-copilot/agents/power-bi-dax-expert.agent.md,quarantine-and-curate,aether-community-awesome-copilot,quarantined-instruction,,
.staging/.github/agents/awesome/power-bi-performance-expert.agent.md,15913,aether,aether/.staging/community/awesome-copilot/agents/power-bi-performance-expert.agent.md,aether/library/community/awesome-copilot/agents/power-bi-performance-expert.agent.md,quarantine-and-curate,aether-community-awesome-copilot,quarantined-instruction,,
.staging/.github/agents/awesome/power-bi-visualization-expert.agent.md,15017,aether,aether/.staging/community/awesome-copilot/agents/power-bi-visualization-expert.agent.md,aether/library/community/awesome-copilot/agents/power-bi-visualization-expert.agent.md,quarantine-and-curate,aether-community-awesome-copilot,quarantined-instruction,,
.staging/.github/agents/awesome/power-platform-expert.agent.md,7139,aether,aether/.staging/community/awesome-copilot/agents/power-platform-expert.agent.md,aether/library/community/awesome-copilot/agents/power-platform-expert.agent.md,quarantine-and-curate,aether-community-awesome-copilot,quarantined-instruction,,
.staging/.github/agents/awesome/power-platform-mcp-integration-expert.agent.md,7130,aether,aether/.staging/community/awesome-copilot/agents/power-platform-mcp-integration-expert.agent.md,aether/library/community/awesome-copilot/agents/power-platform-mcp-integration-expert.agent.md,quarantine-and-curate,aether-community-awesome-copilot,quarantined-instruction,,
.staging/.github/agents/awesome/prd.agent.md,5538,aether,aether/.staging/community/awesome-copilot/agents/prd.agent.md,aether/library/community/awesome-copilot/agents/prd.agent.md,quarantine-and-curate,aether-community-awesome-copilot,quarantined-instruction,,
.staging/.github/agents/awesome/principal-software-engineer.agent.md,2501,aether,aether/.staging/community/awesome-copilot/agents/principal-software-engineer.agent.md,aether/library/community/awesome-copilot/agents/principal-software-engineer.agent.md,quarantine-and-curate,aether-community-awesome-copilot,quarantined-instruction,,
.staging/.github/agents/awesome/project-architecture-planner.agent.md,18896,aether,aether/.staging/community/awesome-copilot/agents/project-architecture-planner.agent.md,aether/library/community/awesome-copilot/agents/project-architecture-planner.agent.md,quarantine-and-curate,aether-community-awesome-copilot,quarantined-instruction,,
.staging/.github/agents/awesome/project-documenter.agent.md,12720,aether,aether/.staging/community/awesome-copilot/agents/project-documenter.agent.md,aether/library/community/awesome-copilot/agents/project-documenter.agent.md,quarantine-and-curate,aether-community-awesome-copilot,quarantined-instruction,,
.staging/.github/agents/awesome/prompt-builder.agent.md,18543,aether,aether/.staging/community/awesome-copilot/agents/prompt-builder.agent.md,aether/library/community/awesome-copilot/agents/prompt-builder.agent.md,quarantine-and-curate,aether-community-awesome-copilot,quarantined-instruction,,
.staging/.github/agents/awesome/prompt-engineer.agent.md,5661,aether,aether/.staging/community/awesome-copilot/agents/prompt-engineer.agent.md,aether/library/community/awesome-copilot/agents/prompt-engineer.agent.md,quarantine-and-curate,aether-community-awesome-copilot,quarantined-instruction,,
.staging/.github/agents/awesome/python-mcp-expert.agent.md,6113,aether,aether/.staging/community/awesome-copilot/agents/python-mcp-expert.agent.md,aether/library/community/awesome-copilot/agents/python-mcp-expert.agent.md,quarantine-and-curate,aether-community-awesome-copilot,quarantined-instruction,,
.staging/.github/agents/awesome/python-notebook-sample-builder.agent.md,3497,aether,aether/.staging/community/awesome-copilot/agents/python-notebook-sample-builder.agent.md,aether/library/community/awesome-copilot/agents/python-notebook-sample-builder.agent.md,quarantine-and-curate,aether-community-awesome-copilot,quarantined-instruction,,
.staging/.github/agents/awesome/python-win-arm64-gha-wheel-builder.agent.md,16287,aether,aether/.staging/community/awesome-copilot/agents/python-win-arm64-gha-wheel-builder.agent.md,aether/library/community/awesome-copilot/agents/python-win-arm64-gha-wheel-builder.agent.md,quarantine-and-curate,aether-community-awesome-copilot,quarantined-instruction,,
.staging/.github/agents/awesome/qa-subagent.agent.md,4373,aether,aether/.staging/community/awesome-copilot/agents/qa-subagent.agent.md,aether/library/community/awesome-copilot/agents/qa-subagent.agent.md,quarantine-and-curate,aether-community-awesome-copilot,quarantined-instruction,,
.staging/.github/agents/awesome/quality-playbook.agent.md,9906,aether,aether/.staging/community/awesome-copilot/agents/quality-playbook.agent.md,aether/library/community/awesome-copilot/agents/quality-playbook.agent.md,quarantine-and-curate,aether-community-awesome-copilot,quarantined-instruction,,
.staging/.github/agents/awesome/react18-auditor.agent.md,13605,aether,aether/.staging/community/awesome-copilot/agents/react18-auditor.agent.md,aether/library/community/awesome-copilot/agents/react18-auditor.agent.md,quarantine-and-curate,aether-community-awesome-copilot,quarantined-instruction,,
.staging/.github/agents/awesome/react18-batching-fixer.agent.md,10349,aether,aether/.staging/community/awesome-copilot/agents/react18-batching-fixer.agent.md,aether/library/community/awesome-copilot/agents/react18-batching-fixer.agent.md,quarantine-and-curate,aether-community-awesome-copilot,quarantined-instruction,,
.staging/.github/agents/awesome/react18-class-surgeon.agent.md,11028,aether,aether/.staging/community/awesome-copilot/agents/react18-class-surgeon.agent.md,aether/library/community/awesome-copilot/agents/react18-class-surgeon.agent.md,quarantine-and-curate,aether-community-awesome-copilot,quarantined-instruction,,
.staging/.github/agents/awesome/react18-commander.agent.md,9150,aether,aether/.staging/community/awesome-copilot/agents/react18-commander.agent.md,aether/library/community/awesome-copilot/agents/react18-commander.agent.md,quarantine-and-curate,aether-community-awesome-copilot,quarantined-instruction,,
.staging/.github/agents/awesome/react18-dep-surgeon.agent.md,6211,aether,aether/.staging/community/awesome-copilot/agents/react18-dep-surgeon.agent.md,aether/library/community/awesome-copilot/agents/react18-dep-surgeon.agent.md,quarantine-and-curate,aether-community-awesome-copilot,quarantined-instruction,,
.staging/.github/agents/awesome/react18-test-guardian.agent.md,11207,aether,aether/.staging/community/awesome-copilot/agents/react18-test-guardian.agent.md,aether/library/community/awesome-copilot/agents/react18-test-guardian.agent.md,quarantine-and-curate,aether-community-awesome-copilot,quarantined-instruction,,
.staging/.github/agents/awesome/react19-auditor.agent.md,7954,aether,aether/.staging/community/awesome-copilot/agents/react19-auditor.agent.md,aether/library/community/awesome-copilot/agents/react19-auditor.agent.md,quarantine-and-curate,aether-community-awesome-copilot,quarantined-instruction,,
.staging/.github/agents/awesome/react19-commander.agent.md,6681,aether,aether/.staging/community/awesome-copilot/agents/react19-commander.agent.md,aether/library/community/awesome-copilot/agents/react19-commander.agent.md,quarantine-and-curate,aether-community-awesome-copilot,quarantined-instruction,,
.staging/.github/agents/awesome/react19-dep-surgeon.agent.md,3236,aether,aether/.staging/community/awesome-copilot/agents/react19-dep-surgeon.agent.md,aether/library/community/awesome-copilot/agents/react19-dep-surgeon.agent.md,quarantine-and-curate,aether-community-awesome-copilot,quarantined-instruction,,
.staging/.github/agents/awesome/react19-migrator.agent.md,6471,aether,aether/.staging/community/awesome-copilot/agents/react19-migrator.agent.md,aether/library/community/awesome-copilot/agents/react19-migrator.agent.md,quarantine-and-curate,aether-community-awesome-copilot,quarantined-instruction,,
.staging/.github/agents/awesome/react19-test-guardian.agent.md,7038,aether,aether/.staging/community/awesome-copilot/agents/react19-test-guardian.agent.md,aether/library/community/awesome-copilot/agents/react19-test-guardian.agent.md,quarantine-and-curate,aether-community-awesome-copilot,quarantined-instruction,,
.staging/.github/agents/awesome/reepl-linkedin.agent.md,2514,aether,aether/.staging/community/awesome-copilot/agents/reepl-linkedin.agent.md,aether/library/community/awesome-copilot/agents/reepl-linkedin.agent.md,quarantine-and-curate,aether-community-awesome-copilot,quarantined-instruction,,
.staging/.github/agents/awesome/refine-issue.agent.md,1343,aether,aether/.staging/community/awesome-copilot/agents/refine-issue.agent.md,aether/library/community/awesome-copilot/agents/refine-issue.agent.md,quarantine-and-curate,aether-community-awesome-copilot,quarantined-instruction,,
.staging/.github/agents/awesome/repo-architect.agent.md,12548,aether,aether/.staging/community/awesome-copilot/agents/repo-architect.agent.md,aether/library/community/awesome-copilot/agents/repo-architect.agent.md,quarantine-and-curate,aether-community-awesome-copilot,quarantined-instruction,,
.staging/.github/agents/awesome/research-technical-spike.agent.md,9715,aether,aether/.staging/community/awesome-copilot/agents/research-technical-spike.agent.md,aether/library/community/awesome-copilot/agents/research-technical-spike.agent.md,quarantine-and-curate,aether-community-awesome-copilot,quarantined-instruction,,
.staging/.github/agents/awesome/ruby-mcp-expert.agent.md,7019,aether,aether/.staging/community/awesome-copilot/agents/ruby-mcp-expert.agent.md,aether/library/community/awesome-copilot/agents/ruby-mcp-expert.agent.md,quarantine-and-curate,aether-community-awesome-copilot,quarantined-instruction,,
.staging/.github/agents/awesome/rug-orchestrator.agent.md,10847,aether,aether/.staging/community/awesome-copilot/agents/rug-orchestrator.agent.md,aether/library/community/awesome-copilot/agents/rug-orchestrator.agent.md,quarantine-and-curate,aether-community-awesome-copilot,quarantined-instruction,,
.staging/.github/agents/awesome/rust-mcp-expert.agent.md,12553,aether,aether/.staging/community/awesome-copilot/agents/rust-mcp-expert.agent.md,aether/library/community/awesome-copilot/agents/rust-mcp-expert.agent.md,quarantine-and-curate,aether-community-awesome-copilot,quarantined-instruction,,
.staging/.github/agents/awesome/salesforce-apex-triggers.agent.md,8580,aether,aether/.staging/community/awesome-copilot/agents/salesforce-apex-triggers.agent.md,aether/library/community/awesome-copilot/agents/salesforce-apex-triggers.agent.md,quarantine-and-curate,aether-community-awesome-copilot,quarantined-instruction,,
.staging/.github/agents/awesome/salesforce-aura-lwc.agent.md,8379,aether,aether/.staging/community/awesome-copilot/agents/salesforce-aura-lwc.agent.md,aether/library/community/awesome-copilot/agents/salesforce-aura-lwc.agent.md,quarantine-and-curate,aether-community-awesome-copilot,quarantined-instruction,,
.staging/.github/agents/awesome/salesforce-expert.agent.md,6879,aether,aether/.staging/community/awesome-copilot/agents/salesforce-expert.agent.md,aether/library/community/awesome-copilot/agents/salesforce-expert.agent.md,quarantine-and-curate,aether-community-awesome-copilot,quarantined-instruction,,
.staging/.github/agents/awesome/salesforce-flow.agent.md,6423,aether,aether/.staging/community/awesome-copilot/agents/salesforce-flow.agent.md,aether/library/community/awesome-copilot/agents/salesforce-flow.agent.md,quarantine-and-curate,aether-community-awesome-copilot,quarantined-instruction,,
.staging/.github/agents/awesome/salesforce-visualforce.agent.md,6825,aether,aether/.staging/community/awesome-copilot/agents/salesforce-visualforce.agent.md,aether/library/community/awesome-copilot/agents/salesforce-visualforce.agent.md,quarantine-and-curate,aether-community-awesome-copilot,quarantined-instruction,,
.staging/.github/agents/awesome/sast-sca-security-analyzer.agent.md,22289,aether,aether/.staging/community/awesome-copilot/agents/sast-sca-security-analyzer.agent.md,aether/library/community/awesome-copilot/agents/sast-sca-security-analyzer.agent.md,quarantine-and-curate,aether-community-awesome-copilot,quarantined-instruction,,
.staging/.github/agents/awesome/scientific-paper-research.agent.md,2298,aether,aether/.staging/community/awesome-copilot/agents/scientific-paper-research.agent.md,aether/library/community/awesome-copilot/agents/scientific-paper-research.agent.md,quarantine-and-curate,aether-community-awesome-copilot,quarantined-instruction,,
.staging/.github/agents/awesome/se-gitops-ci-specialist.agent.md,5502,aether,aether/.staging/community/awesome-copilot/agents/se-gitops-ci-specialist.agent.md,aether/library/community/awesome-copilot/agents/se-gitops-ci-specialist.agent.md,quarantine-and-curate,aether-community-awesome-copilot,quarantined-instruction,,
.staging/.github/agents/awesome/se-product-manager-advisor.agent.md,6499,aether,aether/.staging/community/awesome-copilot/agents/se-product-manager-advisor.agent.md,aether/library/community/awesome-copilot/agents/se-product-manager-advisor.agent.md,quarantine-and-curate,aether-community-awesome-copilot,quarantined-instruction,,
.staging/.github/agents/awesome/se-responsible-ai-code.agent.md,6553,aether,aether/.staging/community/awesome-copilot/agents/se-responsible-ai-code.agent.md,aether/library/community/awesome-copilot/agents/se-responsible-ai-code.agent.md,quarantine-and-curate,aether-community-awesome-copilot,quarantined-instruction,,
.staging/.github/agents/awesome/se-security-reviewer.agent.md,3962,aether,aether/.staging/community/awesome-copilot/agents/se-security-reviewer.agent.md,aether/library/community/awesome-copilot/agents/se-security-reviewer.agent.md,quarantine-and-curate,aether-community-awesome-copilot,quarantined-instruction,,
.staging/.github/agents/awesome/se-system-architecture-reviewer.agent.md,4371,aether,aether/.staging/community/awesome-copilot/agents/se-system-architecture-reviewer.agent.md,aether/library/community/awesome-copilot/agents/se-system-architecture-reviewer.agent.md,quarantine-and-curate,aether-community-awesome-copilot,quarantined-instruction,,
.staging/.github/agents/awesome/se-technical-writer.agent.md,10767,aether,aether/.staging/community/awesome-copilot/agents/se-technical-writer.agent.md,aether/library/community/awesome-copilot/agents/se-technical-writer.agent.md,quarantine-and-curate,aether-community-awesome-copilot,quarantined-instruction,,
.staging/.github/agents/awesome/se-ux-ui-designer.agent.md,10476,aether,aether/.staging/community/awesome-copilot/agents/se-ux-ui-designer.agent.md,aether/library/community/awesome-copilot/agents/se-ux-ui-designer.agent.md,quarantine-and-curate,aether-community-awesome-copilot,quarantined-instruction,,
.staging/.github/agents/awesome/search-ai-optimization-expert.agent.md,14979,aether,aether/.staging/community/awesome-copilot/agents/search-ai-optimization-expert.agent.md,aether/library/community/awesome-copilot/agents/search-ai-optimization-expert.agent.md,quarantine-and-curate,aether-community-awesome-copilot,quarantined-instruction,,
.staging/.github/agents/awesome/shopify-expert.agent.md,22624,aether,aether/.staging/community/awesome-copilot/agents/shopify-expert.agent.md,aether/library/community/awesome-copilot/agents/shopify-expert.agent.md,quarantine-and-curate,aether-community-awesome-copilot,quarantined-instruction,,
.staging/.github/agents/awesome/simple-app-idea-generator.agent.md,5344,aether,aether/.staging/community/awesome-copilot/agents/simple-app-idea-generator.agent.md,aether/library/community/awesome-copilot/agents/simple-app-idea-generator.agent.md,quarantine-and-curate,aether-community-awesome-copilot,quarantined-instruction,,
.staging/.github/agents/awesome/software-engineer-agent-v1.agent.md,10168,aether,aether/.staging/community/awesome-copilot/agents/software-engineer-agent-v1.agent.md,aether/library/community/awesome-copilot/agents/software-engineer-agent-v1.agent.md,quarantine-and-curate,aether-community-awesome-copilot,quarantined-instruction,,
.staging/.github/agents/awesome/spark-performance.agent.md,9303,aether,aether/.staging/community/awesome-copilot/agents/spark-performance.agent.md,aether/library/community/awesome-copilot/agents/spark-performance.agent.md,quarantine-and-curate,aether-community-awesome-copilot,quarantined-instruction,,
.staging/.github/agents/awesome/specification.agent.md,5883,aether,aether/.staging/community/awesome-copilot/agents/specification.agent.md,aether/library/community/awesome-copilot/agents/specification.agent.md,quarantine-and-curate,aether-community-awesome-copilot,quarantined-instruction,,
.staging/.github/agents/awesome/stackhawk-security-onboarding.agent.md,9460,aether,aether/.staging/community/awesome-copilot/agents/stackhawk-security-onboarding.agent.md,aether/library/community/awesome-copilot/agents/stackhawk-security-onboarding.agent.md,quarantine-and-curate,aether-community-awesome-copilot,quarantined-instruction,,
.staging/.github/agents/awesome/swe-subagent.agent.md,3409,aether,aether/.staging/community/awesome-copilot/agents/swe-subagent.agent.md,aether/library/community/awesome-copilot/agents/swe-subagent.agent.md,quarantine-and-curate,aether-community-awesome-copilot,quarantined-instruction,,
.staging/.github/agents/awesome/swift-mcp-expert.agent.md,5545,aether,aether/.staging/community/awesome-copilot/agents/swift-mcp-expert.agent.md,aether/library/community/awesome-copilot/agents/swift-mcp-expert.agent.md,quarantine-and-curate,aether-community-awesome-copilot,quarantined-instruction,,
.staging/.github/agents/awesome/task-planner.agent.md,15490,aether,aether/.staging/community/awesome-copilot/agents/task-planner.agent.md,aether/library/community/awesome-copilot/agents/task-planner.agent.md,quarantine-and-curate,aether-community-awesome-copilot,quarantined-instruction,,
.staging/.github/agents/awesome/task-researcher.agent.md,12665,aether,aether/.staging/community/awesome-copilot/agents/task-researcher.agent.md,aether/library/community/awesome-copilot/agents/task-researcher.agent.md,quarantine-and-curate,aether-community-awesome-copilot,quarantined-instruction,,
.staging/.github/agents/awesome/taxcore-technical-writer.agent.md,9029,aether,aether/.staging/community/awesome-copilot/agents/taxcore-technical-writer.agent.md,aether/library/community/awesome-copilot/agents/taxcore-technical-writer.agent.md,quarantine-and-curate,aether-community-awesome-copilot,quarantined-instruction,,
.staging/.github/agents/awesome/tdd-green.agent.md,3590,aether,aether/.staging/community/awesome-copilot/agents/tdd-green.agent.md,aether/library/community/awesome-copilot/agents/tdd-green.agent.md,quarantine-and-curate,aether-community-awesome-copilot,quarantined-instruction,,
.staging/.github/agents/awesome/tdd-red.agent.md,3913,aether,aether/.staging/community/awesome-copilot/agents/tdd-red.agent.md,aether/library/community/awesome-copilot/agents/tdd-red.agent.md,quarantine-and-curate,aether-community-awesome-copilot,quarantined-instruction,,
.staging/.github/agents/awesome/tdd-refactor.agent.md,5192,aether,aether/.staging/community/awesome-copilot/agents/tdd-refactor.agent.md,aether/library/community/awesome-copilot/agents/tdd-refactor.agent.md,quarantine-and-curate,aether-community-awesome-copilot,quarantined-instruction,,
.staging/.github/agents/awesome/tech-debt-remediation-plan.agent.md,1930,aether,aether/.staging/community/awesome-copilot/agents/tech-debt-remediation-plan.agent.md,aether/library/community/awesome-copilot/agents/tech-debt-remediation-plan.agent.md,quarantine-and-curate,aether-community-awesome-copilot,quarantined-instruction,,
.staging/.github/agents/awesome/technical-content-evaluator.agent.md,26374,aether,aether/.staging/community/awesome-copilot/agents/technical-content-evaluator.agent.md,aether/library/community/awesome-copilot/agents/technical-content-evaluator.agent.md,quarantine-and-curate,aether-community-awesome-copilot,quarantined-instruction,,
.staging/.github/agents/awesome/terminal-helper.agent.md,2668,aether,aether/.staging/community/awesome-copilot/agents/terminal-helper.agent.md,aether/library/community/awesome-copilot/agents/terminal-helper.agent.md,quarantine-and-curate,aether-community-awesome-copilot,quarantined-instruction,,
.staging/.github/agents/awesome/terraform-aws-implement.agent.md,4696,aether,aether/.staging/community/awesome-copilot/agents/terraform-aws-implement.agent.md,aether/library/community/awesome-copilot/agents/terraform-aws-implement.agent.md,quarantine-and-curate,aether-community-awesome-copilot,quarantined-instruction,,
.staging/.github/agents/awesome/terraform-aws-planning.agent.md,2779,aether,aether/.staging/community/awesome-copilot/agents/terraform-aws-planning.agent.md,aether/library/community/awesome-copilot/agents/terraform-aws-planning.agent.md,quarantine-and-curate,aether-community-awesome-copilot,quarantined-instruction,,
.staging/.github/agents/awesome/terraform-azure-implement.agent.md,6930,aether,aether/.staging/community/awesome-copilot/agents/terraform-azure-implement.agent.md,aether/library/community/awesome-copilot/agents/terraform-azure-implement.agent.md,quarantine-and-curate,aether-community-awesome-copilot,quarantined-instruction,,
.staging/.github/agents/awesome/terraform-azure-planning.agent.md,7626,aether,aether/.staging/community/awesome-copilot/agents/terraform-azure-planning.agent.md,aether/library/community/awesome-copilot/agents/terraform-azure-planning.agent.md,quarantine-and-curate,aether-community-awesome-copilot,quarantined-instruction,,
.staging/.github/agents/awesome/terraform-iac-reviewer.agent.md,4532,aether,aether/.staging/community/awesome-copilot/agents/terraform-iac-reviewer.agent.md,aether/library/community/awesome-copilot/agents/terraform-iac-reviewer.agent.md,quarantine-and-curate,aether-community-awesome-copilot,quarantined-instruction,,
.staging/.github/agents/awesome/terraform.agent.md,14365,aether,aether/.staging/community/awesome-copilot/agents/terraform.agent.md,aether/library/community/awesome-copilot/agents/terraform.agent.md,quarantine-and-curate,aether-community-awesome-copilot,quarantined-instruction,,
.staging/.github/agents/awesome/terratest-module-testing.agent.md,3456,aether,aether/.staging/community/awesome-copilot/agents/terratest-module-testing.agent.md,aether/library/community/awesome-copilot/agents/terratest-module-testing.agent.md,quarantine-and-curate,aether-community-awesome-copilot,quarantined-instruction,,
.staging/.github/agents/awesome/typescript-mcp-expert.agent.md,6174,aether,aether/.staging/community/awesome-copilot/agents/typescript-mcp-expert.agent.md,aether/library/community/awesome-copilot/agents/typescript-mcp-expert.agent.md,quarantine-and-curate,aether-community-awesome-copilot,quarantined-instruction,,
.staging/.github/agents/awesome/vuejs-expert.agent.md,4791,aether,aether/.staging/community/awesome-copilot/agents/vuejs-expert.agent.md,aether/library/community/awesome-copilot/agents/vuejs-expert.agent.md,quarantine-and-curate,aether-community-awesome-copilot,quarantined-instruction,,
.staging/.github/agents/awesome/wg-code-alchemist.agent.md,4612,aether,aether/.staging/community/awesome-copilot/agents/wg-code-alchemist.agent.md,aether/library/community/awesome-copilot/agents/wg-code-alchemist.agent.md,quarantine-and-curate,aether-community-awesome-copilot,quarantined-instruction,,
.staging/.github/agents/awesome/wg-code-sentinel.agent.md,3625,aether,aether/.staging/community/awesome-copilot/agents/wg-code-sentinel.agent.md,aether/library/community/awesome-copilot/agents/wg-code-sentinel.agent.md,quarantine-and-curate,aether-community-awesome-copilot,quarantined-instruction,,
.staging/.github/agents/bug-fix-teammate.agent.md,1805,aether,aether/.staging/library/organization/agents/bug-fix-teammate.agent.md,aether/library/organization/agents/bug-fix-teammate.agent.md,merge-with-canonical-agent-library,aether-organization-agents,staged-instruction,,
.staging/.github/agents/cleanup-specialist.agent.md,1641,aether,aether/.staging/library/organization/agents/cleanup-specialist.agent.md,aether/library/organization/agents/cleanup-specialist.agent.md,merge-with-canonical-agent-library,aether-organization-agents,staged-instruction,,
.staging/.github/agents/flutter-engineer.agent.md,2423,aether,aether/.staging/library/organization/agents/flutter-engineer.agent.md,aether/library/organization/agents/flutter-engineer.agent.md,merge-with-canonical-agent-library,aether-organization-agents,staged-instruction,,
.staging/.github/agents/github-issue-creator.agent.md,2242,aether,aether/.staging/library/organization/agents/github-issue-creator.agent.md,aether/library/organization/agents/github-issue-creator.agent.md,merge-with-canonical-agent-library,aether-organization-agents,staged-instruction,,
.staging/.github/agents/implementation-planner.agent.md,1883,aether,aether/.staging/library/organization/agents/implementation-planner.agent.md,aether/library/organization/agents/implementation-planner.agent.md,merge-with-canonical-agent-library,aether-organization-agents,staged-instruction,,
.staging/.github/agents/knowledge-extractor.agent.md,2039,aether,aether/.staging/library/organization/agents/knowledge-extractor.agent.md,aether/library/organization/agents/knowledge-extractor.agent.md,merge-with-canonical-agent-library,aether-organization-agents,staged-instruction,,
.staging/.github/agents/specfile-creator.agent.md,1988,aether,aether/.staging/library/organization/agents/specfile-creator.agent.md,aether/library/organization/agents/specfile-creator.agent.md,merge-with-canonical-agent-library,aether-organization-agents,staged-instruction,,
.staging/.github/agents/synapse-creator.agent.md,1882,aether,aether/.staging/library/organization/agents/synapse-creator.agent.md,aether/library/organization/agents/synapse-creator.agent.md,merge-with-canonical-agent-library,aether-organization-agents,staged-instruction,,
.staging/.github/agents/test-specialist.agent.md,1884,aether,aether/.staging/library/organization/agents/test-specialist.agent.md,aether/library/organization/agents/test-specialist.agent.md,merge-with-canonical-agent-library,aether-organization-agents,staged-instruction,,
.staging/.github/aw/actions-lock.json,1050,relay,relay/.staging/generated/github-agentic/actions-lock.json,relay/generated/github-agentic/actions-lock.json,regenerate-after-source-review,relay-github-agentic-workflow-locks,privileged-automation,,
.staging/.github/context7.json,103,aether,aether/.staging/integrations/context7.json,aether/integrations/context7.json,validate-and-parameterize,aether-context-providers,staged-configuration,,
.staging/.github/copilot-instructions.aether.md,3214,aether,aether/.staging/distributions/copilot/copilot-instructions.md,aether/distributions/copilot/copilot-instructions.md,merge-with-canonical-agent-distribution,aether-copilot-distribution,staged-instruction,,
.staging/.github/copilot-instructions.awesome-copilot.md,3271,aether,aether/.staging/community/awesome-copilot/copilot-instructions.md,aether/library/community/awesome-copilot/copilot-instructions.md,quarantine-and-curate,aether-community-awesome-copilot,quarantined-instruction,,
.staging/.github/instructions/awesome-copilot/a11y.instructions.md,27608,aether,aether/.staging/community/awesome-copilot/instructions/a11y.instructions.md,aether/library/community/awesome-copilot/instructions/a11y.instructions.md,quarantine-and-curate,aether-community-awesome-copilot,quarantined-instruction,,
.staging/.github/instructions/awesome-copilot/agent-safety.instructions.md,4275,aether,aether/.staging/community/awesome-copilot/instructions/agent-safety.instructions.md,aether/library/community/awesome-copilot/instructions/agent-safety.instructions.md,quarantine-and-curate,aether-community-awesome-copilot,quarantined-instruction,,
.staging/.github/instructions/awesome-copilot/agent-skills.instructions.md,18102,aether,aether/.staging/community/awesome-copilot/instructions/agent-skills.instructions.md,aether/library/community/awesome-copilot/instructions/agent-skills.instructions.md,quarantine-and-curate,aether-community-awesome-copilot,quarantined-instruction,,
.staging/.github/instructions/awesome-copilot/agents.instructions.md,36905,aether,aether/.staging/community/awesome-copilot/instructions/agents.instructions.md,aether/library/community/awesome-copilot/instructions/agents.instructions.md,quarantine-and-curate,aether-community-awesome-copilot,quarantined-instruction,,
.staging/.github/instructions/awesome-copilot/ai-prompt-engineering-safety-best-practices.instructions.md,28145,aether,aether/.staging/community/awesome-copilot/instructions/ai-prompt-engineering-safety-best-practices.instructions.md,aether/library/community/awesome-copilot/instructions/ai-prompt-engineering-safety-best-practices.instructions.md,quarantine-and-curate,aether-community-awesome-copilot,quarantined-instruction,,prompt-override-content
.staging/.github/instructions/awesome-copilot/ansible.instructions.md,5569,aether,aether/.staging/community/awesome-copilot/instructions/ansible.instructions.md,aether/library/community/awesome-copilot/instructions/ansible.instructions.md,quarantine-and-curate,aether-community-awesome-copilot,quarantined-instruction,,
.staging/.github/instructions/awesome-copilot/apex.instructions.md,46638,aether,aether/.staging/community/awesome-copilot/instructions/apex.instructions.md,aether/library/community/awesome-copilot/instructions/apex.instructions.md,quarantine-and-curate,aether-community-awesome-copilot,quarantined-instruction,,
.staging/.github/instructions/awesome-copilot/arch-linux.instructions.md,1355,aether,aether/.staging/community/awesome-copilot/instructions/arch-linux.instructions.md,aether/library/community/awesome-copilot/instructions/arch-linux.instructions.md,quarantine-and-curate,aether-community-awesome-copilot,quarantined-instruction,,
.staging/.github/instructions/awesome-copilot/aspnet-rest-apis.instructions.md,5925,aether,aether/.staging/community/awesome-copilot/instructions/aspnet-rest-apis.instructions.md,aether/library/community/awesome-copilot/instructions/aspnet-rest-apis.instructions.md,quarantine-and-curate,aether-community-awesome-copilot,quarantined-instruction,,
.staging/.github/instructions/awesome-copilot/astro.instructions.md,7710,aether,aether/.staging/community/awesome-copilot/instructions/astro.instructions.md,aether/library/community/awesome-copilot/instructions/astro.instructions.md,quarantine-and-curate,aether-community-awesome-copilot,quarantined-instruction,,
.staging/.github/instructions/awesome-copilot/aws-appsync.instructions.md,10505,aether,aether/.staging/community/awesome-copilot/instructions/aws-appsync.instructions.md,aether/library/community/awesome-copilot/instructions/aws-appsync.instructions.md,quarantine-and-curate,aether-community-awesome-copilot,quarantined-instruction,,
.staging/.github/instructions/awesome-copilot/azure-devops-pipelines.instructions.md,6920,aether,aether/.staging/community/awesome-copilot/instructions/azure-devops-pipelines.instructions.md,aether/library/community/awesome-copilot/instructions/azure-devops-pipelines.instructions.md,quarantine-and-curate,aether-community-awesome-copilot,quarantined-instruction,,
.staging/.github/instructions/awesome-copilot/azure-durable-functions-csharp.instructions.md,14262,aether,aether/.staging/community/awesome-copilot/instructions/azure-durable-functions-csharp.instructions.md,aether/library/community/awesome-copilot/instructions/azure-durable-functions-csharp.instructions.md,quarantine-and-curate,aether-community-awesome-copilot,quarantined-instruction,,
.staging/.github/instructions/awesome-copilot/azure-functions-csharp.instructions.md,9421,aether,aether/.staging/community/awesome-copilot/instructions/azure-functions-csharp.instructions.md,aether/library/community/awesome-copilot/instructions/azure-functions-csharp.instructions.md,quarantine-and-curate,aether-community-awesome-copilot,quarantined-instruction,,
.staging/.github/instructions/awesome-copilot/azure-functions-typescript.instructions.md,817,aether,aether/.staging/community/awesome-copilot/instructions/azure-functions-typescript.instructions.md,aether/library/community/awesome-copilot/instructions/azure-functions-typescript.instructions.md,quarantine-and-curate,aether-community-awesome-copilot,quarantined-instruction,,
.staging/.github/instructions/awesome-copilot/azure-iot-edge-architecture.instructions.md,1291,aether,aether/.staging/community/awesome-copilot/instructions/azure-iot-edge-architecture.instructions.md,aether/library/community/awesome-copilot/instructions/azure-iot-edge-architecture.instructions.md,quarantine-and-curate,aether-community-awesome-copilot,quarantined-instruction,,
.staging/.github/instructions/awesome-copilot/azure-logic-apps-power-automate.instructions.md,64287,aether,aether/.staging/community/awesome-copilot/instructions/azure-logic-apps-power-automate.instructions.md,aether/library/community/awesome-copilot/instructions/azure-logic-apps-power-automate.instructions.md,quarantine-and-curate,aether-community-awesome-copilot,quarantined-instruction,,
.staging/.github/instructions/awesome-copilot/azure-naming.instructions.md,15417,aether,aether/.staging/community/awesome-copilot/instructions/azure-naming.instructions.md,aether/library/community/awesome-copilot/instructions/azure-naming.instructions.md,quarantine-and-curate,aether-community-awesome-copilot,quarantined-instruction,,
.staging/.github/instructions/awesome-copilot/azure-verified-modules-bicep.instructions.md,7592,aether,aether/.staging/community/awesome-copilot/instructions/azure-verified-modules-bicep.instructions.md,aether/library/community/awesome-copilot/instructions/azure-verified-modules-bicep.instructions.md,quarantine-and-curate,aether-community-awesome-copilot,quarantined-instruction,,
.staging/.github/instructions/awesome-copilot/azure-verified-modules-terraform.instructions.md,7697,aether,aether/.staging/community/awesome-copilot/instructions/azure-verified-modules-terraform.instructions.md,aether/library/community/awesome-copilot/instructions/azure-verified-modules-terraform.instructions.md,quarantine-and-curate,aether-community-awesome-copilot,quarantined-instruction,,
.staging/.github/instructions/awesome-copilot/bicep-code-best-practices.instructions.md,2165,aether,aether/.staging/community/awesome-copilot/instructions/bicep-code-best-practices.instructions.md,aether/library/community/awesome-copilot/instructions/bicep-code-best-practices.instructions.md,quarantine-and-curate,aether-community-awesome-copilot,quarantined-instruction,,
.staging/.github/instructions/awesome-copilot/blazor.instructions.md,4466,aether,aether/.staging/community/awesome-copilot/instructions/blazor.instructions.md,aether/library/community/awesome-copilot/instructions/blazor.instructions.md,quarantine-and-curate,aether-community-awesome-copilot,quarantined-instruction,,
.staging/.github/instructions/awesome-copilot/caveman-mode.instructions.md,1241,aether,aether/.staging/community/awesome-copilot/instructions/caveman-mode.instructions.md,aether/library/community/awesome-copilot/instructions/caveman-mode.instructions.md,quarantine-and-curate,aether-community-awesome-copilot,quarantined-instruction,,
.staging/.github/instructions/awesome-copilot/centos-linux.instructions.md,1329,aether,aether/.staging/community/awesome-copilot/instructions/centos-linux.instructions.md,aether/library/community/awesome-copilot/instructions/centos-linux.instructions.md,quarantine-and-curate,aether-community-awesome-copilot,quarantined-instruction,,
.staging/.github/instructions/awesome-copilot/clojure.instructions.md,10802,aether,aether/.staging/community/awesome-copilot/instructions/clojure.instructions.md,aether/library/community/awesome-copilot/instructions/clojure.instructions.md,quarantine-and-curate,aether-community-awesome-copilot,quarantined-instruction,,
.staging/.github/instructions/awesome-copilot/cmake-vcpkg.instructions.md,860,aether,aether/.staging/community/awesome-copilot/instructions/cmake-vcpkg.instructions.md,aether/library/community/awesome-copilot/instructions/cmake-vcpkg.instructions.md,quarantine-and-curate,aether-community-awesome-copilot,quarantined-instruction,,
.staging/.github/instructions/awesome-copilot/code-review-generic.instructions.md,14774,aether,aether/.staging/community/awesome-copilot/instructions/code-review-generic.instructions.md,aether/library/community/awesome-copilot/instructions/code-review-generic.instructions.md,quarantine-and-curate,aether-community-awesome-copilot,quarantined-instruction,,
.staging/.github/instructions/awesome-copilot/codexer.instructions.md,15549,aether,aether/.staging/community/awesome-copilot/instructions/codexer.instructions.md,aether/library/community/awesome-copilot/instructions/codexer.instructions.md,quarantine-and-curate,aether-community-awesome-copilot,quarantined-instruction,,
.staging/.github/instructions/awesome-copilot/coldfusion-cfc.instructions.md,1384,aether,aether/.staging/community/awesome-copilot/instructions/coldfusion-cfc.instructions.md,aether/library/community/awesome-copilot/instructions/coldfusion-cfc.instructions.md,quarantine-and-curate,aether-community-awesome-copilot,quarantined-instruction,,
.staging/.github/instructions/awesome-copilot/coldfusion-cfm.instructions.md,1260,aether,aether/.staging/community/awesome-copilot/instructions/coldfusion-cfm.instructions.md,aether/library/community/awesome-copilot/instructions/coldfusion-cfm.instructions.md,quarantine-and-curate,aether-community-awesome-copilot,quarantined-instruction,,
.staging/.github/instructions/awesome-copilot/containerization-docker-best-practices.instructions.md,35948,aether,aether/.staging/community/awesome-copilot/instructions/containerization-docker-best-practices.instructions.md,aether/library/community/awesome-copilot/instructions/containerization-docker-best-practices.instructions.md,quarantine-and-curate,aether-community-awesome-copilot,quarantined-instruction,,
.staging/.github/instructions/awesome-copilot/context-engineering.instructions.md,2477,aether,aether/.staging/community/awesome-copilot/instructions/context-engineering.instructions.md,aether/library/community/awesome-copilot/instructions/context-engineering.instructions.md,quarantine-and-curate,aether-community-awesome-copilot,quarantined-instruction,,
.staging/.github/instructions/awesome-copilot/context7.instructions.md,4450,aether,aether/.staging/community/awesome-copilot/instructions/context7.instructions.md,aether/library/community/awesome-copilot/instructions/context7.instructions.md,quarantine-and-curate,aether-community-awesome-copilot,quarantined-instruction,,
.staging/.github/instructions/awesome-copilot/convert-cassandra-to-spring-data-cosmos.instructions.md,41443,aether,aether/.staging/community/awesome-copilot/instructions/convert-cassandra-to-spring-data-cosmos.instructions.md,aether/library/community/awesome-copilot/instructions/convert-cassandra-to-spring-data-cosmos.instructions.md,quarantine-and-curate,aether-community-awesome-copilot,quarantined-instruction,,
.staging/.github/instructions/awesome-copilot/convert-jpa-to-spring-data-cosmos.instructions.md,41742,aether,aether/.staging/community/awesome-copilot/instructions/convert-jpa-to-spring-data-cosmos.instructions.md,aether/library/community/awesome-copilot/instructions/convert-jpa-to-spring-data-cosmos.instructions.md,quarantine-and-curate,aether-community-awesome-copilot,quarantined-instruction,,
.staging/.github/instructions/awesome-copilot/copilot-sdk-csharp.instructions.md,14057,aether,aether/.staging/community/awesome-copilot/instructions/copilot-sdk-csharp.instructions.md,aether/library/community/awesome-copilot/instructions/copilot-sdk-csharp.instructions.md,quarantine-and-curate,aether-community-awesome-copilot,quarantined-instruction,,
.staging/.github/instructions/awesome-copilot/copilot-sdk-go.instructions.md,17120,aether,aether/.staging/community/awesome-copilot/instructions/copilot-sdk-go.instructions.md,aether/library/community/awesome-copilot/instructions/copilot-sdk-go.instructions.md,quarantine-and-curate,aether-community-awesome-copilot,quarantined-instruction,,
.staging/.github/instructions/awesome-copilot/copilot-sdk-java.instructions.md,26505,aether,aether/.staging/community/awesome-copilot/instructions/copilot-sdk-java.instructions.md,aether/library/community/awesome-copilot/instructions/copilot-sdk-java.instructions.md,quarantine-and-curate,aether-community-awesome-copilot,quarantined-instruction,,
.staging/.github/instructions/awesome-copilot/copilot-sdk-nodejs.instructions.md,17464,aether,aether/.staging/community/awesome-copilot/instructions/copilot-sdk-nodejs.instructions.md,aether/library/community/awesome-copilot/instructions/copilot-sdk-nodejs.instructions.md,quarantine-and-curate,aether-community-awesome-copilot,quarantined-instruction,,
.staging/.github/instructions/awesome-copilot/copilot-sdk-python.instructions.md,21016,aether,aether/.staging/community/awesome-copilot/instructions/copilot-sdk-python.instructions.md,aether/library/community/awesome-copilot/instructions/copilot-sdk-python.instructions.md,quarantine-and-curate,aether-community-awesome-copilot,quarantined-instruction,,
.staging/.github/instructions/awesome-copilot/copilot-thought-logging.instructions.md,3253,aether,aether/.staging/community/awesome-copilot/instructions/copilot-thought-logging.instructions.md,aether/library/community/awesome-copilot/instructions/copilot-thought-logging.instructions.md,quarantine-and-curate,aether-community-awesome-copilot,quarantined-instruction,,
.staging/.github/instructions/awesome-copilot/cpp-language-service-tools.instructions.md,11379,aether,aether/.staging/community/awesome-copilot/instructions/cpp-language-service-tools.instructions.md,aether/library/community/awesome-copilot/instructions/cpp-language-service-tools.instructions.md,quarantine-and-curate,aether-community-awesome-copilot,quarantined-instruction,,
.staging/.github/instructions/awesome-copilot/csharp-ja.instructions.md,7236,aether,aether/.staging/community/awesome-copilot/instructions/csharp-ja.instructions.md,aether/library/community/awesome-copilot/instructions/csharp-ja.instructions.md,quarantine-and-curate,aether-community-awesome-copilot,quarantined-instruction,,
.staging/.github/instructions/awesome-copilot/csharp-ko.instructions.md,4762,aether,aether/.staging/community/awesome-copilot/instructions/csharp-ko.instructions.md,aether/library/community/awesome-copilot/instructions/csharp-ko.instructions.md,quarantine-and-curate,aether-community-awesome-copilot,quarantined-instruction,,
.staging/.github/instructions/awesome-copilot/csharp-mcp-server.instructions.md,4350,aether,aether/.staging/community/awesome-copilot/instructions/csharp-mcp-server.instructions.md,aether/library/community/awesome-copilot/instructions/csharp-mcp-server.instructions.md,quarantine-and-curate,aether-community-awesome-copilot,quarantined-instruction,,
.staging/.github/instructions/awesome-copilot/csharp-razorpages.instructions.md,7136,aether,aether/.staging/community/awesome-copilot/instructions/csharp-razorpages.instructions.md,aether/library/community/awesome-copilot/instructions/csharp-razorpages.instructions.md,quarantine-and-curate,aether-community-awesome-copilot,quarantined-instruction,,
.staging/.github/instructions/awesome-copilot/csharp.instructions.md,5763,aether,aether/.staging/community/awesome-copilot/instructions/csharp.instructions.md,aether/library/community/awesome-copilot/instructions/csharp.instructions.md,quarantine-and-curate,aether-community-awesome-copilot,quarantined-instruction,,
.staging/.github/instructions/awesome-copilot/dart-n-flutter.instructions.md,20778,aether,aether/.staging/community/awesome-copilot/instructions/dart-n-flutter.instructions.md,aether/library/community/awesome-copilot/instructions/dart-n-flutter.instructions.md,quarantine-and-curate,aether-community-awesome-copilot,quarantined-instruction,,
.staging/.github/instructions/awesome-copilot/dataverse-python-advanced-features.instructions.md,18170,aether,aether/.staging/community/awesome-copilot/instructions/dataverse-python-advanced-features.instructions.md,aether/library/community/awesome-copilot/instructions/dataverse-python-advanced-features.instructions.md,quarantine-and-curate,aether-community-awesome-copilot,quarantined-instruction,,
.staging/.github/instructions/awesome-copilot/dataverse-python-agentic-workflows.instructions.md,17991,aether,aether/.staging/community/awesome-copilot/instructions/dataverse-python-agentic-workflows.instructions.md,aether/library/community/awesome-copilot/instructions/dataverse-python-agentic-workflows.instructions.md,quarantine-and-curate,aether-community-awesome-copilot,quarantined-instruction,,
.staging/.github/instructions/awesome-copilot/dataverse-python-api-reference.instructions.md,4452,aether,aether/.staging/community/awesome-copilot/instructions/dataverse-python-api-reference.instructions.md,aether/library/community/awesome-copilot/instructions/dataverse-python-api-reference.instructions.md,quarantine-and-curate,aether-community-awesome-copilot,quarantined-instruction,,
.staging/.github/instructions/awesome-copilot/dataverse-python-authentication-security.instructions.md,13451,aether,aether/.staging/community/awesome-copilot/instructions/dataverse-python-authentication-security.instructions.md,aether/library/community/awesome-copilot/instructions/dataverse-python-authentication-security.instructions.md,quarantine-and-curate,aether-community-awesome-copilot,quarantined-instruction,,
.staging/.github/instructions/awesome-copilot/dataverse-python-best-practices.instructions.md,18673,aether,aether/.staging/community/awesome-copilot/instructions/dataverse-python-best-practices.instructions.md,aether/library/community/awesome-copilot/instructions/dataverse-python-best-practices.instructions.md,quarantine-and-curate,aether-community-awesome-copilot,quarantined-instruction,,
.staging/.github/instructions/awesome-copilot/dataverse-python-error-handling.instructions.md,15907,aether,aether/.staging/community/awesome-copilot/instructions/dataverse-python-error-handling.instructions.md,aether/library/community/awesome-copilot/instructions/dataverse-python-error-handling.instructions.md,quarantine-and-curate,aether-community-awesome-copilot,quarantined-instruction,,
.staging/.github/instructions/awesome-copilot/dataverse-python-file-operations.instructions.md,18353,aether,aether/.staging/community/awesome-copilot/instructions/dataverse-python-file-operations.instructions.md,aether/library/community/awesome-copilot/instructions/dataverse-python-file-operations.instructions.md,quarantine-and-curate,aether-community-awesome-copilot,quarantined-instruction,,
.staging/.github/instructions/awesome-copilot/dataverse-python-modules.instructions.md,7176,aether,aether/.staging/community/awesome-copilot/instructions/dataverse-python-modules.instructions.md,aether/library/community/awesome-copilot/instructions/dataverse-python-modules.instructions.md,quarantine-and-curate,aether-community-awesome-copilot,quarantined-instruction,,
.staging/.github/instructions/awesome-copilot/dataverse-python-pandas-integration.instructions.md,13594,aether,aether/.staging/community/awesome-copilot/instructions/dataverse-python-pandas-integration.instructions.md,aether/library/community/awesome-copilot/instructions/dataverse-python-pandas-integration.instructions.md,quarantine-and-curate,aether-community-awesome-copilot,quarantined-instruction,,
.staging/.github/instructions/awesome-copilot/dataverse-python-performance-optimization.instructions.md,12219,aether,aether/.staging/community/awesome-copilot/instructions/dataverse-python-performance-optimization.instructions.md,aether/library/community/awesome-copilot/instructions/dataverse-python-performance-optimization.instructions.md,quarantine-and-curate,aether-community-awesome-copilot,quarantined-instruction,,
.staging/.github/instructions/awesome-copilot/dataverse-python-real-world-usecases.instructions.md,23022,aether,aether/.staging/community/awesome-copilot/instructions/dataverse-python-real-world-usecases.instructions.md,aether/library/community/awesome-copilot/instructions/dataverse-python-real-world-usecases.instructions.md,quarantine-and-curate,aether-community-awesome-copilot,quarantined-instruction,,
.staging/.github/instructions/awesome-copilot/dataverse-python-sdk.instructions.md,2802,aether,aether/.staging/community/awesome-copilot/instructions/dataverse-python-sdk.instructions.md,aether/library/community/awesome-copilot/instructions/dataverse-python-sdk.instructions.md,quarantine-and-curate,aether-community-awesome-copilot,quarantined-instruction,,
.staging/.github/instructions/awesome-copilot/dataverse-python-testing-debugging.instructions.md,11150,aether,aether/.staging/community/awesome-copilot/instructions/dataverse-python-testing-debugging.instructions.md,aether/library/community/awesome-copilot/instructions/dataverse-python-testing-debugging.instructions.md,quarantine-and-curate,aether-community-awesome-copilot,quarantined-instruction,,
.staging/.github/instructions/awesome-copilot/dataverse-python.instructions.md,743,aether,aether/.staging/community/awesome-copilot/instructions/dataverse-python.instructions.md,aether/library/community/awesome-copilot/instructions/dataverse-python.instructions.md,quarantine-and-curate,aether-community-awesome-copilot,quarantined-instruction,,
.staging/.github/instructions/awesome-copilot/debian-linux.instructions.md,1503,aether,aether/.staging/community/awesome-copilot/instructions/debian-linux.instructions.md,aether/library/community/awesome-copilot/instructions/debian-linux.instructions.md,quarantine-and-curate,aether-community-awesome-copilot,quarantined-instruction,,
.staging/.github/instructions/awesome-copilot/declarative-agents-microsoft365.instructions.md,9059,aether,aether/.staging/community/awesome-copilot/instructions/declarative-agents-microsoft365.instructions.md,aether/library/community/awesome-copilot/instructions/declarative-agents-microsoft365.instructions.md,quarantine-and-curate,aether-community-awesome-copilot,quarantined-instruction,,
.staging/.github/instructions/awesome-copilot/devbox-image-definition.instructions.md,24481,aether,aether/.staging/community/awesome-copilot/instructions/devbox-image-definition.instructions.md,aether/library/community/awesome-copilot/instructions/devbox-image-definition.instructions.md,quarantine-and-curate,aether-community-awesome-copilot,quarantined-instruction,,
.staging/.github/instructions/awesome-copilot/devops-core-principles.instructions.md,16592,aether,aether/.staging/community/awesome-copilot/instructions/devops-core-principles.instructions.md,aether/library/community/awesome-copilot/instructions/devops-core-principles.instructions.md,quarantine-and-curate,aether-community-awesome-copilot,quarantined-instruction,,
.staging/.github/instructions/awesome-copilot/dotnet-architecture-good-practices.instructions.md,11890,aether,aether/.staging/community/awesome-copilot/instructions/dotnet-architecture-good-practices.instructions.md,aether/library/community/awesome-copilot/instructions/dotnet-architecture-good-practices.instructions.md,quarantine-and-curate,aether-community-awesome-copilot,quarantined-instruction,,prompt-override-content
.staging/.github/instructions/awesome-copilot/dotnet-framework.instructions.md,6299,aether,aether/.staging/community/awesome-copilot/instructions/dotnet-framework.instructions.md,aether/library/community/awesome-copilot/instructions/dotnet-framework.instructions.md,quarantine-and-curate,aether-community-awesome-copilot,quarantined-instruction,,
.staging/.github/instructions/awesome-copilot/dotnet-maui-9-to-dotnet-maui-10-upgrade.instructions.md,54173,aether,aether/.staging/community/awesome-copilot/instructions/dotnet-maui-9-to-dotnet-maui-10-upgrade.instructions.md,aether/library/community/awesome-copilot/instructions/dotnet-maui-9-to-dotnet-maui-10-upgrade.instructions.md,quarantine-and-curate,aether-community-awesome-copilot,quarantined-instruction,,
.staging/.github/instructions/awesome-copilot/dotnet-maui.instructions.md,5658,aether,aether/.staging/community/awesome-copilot/instructions/dotnet-maui.instructions.md,aether/library/community/awesome-copilot/instructions/dotnet-maui.instructions.md,quarantine-and-curate,aether-community-awesome-copilot,quarantined-instruction,,
.staging/.github/instructions/awesome-copilot/dotnet-upgrade.instructions.md,10029,aether,aether/.staging/community/awesome-copilot/instructions/dotnet-upgrade.instructions.md,aether/library/community/awesome-copilot/instructions/dotnet-upgrade.instructions.md,quarantine-and-curate,aether-community-awesome-copilot,quarantined-instruction,,
.staging/.github/instructions/awesome-copilot/dotnet-wpf.instructions.md,2617,aether,aether/.staging/community/awesome-copilot/instructions/dotnet-wpf.instructions.md,aether/library/community/awesome-copilot/instructions/dotnet-wpf.instructions.md,quarantine-and-curate,aether-community-awesome-copilot,quarantined-instruction,,
.staging/.github/instructions/awesome-copilot/draw-io.instructions.md,6002,aether,aether/.staging/community/awesome-copilot/instructions/draw-io.instructions.md,aether/library/community/awesome-copilot/instructions/draw-io.instructions.md,quarantine-and-curate,aether-community-awesome-copilot,quarantined-instruction,,
.staging/.github/instructions/awesome-copilot/exclude-prompt-data.instructions.md,6570,aether,aether/.staging/community/awesome-copilot/instructions/exclude-prompt-data.instructions.md,aether/library/community/awesome-copilot/instructions/exclude-prompt-data.instructions.md,quarantine-and-curate,aether-community-awesome-copilot,quarantined-instruction,,
.staging/.github/instructions/awesome-copilot/fedora-linux.instructions.md,1269,aether,aether/.staging/community/awesome-copilot/instructions/fedora-linux.instructions.md,aether/library/community/awesome-copilot/instructions/fedora-linux.instructions.md,quarantine-and-curate,aether-community-awesome-copilot,quarantined-instruction,,
.staging/.github/instructions/awesome-copilot/genaiscript.instructions.md,914,aether,aether/.staging/community/awesome-copilot/instructions/genaiscript.instructions.md,aether/library/community/awesome-copilot/instructions/genaiscript.instructions.md,quarantine-and-curate,aether-community-awesome-copilot,quarantined-instruction,,
.staging/.github/instructions/awesome-copilot/generate-modern-terraform-code-for-azure.instructions.md,3519,aether,aether/.staging/community/awesome-copilot/instructions/generate-modern-terraform-code-for-azure.instructions.md,aether/library/community/awesome-copilot/instructions/generate-modern-terraform-code-for-azure.instructions.md,quarantine-and-curate,aether-community-awesome-copilot,quarantined-instruction,,
.staging/.github/instructions/awesome-copilot/gilfoyle-code-review.instructions.md,5563,aether,aether/.staging/community/awesome-copilot/instructions/gilfoyle-code-review.instructions.md,aether/library/community/awesome-copilot/instructions/gilfoyle-code-review.instructions.md,quarantine-and-curate,aether-community-awesome-copilot,quarantined-instruction,,
.staging/.github/instructions/awesome-copilot/github-actions-ci-cd-best-practices.instructions.md,54230,aether,aether/.staging/community/awesome-copilot/instructions/github-actions-ci-cd-best-practices.instructions.md,aether/library/community/awesome-copilot/instructions/github-actions-ci-cd-best-practices.instructions.md,quarantine-and-curate,aether-community-awesome-copilot,quarantined-instruction,,
.staging/.github/instructions/awesome-copilot/go-mcp-server.instructions.md,7602,aether,aether/.staging/community/awesome-copilot/instructions/go-mcp-server.instructions.md,aether/library/community/awesome-copilot/instructions/go-mcp-server.instructions.md,quarantine-and-curate,aether-community-awesome-copilot,quarantined-instruction,,
.staging/.github/instructions/awesome-copilot/go.instructions.md,16254,aether,aether/.staging/community/awesome-copilot/instructions/go.instructions.md,aether/library/community/awesome-copilot/instructions/go.instructions.md,quarantine-and-curate,aether-community-awesome-copilot,quarantined-instruction,,
.staging/.github/instructions/awesome-copilot/hooks.instructions.md,20983,aether,aether/.staging/community/awesome-copilot/instructions/hooks.instructions.md,aether/library/community/awesome-copilot/instructions/hooks.instructions.md,quarantine-and-curate,aether-community-awesome-copilot,quarantined-instruction,,
.staging/.github/instructions/awesome-copilot/html-css-style-color-guide.instructions.md,3239,aether,aether/.staging/community/awesome-copilot/instructions/html-css-style-color-guide.instructions.md,aether/library/community/awesome-copilot/instructions/html-css-style-color-guide.instructions.md,quarantine-and-curate,aether-community-awesome-copilot,quarantined-instruction,,
.staging/.github/instructions/awesome-copilot/instructions.instructions.md,8075,aether,aether/.staging/community/awesome-copilot/instructions/instructions.instructions.md,aether/library/community/awesome-copilot/instructions/instructions.instructions.md,quarantine-and-curate,aether-community-awesome-copilot,quarantined-instruction,,
.staging/.github/instructions/awesome-copilot/java-11-to-java-17-upgrade.instructions.md,21837,aether,aether/.staging/community/awesome-copilot/instructions/java-11-to-java-17-upgrade.instructions.md,aether/library/community/awesome-copilot/instructions/java-11-to-java-17-upgrade.instructions.md,quarantine-and-curate,aether-community-awesome-copilot,quarantined-instruction,,
.staging/.github/instructions/awesome-copilot/java-17-to-java-21-upgrade.instructions.md,13627,aether,aether/.staging/community/awesome-copilot/instructions/java-17-to-java-21-upgrade.instructions.md,aether/library/community/awesome-copilot/instructions/java-17-to-java-21-upgrade.instructions.md,quarantine-and-curate,aether-community-awesome-copilot,quarantined-instruction,,
.staging/.github/instructions/awesome-copilot/java-21-to-java-25-upgrade.instructions.md,9551,aether,aether/.staging/community/awesome-copilot/instructions/java-21-to-java-25-upgrade.instructions.md,aether/library/community/awesome-copilot/instructions/java-21-to-java-25-upgrade.instructions.md,quarantine-and-curate,aether-community-awesome-copilot,quarantined-instruction,,
.staging/.github/instructions/awesome-copilot/java-junit5-assertions.instructions.md,6283,aether,aether/.staging/community/awesome-copilot/instructions/java-junit5-assertions.instructions.md,aether/library/community/awesome-copilot/instructions/java-junit5-assertions.instructions.md,quarantine-and-curate,aether-community-awesome-copilot,quarantined-instruction,,
.staging/.github/instructions/awesome-copilot/java-mcp-server.instructions.md,14383,aether,aether/.staging/community/awesome-copilot/instructions/java-mcp-server.instructions.md,aether/library/community/awesome-copilot/instructions/java-mcp-server.instructions.md,quarantine-and-curate,aether-community-awesome-copilot,quarantined-instruction,,
.staging/.github/instructions/awesome-copilot/joyride-user-project.instructions.md,9708,aether,aether/.staging/community/awesome-copilot/instructions/joyride-user-project.instructions.md,aether/library/community/awesome-copilot/instructions/joyride-user-project.instructions.md,quarantine-and-curate,aether-community-awesome-copilot,quarantined-instruction,,
.staging/.github/instructions/awesome-copilot/joyride-workspace-automation.instructions.md,2921,aether,aether/.staging/community/awesome-copilot/instructions/joyride-workspace-automation.instructions.md,aether/library/community/awesome-copilot/instructions/joyride-workspace-automation.instructions.md,quarantine-and-curate,aether-community-awesome-copilot,quarantined-instruction,,
.staging/.github/instructions/awesome-copilot/kotlin-mcp-server.instructions.md,11829,aether,aether/.staging/community/awesome-copilot/instructions/kotlin-mcp-server.instructions.md,aether/library/community/awesome-copilot/instructions/kotlin-mcp-server.instructions.md,quarantine-and-curate,aether-community-awesome-copilot,quarantined-instruction,,
.staging/.github/instructions/awesome-copilot/kubernetes-deployment-best-practices.instructions.md,14332,aether,aether/.staging/community/awesome-copilot/instructions/kubernetes-deployment-best-practices.instructions.md,aether/library/community/awesome-copilot/instructions/kubernetes-deployment-best-practices.instructions.md,quarantine-and-curate,aether-community-awesome-copilot,quarantined-instruction,,
.staging/.github/instructions/awesome-copilot/kubernetes-manifests.instructions.md,4537,aether,aether/.staging/community/awesome-copilot/instructions/kubernetes-manifests.instructions.md,aether/library/community/awesome-copilot/instructions/kubernetes-manifests.instructions.md,quarantine-and-curate,aether-community-awesome-copilot,quarantined-instruction,,
.staging/.github/instructions/awesome-copilot/langchain-python.instructions.md,12441,aether,aether/.staging/community/awesome-copilot/instructions/langchain-python.instructions.md,aether/library/community/awesome-copilot/instructions/langchain-python.instructions.md,quarantine-and-curate,aether-community-awesome-copilot,quarantined-instruction,,
.staging/.github/instructions/awesome-copilot/localization.instructions.md,1829,aether,aether/.staging/community/awesome-copilot/instructions/localization.instructions.md,aether/library/community/awesome-copilot/instructions/localization.instructions.md,quarantine-and-curate,aether-community-awesome-copilot,quarantined-instruction,,
.staging/.github/instructions/awesome-copilot/lwc.instructions.md,12463,aether,aether/.staging/community/awesome-copilot/instructions/lwc.instructions.md,aether/library/community/awesome-copilot/instructions/lwc.instructions.md,quarantine-and-curate,aether-community-awesome-copilot,quarantined-instruction,,
.staging/.github/instructions/awesome-copilot/makefile.instructions.md,11780,aether,aether/.staging/community/awesome-copilot/instructions/makefile.instructions.md,aether/library/community/awesome-copilot/instructions/makefile.instructions.md,quarantine-and-curate,aether-community-awesome-copilot,quarantined-instruction,,
.staging/.github/instructions/awesome-copilot/markdown-accessibility.instructions.md,5282,aether,aether/.staging/community/awesome-copilot/instructions/markdown-accessibility.instructions.md,aether/library/community/awesome-copilot/instructions/markdown-accessibility.instructions.md,quarantine-and-curate,aether-community-awesome-copilot,quarantined-instruction,,
.staging/.github/instructions/awesome-copilot/markdown-content-creation.instructions.md,3246,aether,aether/.staging/community/awesome-copilot/instructions/markdown-content-creation.instructions.md,aether/library/community/awesome-copilot/instructions/markdown-content-creation.instructions.md,quarantine-and-curate,aether-community-awesome-copilot,quarantined-instruction,,
.staging/.github/instructions/awesome-copilot/markdown-gfm.instructions.md,6696,aether,aether/.staging/community/awesome-copilot/instructions/markdown-gfm.instructions.md,aether/library/community/awesome-copilot/instructions/markdown-gfm.instructions.md,quarantine-and-curate,aether-community-awesome-copilot,quarantined-instruction,,
.staging/.github/instructions/awesome-copilot/markdown.instructions.md,5627,aether,aether/.staging/community/awesome-copilot/instructions/markdown.instructions.md,aether/library/community/awesome-copilot/instructions/markdown.instructions.md,quarantine-and-curate,aether-community-awesome-copilot,quarantined-instruction,,
.staging/.github/instructions/awesome-copilot/mcp-m365-copilot.instructions.md,10040,aether,aether/.staging/community/awesome-copilot/instructions/mcp-m365-copilot.instructions.md,aether/library/community/awesome-copilot/instructions/mcp-m365-copilot.instructions.md,quarantine-and-curate,aether-community-awesome-copilot,quarantined-instruction,,
.staging/.github/instructions/awesome-copilot/memory-bank.instructions.md,10550,aether,aether/.staging/community/awesome-copilot/instructions/memory-bank.instructions.md,aether/library/community/awesome-copilot/instructions/memory-bank.instructions.md,quarantine-and-curate,aether-community-awesome-copilot,quarantined-instruction,,
.staging/.github/instructions/awesome-copilot/mongo-dba.instructions.md,1762,aether,aether/.staging/community/awesome-copilot/instructions/mongo-dba.instructions.md,aether/library/community/awesome-copilot/instructions/mongo-dba.instructions.md,quarantine-and-curate,aether-community-awesome-copilot,quarantined-instruction,,
.staging/.github/instructions/awesome-copilot/moodle.instructions.md,2369,aether,aether/.staging/community/awesome-copilot/instructions/moodle.instructions.md,aether/library/community/awesome-copilot/instructions/moodle.instructions.md,quarantine-and-curate,aether-community-awesome-copilot,quarantined-instruction,,
.staging/.github/instructions/awesome-copilot/ms-sql-dba.instructions.md,1413,aether,aether/.staging/community/awesome-copilot/instructions/ms-sql-dba.instructions.md,aether/library/community/awesome-copilot/instructions/ms-sql-dba.instructions.md,quarantine-and-curate,aether-community-awesome-copilot,quarantined-instruction,,
.staging/.github/instructions/awesome-copilot/mvvm-toolkit.instructions.md,7009,aether,aether/.staging/community/awesome-copilot/instructions/mvvm-toolkit.instructions.md,aether/library/community/awesome-copilot/instructions/mvvm-toolkit.instructions.md,quarantine-and-curate,aether-community-awesome-copilot,quarantined-instruction,,
.staging/.github/instructions/awesome-copilot/nestjs.instructions.md,12198,aether,aether/.staging/community/awesome-copilot/instructions/nestjs.instructions.md,aether/library/community/awesome-copilot/instructions/nestjs.instructions.md,quarantine-and-curate,aether-community-awesome-copilot,quarantined-instruction,,
.staging/.github/instructions/awesome-copilot/nextjs-tailwind.instructions.md,1860,aether,aether/.staging/community/awesome-copilot/instructions/nextjs-tailwind.instructions.md,aether/library/community/awesome-copilot/instructions/nextjs-tailwind.instructions.md,quarantine-and-curate,aether-community-awesome-copilot,quarantined-instruction,,
.staging/.github/instructions/awesome-copilot/nextjs.instructions.md,9800,aether,aether/.staging/community/awesome-copilot/instructions/nextjs.instructions.md,aether/library/community/awesome-copilot/instructions/nextjs.instructions.md,quarantine-and-curate,aether-community-awesome-copilot,quarantined-instruction,,
.staging/.github/instructions/awesome-copilot/no-heredoc.instructions.md,2554,aether,aether/.staging/community/awesome-copilot/instructions/no-heredoc.instructions.md,aether/library/community/awesome-copilot/instructions/no-heredoc.instructions.md,quarantine-and-curate,aether-community-awesome-copilot,quarantined-instruction,,
.staging/.github/instructions/awesome-copilot/nodejs-javascript-vitest.instructions.md,1427,aether,aether/.staging/community/awesome-copilot/instructions/nodejs-javascript-vitest.instructions.md,aether/library/community/awesome-copilot/instructions/nodejs-javascript-vitest.instructions.md,quarantine-and-curate,aether-community-awesome-copilot,quarantined-instruction,,
.staging/.github/instructions/awesome-copilot/object-calisthenics.instructions.md,10659,aether,aether/.staging/community/awesome-copilot/instructions/object-calisthenics.instructions.md,aether/library/community/awesome-copilot/instructions/object-calisthenics.instructions.md,quarantine-and-curate,aether-community-awesome-copilot,quarantined-instruction,,
.staging/.github/instructions/awesome-copilot/oop-design-patterns.instructions.md,13689,aether,aether/.staging/community/awesome-copilot/instructions/oop-design-patterns.instructions.md,aether/library/community/awesome-copilot/instructions/oop-design-patterns.instructions.md,quarantine-and-curate,aether-community-awesome-copilot,quarantined-instruction,,
.staging/.github/instructions/awesome-copilot/oqtane.instructions.md,5230,aether,aether/.staging/community/awesome-copilot/instructions/oqtane.instructions.md,aether/library/community/awesome-copilot/instructions/oqtane.instructions.md,quarantine-and-curate,aether-community-awesome-copilot,quarantined-instruction,,
.staging/.github/instructions/awesome-copilot/pcf-alm.instructions.md,15981,aether,aether/.staging/community/awesome-copilot/instructions/pcf-alm.instructions.md,aether/library/community/awesome-copilot/instructions/pcf-alm.instructions.md,quarantine-and-curate,aether-community-awesome-copilot,quarantined-instruction,,
.staging/.github/instructions/awesome-copilot/pcf-api-reference.instructions.md,5289,aether,aether/.staging/community/awesome-copilot/instructions/pcf-api-reference.instructions.md,aether/library/community/awesome-copilot/instructions/pcf-api-reference.instructions.md,quarantine-and-curate,aether-community-awesome-copilot,quarantined-instruction,,
.staging/.github/instructions/awesome-copilot/pcf-best-practices.instructions.md,16049,aether,aether/.staging/community/awesome-copilot/instructions/pcf-best-practices.instructions.md,aether/library/community/awesome-copilot/instructions/pcf-best-practices.instructions.md,quarantine-and-curate,aether-community-awesome-copilot,quarantined-instruction,,
.staging/.github/instructions/awesome-copilot/pcf-canvas-apps.instructions.md,7375,aether,aether/.staging/community/awesome-copilot/instructions/pcf-canvas-apps.instructions.md,aether/library/community/awesome-copilot/instructions/pcf-canvas-apps.instructions.md,quarantine-and-curate,aether-community-awesome-copilot,quarantined-instruction,,
.staging/.github/instructions/awesome-copilot/pcf-code-components.instructions.md,5368,aether,aether/.staging/community/awesome-copilot/instructions/pcf-code-components.instructions.md,aether/library/community/awesome-copilot/instructions/pcf-code-components.instructions.md,quarantine-and-curate,aether-community-awesome-copilot,quarantined-instruction,,
.staging/.github/instructions/awesome-copilot/pcf-community-resources.instructions.md,6880,aether,aether/.staging/community/awesome-copilot/instructions/pcf-community-resources.instructions.md,aether/library/community/awesome-copilot/instructions/pcf-community-resources.instructions.md,quarantine-and-curate,aether-community-awesome-copilot,quarantined-instruction,,
.staging/.github/instructions/awesome-copilot/pcf-dependent-libraries.instructions.md,5861,aether,aether/.staging/community/awesome-copilot/instructions/pcf-dependent-libraries.instructions.md,aether/library/community/awesome-copilot/instructions/pcf-dependent-libraries.instructions.md,quarantine-and-curate,aether-community-awesome-copilot,quarantined-instruction,,
.staging/.github/instructions/awesome-copilot/pcf-events.instructions.md,4916,aether,aether/.staging/community/awesome-copilot/instructions/pcf-events.instructions.md,aether/library/community/awesome-copilot/instructions/pcf-events.instructions.md,quarantine-and-curate,aether-community-awesome-copilot,quarantined-instruction,,
.staging/.github/instructions/awesome-copilot/pcf-fluent-modern-theming.instructions.md,5280,aether,aether/.staging/community/awesome-copilot/instructions/pcf-fluent-modern-theming.instructions.md,aether/library/community/awesome-copilot/instructions/pcf-fluent-modern-theming.instructions.md,quarantine-and-curate,aether-community-awesome-copilot,quarantined-instruction,,
.staging/.github/instructions/awesome-copilot/pcf-limitations.instructions.md,2223,aether,aether/.staging/community/awesome-copilot/instructions/pcf-limitations.instructions.md,aether/library/community/awesome-copilot/instructions/pcf-limitations.instructions.md,quarantine-and-curate,aether-community-awesome-copilot,quarantined-instruction,,
.staging/.github/instructions/awesome-copilot/pcf-manifest-schema.instructions.md,8257,aether,aether/.staging/community/awesome-copilot/instructions/pcf-manifest-schema.instructions.md,aether/library/community/awesome-copilot/instructions/pcf-manifest-schema.instructions.md,quarantine-and-curate,aether-community-awesome-copilot,quarantined-instruction,,
.staging/.github/instructions/awesome-copilot/pcf-model-driven-apps.instructions.md,2828,aether,aether/.staging/community/awesome-copilot/instructions/pcf-model-driven-apps.instructions.md,aether/library/community/awesome-copilot/instructions/pcf-model-driven-apps.instructions.md,quarantine-and-curate,aether-community-awesome-copilot,quarantined-instruction,,
.staging/.github/instructions/awesome-copilot/pcf-overview.instructions.md,3894,aether,aether/.staging/community/awesome-copilot/instructions/pcf-overview.instructions.md,aether/library/community/awesome-copilot/instructions/pcf-overview.instructions.md,quarantine-and-curate,aether-community-awesome-copilot,quarantined-instruction,,
.staging/.github/instructions/awesome-copilot/pcf-power-pages.instructions.md,7186,aether,aether/.staging/community/awesome-copilot/instructions/pcf-power-pages.instructions.md,aether/library/community/awesome-copilot/instructions/pcf-power-pages.instructions.md,quarantine-and-curate,aether-community-awesome-copilot,quarantined-instruction,,
.staging/.github/instructions/awesome-copilot/pcf-react-platform-libraries.instructions.md,7033,aether,aether/.staging/community/awesome-copilot/instructions/pcf-react-platform-libraries.instructions.md,aether/library/community/awesome-copilot/instructions/pcf-react-platform-libraries.instructions.md,quarantine-and-curate,aether-community-awesome-copilot,quarantined-instruction,,
.staging/.github/instructions/awesome-copilot/pcf-sample-components.instructions.md,6045,aether,aether/.staging/community/awesome-copilot/instructions/pcf-sample-components.instructions.md,aether/library/community/awesome-copilot/instructions/pcf-sample-components.instructions.md,quarantine-and-curate,aether-community-awesome-copilot,quarantined-instruction,,
.staging/.github/instructions/awesome-copilot/pcf-tooling.instructions.md,1189,aether,aether/.staging/community/awesome-copilot/instructions/pcf-tooling.instructions.md,aether/library/community/awesome-copilot/instructions/pcf-tooling.instructions.md,quarantine-and-curate,aether-community-awesome-copilot,quarantined-instruction,,
.staging/.github/instructions/awesome-copilot/performance-optimization.instructions.md,27249,aether,aether/.staging/community/awesome-copilot/instructions/performance-optimization.instructions.md,aether/library/community/awesome-copilot/instructions/performance-optimization.instructions.md,quarantine-and-curate,aether-community-awesome-copilot,quarantined-instruction,,
.staging/.github/instructions/awesome-copilot/php-mcp-server.instructions.md,17341,aether,aether/.staging/community/awesome-copilot/instructions/php-mcp-server.instructions.md,aether/library/community/awesome-copilot/instructions/php-mcp-server.instructions.md,quarantine-and-curate,aether-community-awesome-copilot,quarantined-instruction,,
.staging/.github/instructions/awesome-copilot/php-symfony.instructions.md,4615,aether,aether/.staging/community/awesome-copilot/instructions/php-symfony.instructions.md,aether/library/community/awesome-copilot/instructions/php-symfony.instructions.md,quarantine-and-curate,aether-community-awesome-copilot,quarantined-instruction,,
.staging/.github/instructions/awesome-copilot/playwright-dotnet.instructions.md,5001,aether,aether/.staging/community/awesome-copilot/instructions/playwright-dotnet.instructions.md,aether/library/community/awesome-copilot/instructions/playwright-dotnet.instructions.md,quarantine-and-curate,aether-community-awesome-copilot,quarantined-instruction,,
.staging/.github/instructions/awesome-copilot/playwright-python.instructions.md,3061,aether,aether/.staging/community/awesome-copilot/instructions/playwright-python.instructions.md,aether/library/community/awesome-copilot/instructions/playwright-python.instructions.md,quarantine-and-curate,aether-community-awesome-copilot,quarantined-instruction,,
.staging/.github/instructions/awesome-copilot/playwright-typescript.instructions.md,4068,aether,aether/.staging/community/awesome-copilot/instructions/playwright-typescript.instructions.md,aether/library/community/awesome-copilot/instructions/playwright-typescript.instructions.md,quarantine-and-curate,aether-community-awesome-copilot,quarantined-instruction,,
.staging/.github/instructions/awesome-copilot/power-apps-canvas-yaml.instructions.md,22019,aether,aether/.staging/community/awesome-copilot/instructions/power-apps-canvas-yaml.instructions.md,aether/library/community/awesome-copilot/instructions/power-apps-canvas-yaml.instructions.md,quarantine-and-curate,aether-community-awesome-copilot,quarantined-instruction,,
.staging/.github/instructions/awesome-copilot/power-apps-code-apps.instructions.md,21868,aether,aether/.staging/community/awesome-copilot/instructions/power-apps-code-apps.instructions.md,aether/library/community/awesome-copilot/instructions/power-apps-code-apps.instructions.md,quarantine-and-curate,aether-community-awesome-copilot,quarantined-instruction,,
.staging/.github/instructions/awesome-copilot/power-bi-custom-visuals-development.instructions.md,24694,aether,aether/.staging/community/awesome-copilot/instructions/power-bi-custom-visuals-development.instructions.md,aether/library/community/awesome-copilot/instructions/power-bi-custom-visuals-development.instructions.md,quarantine-and-curate,aether-community-awesome-copilot,quarantined-instruction,,
.staging/.github/instructions/awesome-copilot/power-bi-data-modeling-best-practices.instructions.md,20067,aether,aether/.staging/community/awesome-copilot/instructions/power-bi-data-modeling-best-practices.instructions.md,aether/library/community/awesome-copilot/instructions/power-bi-data-modeling-best-practices.instructions.md,quarantine-and-curate,aether-community-awesome-copilot,quarantined-instruction,,
.staging/.github/instructions/awesome-copilot/power-bi-dax-best-practices.instructions.md,19963,aether,aether/.staging/community/awesome-copilot/instructions/power-bi-dax-best-practices.instructions.md,aether/library/community/awesome-copilot/instructions/power-bi-dax-best-practices.instructions.md,quarantine-and-curate,aether-community-awesome-copilot,quarantined-instruction,,
.staging/.github/instructions/awesome-copilot/power-bi-devops-alm-best-practices.instructions.md,19507,aether,aether/.staging/community/awesome-copilot/instructions/power-bi-devops-alm-best-practices.instructions.md,aether/library/community/awesome-copilot/instructions/power-bi-devops-alm-best-practices.instructions.md,quarantine-and-curate,aether-community-awesome-copilot,quarantined-instruction,,
.staging/.github/instructions/awesome-copilot/power-bi-report-design-best-practices.instructions.md,22557,aether,aether/.staging/community/awesome-copilot/instructions/power-bi-report-design-best-practices.instructions.md,aether/library/community/awesome-copilot/instructions/power-bi-report-design-best-practices.instructions.md,quarantine-and-curate,aether-community-awesome-copilot,quarantined-instruction,,
.staging/.github/instructions/awesome-copilot/power-bi-security-rls-best-practices.instructions.md,13546,aether,aether/.staging/community/awesome-copilot/instructions/power-bi-security-rls-best-practices.instructions.md,aether/library/community/awesome-copilot/instructions/power-bi-security-rls-best-practices.instructions.md,quarantine-and-curate,aether-community-awesome-copilot,quarantined-instruction,,
.staging/.github/instructions/awesome-copilot/power-platform-connector.instructions.md,19394,aether,aether/.staging/community/awesome-copilot/instructions/power-platform-connector.instructions.md,aether/library/community/awesome-copilot/instructions/power-platform-connector.instructions.md,quarantine-and-curate,aether-community-awesome-copilot,quarantined-instruction,,
.staging/.github/instructions/awesome-copilot/power-platform-mcp-development.instructions.md,4515,aether,aether/.staging/community/awesome-copilot/instructions/power-platform-mcp-development.instructions.md,aether/library/community/awesome-copilot/instructions/power-platform-mcp-development.instructions.md,quarantine-and-curate,aether-community-awesome-copilot,quarantined-instruction,,
.staging/.github/instructions/awesome-copilot/powershell-pester-5.instructions.md,7279,aether,aether/.staging/community/awesome-copilot/instructions/powershell-pester-5.instructions.md,aether/library/community/awesome-copilot/instructions/powershell-pester-5.instructions.md,quarantine-and-curate,aether-community-awesome-copilot,quarantined-instruction,,
.staging/.github/instructions/awesome-copilot/powershell.instructions.md,11336,aether,aether/.staging/community/awesome-copilot/instructions/powershell.instructions.md,aether/library/community/awesome-copilot/instructions/powershell.instructions.md,quarantine-and-curate,aether-community-awesome-copilot,quarantined-instruction,,
.staging/.github/instructions/awesome-copilot/prompt.instructions.md,6116,aether,aether/.staging/community/awesome-copilot/instructions/prompt.instructions.md,aether/library/community/awesome-copilot/instructions/prompt.instructions.md,quarantine-and-curate,aether-community-awesome-copilot,quarantined-instruction,,
.staging/.github/instructions/awesome-copilot/python-mcp-server.instructions.md,6638,aether,aether/.staging/community/awesome-copilot/instructions/python-mcp-server.instructions.md,aether/library/community/awesome-copilot/instructions/python-mcp-server.instructions.md,quarantine-and-curate,aether-community-awesome-copilot,quarantined-instruction,,
.staging/.github/instructions/awesome-copilot/qa-engineering-best-practices.instructions.md,7700,aether,aether/.staging/community/awesome-copilot/instructions/qa-engineering-best-practices.instructions.md,aether/library/community/awesome-copilot/instructions/qa-engineering-best-practices.instructions.md,quarantine-and-curate,aether-community-awesome-copilot,quarantined-instruction,,
.staging/.github/instructions/awesome-copilot/quarkus-mcp-server-sse.instructions.md,1495,aether,aether/.staging/community/awesome-copilot/instructions/quarkus-mcp-server-sse.instructions.md,aether/library/community/awesome-copilot/instructions/quarkus-mcp-server-sse.instructions.md,quarantine-and-curate,aether-community-awesome-copilot,quarantined-instruction,,
.staging/.github/instructions/awesome-copilot/quarkus.instructions.md,3987,aether,aether/.staging/community/awesome-copilot/instructions/quarkus.instructions.md,aether/library/community/awesome-copilot/instructions/quarkus.instructions.md,quarantine-and-curate,aether-community-awesome-copilot,quarantined-instruction,,
.staging/.github/instructions/awesome-copilot/r.instructions.md,6400,aether,aether/.staging/community/awesome-copilot/instructions/r.instructions.md,aether/library/community/awesome-copilot/instructions/r.instructions.md,quarantine-and-curate,aether-community-awesome-copilot,quarantined-instruction,,
.staging/.github/instructions/awesome-copilot/ruby-mcp-server.instructions.md,13731,aether,aether/.staging/community/awesome-copilot/instructions/ruby-mcp-server.instructions.md,aether/library/community/awesome-copilot/instructions/ruby-mcp-server.instructions.md,quarantine-and-curate,aether-community-awesome-copilot,quarantined-instruction,,
.staging/.github/instructions/awesome-copilot/ruby-on-rails.instructions.md,8863,aether,aether/.staging/community/awesome-copilot/instructions/ruby-on-rails.instructions.md,aether/library/community/awesome-copilot/instructions/ruby-on-rails.instructions.md,quarantine-and-curate,aether-community-awesome-copilot,quarantined-instruction,,
.staging/.github/instructions/awesome-copilot/rust-mcp-server.instructions.md,16372,aether,aether/.staging/community/awesome-copilot/instructions/rust-mcp-server.instructions.md,aether/library/community/awesome-copilot/instructions/rust-mcp-server.instructions.md,quarantine-and-curate,aether-community-awesome-copilot,quarantined-instruction,,
.staging/.github/instructions/awesome-copilot/rust.instructions.md,7362,aether,aether/.staging/community/awesome-copilot/instructions/rust.instructions.md,aether/library/community/awesome-copilot/instructions/rust.instructions.md,quarantine-and-curate,aether-community-awesome-copilot,quarantined-instruction,,
.staging/.github/instructions/awesome-copilot/scala-spark.instructions.md,16313,aether,aether/.staging/community/awesome-copilot/instructions/scala-spark.instructions.md,aether/library/community/awesome-copilot/instructions/scala-spark.instructions.md,quarantine-and-curate,aether-community-awesome-copilot,quarantined-instruction,,
.staging/.github/instructions/awesome-copilot/scala2.instructions.md,18585,aether,aether/.staging/community/awesome-copilot/instructions/scala2.instructions.md,aether/library/community/awesome-copilot/instructions/scala2.instructions.md,quarantine-and-curate,aether-community-awesome-copilot,quarantined-instruction,,
.staging/.github/instructions/awesome-copilot/security-and-owasp.instructions.md,30368,aether,aether/.staging/community/awesome-copilot/instructions/security-and-owasp.instructions.md,aether/library/community/awesome-copilot/instructions/security-and-owasp.instructions.md,quarantine-and-curate,aether-community-awesome-copilot,quarantined-instruction,,
.staging/.github/instructions/awesome-copilot/self-explanatory-code-commenting.instructions.md,4898,aether,aether/.staging/community/awesome-copilot/instructions/self-explanatory-code-commenting.instructions.md,aether/library/community/awesome-copilot/instructions/self-explanatory-code-commenting.instructions.md,quarantine-and-curate,aether-community-awesome-copilot,quarantined-instruction,,
.staging/.github/instructions/awesome-copilot/shell.instructions.md,4788,aether,aether/.staging/community/awesome-copilot/instructions/shell.instructions.md,aether/library/community/awesome-copilot/instructions/shell.instructions.md,quarantine-and-curate,aether-community-awesome-copilot,quarantined-instruction,,
.staging/.github/instructions/awesome-copilot/spec-driven-workflow-v1.instructions.md,12179,aether,aether/.staging/community/awesome-copilot/instructions/spec-driven-workflow-v1.instructions.md,aether/library/community/awesome-copilot/instructions/spec-driven-workflow-v1.instructions.md,quarantine-and-curate,aether-community-awesome-copilot,quarantined-instruction,,
.staging/.github/instructions/awesome-copilot/springboot-4-migration.instructions.md,48246,aether,aether/.staging/community/awesome-copilot/instructions/springboot-4-migration.instructions.md,aether/library/community/awesome-copilot/instructions/springboot-4-migration.instructions.md,quarantine-and-curate,aether-community-awesome-copilot,quarantined-instruction,,
.staging/.github/instructions/awesome-copilot/springboot.instructions.md,3228,aether,aether/.staging/community/awesome-copilot/instructions/springboot.instructions.md,aether/library/community/awesome-copilot/instructions/springboot.instructions.md,quarantine-and-curate,aether-community-awesome-copilot,quarantined-instruction,,
.staging/.github/instructions/awesome-copilot/sql-sp-generation.instructions.md,3133,aether,aether/.staging/community/awesome-copilot/instructions/sql-sp-generation.instructions.md,aether/library/community/awesome-copilot/instructions/sql-sp-generation.instructions.md,quarantine-and-curate,aether-community-awesome-copilot,quarantined-instruction,,
.staging/.github/instructions/awesome-copilot/svelte.instructions.md,9605,aether,aether/.staging/community/awesome-copilot/instructions/svelte.instructions.md,aether/library/community/awesome-copilot/instructions/svelte.instructions.md,quarantine-and-curate,aether-community-awesome-copilot,quarantined-instruction,,
.staging/.github/instructions/awesome-copilot/swift-mcp-server.instructions.md,11757,aether,aether/.staging/community/awesome-copilot/instructions/swift-mcp-server.instructions.md,aether/library/community/awesome-copilot/instructions/swift-mcp-server.instructions.md,quarantine-and-curate,aether-community-awesome-copilot,quarantined-instruction,,
.staging/.github/instructions/awesome-copilot/tailwind-v4-vite.instructions.md,5776,aether,aether/.staging/community/awesome-copilot/instructions/tailwind-v4-vite.instructions.md,aether/library/community/awesome-copilot/instructions/tailwind-v4-vite.instructions.md,quarantine-and-curate,aether-community-awesome-copilot,quarantined-instruction,,
.staging/.github/instructions/awesome-copilot/taming-copilot.instructions.md,4988,aether,aether/.staging/community/awesome-copilot/instructions/taming-copilot.instructions.md,aether/library/community/awesome-copilot/instructions/taming-copilot.instructions.md,quarantine-and-curate,aether-community-awesome-copilot,quarantined-instruction,,
.staging/.github/instructions/awesome-copilot/tanstack-start-shadcn-tailwind.instructions.md,5060,aether,aether/.staging/community/awesome-copilot/instructions/tanstack-start-shadcn-tailwind.instructions.md,aether/library/community/awesome-copilot/instructions/tanstack-start-shadcn-tailwind.instructions.md,quarantine-and-curate,aether-community-awesome-copilot,quarantined-instruction,,
.staging/.github/instructions/awesome-copilot/task-implementation.instructions.md,8326,aether,aether/.staging/community/awesome-copilot/instructions/task-implementation.instructions.md,aether/library/community/awesome-copilot/instructions/task-implementation.instructions.md,quarantine-and-curate,aether-community-awesome-copilot,quarantined-instruction,,
.staging/.github/instructions/awesome-copilot/tasksync.instructions.md,29065,aether,aether/.staging/community/awesome-copilot/instructions/tasksync.instructions.md,aether/library/community/awesome-copilot/instructions/tasksync.instructions.md,quarantine-and-curate,aether-community-awesome-copilot,quarantined-instruction,,
.staging/.github/instructions/awesome-copilot/terraform-azure.instructions.md,13376,aether,aether/.staging/community/awesome-copilot/instructions/terraform-azure.instructions.md,aether/library/community/awesome-copilot/instructions/terraform-azure.instructions.md,quarantine-and-curate,aether-community-awesome-copilot,quarantined-instruction,,
.staging/.github/instructions/awesome-copilot/terraform-sap-btp.instructions.md,8546,aether,aether/.staging/community/awesome-copilot/instructions/terraform-sap-btp.instructions.md,aether/library/community/awesome-copilot/instructions/terraform-sap-btp.instructions.md,quarantine-and-curate,aether-community-awesome-copilot,quarantined-instruction,,
.staging/.github/instructions/awesome-copilot/terraform.instructions.md,7030,aether,aether/.staging/community/awesome-copilot/instructions/terraform.instructions.md,aether/library/community/awesome-copilot/instructions/terraform.instructions.md,quarantine-and-curate,aether-community-awesome-copilot,quarantined-instruction,,
.staging/.github/instructions/awesome-copilot/typescript-mcp-server.instructions.md,7992,aether,aether/.staging/community/awesome-copilot/instructions/typescript-mcp-server.instructions.md,aether/library/community/awesome-copilot/instructions/typescript-mcp-server.instructions.md,quarantine-and-curate,aether-community-awesome-copilot,quarantined-instruction,,
.staging/.github/instructions/awesome-copilot/typespec-m365-copilot.instructions.md,11375,aether,aether/.staging/community/awesome-copilot/instructions/typespec-m365-copilot.instructions.md,aether/library/community/awesome-copilot/instructions/typespec-m365-copilot.instructions.md,quarantine-and-curate,aether-community-awesome-copilot,quarantined-instruction,,
.staging/.github/instructions/awesome-copilot/update-code-from-shorthand.instructions.md,4604,aether,aether/.staging/community/awesome-copilot/instructions/update-code-from-shorthand.instructions.md,aether/library/community/awesome-copilot/instructions/update-code-from-shorthand.instructions.md,quarantine-and-curate,aether-community-awesome-copilot,quarantined-instruction,,
.staging/.github/instructions/awesome-copilot/update-docs-on-code-change.instructions.md,18268,aether,aether/.staging/community/awesome-copilot/instructions/update-docs-on-code-change.instructions.md,aether/library/community/awesome-copilot/instructions/update-docs-on-code-change.instructions.md,quarantine-and-curate,aether-community-awesome-copilot,quarantined-instruction,,
.staging/.github/instructions/awesome-copilot/use-cliche-data-in-docs.instructions.md,7929,aether,aether/.staging/community/awesome-copilot/instructions/use-cliche-data-in-docs.instructions.md,aether/library/community/awesome-copilot/instructions/use-cliche-data-in-docs.instructions.md,quarantine-and-curate,aether-community-awesome-copilot,quarantined-instruction,,
.staging/.github/instructions/awesome-copilot/vsixtoolkit.instructions.md,21812,aether,aether/.staging/community/awesome-copilot/instructions/vsixtoolkit.instructions.md,aether/library/community/awesome-copilot/instructions/vsixtoolkit.instructions.md,quarantine-and-curate,aether-community-awesome-copilot,quarantined-instruction,,
.staging/.github/instructions/awesome-copilot/vue.instructions.md,12592,aether,aether/.staging/community/awesome-copilot/instructions/vue.instructions.md,aether/library/community/awesome-copilot/instructions/vue.instructions.md,quarantine-and-curate,aether-community-awesome-copilot,quarantined-instruction,,
.staging/.github/instructions/awesome-copilot/winui3.instructions.md,10248,aether,aether/.staging/community/awesome-copilot/instructions/winui3.instructions.md,aether/library/community/awesome-copilot/instructions/winui3.instructions.md,quarantine-and-curate,aether-community-awesome-copilot,quarantined-instruction,,
.staging/.github/instructions/awesome-copilot/wordpress.instructions.md,7143,aether,aether/.staging/community/awesome-copilot/instructions/wordpress.instructions.md,aether/library/community/awesome-copilot/instructions/wordpress.instructions.md,quarantine-and-curate,aether-community-awesome-copilot,quarantined-instruction,,
.staging/.github/scripts/add-missing-contributors.mjs,10076,awesome,awesome/.staging/tools/catalog/add-missing-contributors.mjs,awesome/tools/catalog/add-missing-contributors.mjs,preserve-for-product-review,awesome-script-add-missing-contributors,quarantined-executable,,
.staging/.github/scripts/contributor-report.mjs,16751,awesome,awesome/.staging/tools/catalog/contributor-report.mjs,awesome/tools/catalog/contributor-report.mjs,preserve-for-product-review,awesome-script-contributor-report,quarantined-executable,,
.staging/.github/scripts/create-skill.mjs,5559,aether,aether/.staging/tools/create-skill.mjs,aether/tools/create-skill.mjs,repair-and-promote,aether-script-create-skill,quarantined-executable,,
.staging/.github/scripts/delete-gone-branches.sh,1528,mantle,mantle/.staging/bin/git-delete-gone-branches,mantle/bin/git-delete-gone-branches,refactor-cli,mantle-script-delete-gone-branches,quarantined-executable,,executable
.staging/.github/scripts/fix-line-endings.sh,283,egolint,egolint/.staging/scripts/fix-line-endings.sh,egolint/scripts/fix-line-endings.sh,merge-with-format-policy,egolint-script-fix-line-endings,quarantined-executable,,executable
.staging/.github/scripts/generate-open-pr-report.mjs,7706,awesome,awesome/.staging/tools/catalog/generate-open-pr-report.mjs,awesome/tools/catalog/generate-open-pr-report.mjs,preserve-for-product-review,awesome-script-generate-open-pr-report,quarantined-executable,,executable
.staging/.github/scripts/pr-risk-scan.mjs,10932,relay,relay/.staging/actions/pr-risk-scan/pr-risk-scan.mjs,relay/actions/pr-risk-scan/pr-risk-scan.mjs,extract-composite-action,relay-script-pr-risk-scan,quarantined-executable,,
.staging/.github/scripts/update-readme.mjs,35068,awesome,awesome/.staging/tools/catalog/update-readme.mjs,awesome/tools/catalog/update-readme.mjs,preserve-for-product-review,awesome-script-update-readme,quarantined-executable,,
.staging/.github/scripts/utils/git-dates.mjs,2798,awesome,awesome/.staging/tools/catalog/utils/git-dates.mjs,awesome/tools/catalog/utils/git-dates.mjs,preserve-for-product-review,awesome-script-git-dates,quarantined-executable,,
.staging/.github/scripts/utils/graceful-shutdown.mjs,2226,awesome,awesome/.staging/tools/catalog/utils/graceful-shutdown.mjs,awesome/tools/catalog/utils/graceful-shutdown.mjs,preserve-for-product-review,awesome-script-graceful-shutdown,quarantined-executable,,
.staging/.github/scripts/validate-skills.mjs,4825,aether,aether/.staging/tools/validate-skills.mjs,aether/tools/validate-skills.mjs,repair-and-promote,aether-script-validate-skills,quarantined-executable,,
.staging/.github/scripts/yaml-parser.mjs,9866,awesome,awesome/.staging/tools/catalog/yaml-parser.mjs,awesome/tools/catalog/yaml-parser.mjs,preserve-for-product-review,awesome-script-yaml-parser,quarantined-executable,,
.staging/.github/skills/acquire-codebase-knowledge/SKILL.md,9124,aether,aether/.staging/community/awesome-copilot/skills/acquire-codebase-knowledge/SKILL.md,aether/library/community/awesome-copilot/skills/acquire-codebase-knowledge/SKILL.md,quarantine-and-curate,aether-community-awesome-copilot,quarantined-instruction,,
.staging/.github/skills/acquire-codebase-knowledge/assets/templates/ARCHITECTURE.md,1207,aether,aether/.staging/community/awesome-copilot/skills/acquire-codebase-knowledge/assets/templates/ARCHITECTURE.md,aether/library/community/awesome-copilot/skills/acquire-codebase-knowledge/assets/templates/ARCHITECTURE.md,quarantine-and-curate,aether-community-awesome-copilot,quarantined-instruction,,
.staging/.github/skills/acquire-codebase-knowledge/assets/templates/CONCERNS.md,1711,aether,aether/.staging/community/awesome-copilot/skills/acquire-codebase-knowledge/assets/templates/CONCERNS.md,aether/library/community/awesome-copilot/skills/acquire-codebase-knowledge/assets/templates/CONCERNS.md,quarantine-and-curate,aether-community-awesome-copilot,quarantined-instruction,,
.staging/.github/skills/acquire-codebase-knowledge/assets/templates/CONVENTIONS.md,1354,aether,aether/.staging/community/awesome-copilot/skills/acquire-codebase-knowledge/assets/templates/CONVENTIONS.md,aether/library/community/awesome-copilot/skills/acquire-codebase-knowledge/assets/templates/CONVENTIONS.md,quarantine-and-curate,aether-community-awesome-copilot,quarantined-instruction,,
.staging/.github/skills/acquire-codebase-knowledge/assets/templates/INTEGRATIONS.md,1332,aether,aether/.staging/community/awesome-copilot/skills/acquire-codebase-knowledge/assets/templates/INTEGRATIONS.md,aether/library/community/awesome-copilot/skills/acquire-codebase-knowledge/assets/templates/INTEGRATIONS.md,quarantine-and-curate,aether-community-awesome-copilot,quarantined-instruction,,
.staging/.github/skills/acquire-codebase-knowledge/assets/templates/STACK.md,1324,aether,aether/.staging/community/awesome-copilot/skills/acquire-codebase-knowledge/assets/templates/STACK.md,aether/library/community/awesome-copilot/skills/acquire-codebase-knowledge/assets/templates/STACK.md,quarantine-and-curate,aether-community-awesome-copilot,quarantined-instruction,,
.staging/.github/skills/acquire-codebase-knowledge/assets/templates/STRUCTURE.md,1114,aether,aether/.staging/community/awesome-copilot/skills/acquire-codebase-knowledge/assets/templates/STRUCTURE.md,aether/library/community/awesome-copilot/skills/acquire-codebase-knowledge/assets/templates/STRUCTURE.md,quarantine-and-curate,aether-community-awesome-copilot,quarantined-instruction,,
.staging/.github/skills/acquire-codebase-knowledge/assets/templates/TESTING.md,1369,aether,aether/.staging/community/awesome-copilot/skills/acquire-codebase-knowledge/assets/templates/TESTING.md,aether/library/community/awesome-copilot/skills/acquire-codebase-knowledge/assets/templates/TESTING.md,quarantine-and-curate,aether-community-awesome-copilot,quarantined-instruction,,
.staging/.github/skills/acquire-codebase-knowledge/references/inquiry-checkpoints.md,4161,aether,aether/.staging/community/awesome-copilot/skills/acquire-codebase-knowledge/references/inquiry-checkpoints.md,aether/library/community/awesome-copilot/skills/acquire-codebase-knowledge/references/inquiry-checkpoints.md,quarantine-and-curate,aether-community-awesome-copilot,quarantined-instruction,,
.staging/.github/skills/acquire-codebase-knowledge/references/stack-detection.md,5653,aether,aether/.staging/community/awesome-copilot/skills/acquire-codebase-knowledge/references/stack-detection.md,aether/library/community/awesome-copilot/skills/acquire-codebase-knowledge/references/stack-detection.md,quarantine-and-curate,aether-community-awesome-copilot,quarantined-instruction,,
.staging/.github/skills/acquire-codebase-knowledge/scripts/scan.py,23720,aether,aether/.staging/community/awesome-copilot/skills/acquire-codebase-knowledge/scripts/scan.py,aether/library/community/awesome-copilot/skills/acquire-codebase-knowledge/scripts/scan.py,quarantine-and-curate,aether-community-awesome-copilot,quarantined-executable,,
.staging/.github/skills/acreadiness-assess/SKILL.md,3371,aether,aether/.staging/community/awesome-copilot/skills/acreadiness-assess/SKILL.md,aether/library/community/awesome-copilot/skills/acreadiness-assess/SKILL.md,quarantine-and-curate,aether-community-awesome-copilot,quarantined-instruction,,
.staging/.github/skills/acreadiness-assess/report-template.html,11839,aether,aether/.staging/community/awesome-copilot/skills/acreadiness-assess/report-template.html,aether/library/community/awesome-copilot/skills/acreadiness-assess/report-template.html,quarantine-and-curate,aether-community-awesome-copilot,quarantined-instruction,,
.staging/.github/skills/acreadiness-generate-instructions/SKILL.md,8450,aether,aether/.staging/community/awesome-copilot/skills/acreadiness-generate-instructions/SKILL.md,aether/library/community/awesome-copilot/skills/acreadiness-generate-instructions/SKILL.md,quarantine-and-curate,aether-community-awesome-copilot,quarantined-instruction,,
.staging/.github/skills/acreadiness-policy/SKILL.md,3788,aether,aether/.staging/community/awesome-copilot/skills/acreadiness-policy/SKILL.md,aether/library/community/awesome-copilot/skills/acreadiness-policy/SKILL.md,quarantine-and-curate,aether-community-awesome-copilot,quarantined-instruction,,
.staging/.github/skills/add-educational-comments/SKILL.md,6235,aether,aether/.staging/community/awesome-copilot/skills/add-educational-comments/SKILL.md,aether/library/community/awesome-copilot/skills/add-educational-comments/SKILL.md,quarantine-and-curate,aether-community-awesome-copilot,quarantined-instruction,,
.staging/.github/skills/adobe-illustrator-scripting/SKILL.md,35264,aether,aether/.staging/community/awesome-copilot/skills/adobe-illustrator-scripting/SKILL.md,aether/library/community/awesome-copilot/skills/adobe-illustrator-scripting/SKILL.md,quarantine-and-curate,aether-community-awesome-copilot,quarantined-instruction,,
.staging/.github/skills/adobe-illustrator-scripting/references/object-model-quick-reference.md,5013,aether,aether/.staging/community/awesome-copilot/skills/adobe-illustrator-scripting/references/object-model-quick-reference.md,aether/library/community/awesome-copilot/skills/adobe-illustrator-scripting/references/object-model-quick-reference.md,quarantine-and-curate,aether-community-awesome-copilot,quarantined-instruction,,
.staging/.github/skills/adobe-illustrator-scripting/scripts/batch-export-png.jsx,1339,aether,aether/.staging/community/awesome-copilot/skills/adobe-illustrator-scripting/scripts/batch-export-png.jsx,aether/library/community/awesome-copilot/skills/adobe-illustrator-scripting/scripts/batch-export-png.jsx,quarantine-and-curate,aether-community-awesome-copilot,quarantined-executable,,
.staging/.github/skills/adobe-illustrator-scripting/scripts/create-color-grid.jsx,1146,aether,aether/.staging/community/awesome-copilot/skills/adobe-illustrator-scripting/scripts/create-color-grid.jsx,aether/library/community/awesome-copilot/skills/adobe-illustrator-scripting/scripts/create-color-grid.jsx,quarantine-and-curate,aether-community-awesome-copilot,quarantined-executable,,
.staging/.github/skills/adobe-illustrator-scripting/scripts/find-replace-text.jsx,893,aether,aether/.staging/community/awesome-copilot/skills/adobe-illustrator-scripting/scripts/find-replace-text.jsx,aether/library/community/awesome-copilot/skills/adobe-illustrator-scripting/scripts/find-replace-text.jsx,quarantine-and-curate,aether-community-awesome-copilot,quarantined-executable,,
.staging/.github/skills/agent-governance/SKILL.md,18543,aether,aether/.staging/community/awesome-copilot/skills/agent-governance/SKILL.md,aether/library/community/awesome-copilot/skills/agent-governance/SKILL.md,quarantine-and-curate,aether-community-awesome-copilot,quarantined-instruction,,
.staging/.github/skills/agent-owasp-compliance/SKILL.md,11894,aether,aether/.staging/community/awesome-copilot/skills/agent-owasp-compliance/SKILL.md,aether/library/community/awesome-copilot/skills/agent-owasp-compliance/SKILL.md,quarantine-and-curate,aether-community-awesome-copilot,quarantined-instruction,,
.staging/.github/skills/agent-supply-chain/SKILL.md,10732,aether,aether/.staging/community/awesome-copilot/skills/agent-supply-chain/SKILL.md,aether/library/community/awesome-copilot/skills/agent-supply-chain/SKILL.md,quarantine-and-curate,aether-community-awesome-copilot,quarantined-instruction,,
.staging/.github/skills/agentic-eval/SKILL.md,5940,aether,aether/.staging/community/awesome-copilot/skills/agentic-eval/SKILL.md,aether/library/community/awesome-copilot/skills/agentic-eval/SKILL.md,quarantine-and-curate,aether-community-awesome-copilot,quarantined-instruction,,
.staging/.github/skills/ai-prompt-engineering-safety-review/SKILL.md,10167,aether,aether/.staging/community/awesome-copilot/skills/ai-prompt-engineering-safety-review/SKILL.md,aether/library/community/awesome-copilot/skills/ai-prompt-engineering-safety-review/SKILL.md,quarantine-and-curate,aether-community-awesome-copilot,quarantined-instruction,,
.staging/.github/skills/ai-ready/SKILL.md,1457,aether,aether/.staging/community/awesome-copilot/skills/ai-ready/SKILL.md,aether/library/community/awesome-copilot/skills/ai-ready/SKILL.md,quarantine-and-curate,aether-community-awesome-copilot,quarantined-instruction,,
.staging/.github/skills/ai-team-orchestration/SKILL.md,6075,aether,aether/.staging/community/awesome-copilot/skills/ai-team-orchestration/SKILL.md,aether/library/community/awesome-copilot/skills/ai-team-orchestration/SKILL.md,quarantine-and-curate,aether-community-awesome-copilot,quarantined-instruction,,
.staging/.github/skills/ai-team-orchestration/references/anti-patterns.md,3755,aether,aether/.staging/community/awesome-copilot/skills/ai-team-orchestration/references/anti-patterns.md,aether/library/community/awesome-copilot/skills/ai-team-orchestration/references/anti-patterns.md,quarantine-and-curate,aether-community-awesome-copilot,quarantined-instruction,,
.staging/.github/skills/ai-team-orchestration/references/brainstorm-format.md,3425,aether,aether/.staging/community/awesome-copilot/skills/ai-team-orchestration/references/brainstorm-format.md,aether/library/community/awesome-copilot/skills/ai-team-orchestration/references/brainstorm-format.md,quarantine-and-curate,aether-community-awesome-copilot,quarantined-instruction,,
.staging/.github/skills/ai-team-orchestration/references/project-brief-template.md,5346,aether,aether/.staging/community/awesome-copilot/skills/ai-team-orchestration/references/project-brief-template.md,aether/library/community/awesome-copilot/skills/ai-team-orchestration/references/project-brief-template.md,quarantine-and-curate,aether-community-awesome-copilot,quarantined-instruction,,
.staging/.github/skills/ai-team-orchestration/references/sprint-plan-template.md,2915,aether,aether/.staging/community/awesome-copilot/skills/ai-team-orchestration/references/sprint-plan-template.md,aether/library/community/awesome-copilot/skills/ai-team-orchestration/references/sprint-plan-template.md,quarantine-and-curate,aether-community-awesome-copilot,quarantined-instruction,,
.staging/.github/skills/appinsights-instrumentation/LICENSE.txt,1078,aether,aether/.staging/community/awesome-copilot/skills/appinsights-instrumentation/LICENSE.txt,aether/library/community/awesome-copilot/skills/appinsights-instrumentation/LICENSE.txt,quarantine-and-curate,aether-community-awesome-copilot,quarantined-instruction,.staging/.github/skills/azure-role-selector/LICENSE.txt,
.staging/.github/skills/appinsights-instrumentation/SKILL.md,2462,aether,aether/.staging/community/awesome-copilot/skills/appinsights-instrumentation/SKILL.md,aether/library/community/awesome-copilot/skills/appinsights-instrumentation/SKILL.md,quarantine-and-curate,aether-community-awesome-copilot,quarantined-instruction,,
.staging/.github/skills/appinsights-instrumentation/examples/appinsights.bicep,759,aether,aether/.staging/community/awesome-copilot/skills/appinsights-instrumentation/examples/appinsights.bicep,aether/library/community/awesome-copilot/skills/appinsights-instrumentation/examples/appinsights.bicep,quarantine-and-curate,aether-community-awesome-copilot,quarantined-instruction,,
.staging/.github/skills/appinsights-instrumentation/references/ASPNETCORE.md,1711,aether,aether/.staging/community/awesome-copilot/skills/appinsights-instrumentation/references/ASPNETCORE.md,aether/library/community/awesome-copilot/skills/appinsights-instrumentation/references/ASPNETCORE.md,quarantine-and-curate,aether-community-awesome-copilot,quarantined-instruction,,
.staging/.github/skills/appinsights-instrumentation/references/AUTO.md,891,aether,aether/.staging/community/awesome-copilot/skills/appinsights-instrumentation/references/AUTO.md,aether/library/community/awesome-copilot/skills/appinsights-instrumentation/references/AUTO.md,quarantine-and-curate,aether-community-awesome-copilot,quarantined-instruction,,
.staging/.github/skills/appinsights-instrumentation/references/NODEJS.md,1815,aether,aether/.staging/community/awesome-copilot/skills/appinsights-instrumentation/references/NODEJS.md,aether/library/community/awesome-copilot/skills/appinsights-instrumentation/references/NODEJS.md,quarantine-and-curate,aether-community-awesome-copilot,quarantined-instruction,,
.staging/.github/skills/appinsights-instrumentation/references/PYTHON.md,1812,aether,aether/.staging/community/awesome-copilot/skills/appinsights-instrumentation/references/PYTHON.md,aether/library/community/awesome-copilot/skills/appinsights-instrumentation/references/PYTHON.md,quarantine-and-curate,aether-community-awesome-copilot,quarantined-instruction,,
.staging/.github/skills/appinsights-instrumentation/scripts/appinsights.ps1,1221,aether,aether/.staging/community/awesome-copilot/skills/appinsights-instrumentation/scripts/appinsights.ps1,aether/library/community/awesome-copilot/skills/appinsights-instrumentation/scripts/appinsights.ps1,quarantine-and-curate,aether-community-awesome-copilot,quarantined-executable,,
.staging/.github/skills/apple-appstore-reviewer/SKILL.md,9425,aether,aether/.staging/community/awesome-copilot/skills/apple-appstore-reviewer/SKILL.md,aether/library/community/awesome-copilot/skills/apple-appstore-reviewer/SKILL.md,quarantine-and-curate,aether-community-awesome-copilot,quarantined-instruction,,
.staging/.github/skills/arch-linux-triage/SKILL.md,930,aether,aether/.staging/community/awesome-copilot/skills/arch-linux-triage/SKILL.md,aether/library/community/awesome-copilot/skills/arch-linux-triage/SKILL.md,quarantine-and-curate,aether-community-awesome-copilot,quarantined-instruction,,
.staging/.github/skills/architecture-blueprint-generator/SKILL.md,13358,aether,aether/.staging/community/awesome-copilot/skills/architecture-blueprint-generator/SKILL.md,aether/library/community/awesome-copilot/skills/architecture-blueprint-generator/SKILL.md,quarantine-and-curate,aether-community-awesome-copilot,quarantined-instruction,,
.staging/.github/skills/arduino-azure-iot-edge-integration/SKILL.md,4682,aether,aether/.staging/community/awesome-copilot/skills/arduino-azure-iot-edge-integration/SKILL.md,aether/library/community/awesome-copilot/skills/arduino-azure-iot-edge-integration/SKILL.md,quarantine-and-curate,aether-community-awesome-copilot,quarantined-instruction,,
.staging/.github/skills/arduino-azure-iot-edge-integration/references/arduino-iot-checklist.md,1298,aether,aether/.staging/community/awesome-copilot/skills/arduino-azure-iot-edge-integration/references/arduino-iot-checklist.md,aether/library/community/awesome-copilot/skills/arduino-azure-iot-edge-integration/references/arduino-iot-checklist.md,quarantine-and-curate,aether-community-awesome-copilot,quarantined-instruction,,
.staging/.github/skills/arduino-azure-iot-edge-integration/references/arduino-official-best-practices.md,2337,aether,aether/.staging/community/awesome-copilot/skills/arduino-azure-iot-edge-integration/references/arduino-official-best-practices.md,aether/library/community/awesome-copilot/skills/arduino-azure-iot-edge-integration/references/arduino-official-best-practices.md,quarantine-and-curate,aether-community-awesome-copilot,quarantined-instruction,,
.staging/.github/skills/arize-ai-provider-integration/SKILL.md,10434,aether,aether/.staging/community/awesome-copilot/skills/arize-ai-provider-integration/SKILL.md,aether/library/community/awesome-copilot/skills/arize-ai-provider-integration/SKILL.md,quarantine-and-curate,aether-community-awesome-copilot,quarantined-instruction,,
.staging/.github/skills/arize-ai-provider-integration/references/ax-profiles.md,4605,aether,aether/.staging/community/awesome-copilot/skills/arize-ai-provider-integration/references/ax-profiles.md,aether/library/community/awesome-copilot/skills/arize-ai-provider-integration/references/ax-profiles.md,quarantine-and-curate,aether-community-awesome-copilot,quarantined-instruction,.staging/.github/skills/arize-trace/references/ax-profiles.md,
.staging/.github/skills/arize-ai-provider-integration/references/ax-setup.md,1529,aether,aether/.staging/community/awesome-copilot/skills/arize-ai-provider-integration/references/ax-setup.md,aether/library/community/awesome-copilot/skills/arize-ai-provider-integration/references/ax-setup.md,quarantine-and-curate,aether-community-awesome-copilot,quarantined-instruction,.staging/.github/skills/arize-trace/references/ax-setup.md,
.staging/.github/skills/arize-annotation/SKILL.md,10807,aether,aether/.staging/community/awesome-copilot/skills/arize-annotation/SKILL.md,aether/library/community/awesome-copilot/skills/arize-annotation/SKILL.md,quarantine-and-curate,aether-community-awesome-copilot,quarantined-instruction,,
.staging/.github/skills/arize-annotation/references/ax-profiles.md,4605,aether,aether/.staging/community/awesome-copilot/skills/arize-annotation/references/ax-profiles.md,aether/library/community/awesome-copilot/skills/arize-annotation/references/ax-profiles.md,quarantine-and-curate,aether-community-awesome-copilot,quarantined-instruction,.staging/.github/skills/arize-trace/references/ax-profiles.md,
.staging/.github/skills/arize-annotation/references/ax-setup.md,1529,aether,aether/.staging/community/awesome-copilot/skills/arize-annotation/references/ax-setup.md,aether/library/community/awesome-copilot/skills/arize-annotation/references/ax-setup.md,quarantine-and-curate,aether-community-awesome-copilot,quarantined-instruction,.staging/.github/skills/arize-trace/references/ax-setup.md,
.staging/.github/skills/arize-dataset/SKILL.md,15445,aether,aether/.staging/community/awesome-copilot/skills/arize-dataset/SKILL.md,aether/library/community/awesome-copilot/skills/arize-dataset/SKILL.md,quarantine-and-curate,aether-community-awesome-copilot,quarantined-instruction,,
.staging/.github/skills/arize-dataset/references/ax-profiles.md,4605,aether,aether/.staging/community/awesome-copilot/skills/arize-dataset/references/ax-profiles.md,aether/library/community/awesome-copilot/skills/arize-dataset/references/ax-profiles.md,quarantine-and-curate,aether-community-awesome-copilot,quarantined-instruction,.staging/.github/skills/arize-trace/references/ax-profiles.md,
.staging/.github/skills/arize-dataset/references/ax-setup.md,1529,aether,aether/.staging/community/awesome-copilot/skills/arize-dataset/references/ax-setup.md,aether/library/community/awesome-copilot/skills/arize-dataset/references/ax-setup.md,quarantine-and-curate,aether-community-awesome-copilot,quarantined-instruction,.staging/.github/skills/arize-trace/references/ax-setup.md,
.staging/.github/skills/arize-evaluator/SKILL.md,32330,aether,aether/.staging/community/awesome-copilot/skills/arize-evaluator/SKILL.md,aether/library/community/awesome-copilot/skills/arize-evaluator/SKILL.md,quarantine-and-curate,aether-community-awesome-copilot,quarantined-instruction,,
.staging/.github/skills/arize-evaluator/references/ax-profiles.md,4605,aether,aether/.staging/community/awesome-copilot/skills/arize-evaluator/references/ax-profiles.md,aether/library/community/awesome-copilot/skills/arize-evaluator/references/ax-profiles.md,quarantine-and-curate,aether-community-awesome-copilot,quarantined-instruction,.staging/.github/skills/arize-trace/references/ax-profiles.md,
.staging/.github/skills/arize-evaluator/references/ax-setup.md,1529,aether,aether/.staging/community/awesome-copilot/skills/arize-evaluator/references/ax-setup.md,aether/library/community/awesome-copilot/skills/arize-evaluator/references/ax-setup.md,quarantine-and-curate,aether-community-awesome-copilot,quarantined-instruction,.staging/.github/skills/arize-trace/references/ax-setup.md,
.staging/.github/skills/arize-experiment/SKILL.md,18631,aether,aether/.staging/community/awesome-copilot/skills/arize-experiment/SKILL.md,aether/library/community/awesome-copilot/skills/arize-experiment/SKILL.md,quarantine-and-curate,aether-community-awesome-copilot,quarantined-instruction,,
.staging/.github/skills/arize-experiment/references/ax-profiles.md,4605,aether,aether/.staging/community/awesome-copilot/skills/arize-experiment/references/ax-profiles.md,aether/library/community/awesome-copilot/skills/arize-experiment/references/ax-profiles.md,quarantine-and-curate,aether-community-awesome-copilot,quarantined-instruction,.staging/.github/skills/arize-trace/references/ax-profiles.md,
.staging/.github/skills/arize-experiment/references/ax-setup.md,1529,aether,aether/.staging/community/awesome-copilot/skills/arize-experiment/references/ax-setup.md,aether/library/community/awesome-copilot/skills/arize-experiment/references/ax-setup.md,quarantine-and-curate,aether-community-awesome-copilot,quarantined-instruction,.staging/.github/skills/arize-trace/references/ax-setup.md,
.staging/.github/skills/arize-instrumentation/SKILL.md,24934,aether,aether/.staging/community/awesome-copilot/skills/arize-instrumentation/SKILL.md,aether/library/community/awesome-copilot/skills/arize-instrumentation/SKILL.md,quarantine-and-curate,aether-community-awesome-copilot,quarantined-instruction,,
.staging/.github/skills/arize-instrumentation/references/ax-profiles.md,4623,aether,aether/.staging/community/awesome-copilot/skills/arize-instrumentation/references/ax-profiles.md,aether/library/community/awesome-copilot/skills/arize-instrumentation/references/ax-profiles.md,quarantine-and-curate,aether-community-awesome-copilot,quarantined-instruction,,
.staging/.github/skills/arize-link/SKILL.md,4517,aether,aether/.staging/community/awesome-copilot/skills/arize-link/SKILL.md,aether/library/community/awesome-copilot/skills/arize-link/SKILL.md,quarantine-and-curate,aether-community-awesome-copilot,quarantined-instruction,,
.staging/.github/skills/arize-link/references/EXAMPLES.md,2059,aether,aether/.staging/community/awesome-copilot/skills/arize-link/references/EXAMPLES.md,aether/library/community/awesome-copilot/skills/arize-link/references/EXAMPLES.md,quarantine-and-curate,aether-community-awesome-copilot,quarantined-instruction,,
.staging/.github/skills/arize-prompt-optimization/SKILL.md,19208,aether,aether/.staging/community/awesome-copilot/skills/arize-prompt-optimization/SKILL.md,aether/library/community/awesome-copilot/skills/arize-prompt-optimization/SKILL.md,quarantine-and-curate,aether-community-awesome-copilot,quarantined-instruction,,
.staging/.github/skills/arize-prompt-optimization/references/ax-profiles.md,4605,aether,aether/.staging/community/awesome-copilot/skills/arize-prompt-optimization/references/ax-profiles.md,aether/library/community/awesome-copilot/skills/arize-prompt-optimization/references/ax-profiles.md,quarantine-and-curate,aether-community-awesome-copilot,quarantined-instruction,.staging/.github/skills/arize-trace/references/ax-profiles.md,
.staging/.github/skills/arize-prompt-optimization/references/ax-setup.md,1529,aether,aether/.staging/community/awesome-copilot/skills/arize-prompt-optimization/references/ax-setup.md,aether/library/community/awesome-copilot/skills/arize-prompt-optimization/references/ax-setup.md,quarantine-and-curate,aether-community-awesome-copilot,quarantined-instruction,.staging/.github/skills/arize-trace/references/ax-setup.md,
.staging/.github/skills/arize-trace/SKILL.md,23500,aether,aether/.staging/community/awesome-copilot/skills/arize-trace/SKILL.md,aether/library/community/awesome-copilot/skills/arize-trace/SKILL.md,quarantine-and-curate,aether-community-awesome-copilot,quarantined-instruction,,
.staging/.github/skills/arize-trace/references/ax-profiles.md,4605,aether,aether/.staging/community/awesome-copilot/skills/arize-trace/references/ax-profiles.md,aether/library/community/awesome-copilot/skills/arize-trace/references/ax-profiles.md,quarantine-and-curate,aether-community-awesome-copilot,quarantined-instruction,,
.staging/.github/skills/arize-trace/references/ax-setup.md,1529,aether,aether/.staging/community/awesome-copilot/skills/arize-trace/references/ax-setup.md,aether/library/community/awesome-copilot/skills/arize-trace/references/ax-setup.md,quarantine-and-curate,aether-community-awesome-copilot,quarantined-instruction,,
.staging/.github/skills/aspire/SKILL.md,9365,aether,aether/.staging/community/awesome-copilot/skills/aspire/SKILL.md,aether/library/community/awesome-copilot/skills/aspire/SKILL.md,quarantine-and-curate,aether-community-awesome-copilot,quarantined-instruction,,
.staging/.github/skills/aspire/references/architecture.md,10245,aether,aether/.staging/community/awesome-copilot/skills/aspire/references/architecture.md,aether/library/community/awesome-copilot/skills/aspire/references/architecture.md,quarantine-and-curate,aether-community-awesome-copilot,quarantined-instruction,,
.staging/.github/skills/aspire/references/cli-reference.md,8685,aether,aether/.staging/community/awesome-copilot/skills/aspire/references/cli-reference.md,aether/library/community/awesome-copilot/skills/aspire/references/cli-reference.md,quarantine-and-curate,aether-community-awesome-copilot,quarantined-instruction,,
.staging/.github/skills/aspire/references/dashboard.md,6416,aether,aether/.staging/community/awesome-copilot/skills/aspire/references/dashboard.md,aether/library/community/awesome-copilot/skills/aspire/references/dashboard.md,quarantine-and-curate,aether-community-awesome-copilot,quarantined-instruction,,
.staging/.github/skills/aspire/references/deployment.md,6373,aether,aether/.staging/community/awesome-copilot/skills/aspire/references/deployment.md,aether/library/community/awesome-copilot/skills/aspire/references/deployment.md,quarantine-and-curate,aether-community-awesome-copilot,quarantined-instruction,,
.staging/.github/skills/aspire/references/integrations-catalog.md,5103,aether,aether/.staging/community/awesome-copilot/skills/aspire/references/integrations-catalog.md,aether/library/community/awesome-copilot/skills/aspire/references/integrations-catalog.md,quarantine-and-curate,aether-community-awesome-copilot,quarantined-instruction,,
.staging/.github/skills/aspire/references/mcp-server.md,8484,aether,aether/.staging/community/awesome-copilot/skills/aspire/references/mcp-server.md,aether/library/community/awesome-copilot/skills/aspire/references/mcp-server.md,quarantine-and-curate,aether-community-awesome-copilot,quarantined-instruction,,
.staging/.github/skills/aspire/references/polyglot-apis.md,8997,aether,aether/.staging/community/awesome-copilot/skills/aspire/references/polyglot-apis.md,aether/library/community/awesome-copilot/skills/aspire/references/polyglot-apis.md,quarantine-and-curate,aether-community-awesome-copilot,quarantined-instruction,,
.staging/.github/skills/aspire/references/testing.md,7575,aether,aether/.staging/community/awesome-copilot/skills/aspire/references/testing.md,aether/library/community/awesome-copilot/skills/aspire/references/testing.md,quarantine-and-curate,aether-community-awesome-copilot,quarantined-instruction,,
.staging/.github/skills/aspire/references/troubleshooting.md,11075,aether,aether/.staging/community/awesome-copilot/skills/aspire/references/troubleshooting.md,aether/library/community/awesome-copilot/skills/aspire/references/troubleshooting.md,quarantine-and-curate,aether-community-awesome-copilot,quarantined-instruction,,
.staging/.github/skills/aspnet-minimal-api-openapi/SKILL.md,1754,aether,aether/.staging/community/awesome-copilot/skills/aspnet-minimal-api-openapi/SKILL.md,aether/library/community/awesome-copilot/skills/aspnet-minimal-api-openapi/SKILL.md,quarantine-and-curate,aether-community-awesome-copilot,quarantined-instruction,,
.staging/.github/skills/audit-integrity/SKILL.md,3343,aether,aether/.staging/community/awesome-copilot/skills/audit-integrity/SKILL.md,aether/library/community/awesome-copilot/skills/audit-integrity/SKILL.md,quarantine-and-curate,aether-community-awesome-copilot,quarantined-instruction,,
.staging/.github/skills/audit-integrity/references/anti-rationalization-guard.md,4044,aether,aether/.staging/community/awesome-copilot/skills/audit-integrity/references/anti-rationalization-guard.md,aether/library/community/awesome-copilot/skills/audit-integrity/references/anti-rationalization-guard.md,quarantine-and-curate,aether-community-awesome-copilot,quarantined-instruction,,
.staging/.github/skills/audit-integrity/references/clarification-protocol.md,971,aether,aether/.staging/community/awesome-copilot/skills/audit-integrity/references/clarification-protocol.md,aether/library/community/awesome-copilot/skills/audit-integrity/references/clarification-protocol.md,quarantine-and-curate,aether-community-awesome-copilot,quarantined-instruction,,
.staging/.github/skills/audit-integrity/references/non-negotiable-behaviors.md,1469,aether,aether/.staging/community/awesome-copilot/skills/audit-integrity/references/non-negotiable-behaviors.md,aether/library/community/awesome-copilot/skills/audit-integrity/references/non-negotiable-behaviors.md,quarantine-and-curate,aether-community-awesome-copilot,quarantined-instruction,,
.staging/.github/skills/audit-integrity/references/retry-protocol.md,560,aether,aether/.staging/community/awesome-copilot/skills/audit-integrity/references/retry-protocol.md,aether/library/community/awesome-copilot/skills/audit-integrity/references/retry-protocol.md,quarantine-and-curate,aether-community-awesome-copilot,quarantined-instruction,,
.staging/.github/skills/audit-integrity/references/self-critique-loop.md,2592,aether,aether/.staging/community/awesome-copilot/skills/audit-integrity/references/self-critique-loop.md,aether/library/community/awesome-copilot/skills/audit-integrity/references/self-critique-loop.md,quarantine-and-curate,aether-community-awesome-copilot,quarantined-instruction,,
.staging/.github/skills/audit-integrity/references/self-learning-system.md,2330,aether,aether/.staging/community/awesome-copilot/skills/audit-integrity/references/self-learning-system.md,aether/library/community/awesome-copilot/skills/audit-integrity/references/self-learning-system.md,quarantine-and-curate,aether-community-awesome-copilot,quarantined-instruction,,
.staging/.github/skills/audit-integrity/references/self-reflection-quality-gate.md,2438,aether,aether/.staging/community/awesome-copilot/skills/audit-integrity/references/self-reflection-quality-gate.md,aether/library/community/awesome-copilot/skills/audit-integrity/references/self-reflection-quality-gate.md,quarantine-and-curate,aether-community-awesome-copilot,quarantined-instruction,,
.staging/.github/skills/automate-this/SKILL.md,12463,aether,aether/.staging/community/awesome-copilot/skills/automate-this/SKILL.md,aether/library/community/awesome-copilot/skills/automate-this/SKILL.md,quarantine-and-curate,aether-community-awesome-copilot,quarantined-instruction,,
.staging/.github/skills/autoresearch/SKILL.md,11126,aether,aether/.staging/community/awesome-copilot/skills/autoresearch/SKILL.md,aether/library/community/awesome-copilot/skills/autoresearch/SKILL.md,quarantine-and-curate,aether-community-awesome-copilot,quarantined-instruction,,
.staging/.github/skills/aws-cdk-python-setup/SKILL.md,2621,aether,aether/.staging/community/awesome-copilot/skills/aws-cdk-python-setup/SKILL.md,aether/library/community/awesome-copilot/skills/aws-cdk-python-setup/SKILL.md,quarantine-and-curate,aether-community-awesome-copilot,quarantined-instruction,,
.staging/.github/skills/aws-cloudwatch-investigation/SKILL.md,10587,aether,aether/.staging/community/awesome-copilot/skills/aws-cloudwatch-investigation/SKILL.md,aether/library/community/awesome-copilot/skills/aws-cloudwatch-investigation/SKILL.md,quarantine-and-curate,aether-community-awesome-copilot,quarantined-instruction,,
.staging/.github/skills/aws-cost-optimize/SKILL.md,8254,aether,aether/.staging/community/awesome-copilot/skills/aws-cost-optimize/SKILL.md,aether/library/community/awesome-copilot/skills/aws-cost-optimize/SKILL.md,quarantine-and-curate,aether-community-awesome-copilot,quarantined-instruction,,
.staging/.github/skills/aws-resource-health-diagnose/SKILL.md,7014,aether,aether/.staging/community/awesome-copilot/skills/aws-resource-health-diagnose/SKILL.md,aether/library/community/awesome-copilot/skills/aws-resource-health-diagnose/SKILL.md,quarantine-and-curate,aether-community-awesome-copilot,quarantined-instruction,,
.staging/.github/skills/aws-resource-query/SKILL.md,22097,aether,aether/.staging/community/awesome-copilot/skills/aws-resource-query/SKILL.md,aether/library/community/awesome-copilot/skills/aws-resource-query/SKILL.md,quarantine-and-curate,aether-community-awesome-copilot,quarantined-instruction,,
.staging/.github/skills/aws-well-architected-review/SKILL.md,7620,aether,aether/.staging/community/awesome-copilot/skills/aws-well-architected-review/SKILL.md,aether/library/community/awesome-copilot/skills/aws-well-architected-review/SKILL.md,quarantine-and-curate,aether-community-awesome-copilot,quarantined-instruction,,
.staging/.github/skills/az-cost-optimize/SKILL.md,12974,aether,aether/.staging/community/awesome-copilot/skills/az-cost-optimize/SKILL.md,aether/library/community/awesome-copilot/skills/az-cost-optimize/SKILL.md,quarantine-and-curate,aether-community-awesome-copilot,quarantined-instruction,,
.staging/.github/skills/azure-architecture-autopilot/.gitignore,508,aether,aether/.staging/community/awesome-copilot/skills/azure-architecture-autopilot/.gitignore,aether/library/community/awesome-copilot/skills/azure-architecture-autopilot/.gitignore,quarantine-and-curate,aether-community-awesome-copilot,quarantined-instruction,,
.staging/.github/skills/azure-architecture-autopilot/SKILL.md,7407,aether,aether/.staging/community/awesome-copilot/skills/azure-architecture-autopilot/SKILL.md,aether/library/community/awesome-copilot/skills/azure-architecture-autopilot/SKILL.md,quarantine-and-curate,aether-community-awesome-copilot,quarantined-instruction,,
.staging/.github/skills/azure-architecture-autopilot/assets/06-architecture-diagram.png,334642,aether,aether/.staging/community/awesome-copilot/skills/azure-architecture-autopilot/assets/06-architecture-diagram.png,aether/library/community/awesome-copilot/skills/azure-architecture-autopilot/assets/06-architecture-diagram.png,quarantine-and-curate,aether-community-awesome-copilot,quarantined-instruction,,
.staging/.github/skills/azure-architecture-autopilot/assets/07-azure-portal-resources.png,175557,aether,aether/.staging/community/awesome-copilot/skills/azure-architecture-autopilot/assets/07-azure-portal-resources.png,aether/library/community/awesome-copilot/skills/azure-architecture-autopilot/assets/07-azure-portal-resources.png,quarantine-and-curate,aether-community-awesome-copilot,quarantined-instruction,,
.staging/.github/skills/azure-architecture-autopilot/assets/08-deployment-succeeded.png,42019,aether,aether/.staging/community/awesome-copilot/skills/azure-architecture-autopilot/assets/08-deployment-succeeded.png,aether/library/community/awesome-copilot/skills/azure-architecture-autopilot/assets/08-deployment-succeeded.png,quarantine-and-curate,aether-community-awesome-copilot,quarantined-instruction,,
.staging/.github/skills/azure-architecture-autopilot/references/ai-data.md,7293,aether,aether/.staging/community/awesome-copilot/skills/azure-architecture-autopilot/references/ai-data.md,aether/library/community/awesome-copilot/skills/azure-architecture-autopilot/references/ai-data.md,quarantine-and-curate,aether-community-awesome-copilot,quarantined-instruction,,
.staging/.github/skills/azure-architecture-autopilot/references/architecture-guidance-sources.md,7071,aether,aether/.staging/community/awesome-copilot/skills/azure-architecture-autopilot/references/architecture-guidance-sources.md,aether/library/community/awesome-copilot/skills/azure-architecture-autopilot/references/architecture-guidance-sources.md,quarantine-and-curate,aether-community-awesome-copilot,quarantined-instruction,,
.staging/.github/skills/azure-architecture-autopilot/references/azure-common-patterns.md,4291,aether,aether/.staging/community/awesome-copilot/skills/azure-architecture-autopilot/references/azure-common-patterns.md,aether/library/community/awesome-copilot/skills/azure-architecture-autopilot/references/azure-common-patterns.md,quarantine-and-curate,aether-community-awesome-copilot,quarantined-instruction,,
.staging/.github/skills/azure-architecture-autopilot/references/azure-dynamic-sources.md,4848,aether,aether/.staging/community/awesome-copilot/skills/azure-architecture-autopilot/references/azure-dynamic-sources.md,aether/library/community/awesome-copilot/skills/azure-architecture-autopilot/references/azure-dynamic-sources.md,quarantine-and-curate,aether-community-awesome-copilot,quarantined-instruction,,
.staging/.github/skills/azure-architecture-autopilot/references/bicep-generator.md,20327,aether,aether/.staging/community/awesome-copilot/skills/azure-architecture-autopilot/references/bicep-generator.md,aether/library/community/awesome-copilot/skills/azure-architecture-autopilot/references/bicep-generator.md,quarantine-and-curate,aether-community-awesome-copilot,quarantined-instruction,,development-credentials
.staging/.github/skills/azure-architecture-autopilot/references/bicep-reviewer.md,7262,aether,aether/.staging/community/awesome-copilot/skills/azure-architecture-autopilot/references/bicep-reviewer.md,aether/library/community/awesome-copilot/skills/azure-architecture-autopilot/references/bicep-reviewer.md,quarantine-and-curate,aether-community-awesome-copilot,quarantined-instruction,,
.staging/.github/skills/azure-architecture-autopilot/references/phase0-scanner.md,25474,aether,aether/.staging/community/awesome-copilot/skills/azure-architecture-autopilot/references/phase0-scanner.md,aether/library/community/awesome-copilot/skills/azure-architecture-autopilot/references/phase0-scanner.md,quarantine-and-curate,aether-community-awesome-copilot,quarantined-instruction,,
.staging/.github/skills/azure-architecture-autopilot/references/phase1-advisor.md,47989,aether,aether/.staging/community/awesome-copilot/skills/azure-architecture-autopilot/references/phase1-advisor.md,aether/library/community/awesome-copilot/skills/azure-architecture-autopilot/references/phase1-advisor.md,quarantine-and-curate,aether-community-awesome-copilot,quarantined-instruction,,development-credentials
.staging/.github/skills/azure-architecture-autopilot/references/phase4-deployer.md,11974,aether,aether/.staging/community/awesome-copilot/skills/azure-architecture-autopilot/references/phase4-deployer.md,aether/library/community/awesome-copilot/skills/azure-architecture-autopilot/references/phase4-deployer.md,quarantine-and-curate,aether-community-awesome-copilot,quarantined-instruction,,
.staging/.github/skills/azure-architecture-autopilot/references/service-gotchas.md,6529,aether,aether/.staging/community/awesome-copilot/skills/azure-architecture-autopilot/references/service-gotchas.md,aether/library/community/awesome-copilot/skills/azure-architecture-autopilot/references/service-gotchas.md,quarantine-and-curate,aether-community-awesome-copilot,quarantined-instruction,,
.staging/.github/skills/azure-architecture-autopilot/scripts/cli.py,5832,aether,aether/.staging/community/awesome-copilot/skills/azure-architecture-autopilot/scripts/cli.py,aether/library/community/awesome-copilot/skills/azure-architecture-autopilot/scripts/cli.py,quarantine-and-curate,aether-community-awesome-copilot,quarantined-executable,,
.staging/.github/skills/azure-architecture-autopilot/scripts/generator.py,140472,aether,aether/.staging/community/awesome-copilot/skills/azure-architecture-autopilot/scripts/generator.py,aether/library/community/awesome-copilot/skills/azure-architecture-autopilot/scripts/generator.py,quarantine-and-curate,aether-community-awesome-copilot,quarantined-executable,,
.staging/.github/skills/azure-architecture-autopilot/scripts/icons.py,2144733,aether,aether/.staging/community/awesome-copilot/skills/azure-architecture-autopilot/scripts/icons.py,aether/library/community/awesome-copilot/skills/azure-architecture-autopilot/scripts/icons.py,quarantine-and-curate,aether-community-awesome-copilot,quarantined-executable,,
.staging/.github/skills/azure-deployment-preflight/SKILL.md,7490,aether,aether/.staging/community/awesome-copilot/skills/azure-deployment-preflight/SKILL.md,aether/library/community/awesome-copilot/skills/azure-deployment-preflight/SKILL.md,quarantine-and-curate,aether-community-awesome-copilot,quarantined-instruction,,
.staging/.github/skills/azure-deployment-preflight/references/ERROR-HANDLING.md,8896,aether,aether/.staging/community/awesome-copilot/skills/azure-deployment-preflight/references/ERROR-HANDLING.md,aether/library/community/awesome-copilot/skills/azure-deployment-preflight/references/ERROR-HANDLING.md,quarantine-and-curate,aether-community-awesome-copilot,quarantined-instruction,,
.staging/.github/skills/azure-deployment-preflight/references/REPORT-TEMPLATE.md,7458,aether,aether/.staging/community/awesome-copilot/skills/azure-deployment-preflight/references/REPORT-TEMPLATE.md,aether/library/community/awesome-copilot/skills/azure-deployment-preflight/references/REPORT-TEMPLATE.md,quarantine-and-curate,aether-community-awesome-copilot,quarantined-instruction,,
.staging/.github/skills/azure-deployment-preflight/references/VALIDATION-COMMANDS.md,8379,aether,aether/.staging/community/awesome-copilot/skills/azure-deployment-preflight/references/VALIDATION-COMMANDS.md,aether/library/community/awesome-copilot/skills/azure-deployment-preflight/references/VALIDATION-COMMANDS.md,quarantine-and-curate,aether-community-awesome-copilot,quarantined-instruction,,
.staging/.github/skills/azure-devops-cli/SKILL.md,4285,aether,aether/.staging/community/awesome-copilot/skills/azure-devops-cli/SKILL.md,aether/library/community/awesome-copilot/skills/azure-devops-cli/SKILL.md,quarantine-and-curate,aether-community-awesome-copilot,quarantined-instruction,,
.staging/.github/skills/azure-devops-cli/references/advanced-usage.md,5415,aether,aether/.staging/community/awesome-copilot/skills/azure-devops-cli/references/advanced-usage.md,aether/library/community/awesome-copilot/skills/azure-devops-cli/references/advanced-usage.md,quarantine-and-curate,aether-community-awesome-copilot,quarantined-instruction,,
.staging/.github/skills/azure-devops-cli/references/boards-and-iterations.md,6156,aether,aether/.staging/community/awesome-copilot/skills/azure-devops-cli/references/boards-and-iterations.md,aether/library/community/awesome-copilot/skills/azure-devops-cli/references/boards-and-iterations.md,quarantine-and-curate,aether-community-awesome-copilot,quarantined-instruction,,
.staging/.github/skills/azure-devops-cli/references/long-comments-on-windows.md,3151,aether,aether/.staging/community/awesome-copilot/skills/azure-devops-cli/references/long-comments-on-windows.md,aether/library/community/awesome-copilot/skills/azure-devops-cli/references/long-comments-on-windows.md,quarantine-and-curate,aether-community-awesome-copilot,quarantined-instruction,,
.staging/.github/skills/azure-devops-cli/references/org-and-security.md,9256,aether,aether/.staging/community/awesome-copilot/skills/azure-devops-cli/references/org-and-security.md,aether/library/community/awesome-copilot/skills/azure-devops-cli/references/org-and-security.md,quarantine-and-curate,aether-community-awesome-copilot,quarantined-instruction,,
.staging/.github/skills/azure-devops-cli/references/pipelines-and-builds.md,4807,aether,aether/.staging/community/awesome-copilot/skills/azure-devops-cli/references/pipelines-and-builds.md,aether/library/community/awesome-copilot/skills/azure-devops-cli/references/pipelines-and-builds.md,quarantine-and-curate,aether-community-awesome-copilot,quarantined-instruction,,
.staging/.github/skills/azure-devops-cli/references/repos-and-prs.md,6725,aether,aether/.staging/community/awesome-copilot/skills/azure-devops-cli/references/repos-and-prs.md,aether/library/community/awesome-copilot/skills/azure-devops-cli/references/repos-and-prs.md,quarantine-and-curate,aether-community-awesome-copilot,quarantined-instruction,,
.staging/.github/skills/azure-devops-cli/references/variables-and-agents.md,3805,aether,aether/.staging/community/awesome-copilot/skills/azure-devops-cli/references/variables-and-agents.md,aether/library/community/awesome-copilot/skills/azure-devops-cli/references/variables-and-agents.md,quarantine-and-curate,aether-community-awesome-copilot,quarantined-instruction,,development-credentials
.staging/.github/skills/azure-devops-cli/references/workflows-and-patterns.md,16427,aether,aether/.staging/community/awesome-copilot/skills/azure-devops-cli/references/workflows-and-patterns.md,aether/library/community/awesome-copilot/skills/azure-devops-cli/references/workflows-and-patterns.md,quarantine-and-curate,aether-community-awesome-copilot,quarantined-instruction,,
.staging/.github/skills/azure-pricing/SKILL.md,9494,aether,aether/.staging/community/awesome-copilot/skills/azure-pricing/SKILL.md,aether/library/community/awesome-copilot/skills/azure-pricing/SKILL.md,quarantine-and-curate,aether-community-awesome-copilot,quarantined-instruction,,
.staging/.github/skills/azure-pricing/references/COPILOT-STUDIO-RATES.md,5795,aether,aether/.staging/community/awesome-copilot/skills/azure-pricing/references/COPILOT-STUDIO-RATES.md,aether/library/community/awesome-copilot/skills/azure-pricing/references/COPILOT-STUDIO-RATES.md,quarantine-and-curate,aether-community-awesome-copilot,quarantined-instruction,,
.staging/.github/skills/azure-pricing/references/COST-ESTIMATOR.md,3585,aether,aether/.staging/community/awesome-copilot/skills/azure-pricing/references/COST-ESTIMATOR.md,aether/library/community/awesome-copilot/skills/azure-pricing/references/COST-ESTIMATOR.md,quarantine-and-curate,aether-community-awesome-copilot,quarantined-instruction,,
.staging/.github/skills/azure-pricing/references/REGIONS.md,2730,aether,aether/.staging/community/awesome-copilot/skills/azure-pricing/references/REGIONS.md,aether/library/community/awesome-copilot/skills/azure-pricing/references/REGIONS.md,quarantine-and-curate,aether-community-awesome-copilot,quarantined-instruction,,
.staging/.github/skills/azure-pricing/references/SERVICE-NAMES.md,3805,aether,aether/.staging/community/awesome-copilot/skills/azure-pricing/references/SERVICE-NAMES.md,aether/library/community/awesome-copilot/skills/azure-pricing/references/SERVICE-NAMES.md,quarantine-and-curate,aether-community-awesome-copilot,quarantined-instruction,,
.staging/.github/skills/azure-resource-health-diagnose/SKILL.md,11501,aether,aether/.staging/community/awesome-copilot/skills/azure-resource-health-diagnose/SKILL.md,aether/library/community/awesome-copilot/skills/azure-resource-health-diagnose/SKILL.md,quarantine-and-curate,aether-community-awesome-copilot,quarantined-instruction,,
.staging/.github/skills/azure-resource-visualizer/LICENSE.txt,1078,aether,aether/.staging/community/awesome-copilot/skills/azure-resource-visualizer/LICENSE.txt,aether/library/community/awesome-copilot/skills/azure-resource-visualizer/LICENSE.txt,quarantine-and-curate,aether-community-awesome-copilot,quarantined-instruction,.staging/.github/skills/azure-role-selector/LICENSE.txt,
.staging/.github/skills/azure-resource-visualizer/SKILL.md,9772,aether,aether/.staging/community/awesome-copilot/skills/azure-resource-visualizer/SKILL.md,aether/library/community/awesome-copilot/skills/azure-resource-visualizer/SKILL.md,quarantine-and-curate,aether-community-awesome-copilot,quarantined-instruction,,
.staging/.github/skills/azure-resource-visualizer/assets/template-architecture.md,970,aether,aether/.staging/community/awesome-copilot/skills/azure-resource-visualizer/assets/template-architecture.md,aether/library/community/awesome-copilot/skills/azure-resource-visualizer/assets/template-architecture.md,quarantine-and-curate,aether-community-awesome-copilot,quarantined-instruction,,
.staging/.github/skills/azure-role-selector/LICENSE.txt,1078,aether,aether/.staging/community/awesome-copilot/skills/azure-role-selector/LICENSE.txt,aether/library/community/awesome-copilot/skills/azure-role-selector/LICENSE.txt,quarantine-and-curate,aether-community-awesome-copilot,quarantined-instruction,,
.staging/.github/skills/azure-role-selector/SKILL.md,983,aether,aether/.staging/community/awesome-copilot/skills/azure-role-selector/SKILL.md,aether/library/community/awesome-copilot/skills/azure-role-selector/SKILL.md,quarantine-and-curate,aether-community-awesome-copilot,quarantined-instruction,,
.staging/.github/skills/azure-smart-city-iot-solution-builder/SKILL.md,5344,aether,aether/.staging/community/awesome-copilot/skills/azure-smart-city-iot-solution-builder/SKILL.md,aether/library/community/awesome-copilot/skills/azure-smart-city-iot-solution-builder/SKILL.md,quarantine-and-curate,aether-community-awesome-copilot,quarantined-instruction,,
.staging/.github/skills/azure-smart-city-iot-solution-builder/references/smart-city-solution-template.md,1376,aether,aether/.staging/community/awesome-copilot/skills/azure-smart-city-iot-solution-builder/references/smart-city-solution-template.md,aether/library/community/awesome-copilot/skills/azure-smart-city-iot-solution-builder/references/smart-city-solution-template.md,quarantine-and-curate,aether-community-awesome-copilot,quarantined-instruction,,
.staging/.github/skills/azure-static-web-apps/SKILL.md,9499,aether,aether/.staging/community/awesome-copilot/skills/azure-static-web-apps/SKILL.md,aether/library/community/awesome-copilot/skills/azure-static-web-apps/SKILL.md,quarantine-and-curate,aether-community-awesome-copilot,quarantined-instruction,,
.staging/.github/skills/batch-files/SKILL.md,17286,aether,aether/.staging/community/awesome-copilot/skills/batch-files/SKILL.md,aether/library/community/awesome-copilot/skills/batch-files/SKILL.md,quarantine-and-curate,aether-community-awesome-copilot,quarantined-instruction,,
.staging/.github/skills/batch-files/assets/executable.txt,5534,aether,aether/.staging/community/awesome-copilot/skills/batch-files/assets/executable.txt,aether/library/community/awesome-copilot/skills/batch-files/assets/executable.txt,quarantine-and-curate,aether-community-awesome-copilot,quarantined-instruction,,
.staging/.github/skills/batch-files/assets/library.txt,7392,aether,aether/.staging/community/awesome-copilot/skills/batch-files/assets/library.txt,aether/library/community/awesome-copilot/skills/batch-files/assets/library.txt,quarantine-and-curate,aether-community-awesome-copilot,quarantined-instruction,,
.staging/.github/skills/batch-files/assets/task.txt,5892,aether,aether/.staging/community/awesome-copilot/skills/batch-files/assets/task.txt,aether/library/community/awesome-copilot/skills/batch-files/assets/task.txt,quarantine-and-curate,aether-community-awesome-copilot,quarantined-instruction,,
.staging/.github/skills/batch-files/references/batch-files-and-functions.md,69454,aether,aether/.staging/community/awesome-copilot/skills/batch-files/references/batch-files-and-functions.md,aether/library/community/awesome-copilot/skills/batch-files/references/batch-files-and-functions.md,quarantine-and-curate,aether-community-awesome-copilot,quarantined-instruction,,
.staging/.github/skills/batch-files/references/cygwin.md,4675,aether,aether/.staging/community/awesome-copilot/skills/batch-files/references/cygwin.md,aether/library/community/awesome-copilot/skills/batch-files/references/cygwin.md,quarantine-and-curate,aether-community-awesome-copilot,quarantined-instruction,,
.staging/.github/skills/batch-files/references/msys2.md,4390,aether,aether/.staging/community/awesome-copilot/skills/batch-files/references/msys2.md,aether/library/community/awesome-copilot/skills/batch-files/references/msys2.md,quarantine-and-curate,aether-community-awesome-copilot,quarantined-instruction,,
.staging/.github/skills/batch-files/references/tools-and-resources.md,9240,aether,aether/.staging/community/awesome-copilot/skills/batch-files/references/tools-and-resources.md,aether/library/community/awesome-copilot/skills/batch-files/references/tools-and-resources.md,quarantine-and-curate,aether-community-awesome-copilot,quarantined-instruction,,
.staging/.github/skills/batch-files/references/windows-commands.md,87766,aether,aether/.staging/community/awesome-copilot/skills/batch-files/references/windows-commands.md,aether/library/community/awesome-copilot/skills/batch-files/references/windows-commands.md,quarantine-and-curate,aether-community-awesome-copilot,quarantined-instruction,,
.staging/.github/skills/batch-files/references/windows-subsystem-on-linux.md,3212,aether,aether/.staging/community/awesome-copilot/skills/batch-files/references/windows-subsystem-on-linux.md,aether/library/community/awesome-copilot/skills/batch-files/references/windows-subsystem-on-linux.md,quarantine-and-curate,aether-community-awesome-copilot,quarantined-instruction,,
.staging/.github/skills/bigquery-pipeline-audit/SKILL.md,5003,aether,aether/.staging/community/awesome-copilot/skills/bigquery-pipeline-audit/SKILL.md,aether/library/community/awesome-copilot/skills/bigquery-pipeline-audit/SKILL.md,quarantine-and-curate,aether-community-awesome-copilot,quarantined-instruction,,
.staging/.github/skills/boost-prompt/SKILL.md,1413,aether,aether/.staging/community/awesome-copilot/skills/boost-prompt/SKILL.md,aether/library/community/awesome-copilot/skills/boost-prompt/SKILL.md,quarantine-and-curate,aether-community-awesome-copilot,quarantined-instruction,,
.staging/.github/skills/brag-sheet/SKILL.md,11976,aether,aether/.staging/community/awesome-copilot/skills/brag-sheet/SKILL.md,aether/library/community/awesome-copilot/skills/brag-sheet/SKILL.md,quarantine-and-curate,aether-community-awesome-copilot,quarantined-instruction,,
.staging/.github/skills/breakdown-epic-arch/SKILL.md,2846,aether,aether/.staging/community/awesome-copilot/skills/breakdown-epic-arch/SKILL.md,aether/library/community/awesome-copilot/skills/breakdown-epic-arch/SKILL.md,quarantine-and-curate,aether-community-awesome-copilot,quarantined-instruction,,
.staging/.github/skills/breakdown-epic-pm/SKILL.md,2297,aether,aether/.staging/community/awesome-copilot/skills/breakdown-epic-pm/SKILL.md,aether/library/community/awesome-copilot/skills/breakdown-epic-pm/SKILL.md,quarantine-and-curate,aether-community-awesome-copilot,quarantined-instruction,,
.staging/.github/skills/breakdown-feature-implementation/SKILL.md,4917,aether,aether/.staging/community/awesome-copilot/skills/breakdown-feature-implementation/SKILL.md,aether/library/community/awesome-copilot/skills/breakdown-feature-implementation/SKILL.md,quarantine-and-curate,aether-community-awesome-copilot,quarantined-instruction,,
.staging/.github/skills/breakdown-feature-prd/SKILL.md,2479,aether,aether/.staging/community/awesome-copilot/skills/breakdown-feature-prd/SKILL.md,aether/library/community/awesome-copilot/skills/breakdown-feature-prd/SKILL.md,quarantine-and-curate,aether-community-awesome-copilot,quarantined-instruction,,
.staging/.github/skills/breakdown-plan/SKILL.md,15050,aether,aether/.staging/community/awesome-copilot/skills/breakdown-plan/SKILL.md,aether/library/community/awesome-copilot/skills/breakdown-plan/SKILL.md,quarantine-and-curate,aether-community-awesome-copilot,quarantined-instruction,,
.staging/.github/skills/breakdown-test/SKILL.md,14962,aether,aether/.staging/community/awesome-copilot/skills/breakdown-test/SKILL.md,aether/library/community/awesome-copilot/skills/breakdown-test/SKILL.md,quarantine-and-curate,aether-community-awesome-copilot,quarantined-instruction,,
.staging/.github/skills/centos-linux-triage/SKILL.md,959,aether,aether/.staging/community/awesome-copilot/skills/centos-linux-triage/SKILL.md,aether/library/community/awesome-copilot/skills/centos-linux-triage/SKILL.md,quarantine-and-curate,aether-community-awesome-copilot,quarantined-instruction,,
.staging/.github/skills/chrome-devtools/SKILL.md,4145,aether,aether/.staging/community/awesome-copilot/skills/chrome-devtools/SKILL.md,aether/library/community/awesome-copilot/skills/chrome-devtools/SKILL.md,quarantine-and-curate,aether-community-awesome-copilot,quarantined-instruction,,
.staging/.github/skills/cli-mastery/SKILL.md,2070,aether,aether/.staging/community/awesome-copilot/skills/cli-mastery/SKILL.md,aether/library/community/awesome-copilot/skills/cli-mastery/SKILL.md,quarantine-and-curate,aether-community-awesome-copilot,quarantined-instruction,,
.staging/.github/skills/cli-mastery/references/final-exam.md,1375,aether,aether/.staging/community/awesome-copilot/skills/cli-mastery/references/final-exam.md,aether/library/community/awesome-copilot/skills/cli-mastery/references/final-exam.md,quarantine-and-curate,aether-community-awesome-copilot,quarantined-instruction,,
.staging/.github/skills/cli-mastery/references/module-1-slash-commands.md,3662,aether,aether/.staging/community/awesome-copilot/skills/cli-mastery/references/module-1-slash-commands.md,aether/library/community/awesome-copilot/skills/cli-mastery/references/module-1-slash-commands.md,quarantine-and-curate,aether-community-awesome-copilot,quarantined-instruction,,
.staging/.github/skills/cli-mastery/references/module-2-keyboard-shortcuts.md,1422,aether,aether/.staging/community/awesome-copilot/skills/cli-mastery/references/module-2-keyboard-shortcuts.md,aether/library/community/awesome-copilot/skills/cli-mastery/references/module-2-keyboard-shortcuts.md,quarantine-and-curate,aether-community-awesome-copilot,quarantined-instruction,,
.staging/.github/skills/cli-mastery/references/module-3-modes.md,1162,aether,aether/.staging/community/awesome-copilot/skills/cli-mastery/references/module-3-modes.md,aether/library/community/awesome-copilot/skills/cli-mastery/references/module-3-modes.md,quarantine-and-curate,aether-community-awesome-copilot,quarantined-instruction,,
.staging/.github/skills/cli-mastery/references/module-4-agents.md,1457,aether,aether/.staging/community/awesome-copilot/skills/cli-mastery/references/module-4-agents.md,aether/library/community/awesome-copilot/skills/cli-mastery/references/module-4-agents.md,quarantine-and-curate,aether-community-awesome-copilot,quarantined-instruction,,
.staging/.github/skills/cli-mastery/references/module-5-skills.md,1160,aether,aether/.staging/community/awesome-copilot/skills/cli-mastery/references/module-5-skills.md,aether/library/community/awesome-copilot/skills/cli-mastery/references/module-5-skills.md,quarantine-and-curate,aether-community-awesome-copilot,quarantined-instruction,,
.staging/.github/skills/cli-mastery/references/module-6-mcp.md,1402,aether,aether/.staging/community/awesome-copilot/skills/cli-mastery/references/module-6-mcp.md,aether/library/community/awesome-copilot/skills/cli-mastery/references/module-6-mcp.md,quarantine-and-curate,aether-community-awesome-copilot,quarantined-instruction,,
.staging/.github/skills/cli-mastery/references/module-7-advanced.md,1644,aether,aether/.staging/community/awesome-copilot/skills/cli-mastery/references/module-7-advanced.md,aether/library/community/awesome-copilot/skills/cli-mastery/references/module-7-advanced.md,quarantine-and-curate,aether-community-awesome-copilot,quarantined-instruction,,
.staging/.github/skills/cli-mastery/references/module-8-configuration.md,1316,aether,aether/.staging/community/awesome-copilot/skills/cli-mastery/references/module-8-configuration.md,aether/library/community/awesome-copilot/skills/cli-mastery/references/module-8-configuration.md,quarantine-and-curate,aether-community-awesome-copilot,quarantined-instruction,,
.staging/.github/skills/cli-mastery/references/scenarios.md,1971,aether,aether/.staging/community/awesome-copilot/skills/cli-mastery/references/scenarios.md,aether/library/community/awesome-copilot/skills/cli-mastery/references/scenarios.md,quarantine-and-curate,aether-community-awesome-copilot,quarantined-instruction,,
.staging/.github/skills/cloud-design-patterns/SKILL.md,4555,aether,aether/.staging/community/awesome-copilot/skills/cloud-design-patterns/SKILL.md,aether/library/community/awesome-copilot/skills/cloud-design-patterns/SKILL.md,quarantine-and-curate,aether-community-awesome-copilot,quarantined-instruction,,
.staging/.github/skills/cloud-design-patterns/references/architecture-design.md,4680,aether,aether/.staging/community/awesome-copilot/skills/cloud-design-patterns/references/architecture-design.md,aether/library/community/awesome-copilot/skills/cloud-design-patterns/references/architecture-design.md,quarantine-and-curate,aether-community-awesome-copilot,quarantined-instruction,,
.staging/.github/skills/cloud-design-patterns/references/azure-service-mappings.md,606,aether,aether/.staging/community/awesome-copilot/skills/cloud-design-patterns/references/azure-service-mappings.md,aether/library/community/awesome-copilot/skills/cloud-design-patterns/references/azure-service-mappings.md,quarantine-and-curate,aether-community-awesome-copilot,quarantined-instruction,,
.staging/.github/skills/cloud-design-patterns/references/best-practices.md,1592,aether,aether/.staging/community/awesome-copilot/skills/cloud-design-patterns/references/best-practices.md,aether/library/community/awesome-copilot/skills/cloud-design-patterns/references/best-practices.md,quarantine-and-curate,aether-community-awesome-copilot,quarantined-instruction,,
.staging/.github/skills/cloud-design-patterns/references/deployment-operational.md,3310,aether,aether/.staging/community/awesome-copilot/skills/cloud-design-patterns/references/deployment-operational.md,aether/library/community/awesome-copilot/skills/cloud-design-patterns/references/deployment-operational.md,quarantine-and-curate,aether-community-awesome-copilot,quarantined-instruction,,
.staging/.github/skills/cloud-design-patterns/references/event-driven.md,715,aether,aether/.staging/community/awesome-copilot/skills/cloud-design-patterns/references/event-driven.md,aether/library/community/awesome-copilot/skills/cloud-design-patterns/references/event-driven.md,quarantine-and-curate,aether-community-awesome-copilot,quarantined-instruction,,
.staging/.github/skills/cloud-design-patterns/references/messaging-integration.md,4643,aether,aether/.staging/community/awesome-copilot/skills/cloud-design-patterns/references/messaging-integration.md,aether/library/community/awesome-copilot/skills/cloud-design-patterns/references/messaging-integration.md,quarantine-and-curate,aether-community-awesome-copilot,quarantined-instruction,,
.staging/.github/skills/cloud-design-patterns/references/performance.md,6735,aether,aether/.staging/community/awesome-copilot/skills/cloud-design-patterns/references/performance.md,aether/library/community/awesome-copilot/skills/cloud-design-patterns/references/performance.md,quarantine-and-curate,aether-community-awesome-copilot,quarantined-instruction,,
.staging/.github/skills/cloud-design-patterns/references/reliability-resilience.md,6359,aether,aether/.staging/community/awesome-copilot/skills/cloud-design-patterns/references/reliability-resilience.md,aether/library/community/awesome-copilot/skills/cloud-design-patterns/references/reliability-resilience.md,quarantine-and-curate,aether-community-awesome-copilot,quarantined-instruction,,
.staging/.github/skills/cloud-design-patterns/references/security.md,1835,aether,aether/.staging/community/awesome-copilot/skills/cloud-design-patterns/references/security.md,aether/library/community/awesome-copilot/skills/cloud-design-patterns/references/security.md,quarantine-and-curate,aether-community-awesome-copilot,quarantined-instruction,,
.staging/.github/skills/code-exemplars-blueprint-generator/SKILL.md,6710,aether,aether/.staging/community/awesome-copilot/skills/code-exemplars-blueprint-generator/SKILL.md,aether/library/community/awesome-copilot/skills/code-exemplars-blueprint-generator/SKILL.md,quarantine-and-curate,aether-community-awesome-copilot,quarantined-instruction,,
.staging/.github/skills/code-tour/SKILL.md,22654,aether,aether/.staging/community/awesome-copilot/skills/code-tour/SKILL.md,aether/library/community/awesome-copilot/skills/code-tour/SKILL.md,quarantine-and-curate,aether-community-awesome-copilot,quarantined-instruction,,
.staging/.github/skills/code-tour/references/codetour-schema.json,4413,aether,aether/.staging/community/awesome-copilot/skills/code-tour/references/codetour-schema.json,aether/library/community/awesome-copilot/skills/code-tour/references/codetour-schema.json,quarantine-and-curate,aether-community-awesome-copilot,quarantined-instruction,,
.staging/.github/skills/code-tour/references/examples.md,9223,aether,aether/.staging/community/awesome-copilot/skills/code-tour/references/examples.md,aether/library/community/awesome-copilot/skills/code-tour/references/examples.md,quarantine-and-curate,aether-community-awesome-copilot,quarantined-instruction,,
.staging/.github/skills/code-tour/scripts/generate_from_docs.py,10335,aether,aether/.staging/community/awesome-copilot/skills/code-tour/scripts/generate_from_docs.py,aether/library/community/awesome-copilot/skills/code-tour/scripts/generate_from_docs.py,quarantine-and-curate,aether-community-awesome-copilot,quarantined-executable,,
.staging/.github/skills/code-tour/scripts/validate_tour.py,12857,aether,aether/.staging/community/awesome-copilot/skills/code-tour/scripts/validate_tour.py,aether/library/community/awesome-copilot/skills/code-tour/scripts/validate_tour.py,quarantine-and-curate,aether-community-awesome-copilot,quarantined-executable,,
.staging/.github/skills/codeql/SKILL.md,13489,aether,aether/.staging/community/awesome-copilot/skills/codeql/SKILL.md,aether/library/community/awesome-copilot/skills/codeql/SKILL.md,quarantine-and-curate,aether-community-awesome-copilot,quarantined-instruction,,
.staging/.github/skills/codeql/references/alert-management.md,6462,aether,aether/.staging/community/awesome-copilot/skills/codeql/references/alert-management.md,aether/library/community/awesome-copilot/skills/codeql/references/alert-management.md,quarantine-and-curate,aether-community-awesome-copilot,quarantined-instruction,,
.staging/.github/skills/codeql/references/cli-commands.md,8340,aether,aether/.staging/community/awesome-copilot/skills/codeql/references/cli-commands.md,aether/library/community/awesome-copilot/skills/codeql/references/cli-commands.md,quarantine-and-curate,aether-community-awesome-copilot,quarantined-instruction,,
.staging/.github/skills/codeql/references/compiled-languages.md,9363,aether,aether/.staging/community/awesome-copilot/skills/codeql/references/compiled-languages.md,aether/library/community/awesome-copilot/skills/codeql/references/compiled-languages.md,quarantine-and-curate,aether-community-awesome-copilot,quarantined-instruction,,
.staging/.github/skills/codeql/references/sarif-output.md,9957,aether,aether/.staging/community/awesome-copilot/skills/codeql/references/sarif-output.md,aether/library/community/awesome-copilot/skills/codeql/references/sarif-output.md,quarantine-and-curate,aether-community-awesome-copilot,quarantined-instruction,,
.staging/.github/skills/codeql/references/troubleshooting.md,9161,aether,aether/.staging/community/awesome-copilot/skills/codeql/references/troubleshooting.md,aether/library/community/awesome-copilot/skills/codeql/references/troubleshooting.md,quarantine-and-curate,aether-community-awesome-copilot,quarantined-instruction,,
.staging/.github/skills/codeql/references/workflow-configuration.md,8714,aether,aether/.staging/community/awesome-copilot/skills/codeql/references/workflow-configuration.md,aether/library/community/awesome-copilot/skills/codeql/references/workflow-configuration.md,quarantine-and-curate,aether-community-awesome-copilot,quarantined-instruction,,
.staging/.github/skills/comment-code-generate-a-tutorial/SKILL.md,1389,aether,aether/.staging/community/awesome-copilot/skills/comment-code-generate-a-tutorial/SKILL.md,aether/library/community/awesome-copilot/skills/comment-code-generate-a-tutorial/SKILL.md,quarantine-and-curate,aether-community-awesome-copilot,quarantined-instruction,,
.staging/.github/skills/commit-message-storyteller/SKILL.md,5175,aether,aether/.staging/community/awesome-copilot/skills/commit-message-storyteller/SKILL.md,aether/library/community/awesome-copilot/skills/commit-message-storyteller/SKILL.md,quarantine-and-curate,aether-community-awesome-copilot,quarantined-instruction,,
.staging/.github/skills/commit-message-storyteller/references/conventional-commits-guide.md,4061,aether,aether/.staging/community/awesome-copilot/skills/commit-message-storyteller/references/conventional-commits-guide.md,aether/library/community/awesome-copilot/skills/commit-message-storyteller/references/conventional-commits-guide.md,quarantine-and-curate,aether-community-awesome-copilot,quarantined-instruction,,
.staging/.github/skills/containerize-aspnet-framework/SKILL.md,20825,aether,aether/.staging/community/awesome-copilot/skills/containerize-aspnet-framework/SKILL.md,aether/library/community/awesome-copilot/skills/containerize-aspnet-framework/SKILL.md,quarantine-and-curate,aether-community-awesome-copilot,quarantined-instruction,,
.staging/.github/skills/containerize-aspnetcore/SKILL.md,15970,aether,aether/.staging/community/awesome-copilot/skills/containerize-aspnetcore/SKILL.md,aether/library/community/awesome-copilot/skills/containerize-aspnetcore/SKILL.md,quarantine-and-curate,aether-community-awesome-copilot,quarantined-instruction,,
.staging/.github/skills/content-management-systems/SKILL.md,5296,aether,aether/.staging/community/awesome-copilot/skills/content-management-systems/SKILL.md,aether/library/community/awesome-copilot/skills/content-management-systems/SKILL.md,quarantine-and-curate,aether-community-awesome-copilot,quarantined-instruction,,
.staging/.github/skills/content-management-systems/references/cms-platform-workflows.md,3314,aether,aether/.staging/community/awesome-copilot/skills/content-management-systems/references/cms-platform-workflows.md,aether/library/community/awesome-copilot/skills/content-management-systems/references/cms-platform-workflows.md,quarantine-and-curate,aether-community-awesome-copilot,quarantined-instruction,,
.staging/.github/skills/context-map/SKILL.md,1146,aether,aether/.staging/community/awesome-copilot/skills/context-map/SKILL.md,aether/library/community/awesome-copilot/skills/context-map/SKILL.md,quarantine-and-curate,aether-community-awesome-copilot,quarantined-instruction,,
.staging/.github/skills/conventional-branch/SKILL.md,4278,aether,aether/.staging/community/awesome-copilot/skills/conventional-branch/SKILL.md,aether/library/community/awesome-copilot/skills/conventional-branch/SKILL.md,quarantine-and-curate,aether-community-awesome-copilot,quarantined-instruction,,
.staging/.github/skills/conventional-commit/SKILL.md,2648,aether,aether/.staging/community/awesome-copilot/skills/conventional-commit/SKILL.md,aether/library/community/awesome-copilot/skills/conventional-commit/SKILL.md,quarantine-and-curate,aether-community-awesome-copilot,quarantined-instruction,,
.staging/.github/skills/convert-plaintext-to-md/SKILL.md,11400,aether,aether/.staging/community/awesome-copilot/skills/convert-plaintext-to-md/SKILL.md,aether/library/community/awesome-copilot/skills/convert-plaintext-to-md/SKILL.md,quarantine-and-curate,aether-community-awesome-copilot,quarantined-instruction,,
.staging/.github/skills/copilot-cli-quickstart/SKILL.md,29776,aether,aether/.staging/community/awesome-copilot/skills/copilot-cli-quickstart/SKILL.md,aether/library/community/awesome-copilot/skills/copilot-cli-quickstart/SKILL.md,quarantine-and-curate,aether-community-awesome-copilot,quarantined-instruction,,
.staging/.github/skills/copilot-instructions-blueprint-generator/SKILL.md,14783,aether,aether/.staging/community/awesome-copilot/skills/copilot-instructions-blueprint-generator/SKILL.md,aether/library/community/awesome-copilot/skills/copilot-instructions-blueprint-generator/SKILL.md,quarantine-and-curate,aether-community-awesome-copilot,quarantined-instruction,,
.staging/.github/skills/copilot-pr-autopilot/SKILL.md,13882,aether,aether/.staging/community/awesome-copilot/skills/copilot-pr-autopilot/SKILL.md,aether/library/community/awesome-copilot/skills/copilot-pr-autopilot/SKILL.md,quarantine-and-curate,aether-community-awesome-copilot,quarantined-instruction,,
.staging/.github/skills/copilot-pr-autopilot/references/01-request-review.md,1412,aether,aether/.staging/community/awesome-copilot/skills/copilot-pr-autopilot/references/01-request-review.md,aether/library/community/awesome-copilot/skills/copilot-pr-autopilot/references/01-request-review.md,quarantine-and-curate,aether-community-awesome-copilot,quarantined-instruction,,
.staging/.github/skills/copilot-pr-autopilot/references/02-wait.md,1745,aether,aether/.staging/community/awesome-copilot/skills/copilot-pr-autopilot/references/02-wait.md,aether/library/community/awesome-copilot/skills/copilot-pr-autopilot/references/02-wait.md,quarantine-and-curate,aether-community-awesome-copilot,quarantined-instruction,,
.staging/.github/skills/copilot-pr-autopilot/references/03-list-threads.md,1764,aether,aether/.staging/community/awesome-copilot/skills/copilot-pr-autopilot/references/03-list-threads.md,aether/library/community/awesome-copilot/skills/copilot-pr-autopilot/references/03-list-threads.md,quarantine-and-curate,aether-community-awesome-copilot,quarantined-instruction,,
.staging/.github/skills/copilot-pr-autopilot/references/04-triage.md,8180,aether,aether/.staging/community/awesome-copilot/skills/copilot-pr-autopilot/references/04-triage.md,aether/library/community/awesome-copilot/skills/copilot-pr-autopilot/references/04-triage.md,quarantine-and-curate,aether-community-awesome-copilot,quarantined-instruction,,
.staging/.github/skills/copilot-pr-autopilot/references/05-fix.md,2426,aether,aether/.staging/community/awesome-copilot/skills/copilot-pr-autopilot/references/05-fix.md,aether/library/community/awesome-copilot/skills/copilot-pr-autopilot/references/05-fix.md,quarantine-and-curate,aether-community-awesome-copilot,quarantined-instruction,,
.staging/.github/skills/copilot-pr-autopilot/references/06-build-test.md,2143,aether,aether/.staging/community/awesome-copilot/skills/copilot-pr-autopilot/references/06-build-test.md,aether/library/community/awesome-copilot/skills/copilot-pr-autopilot/references/06-build-test.md,quarantine-and-curate,aether-community-awesome-copilot,quarantined-instruction,,
.staging/.github/skills/copilot-pr-autopilot/references/07-commit-push.md,712,aether,aether/.staging/community/awesome-copilot/skills/copilot-pr-autopilot/references/07-commit-push.md,aether/library/community/awesome-copilot/skills/copilot-pr-autopilot/references/07-commit-push.md,quarantine-and-curate,aether-community-awesome-copilot,quarantined-instruction,,
.staging/.github/skills/copilot-pr-autopilot/references/08-reply-resolve.md,3872,aether,aether/.staging/community/awesome-copilot/skills/copilot-pr-autopilot/references/08-reply-resolve.md,aether/library/community/awesome-copilot/skills/copilot-pr-autopilot/references/08-reply-resolve.md,quarantine-and-curate,aether-community-awesome-copilot,quarantined-instruction,,
.staging/.github/skills/copilot-pr-autopilot/references/09-convergence.md,10715,aether,aether/.staging/community/awesome-copilot/skills/copilot-pr-autopilot/references/09-convergence.md,aether/library/community/awesome-copilot/skills/copilot-pr-autopilot/references/09-convergence.md,quarantine-and-curate,aether-community-awesome-copilot,quarantined-instruction,,
.staging/.github/skills/copilot-pr-autopilot/references/10-cleanup.md,707,aether,aether/.staging/community/awesome-copilot/skills/copilot-pr-autopilot/references/10-cleanup.md,aether/library/community/awesome-copilot/skills/copilot-pr-autopilot/references/10-cleanup.md,quarantine-and-curate,aether-community-awesome-copilot,quarantined-instruction,,
.staging/.github/skills/copilot-pr-autopilot/references/api-quirks.md,8622,aether,aether/.staging/community/awesome-copilot/skills/copilot-pr-autopilot/references/api-quirks.md,aether/library/community/awesome-copilot/skills/copilot-pr-autopilot/references/api-quirks.md,quarantine-and-curate,aether-community-awesome-copilot,quarantined-instruction,,
.staging/.github/skills/copilot-pr-autopilot/references/orchestration.md,6263,aether,aether/.staging/community/awesome-copilot/skills/copilot-pr-autopilot/references/orchestration.md,aether/library/community/awesome-copilot/skills/copilot-pr-autopilot/references/orchestration.md,quarantine-and-curate,aether-community-awesome-copilot,quarantined-instruction,,
.staging/.github/skills/copilot-pr-autopilot/scripts/01-request-review.ps1,13565,aether,aether/.staging/community/awesome-copilot/skills/copilot-pr-autopilot/scripts/01-request-review.ps1,aether/library/community/awesome-copilot/skills/copilot-pr-autopilot/scripts/01-request-review.ps1,quarantine-and-curate,aether-community-awesome-copilot,quarantined-executable,,
.staging/.github/skills/copilot-pr-autopilot/scripts/02-check-review-status.ps1,17836,aether,aether/.staging/community/awesome-copilot/skills/copilot-pr-autopilot/scripts/02-check-review-status.ps1,aether/library/community/awesome-copilot/skills/copilot-pr-autopilot/scripts/02-check-review-status.ps1,quarantine-and-curate,aether-community-awesome-copilot,quarantined-executable,,
.staging/.github/skills/copilot-pr-autopilot/scripts/03-list-open-threads.ps1,4096,aether,aether/.staging/community/awesome-copilot/skills/copilot-pr-autopilot/scripts/03-list-open-threads.ps1,aether/library/community/awesome-copilot/skills/copilot-pr-autopilot/scripts/03-list-open-threads.ps1,quarantine-and-curate,aether-community-awesome-copilot,quarantined-executable,,
.staging/.github/skills/copilot-pr-autopilot/scripts/08-reply-and-resolve.ps1,3334,aether,aether/.staging/community/awesome-copilot/skills/copilot-pr-autopilot/scripts/08-reply-and-resolve.ps1,aether/library/community/awesome-copilot/skills/copilot-pr-autopilot/scripts/08-reply-and-resolve.ps1,quarantine-and-curate,aether-community-awesome-copilot,quarantined-executable,,
.staging/.github/skills/copilot-pr-autopilot/scripts/09-review-round.ps1,5608,aether,aether/.staging/community/awesome-copilot/skills/copilot-pr-autopilot/scripts/09-review-round.ps1,aether/library/community/awesome-copilot/skills/copilot-pr-autopilot/scripts/09-review-round.ps1,quarantine-and-curate,aether-community-awesome-copilot,quarantined-executable,,
.staging/.github/skills/copilot-pr-autopilot/scripts/10-cleanup-outdated.ps1,18097,aether,aether/.staging/community/awesome-copilot/skills/copilot-pr-autopilot/scripts/10-cleanup-outdated.ps1,aether/library/community/awesome-copilot/skills/copilot-pr-autopilot/scripts/10-cleanup-outdated.ps1,quarantine-and-curate,aether-community-awesome-copilot,quarantined-executable,,
.staging/.github/skills/copilot-pr-autopilot/scripts/_lib.ps1,15901,aether,aether/.staging/community/awesome-copilot/skills/copilot-pr-autopilot/scripts/_lib.ps1,aether/library/community/awesome-copilot/skills/copilot-pr-autopilot/scripts/_lib.ps1,quarantine-and-curate,aether-community-awesome-copilot,quarantined-executable,,
.staging/.github/skills/copilot-pr-autopilot/templates/reply-decline.md,871,aether,aether/.staging/community/awesome-copilot/skills/copilot-pr-autopilot/templates/reply-decline.md,aether/library/community/awesome-copilot/skills/copilot-pr-autopilot/templates/reply-decline.md,quarantine-and-curate,aether-community-awesome-copilot,quarantined-instruction,,
.staging/.github/skills/copilot-pr-autopilot/templates/reply-drift.md,317,aether,aether/.staging/community/awesome-copilot/skills/copilot-pr-autopilot/templates/reply-drift.md,aether/library/community/awesome-copilot/skills/copilot-pr-autopilot/templates/reply-drift.md,quarantine-and-curate,aether-community-awesome-copilot,quarantined-instruction,,
.staging/.github/skills/copilot-pr-autopilot/templates/reply-fix.md,839,aether,aether/.staging/community/awesome-copilot/skills/copilot-pr-autopilot/templates/reply-fix.md,aether/library/community/awesome-copilot/skills/copilot-pr-autopilot/templates/reply-fix.md,quarantine-and-curate,aether-community-awesome-copilot,quarantined-instruction,,
.staging/.github/skills/copilot-pr-autopilot/templates/reply-partial.md,376,aether,aether/.staging/community/awesome-copilot/skills/copilot-pr-autopilot/templates/reply-partial.md,aether/library/community/awesome-copilot/skills/copilot-pr-autopilot/templates/reply-partial.md,quarantine-and-curate,aether-community-awesome-copilot,quarantined-instruction,,
.staging/.github/skills/copilot-sdk/SKILL.md,24174,aether,aether/.staging/community/awesome-copilot/skills/copilot-sdk/SKILL.md,aether/library/community/awesome-copilot/skills/copilot-sdk/SKILL.md,quarantine-and-curate,aether-community-awesome-copilot,quarantined-instruction,,
.staging/.github/skills/copilot-spaces/SKILL.md,8726,aether,aether/.staging/community/awesome-copilot/skills/copilot-spaces/SKILL.md,aether/library/community/awesome-copilot/skills/copilot-spaces/SKILL.md,quarantine-and-curate,aether-community-awesome-copilot,quarantined-instruction,,
.staging/.github/skills/copilot-usage-metrics/SKILL.md,2441,aether,aether/.staging/community/awesome-copilot/skills/copilot-usage-metrics/SKILL.md,aether/library/community/awesome-copilot/skills/copilot-usage-metrics/SKILL.md,quarantine-and-curate,aether-community-awesome-copilot,quarantined-instruction,,
.staging/.github/skills/copilot-usage-metrics/get-enterprise-metrics.sh,678,aether,aether/.staging/community/awesome-copilot/skills/copilot-usage-metrics/get-enterprise-metrics.sh,aether/library/community/awesome-copilot/skills/copilot-usage-metrics/get-enterprise-metrics.sh,quarantine-and-curate,aether-community-awesome-copilot,quarantined-executable,,
.staging/.github/skills/copilot-usage-metrics/get-enterprise-user-metrics.sh,698,aether,aether/.staging/community/awesome-copilot/skills/copilot-usage-metrics/get-enterprise-user-metrics.sh,aether/library/community/awesome-copilot/skills/copilot-usage-metrics/get-enterprise-user-metrics.sh,quarantine-and-curate,aether-community-awesome-copilot,quarantined-executable,,
.staging/.github/skills/copilot-usage-metrics/get-org-metrics.sh,607,aether,aether/.staging/community/awesome-copilot/skills/copilot-usage-metrics/get-org-metrics.sh,aether/library/community/awesome-copilot/skills/copilot-usage-metrics/get-org-metrics.sh,quarantine-and-curate,aether-community-awesome-copilot,quarantined-executable,,
.staging/.github/skills/copilot-usage-metrics/get-org-user-metrics.sh,627,aether,aether/.staging/community/awesome-copilot/skills/copilot-usage-metrics/get-org-user-metrics.sh,aether/library/community/awesome-copilot/skills/copilot-usage-metrics/get-org-user-metrics.sh,quarantine-and-curate,aether-community-awesome-copilot,quarantined-executable,,
.staging/.github/skills/cosmosdb-datamodeling/SKILL.md,47868,aether,aether/.staging/community/awesome-copilot/skills/cosmosdb-datamodeling/SKILL.md,aether/library/community/awesome-copilot/skills/cosmosdb-datamodeling/SKILL.md,quarantine-and-curate,aether-community-awesome-copilot,quarantined-instruction,,
.staging/.github/skills/create-agentsmd/SKILL.md,7859,aether,aether/.staging/community/awesome-copilot/skills/create-agentsmd/SKILL.md,aether/library/community/awesome-copilot/skills/create-agentsmd/SKILL.md,quarantine-and-curate,aether-community-awesome-copilot,quarantined-instruction,,
.staging/.github/skills/create-architectural-decision-record/SKILL.md,3061,aether,aether/.staging/community/awesome-copilot/skills/create-architectural-decision-record/SKILL.md,aether/library/community/awesome-copilot/skills/create-architectural-decision-record/SKILL.md,quarantine-and-curate,aether-community-awesome-copilot,quarantined-instruction,,
.staging/.github/skills/create-github-action-workflow-specification/SKILL.md,7660,aether,aether/.staging/community/awesome-copilot/skills/create-github-action-workflow-specification/SKILL.md,aether/library/community/awesome-copilot/skills/create-github-action-workflow-specification/SKILL.md,quarantine-and-curate,aether-community-awesome-copilot,quarantined-instruction,,
.staging/.github/skills/create-github-issue-feature-from-specification/SKILL.md,912,aether,aether/.staging/community/awesome-copilot/skills/create-github-issue-feature-from-specification/SKILL.md,aether/library/community/awesome-copilot/skills/create-github-issue-feature-from-specification/SKILL.md,quarantine-and-curate,aether-community-awesome-copilot,quarantined-instruction,,
.staging/.github/skills/create-github-issues-feature-from-implementation-plan/SKILL.md,945,aether,aether/.staging/community/awesome-copilot/skills/create-github-issues-feature-from-implementation-plan/SKILL.md,aether/library/community/awesome-copilot/skills/create-github-issues-feature-from-implementation-plan/SKILL.md,quarantine-and-curate,aether-community-awesome-copilot,quarantined-instruction,,
.staging/.github/skills/create-github-issues-for-unmet-specification-requirements/SKILL.md,1275,aether,aether/.staging/community/awesome-copilot/skills/create-github-issues-for-unmet-specification-requirements/SKILL.md,aether/library/community/awesome-copilot/skills/create-github-issues-for-unmet-specification-requirements/SKILL.md,quarantine-and-curate,aether-community-awesome-copilot,quarantined-instruction,,
.staging/.github/skills/create-implementation-plan/SKILL.md,8366,aether,aether/.staging/community/awesome-copilot/skills/create-implementation-plan/SKILL.md,aether/library/community/awesome-copilot/skills/create-implementation-plan/SKILL.md,quarantine-and-curate,aether-community-awesome-copilot,quarantined-instruction,,
.staging/.github/skills/create-llms/SKILL.md,7323,aether,aether/.staging/community/awesome-copilot/skills/create-llms/SKILL.md,aether/library/community/awesome-copilot/skills/create-llms/SKILL.md,quarantine-and-curate,aether-community-awesome-copilot,quarantined-instruction,,
.staging/.github/skills/create-readme/SKILL.md,1331,aether,aether/.staging/community/awesome-copilot/skills/create-readme/SKILL.md,aether/library/community/awesome-copilot/skills/create-readme/SKILL.md,quarantine-and-curate,aether-community-awesome-copilot,quarantined-instruction,,
.staging/.github/skills/create-specification/SKILL.md,5518,aether,aether/.staging/community/awesome-copilot/skills/create-specification/SKILL.md,aether/library/community/awesome-copilot/skills/create-specification/SKILL.md,quarantine-and-curate,aether-community-awesome-copilot,quarantined-instruction,,
.staging/.github/skills/create-spring-boot-java-project/SKILL.md,4550,aether,aether/.staging/community/awesome-copilot/skills/create-spring-boot-java-project/SKILL.md,aether/library/community/awesome-copilot/skills/create-spring-boot-java-project/SKILL.md,quarantine-and-curate,aether-community-awesome-copilot,quarantined-instruction,,
.staging/.github/skills/create-spring-boot-kotlin-project/SKILL.md,4180,aether,aether/.staging/community/awesome-copilot/skills/create-spring-boot-kotlin-project/SKILL.md,aether/library/community/awesome-copilot/skills/create-spring-boot-kotlin-project/SKILL.md,quarantine-and-curate,aether-community-awesome-copilot,quarantined-instruction,,
.staging/.github/skills/create-technical-spike/SKILL.md,6578,aether,aether/.staging/community/awesome-copilot/skills/create-technical-spike/SKILL.md,aether/library/community/awesome-copilot/skills/create-technical-spike/SKILL.md,quarantine-and-curate,aether-community-awesome-copilot,quarantined-instruction,,
.staging/.github/skills/create-tldr-page/SKILL.md,6331,aether,aether/.staging/community/awesome-copilot/skills/create-tldr-page/SKILL.md,aether/library/community/awesome-copilot/skills/create-tldr-page/SKILL.md,quarantine-and-curate,aether-community-awesome-copilot,quarantined-instruction,,
.staging/.github/skills/creating-oracle-to-postgres-master-migration-plan/SKILL.md,3168,aether,aether/.staging/community/awesome-copilot/skills/creating-oracle-to-postgres-master-migration-plan/SKILL.md,aether/library/community/awesome-copilot/skills/creating-oracle-to-postgres-master-migration-plan/SKILL.md,quarantine-and-curate,aether-community-awesome-copilot,quarantined-instruction,,
.staging/.github/skills/creating-oracle-to-postgres-migration-bug-report/SKILL.md,2277,aether,aether/.staging/community/awesome-copilot/skills/creating-oracle-to-postgres-migration-bug-report/SKILL.md,aether/library/community/awesome-copilot/skills/creating-oracle-to-postgres-migration-bug-report/SKILL.md,quarantine-and-curate,aether-community-awesome-copilot,quarantined-instruction,,
.staging/.github/skills/creating-oracle-to-postgres-migration-bug-report/references/BUG-REPORT-TEMPLATE.md,2252,aether,aether/.staging/community/awesome-copilot/skills/creating-oracle-to-postgres-migration-bug-report/references/BUG-REPORT-TEMPLATE.md,aether/library/community/awesome-copilot/skills/creating-oracle-to-postgres-migration-bug-report/references/BUG-REPORT-TEMPLATE.md,quarantine-and-curate,aether-community-awesome-copilot,quarantined-instruction,,
.staging/.github/skills/creating-oracle-to-postgres-migration-integration-tests/SKILL.md,3053,aether,aether/.staging/community/awesome-copilot/skills/creating-oracle-to-postgres-migration-integration-tests/SKILL.md,aether/library/community/awesome-copilot/skills/creating-oracle-to-postgres-migration-integration-tests/SKILL.md,quarantine-and-curate,aether-community-awesome-copilot,quarantined-instruction,,
.staging/.github/skills/csharp-async/SKILL.md,1862,aether,aether/.staging/community/awesome-copilot/skills/csharp-async/SKILL.md,aether/library/community/awesome-copilot/skills/csharp-async/SKILL.md,quarantine-and-curate,aether-community-awesome-copilot,quarantined-instruction,,
.staging/.github/skills/csharp-docs/SKILL.md,4082,aether,aether/.staging/community/awesome-copilot/skills/csharp-docs/SKILL.md,aether/library/community/awesome-copilot/skills/csharp-docs/SKILL.md,quarantine-and-curate,aether-community-awesome-copilot,quarantined-instruction,,
.staging/.github/skills/csharp-mstest/SKILL.md,13856,aether,aether/.staging/community/awesome-copilot/skills/csharp-mstest/SKILL.md,aether/library/community/awesome-copilot/skills/csharp-mstest/SKILL.md,quarantine-and-curate,aether-community-awesome-copilot,quarantined-instruction,,
.staging/.github/skills/csharp-nunit/SKILL.md,2843,aether,aether/.staging/community/awesome-copilot/skills/csharp-nunit/SKILL.md,aether/library/community/awesome-copilot/skills/csharp-nunit/SKILL.md,quarantine-and-curate,aether-community-awesome-copilot,quarantined-instruction,,
.staging/.github/skills/csharp-tunit/SKILL.md,5145,aether,aether/.staging/community/awesome-copilot/skills/csharp-tunit/SKILL.md,aether/library/community/awesome-copilot/skills/csharp-tunit/SKILL.md,quarantine-and-curate,aether-community-awesome-copilot,quarantined-instruction,,
.staging/.github/skills/csharp-xunit/SKILL.md,2707,aether,aether/.staging/community/awesome-copilot/skills/csharp-xunit/SKILL.md,aether/library/community/awesome-copilot/skills/csharp-xunit/SKILL.md,quarantine-and-curate,aether-community-awesome-copilot,quarantined-instruction,,
.staging/.github/skills/daily-prep/SKILL.md,8626,aether,aether/.staging/community/awesome-copilot/skills/daily-prep/SKILL.md,aether/library/community/awesome-copilot/skills/daily-prep/SKILL.md,quarantine-and-curate,aether-community-awesome-copilot,quarantined-instruction,,
.staging/.github/skills/data-breach-blast-radius/SKILL.md,14320,aether,aether/.staging/community/awesome-copilot/skills/data-breach-blast-radius/SKILL.md,aether/library/community/awesome-copilot/skills/data-breach-blast-radius/SKILL.md,quarantine-and-curate,aether-community-awesome-copilot,quarantined-instruction,,
.staging/.github/skills/data-breach-blast-radius/references/SOURCES.md,12025,aether,aether/.staging/community/awesome-copilot/skills/data-breach-blast-radius/references/SOURCES.md,aether/library/community/awesome-copilot/skills/data-breach-blast-radius/references/SOURCES.md,quarantine-and-curate,aether-community-awesome-copilot,quarantined-instruction,,
.staging/.github/skills/data-breach-blast-radius/references/blast-radius-calculator.md,10496,aether,aether/.staging/community/awesome-copilot/skills/data-breach-blast-radius/references/blast-radius-calculator.md,aether/library/community/awesome-copilot/skills/data-breach-blast-radius/references/blast-radius-calculator.md,quarantine-and-curate,aether-community-awesome-copilot,quarantined-instruction,,
.staging/.github/skills/data-breach-blast-radius/references/data-classification.md,8935,aether,aether/.staging/community/awesome-copilot/skills/data-breach-blast-radius/references/data-classification.md,aether/library/community/awesome-copilot/skills/data-breach-blast-radius/references/data-classification.md,quarantine-and-curate,aether-community-awesome-copilot,quarantined-instruction,,
.staging/.github/skills/data-breach-blast-radius/references/hardening-playbook.md,14290,aether,aether/.staging/community/awesome-copilot/skills/data-breach-blast-radius/references/hardening-playbook.md,aether/library/community/awesome-copilot/skills/data-breach-blast-radius/references/hardening-playbook.md,quarantine-and-curate,aether-community-awesome-copilot,quarantined-instruction,,
.staging/.github/skills/data-breach-blast-radius/references/regulatory-impact.md,15142,aether,aether/.staging/community/awesome-copilot/skills/data-breach-blast-radius/references/regulatory-impact.md,aether/library/community/awesome-copilot/skills/data-breach-blast-radius/references/regulatory-impact.md,quarantine-and-curate,aether-community-awesome-copilot,quarantined-instruction,,
.staging/.github/skills/data-breach-blast-radius/references/report-format.md,10665,aether,aether/.staging/community/awesome-copilot/skills/data-breach-blast-radius/references/report-format.md,aether/library/community/awesome-copilot/skills/data-breach-blast-radius/references/report-format.md,quarantine-and-curate,aether-community-awesome-copilot,quarantined-instruction,,
.staging/.github/skills/datanalysis-credit-risk/SKILL.md,6301,aether,aether/.staging/community/awesome-copilot/skills/datanalysis-credit-risk/SKILL.md,aether/library/community/awesome-copilot/skills/datanalysis-credit-risk/SKILL.md,quarantine-and-curate,aether-community-awesome-copilot,quarantined-instruction,,
.staging/.github/skills/datanalysis-credit-risk/references/analysis.py,53911,aether,aether/.staging/community/awesome-copilot/skills/datanalysis-credit-risk/references/analysis.py,aether/library/community/awesome-copilot/skills/datanalysis-credit-risk/references/analysis.py,quarantine-and-curate,aether-community-awesome-copilot,quarantined-executable,,
.staging/.github/skills/datanalysis-credit-risk/references/func.py,8749,aether,aether/.staging/community/awesome-copilot/skills/datanalysis-credit-risk/references/func.py,aether/library/community/awesome-copilot/skills/datanalysis-credit-risk/references/func.py,quarantine-and-curate,aether-community-awesome-copilot,quarantined-executable,,
.staging/.github/skills/datanalysis-credit-risk/scripts/example.py,17643,aether,aether/.staging/community/awesome-copilot/skills/datanalysis-credit-risk/scripts/example.py,aether/library/community/awesome-copilot/skills/datanalysis-credit-risk/scripts/example.py,quarantine-and-curate,aether-community-awesome-copilot,quarantined-executable,,
.staging/.github/skills/dataverse-python-advanced-patterns/SKILL.md,1177,aether,aether/.staging/community/awesome-copilot/skills/dataverse-python-advanced-patterns/SKILL.md,aether/library/community/awesome-copilot/skills/dataverse-python-advanced-patterns/SKILL.md,quarantine-and-curate,aether-community-awesome-copilot,quarantined-instruction,,
.staging/.github/skills/dataverse-python-production-code/SKILL.md,3670,aether,aether/.staging/community/awesome-copilot/skills/dataverse-python-production-code/SKILL.md,aether/library/community/awesome-copilot/skills/dataverse-python-production-code/SKILL.md,quarantine-and-curate,aether-community-awesome-copilot,quarantined-instruction,,
.staging/.github/skills/dataverse-python-quickstart/SKILL.md,652,aether,aether/.staging/community/awesome-copilot/skills/dataverse-python-quickstart/SKILL.md,aether/library/community/awesome-copilot/skills/dataverse-python-quickstart/SKILL.md,quarantine-and-curate,aether-community-awesome-copilot,quarantined-instruction,,
.staging/.github/skills/dataverse-python-usecase-builder/SKILL.md,6753,aether,aether/.staging/community/awesome-copilot/skills/dataverse-python-usecase-builder/SKILL.md,aether/library/community/awesome-copilot/skills/dataverse-python-usecase-builder/SKILL.md,quarantine-and-curate,aether-community-awesome-copilot,quarantined-instruction,,
.staging/.github/skills/debian-linux-triage/SKILL.md,961,aether,aether/.staging/community/awesome-copilot/skills/debian-linux-triage/SKILL.md,aether/library/community/awesome-copilot/skills/debian-linux-triage/SKILL.md,quarantine-and-curate,aether-community-awesome-copilot,quarantined-instruction,,
.staging/.github/skills/declarative-agents/SKILL.md,4710,aether,aether/.staging/community/awesome-copilot/skills/declarative-agents/SKILL.md,aether/library/community/awesome-copilot/skills/declarative-agents/SKILL.md,quarantine-and-curate,aether-community-awesome-copilot,quarantined-instruction,,
.staging/.github/skills/dependabot/SKILL.md,13605,aether,aether/.staging/community/awesome-copilot/skills/dependabot/SKILL.md,aether/library/community/awesome-copilot/skills/dependabot/SKILL.md,quarantine-and-curate,aether-community-awesome-copilot,quarantined-instruction,,
.staging/.github/skills/dependabot/references/dependabot-yml-reference.md,9727,aether,aether/.staging/community/awesome-copilot/skills/dependabot/references/dependabot-yml-reference.md,aether/library/community/awesome-copilot/skills/dependabot/references/dependabot-yml-reference.md,quarantine-and-curate,aether-community-awesome-copilot,quarantined-instruction,,
.staging/.github/skills/dependabot/references/example-configs.md,8186,aether,aether/.staging/community/awesome-copilot/skills/dependabot/references/example-configs.md,aether/library/community/awesome-copilot/skills/dependabot/references/example-configs.md,quarantine-and-curate,aether-community-awesome-copilot,quarantined-instruction,,
.staging/.github/skills/dependabot/references/pr-commands.md,4294,aether,aether/.staging/community/awesome-copilot/skills/dependabot/references/pr-commands.md,aether/library/community/awesome-copilot/skills/dependabot/references/pr-commands.md,quarantine-and-curate,aether-community-awesome-copilot,quarantined-instruction,,
.staging/.github/skills/devops-rollout-plan/SKILL.md,3994,aether,aether/.staging/community/awesome-copilot/skills/devops-rollout-plan/SKILL.md,aether/library/community/awesome-copilot/skills/devops-rollout-plan/SKILL.md,quarantine-and-curate,aether-community-awesome-copilot,quarantined-instruction,,
.staging/.github/skills/diagnose/SKILL.md,4442,aether,aether/.staging/community/awesome-copilot/skills/diagnose/SKILL.md,aether/library/community/awesome-copilot/skills/diagnose/SKILL.md,quarantine-and-curate,aether-community-awesome-copilot,quarantined-instruction,,
.staging/.github/skills/documentation-writer/SKILL.md,2748,aether,aether/.staging/community/awesome-copilot/skills/documentation-writer/SKILL.md,aether/library/community/awesome-copilot/skills/documentation-writer/SKILL.md,quarantine-and-curate,aether-community-awesome-copilot,quarantined-instruction,,
.staging/.github/skills/dotnet-best-practices/SKILL.md,3230,aether,aether/.staging/community/awesome-copilot/skills/dotnet-best-practices/SKILL.md,aether/library/community/awesome-copilot/skills/dotnet-best-practices/SKILL.md,quarantine-and-curate,aether-community-awesome-copilot,quarantined-instruction,,
.staging/.github/skills/dotnet-design-pattern-review/SKILL.md,3284,aether,aether/.staging/community/awesome-copilot/skills/dotnet-design-pattern-review/SKILL.md,aether/library/community/awesome-copilot/skills/dotnet-design-pattern-review/SKILL.md,quarantine-and-curate,aether-community-awesome-copilot,quarantined-instruction,,
.staging/.github/skills/dotnet-mcp-builder/SKILL.md,6904,aether,aether/.staging/community/awesome-copilot/skills/dotnet-mcp-builder/SKILL.md,aether/library/community/awesome-copilot/skills/dotnet-mcp-builder/SKILL.md,quarantine-and-curate,aether-community-awesome-copilot,quarantined-instruction,,
.staging/.github/skills/dotnet-mcp-builder/references/client.md,5900,aether,aether/.staging/community/awesome-copilot/skills/dotnet-mcp-builder/references/client.md,aether/library/community/awesome-copilot/skills/dotnet-mcp-builder/references/client.md,quarantine-and-curate,aether-community-awesome-copilot,quarantined-instruction,,
.staging/.github/skills/dotnet-mcp-builder/references/elicitation.md,6706,aether,aether/.staging/community/awesome-copilot/skills/dotnet-mcp-builder/references/elicitation.md,aether/library/community/awesome-copilot/skills/dotnet-mcp-builder/references/elicitation.md,quarantine-and-curate,aether-community-awesome-copilot,quarantined-instruction,,
.staging/.github/skills/dotnet-mcp-builder/references/mcp-apps.md,9099,aether,aether/.staging/community/awesome-copilot/skills/dotnet-mcp-builder/references/mcp-apps.md,aether/library/community/awesome-copilot/skills/dotnet-mcp-builder/references/mcp-apps.md,quarantine-and-curate,aether-community-awesome-copilot,quarantined-instruction,,
.staging/.github/skills/dotnet-mcp-builder/references/packages.md,3453,aether,aether/.staging/community/awesome-copilot/skills/dotnet-mcp-builder/references/packages.md,aether/library/community/awesome-copilot/skills/dotnet-mcp-builder/references/packages.md,quarantine-and-curate,aether-community-awesome-copilot,quarantined-instruction,,
.staging/.github/skills/dotnet-mcp-builder/references/prompt-primitive.md,5084,aether,aether/.staging/community/awesome-copilot/skills/dotnet-mcp-builder/references/prompt-primitive.md,aether/library/community/awesome-copilot/skills/dotnet-mcp-builder/references/prompt-primitive.md,quarantine-and-curate,aether-community-awesome-copilot,quarantined-instruction,,
.staging/.github/skills/dotnet-mcp-builder/references/resource-primitive.md,6211,aether,aether/.staging/community/awesome-copilot/skills/dotnet-mcp-builder/references/resource-primitive.md,aether/library/community/awesome-copilot/skills/dotnet-mcp-builder/references/resource-primitive.md,quarantine-and-curate,aether-community-awesome-copilot,quarantined-instruction,,
.staging/.github/skills/dotnet-mcp-builder/references/roots.md,3648,aether,aether/.staging/community/awesome-copilot/skills/dotnet-mcp-builder/references/roots.md,aether/library/community/awesome-copilot/skills/dotnet-mcp-builder/references/roots.md,quarantine-and-curate,aether-community-awesome-copilot,quarantined-instruction,,
.staging/.github/skills/dotnet-mcp-builder/references/sampling.md,5042,aether,aether/.staging/community/awesome-copilot/skills/dotnet-mcp-builder/references/sampling.md,aether/library/community/awesome-copilot/skills/dotnet-mcp-builder/references/sampling.md,quarantine-and-curate,aether-community-awesome-copilot,quarantined-instruction,,
.staging/.github/skills/dotnet-mcp-builder/references/server-features.md,6185,aether,aether/.staging/community/awesome-copilot/skills/dotnet-mcp-builder/references/server-features.md,aether/library/community/awesome-copilot/skills/dotnet-mcp-builder/references/server-features.md,quarantine-and-curate,aether-community-awesome-copilot,quarantined-instruction,,
.staging/.github/skills/dotnet-mcp-builder/references/testing.md,6048,aether,aether/.staging/community/awesome-copilot/skills/dotnet-mcp-builder/references/testing.md,aether/library/community/awesome-copilot/skills/dotnet-mcp-builder/references/testing.md,quarantine-and-curate,aether-community-awesome-copilot,quarantined-instruction,,
.staging/.github/skills/dotnet-mcp-builder/references/tool-primitive.md,8167,aether,aether/.staging/community/awesome-copilot/skills/dotnet-mcp-builder/references/tool-primitive.md,aether/library/community/awesome-copilot/skills/dotnet-mcp-builder/references/tool-primitive.md,quarantine-and-curate,aether-community-awesome-copilot,quarantined-instruction,,
.staging/.github/skills/dotnet-mcp-builder/references/transport-http.md,6987,aether,aether/.staging/community/awesome-copilot/skills/dotnet-mcp-builder/references/transport-http.md,aether/library/community/awesome-copilot/skills/dotnet-mcp-builder/references/transport-http.md,quarantine-and-curate,aether-community-awesome-copilot,quarantined-instruction,,
.staging/.github/skills/dotnet-mcp-builder/references/transport-stdio.md,5012,aether,aether/.staging/community/awesome-copilot/skills/dotnet-mcp-builder/references/transport-stdio.md,aether/library/community/awesome-copilot/skills/dotnet-mcp-builder/references/transport-stdio.md,quarantine-and-curate,aether-community-awesome-copilot,quarantined-instruction,,
.staging/.github/skills/dotnet-timezone/SKILL.md,3901,aether,aether/.staging/community/awesome-copilot/skills/dotnet-timezone/SKILL.md,aether/library/community/awesome-copilot/skills/dotnet-timezone/SKILL.md,quarantine-and-curate,aether-community-awesome-copilot,quarantined-instruction,,
.staging/.github/skills/dotnet-timezone/references/code-patterns.md,4587,aether,aether/.staging/community/awesome-copilot/skills/dotnet-timezone/references/code-patterns.md,aether/library/community/awesome-copilot/skills/dotnet-timezone/references/code-patterns.md,quarantine-and-curate,aether-community-awesome-copilot,quarantined-instruction,,
.staging/.github/skills/dotnet-timezone/references/timezone-index.md,4352,aether,aether/.staging/community/awesome-copilot/skills/dotnet-timezone/references/timezone-index.md,aether/library/community/awesome-copilot/skills/dotnet-timezone/references/timezone-index.md,quarantine-and-curate,aether-community-awesome-copilot,quarantined-instruction,,
.staging/.github/skills/dotnet-upgrade/SKILL.md,7074,aether,aether/.staging/community/awesome-copilot/skills/dotnet-upgrade/SKILL.md,aether/library/community/awesome-copilot/skills/dotnet-upgrade/SKILL.md,quarantine-and-curate,aether-community-awesome-copilot,quarantined-instruction,,
.staging/.github/skills/doublecheck/SKILL.md,15891,aether,aether/.staging/community/awesome-copilot/skills/doublecheck/SKILL.md,aether/library/community/awesome-copilot/skills/doublecheck/SKILL.md,quarantine-and-curate,aether-community-awesome-copilot,quarantined-instruction,,
.staging/.github/skills/doublecheck/assets/verification-report-template.md,2726,aether,aether/.staging/community/awesome-copilot/skills/doublecheck/assets/verification-report-template.md,aether/library/community/awesome-copilot/skills/doublecheck/assets/verification-report-template.md,quarantine-and-curate,aether-community-awesome-copilot,quarantined-instruction,,
.staging/.github/skills/draw-io-diagram-generator/SKILL.md,19595,aether,aether/.staging/community/awesome-copilot/skills/draw-io-diagram-generator/SKILL.md,aether/library/community/awesome-copilot/skills/draw-io-diagram-generator/SKILL.md,quarantine-and-curate,aether-community-awesome-copilot,quarantined-instruction,,
.staging/.github/skills/draw-io-diagram-generator/assets/templates/architecture.drawio,8077,aether,aether/.staging/community/awesome-copilot/skills/draw-io-diagram-generator/assets/templates/architecture.drawio,aether/library/community/awesome-copilot/skills/draw-io-diagram-generator/assets/templates/architecture.drawio,quarantine-and-curate,aether-community-awesome-copilot,quarantined-instruction,,
.staging/.github/skills/draw-io-diagram-generator/assets/templates/er-diagram.drawio,26593,aether,aether/.staging/community/awesome-copilot/skills/draw-io-diagram-generator/assets/templates/er-diagram.drawio,aether/library/community/awesome-copilot/skills/draw-io-diagram-generator/assets/templates/er-diagram.drawio,quarantine-and-curate,aether-community-awesome-copilot,quarantined-instruction,,
.staging/.github/skills/draw-io-diagram-generator/assets/templates/flowchart.drawio,4590,aether,aether/.staging/community/awesome-copilot/skills/draw-io-diagram-generator/assets/templates/flowchart.drawio,aether/library/community/awesome-copilot/skills/draw-io-diagram-generator/assets/templates/flowchart.drawio,quarantine-and-curate,aether-community-awesome-copilot,quarantined-instruction,,
.staging/.github/skills/draw-io-diagram-generator/assets/templates/sequence.drawio,7290,aether,aether/.staging/community/awesome-copilot/skills/draw-io-diagram-generator/assets/templates/sequence.drawio,aether/library/community/awesome-copilot/skills/draw-io-diagram-generator/assets/templates/sequence.drawio,quarantine-and-curate,aether-community-awesome-copilot,quarantined-instruction,,
.staging/.github/skills/draw-io-diagram-generator/assets/templates/uml-class.drawio,12960,aether,aether/.staging/community/awesome-copilot/skills/draw-io-diagram-generator/assets/templates/uml-class.drawio,aether/library/community/awesome-copilot/skills/draw-io-diagram-generator/assets/templates/uml-class.drawio,quarantine-and-curate,aether-community-awesome-copilot,quarantined-instruction,,
.staging/.github/skills/draw-io-diagram-generator/references/drawio-xml-schema.md,10796,aether,aether/.staging/community/awesome-copilot/skills/draw-io-diagram-generator/references/drawio-xml-schema.md,aether/library/community/awesome-copilot/skills/draw-io-diagram-generator/references/drawio-xml-schema.md,quarantine-and-curate,aether-community-awesome-copilot,quarantined-instruction,,
.staging/.github/skills/draw-io-diagram-generator/references/shape-libraries.md,13126,aether,aether/.staging/community/awesome-copilot/skills/draw-io-diagram-generator/references/shape-libraries.md,aether/library/community/awesome-copilot/skills/draw-io-diagram-generator/references/shape-libraries.md,quarantine-and-curate,aether-community-awesome-copilot,quarantined-instruction,,
.staging/.github/skills/draw-io-diagram-generator/references/style-reference.md,15491,aether,aether/.staging/community/awesome-copilot/skills/draw-io-diagram-generator/references/style-reference.md,aether/library/community/awesome-copilot/skills/draw-io-diagram-generator/references/style-reference.md,quarantine-and-curate,aether-community-awesome-copilot,quarantined-instruction,,
.staging/.github/skills/draw-io-diagram-generator/scripts/.gitignore,39,aether,aether/.staging/community/awesome-copilot/skills/draw-io-diagram-generator/scripts/.gitignore,aether/library/community/awesome-copilot/skills/draw-io-diagram-generator/scripts/.gitignore,quarantine-and-curate,aether-community-awesome-copilot,quarantined-instruction,,
.staging/.github/skills/draw-io-diagram-generator/scripts/README.md,3332,aether,aether/.staging/community/awesome-copilot/skills/draw-io-diagram-generator/scripts/README.md,aether/library/community/awesome-copilot/skills/draw-io-diagram-generator/scripts/README.md,quarantine-and-curate,aether-community-awesome-copilot,quarantined-instruction,,
.staging/.github/skills/draw-io-diagram-generator/scripts/add-shape.py,6642,aether,aether/.staging/community/awesome-copilot/skills/draw-io-diagram-generator/scripts/add-shape.py,aether/library/community/awesome-copilot/skills/draw-io-diagram-generator/scripts/add-shape.py,quarantine-and-curate,aether-community-awesome-copilot,quarantined-executable,,
.staging/.github/skills/draw-io-diagram-generator/scripts/validate-drawio.py,7643,aether,aether/.staging/community/awesome-copilot/skills/draw-io-diagram-generator/scripts/validate-drawio.py,aether/library/community/awesome-copilot/skills/draw-io-diagram-generator/scripts/validate-drawio.py,quarantine-and-curate,aether-community-awesome-copilot,quarantined-executable,,
.staging/.github/skills/drawio/SKILL.md,3224,aether,aether/.staging/community/awesome-copilot/skills/drawio/SKILL.md,aether/library/community/awesome-copilot/skills/drawio/SKILL.md,quarantine-and-curate,aether-community-awesome-copilot,quarantined-instruction,,
.staging/.github/skills/drawio/scripts/drawio-to-png.mjs,12030,aether,aether/.staging/community/awesome-copilot/skills/drawio/scripts/drawio-to-png.mjs,aether/library/community/awesome-copilot/skills/drawio/scripts/drawio-to-png.mjs,quarantine-and-curate,aether-community-awesome-copilot,quarantined-executable,,
.staging/.github/skills/drawio/scripts/package.json,170,aether,aether/.staging/community/awesome-copilot/skills/drawio/scripts/package.json,aether/library/community/awesome-copilot/skills/drawio/scripts/package.json,quarantine-and-curate,aether-community-awesome-copilot,quarantined-instruction,,
.staging/.github/skills/editorconfig/SKILL.md,4169,aether,aether/.staging/community/awesome-copilot/skills/editorconfig/SKILL.md,aether/library/community/awesome-copilot/skills/editorconfig/SKILL.md,quarantine-and-curate,aether-community-awesome-copilot,quarantined-instruction,,
.staging/.github/skills/ef-core/SKILL.md,2677,aether,aether/.staging/community/awesome-copilot/skills/ef-core/SKILL.md,aether/library/community/awesome-copilot/skills/ef-core/SKILL.md,quarantine-and-curate,aether-community-awesome-copilot,quarantined-instruction,,
.staging/.github/skills/efcore-d2-db-diagram/SKILL.md,9145,aether,aether/.staging/community/awesome-copilot/skills/efcore-d2-db-diagram/SKILL.md,aether/library/community/awesome-copilot/skills/efcore-d2-db-diagram/SKILL.md,quarantine-and-curate,aether-community-awesome-copilot,quarantined-instruction,,
.staging/.github/skills/efcore-d2-db-diagram/references/d2-erd-style.md,490,aether,aether/.staging/community/awesome-copilot/skills/efcore-d2-db-diagram/references/d2-erd-style.md,aether/library/community/awesome-copilot/skills/efcore-d2-db-diagram/references/d2-erd-style.md,quarantine-and-curate,aether-community-awesome-copilot,quarantined-instruction,,
.staging/.github/skills/efcore-d2-db-diagram/references/efcore-model-extraction.md,927,aether,aether/.staging/community/awesome-copilot/skills/efcore-d2-db-diagram/references/efcore-model-extraction.md,aether/library/community/awesome-copilot/skills/efcore-d2-db-diagram/references/efcore-model-extraction.md,quarantine-and-curate,aether-community-awesome-copilot,quarantined-instruction,,
.staging/.github/skills/efcore-d2-db-diagram/references/grouping-modes.md,401,aether,aether/.staging/community/awesome-copilot/skills/efcore-d2-db-diagram/references/grouping-modes.md,aether/library/community/awesome-copilot/skills/efcore-d2-db-diagram/references/grouping-modes.md,quarantine-and-curate,aether-community-awesome-copilot,quarantined-instruction,,
.staging/.github/skills/efcore-d2-db-diagram/references/quality-gate.md,516,aether,aether/.staging/community/awesome-copilot/skills/efcore-d2-db-diagram/references/quality-gate.md,aether/library/community/awesome-copilot/skills/efcore-d2-db-diagram/references/quality-gate.md,quarantine-and-curate,aether-community-awesome-copilot,quarantined-instruction,,
.staging/.github/skills/efcore-d2-db-diagram/references/relationship-rules.md,1010,aether,aether/.staging/community/awesome-copilot/skills/efcore-d2-db-diagram/references/relationship-rules.md,aether/library/community/awesome-copilot/skills/efcore-d2-db-diagram/references/relationship-rules.md,quarantine-and-curate,aether-community-awesome-copilot,quarantined-instruction,,
.staging/.github/skills/em-dash/SKILL.md,9668,aether,aether/.staging/community/awesome-copilot/skills/em-dash/SKILL.md,aether/library/community/awesome-copilot/skills/em-dash/SKILL.md,quarantine-and-curate,aether-community-awesome-copilot,quarantined-instruction,,
.staging/.github/skills/email-drafter/SKILL.md,4603,aether,aether/.staging/community/awesome-copilot/skills/email-drafter/SKILL.md,aether/library/community/awesome-copilot/skills/email-drafter/SKILL.md,quarantine-and-curate,aether-community-awesome-copilot,quarantined-instruction,,
.staging/.github/skills/entra-agent-user/SKILL.md,9306,aether,aether/.staging/community/awesome-copilot/skills/entra-agent-user/SKILL.md,aether/library/community/awesome-copilot/skills/entra-agent-user/SKILL.md,quarantine-and-curate,aether-community-awesome-copilot,quarantined-instruction,,
.staging/.github/skills/eval-driven-dev/SKILL.md,17830,aether,aether/.staging/community/awesome-copilot/skills/eval-driven-dev/SKILL.md,aether/library/community/awesome-copilot/skills/eval-driven-dev/SKILL.md,quarantine-and-curate,aether-community-awesome-copilot,quarantined-instruction,,
.staging/.github/skills/eval-driven-dev/references/1-a-project-analysis.md,5883,aether,aether/.staging/community/awesome-copilot/skills/eval-driven-dev/references/1-a-project-analysis.md,aether/library/community/awesome-copilot/skills/eval-driven-dev/references/1-a-project-analysis.md,quarantine-and-curate,aether-community-awesome-copilot,quarantined-instruction,,
.staging/.github/skills/eval-driven-dev/references/1-b-entry-point.md,2348,aether,aether/.staging/community/awesome-copilot/skills/eval-driven-dev/references/1-b-entry-point.md,aether/library/community/awesome-copilot/skills/eval-driven-dev/references/1-b-entry-point.md,quarantine-and-curate,aether-community-awesome-copilot,quarantined-instruction,,
.staging/.github/skills/eval-driven-dev/references/1-c-eval-criteria.md,7700,aether,aether/.staging/community/awesome-copilot/skills/eval-driven-dev/references/1-c-eval-criteria.md,aether/library/community/awesome-copilot/skills/eval-driven-dev/references/1-c-eval-criteria.md,quarantine-and-curate,aether-community-awesome-copilot,quarantined-instruction,,
.staging/.github/skills/eval-driven-dev/references/2a-instrumentation.md,7447,aether,aether/.staging/community/awesome-copilot/skills/eval-driven-dev/references/2a-instrumentation.md,aether/library/community/awesome-copilot/skills/eval-driven-dev/references/2a-instrumentation.md,quarantine-and-curate,aether-community-awesome-copilot,quarantined-instruction,,
.staging/.github/skills/eval-driven-dev/references/2b-implement-runnable.md,7535,aether,aether/.staging/community/awesome-copilot/skills/eval-driven-dev/references/2b-implement-runnable.md,aether/library/community/awesome-copilot/skills/eval-driven-dev/references/2b-implement-runnable.md,quarantine-and-curate,aether-community-awesome-copilot,quarantined-instruction,,
.staging/.github/skills/eval-driven-dev/references/2c-capture-and-verify-trace.md,5815,aether,aether/.staging/community/awesome-copilot/skills/eval-driven-dev/references/2c-capture-and-verify-trace.md,aether/library/community/awesome-copilot/skills/eval-driven-dev/references/2c-capture-and-verify-trace.md,quarantine-and-curate,aether-community-awesome-copilot,quarantined-instruction,,
.staging/.github/skills/eval-driven-dev/references/3-define-evaluators.md,10571,aether,aether/.staging/community/awesome-copilot/skills/eval-driven-dev/references/3-define-evaluators.md,aether/library/community/awesome-copilot/skills/eval-driven-dev/references/3-define-evaluators.md,quarantine-and-curate,aether-community-awesome-copilot,quarantined-instruction,,
.staging/.github/skills/eval-driven-dev/references/4-build-dataset.md,22080,aether,aether/.staging/community/awesome-copilot/skills/eval-driven-dev/references/4-build-dataset.md,aether/library/community/awesome-copilot/skills/eval-driven-dev/references/4-build-dataset.md,quarantine-and-curate,aether-community-awesome-copilot,quarantined-instruction,,
.staging/.github/skills/eval-driven-dev/references/5-run-tests.md,6105,aether,aether/.staging/community/awesome-copilot/skills/eval-driven-dev/references/5-run-tests.md,aether/library/community/awesome-copilot/skills/eval-driven-dev/references/5-run-tests.md,quarantine-and-curate,aether-community-awesome-copilot,quarantined-instruction,,
.staging/.github/skills/eval-driven-dev/references/6-analyze-outcomes.md,16606,aether,aether/.staging/community/awesome-copilot/skills/eval-driven-dev/references/6-analyze-outcomes.md,aether/library/community/awesome-copilot/skills/eval-driven-dev/references/6-analyze-outcomes.md,quarantine-and-curate,aether-community-awesome-copilot,quarantined-instruction,,
.staging/.github/skills/eval-driven-dev/references/evaluators.md,17977,aether,aether/.staging/community/awesome-copilot/skills/eval-driven-dev/references/evaluators.md,aether/library/community/awesome-copilot/skills/eval-driven-dev/references/evaluators.md,quarantine-and-curate,aether-community-awesome-copilot,quarantined-instruction,,
.staging/.github/skills/eval-driven-dev/references/runnable-examples/cli-app.md,2022,aether,aether/.staging/community/awesome-copilot/skills/eval-driven-dev/references/runnable-examples/cli-app.md,aether/library/community/awesome-copilot/skills/eval-driven-dev/references/runnable-examples/cli-app.md,quarantine-and-curate,aether-community-awesome-copilot,quarantined-instruction,,
.staging/.github/skills/eval-driven-dev/references/runnable-examples/fastapi-web-server.md,4149,aether,aether/.staging/community/awesome-copilot/skills/eval-driven-dev/references/runnable-examples/fastapi-web-server.md,aether/library/community/awesome-copilot/skills/eval-driven-dev/references/runnable-examples/fastapi-web-server.md,quarantine-and-curate,aether-community-awesome-copilot,quarantined-instruction,,
.staging/.github/skills/eval-driven-dev/references/runnable-examples/standalone-function.md,1811,aether,aether/.staging/community/awesome-copilot/skills/eval-driven-dev/references/runnable-examples/standalone-function.md,aether/library/community/awesome-copilot/skills/eval-driven-dev/references/runnable-examples/standalone-function.md,quarantine-and-curate,aether-community-awesome-copilot,quarantined-instruction,,
.staging/.github/skills/eval-driven-dev/references/testing-api.md,16684,aether,aether/.staging/community/awesome-copilot/skills/eval-driven-dev/references/testing-api.md,aether/library/community/awesome-copilot/skills/eval-driven-dev/references/testing-api.md,quarantine-and-curate,aether-community-awesome-copilot,quarantined-instruction,,
.staging/.github/skills/eval-driven-dev/references/wrap-api.md,8984,aether,aether/.staging/community/awesome-copilot/skills/eval-driven-dev/references/wrap-api.md,aether/library/community/awesome-copilot/skills/eval-driven-dev/references/wrap-api.md,quarantine-and-curate,aether-community-awesome-copilot,quarantined-instruction,,
.staging/.github/skills/eval-driven-dev/resources/setup.sh,3169,aether,aether/.staging/community/awesome-copilot/skills/eval-driven-dev/resources/setup.sh,aether/library/community/awesome-copilot/skills/eval-driven-dev/resources/setup.sh,quarantine-and-curate,aether-community-awesome-copilot,quarantined-executable,,executable
.staging/.github/skills/eval-driven-dev/resources/verify_step6_completion.py,4525,aether,aether/.staging/community/awesome-copilot/skills/eval-driven-dev/resources/verify_step6_completion.py,aether/library/community/awesome-copilot/skills/eval-driven-dev/resources/verify_step6_completion.py,quarantine-and-curate,aether-community-awesome-copilot,quarantined-executable,,
.staging/.github/skills/exam-ready/SKILL.md,3954,aether,aether/.staging/community/awesome-copilot/skills/exam-ready/SKILL.md,aether/library/community/awesome-copilot/skills/exam-ready/SKILL.md,quarantine-and-curate,aether-community-awesome-copilot,quarantined-instruction,,
.staging/.github/skills/excalidraw-diagram-generator/SKILL.md,23798,aether,aether/.staging/community/awesome-copilot/skills/excalidraw-diagram-generator/SKILL.md,aether/library/community/awesome-copilot/skills/excalidraw-diagram-generator/SKILL.md,quarantine-and-curate,aether-community-awesome-copilot,quarantined-instruction,,
.staging/.github/skills/excalidraw-diagram-generator/references/element-types.md,8717,aether,aether/.staging/community/awesome-copilot/skills/excalidraw-diagram-generator/references/element-types.md,aether/library/community/awesome-copilot/skills/excalidraw-diagram-generator/references/element-types.md,quarantine-and-curate,aether-community-awesome-copilot,quarantined-instruction,,
.staging/.github/skills/excalidraw-diagram-generator/references/excalidraw-schema.md,8419,aether,aether/.staging/community/awesome-copilot/skills/excalidraw-diagram-generator/references/excalidraw-schema.md,aether/library/community/awesome-copilot/skills/excalidraw-diagram-generator/references/excalidraw-schema.md,quarantine-and-curate,aether-community-awesome-copilot,quarantined-instruction,,
.staging/.github/skills/excalidraw-diagram-generator/scripts/.gitignore,484,aether,aether/.staging/community/awesome-copilot/skills/excalidraw-diagram-generator/scripts/.gitignore,aether/library/community/awesome-copilot/skills/excalidraw-diagram-generator/scripts/.gitignore,quarantine-and-curate,aether-community-awesome-copilot,quarantined-instruction,,
.staging/.github/skills/excalidraw-diagram-generator/scripts/README.md,6537,aether,aether/.staging/community/awesome-copilot/skills/excalidraw-diagram-generator/scripts/README.md,aether/library/community/awesome-copilot/skills/excalidraw-diagram-generator/scripts/README.md,quarantine-and-curate,aether-community-awesome-copilot,quarantined-instruction,,
.staging/.github/skills/excalidraw-diagram-generator/scripts/add-arrow.py,9929,aether,aether/.staging/community/awesome-copilot/skills/excalidraw-diagram-generator/scripts/add-arrow.py,aether/library/community/awesome-copilot/skills/excalidraw-diagram-generator/scripts/add-arrow.py,quarantine-and-curate,aether-community-awesome-copilot,quarantined-executable,,
.staging/.github/skills/excalidraw-diagram-generator/scripts/add-icon-to-diagram.py,13545,aether,aether/.staging/community/awesome-copilot/skills/excalidraw-diagram-generator/scripts/add-icon-to-diagram.py,aether/library/community/awesome-copilot/skills/excalidraw-diagram-generator/scripts/add-icon-to-diagram.py,quarantine-and-curate,aether-community-awesome-copilot,quarantined-executable,,
.staging/.github/skills/excalidraw-diagram-generator/scripts/split-excalidraw-library.py,5564,aether,aether/.staging/community/awesome-copilot/skills/excalidraw-diagram-generator/scripts/split-excalidraw-library.py,aether/library/community/awesome-copilot/skills/excalidraw-diagram-generator/scripts/split-excalidraw-library.py,quarantine-and-curate,aether-community-awesome-copilot,quarantined-executable,,
.staging/.github/skills/excalidraw-diagram-generator/templates/business-flow-swimlane-template.excalidraw,7795,aether,aether/.staging/community/awesome-copilot/skills/excalidraw-diagram-generator/templates/business-flow-swimlane-template.excalidraw,aether/library/community/awesome-copilot/skills/excalidraw-diagram-generator/templates/business-flow-swimlane-template.excalidraw,quarantine-and-curate,aether-community-awesome-copilot,quarantined-instruction,,
.staging/.github/skills/excalidraw-diagram-generator/templates/class-diagram-template.excalidraw,12924,aether,aether/.staging/community/awesome-copilot/skills/excalidraw-diagram-generator/templates/class-diagram-template.excalidraw,aether/library/community/awesome-copilot/skills/excalidraw-diagram-generator/templates/class-diagram-template.excalidraw,quarantine-and-curate,aether-community-awesome-copilot,quarantined-instruction,,
.staging/.github/skills/excalidraw-diagram-generator/templates/data-flow-diagram-template.excalidraw,6447,aether,aether/.staging/community/awesome-copilot/skills/excalidraw-diagram-generator/templates/data-flow-diagram-template.excalidraw,aether/library/community/awesome-copilot/skills/excalidraw-diagram-generator/templates/data-flow-diagram-template.excalidraw,quarantine-and-curate,aether-community-awesome-copilot,quarantined-instruction,,
.staging/.github/skills/excalidraw-diagram-generator/templates/er-diagram-template.excalidraw,15414,aether,aether/.staging/community/awesome-copilot/skills/excalidraw-diagram-generator/templates/er-diagram-template.excalidraw,aether/library/community/awesome-copilot/skills/excalidraw-diagram-generator/templates/er-diagram-template.excalidraw,quarantine-and-curate,aether-community-awesome-copilot,quarantined-instruction,,
.staging/.github/skills/excalidraw-diagram-generator/templates/flowchart-template.excalidraw,4080,aether,aether/.staging/community/awesome-copilot/skills/excalidraw-diagram-generator/templates/flowchart-template.excalidraw,aether/library/community/awesome-copilot/skills/excalidraw-diagram-generator/templates/flowchart-template.excalidraw,quarantine-and-curate,aether-community-awesome-copilot,quarantined-instruction,,
.staging/.github/skills/excalidraw-diagram-generator/templates/mindmap-template.excalidraw,5382,aether,aether/.staging/community/awesome-copilot/skills/excalidraw-diagram-generator/templates/mindmap-template.excalidraw,aether/library/community/awesome-copilot/skills/excalidraw-diagram-generator/templates/mindmap-template.excalidraw,quarantine-and-curate,aether-community-awesome-copilot,quarantined-instruction,,
.staging/.github/skills/excalidraw-diagram-generator/templates/relationship-template.excalidraw,3321,aether,aether/.staging/community/awesome-copilot/skills/excalidraw-diagram-generator/templates/relationship-template.excalidraw,aether/library/community/awesome-copilot/skills/excalidraw-diagram-generator/templates/relationship-template.excalidraw,quarantine-and-curate,aether-community-awesome-copilot,quarantined-instruction,,
.staging/.github/skills/excalidraw-diagram-generator/templates/sequence-diagram-template.excalidraw,11716,aether,aether/.staging/community/awesome-copilot/skills/excalidraw-diagram-generator/templates/sequence-diagram-template.excalidraw,aether/library/community/awesome-copilot/skills/excalidraw-diagram-generator/templates/sequence-diagram-template.excalidraw,quarantine-and-curate,aether-community-awesome-copilot,quarantined-instruction,,
.staging/.github/skills/eyeball/SKILL.md,6547,aether,aether/.staging/community/awesome-copilot/skills/eyeball/SKILL.md,aether/library/community/awesome-copilot/skills/eyeball/SKILL.md,quarantine-and-curate,aether-community-awesome-copilot,quarantined-instruction,,
.staging/.github/skills/eyeball/tools/eyeball.py,28494,aether,aether/.staging/community/awesome-copilot/skills/eyeball/tools/eyeball.py,aether/library/community/awesome-copilot/skills/eyeball/tools/eyeball.py,quarantine-and-curate,aether-community-awesome-copilot,quarantined-executable,,executable
.staging/.github/skills/fabric-lakehouse/SKILL.md,6099,aether,aether/.staging/community/awesome-copilot/skills/fabric-lakehouse/SKILL.md,aether/library/community/awesome-copilot/skills/fabric-lakehouse/SKILL.md,quarantine-and-curate,aether-community-awesome-copilot,quarantined-instruction,,
.staging/.github/skills/fabric-lakehouse/references/getdata.md,1071,aether,aether/.staging/community/awesome-copilot/skills/fabric-lakehouse/references/getdata.md,aether/library/community/awesome-copilot/skills/fabric-lakehouse/references/getdata.md,quarantine-and-curate,aether-community-awesome-copilot,quarantined-instruction,,
.staging/.github/skills/fabric-lakehouse/references/pyspark.md,4230,aether,aether/.staging/community/awesome-copilot/skills/fabric-lakehouse/references/pyspark.md,aether/library/community/awesome-copilot/skills/fabric-lakehouse/references/pyspark.md,quarantine-and-curate,aether-community-awesome-copilot,quarantined-instruction,,
.staging/.github/skills/fedora-linux-triage/SKILL.md,920,aether,aether/.staging/community/awesome-copilot/skills/fedora-linux-triage/SKILL.md,aether/library/community/awesome-copilot/skills/fedora-linux-triage/SKILL.md,quarantine-and-curate,aether-community-awesome-copilot,quarantined-instruction,,
.staging/.github/skills/finalize-agent-prompt/SKILL.md,897,aether,aether/.staging/community/awesome-copilot/skills/finalize-agent-prompt/SKILL.md,aether/library/community/awesome-copilot/skills/finalize-agent-prompt/SKILL.md,quarantine-and-curate,aether-community-awesome-copilot,quarantined-instruction,,
.staging/.github/skills/finnish-humanizer/SKILL.md,7247,aether,aether/.staging/community/awesome-copilot/skills/finnish-humanizer/SKILL.md,aether/library/community/awesome-copilot/skills/finnish-humanizer/SKILL.md,quarantine-and-curate,aether-community-awesome-copilot,quarantined-instruction,,
.staging/.github/skills/finnish-humanizer/references/patterns.md,17274,aether,aether/.staging/community/awesome-copilot/skills/finnish-humanizer/references/patterns.md,aether/library/community/awesome-copilot/skills/finnish-humanizer/references/patterns.md,quarantine-and-curate,aether-community-awesome-copilot,quarantined-instruction,,
.staging/.github/skills/first-ask/SKILL.md,1576,aether,aether/.staging/community/awesome-copilot/skills/first-ask/SKILL.md,aether/library/community/awesome-copilot/skills/first-ask/SKILL.md,quarantine-and-curate,aether-community-awesome-copilot,quarantined-instruction,,
.staging/.github/skills/flowstudio-power-automate-build/SKILL.md,19776,aether,aether/.staging/community/awesome-copilot/skills/flowstudio-power-automate-build/SKILL.md,aether/library/community/awesome-copilot/skills/flowstudio-power-automate-build/SKILL.md,quarantine-and-curate,aether-community-awesome-copilot,quarantined-instruction,,
.staging/.github/skills/flowstudio-power-automate-build/references/action-patterns-connectors.md,18400,aether,aether/.staging/community/awesome-copilot/skills/flowstudio-power-automate-build/references/action-patterns-connectors.md,aether/library/community/awesome-copilot/skills/flowstudio-power-automate-build/references/action-patterns-connectors.md,quarantine-and-curate,aether-community-awesome-copilot,quarantined-instruction,,
.staging/.github/skills/flowstudio-power-automate-build/references/action-patterns-core.md,16611,aether,aether/.staging/community/awesome-copilot/skills/flowstudio-power-automate-build/references/action-patterns-core.md,aether/library/community/awesome-copilot/skills/flowstudio-power-automate-build/references/action-patterns-core.md,quarantine-and-curate,aether-community-awesome-copilot,quarantined-instruction,,
.staging/.github/skills/flowstudio-power-automate-build/references/action-patterns-data.md,19019,aether,aether/.staging/community/awesome-copilot/skills/flowstudio-power-automate-build/references/action-patterns-data.md,aether/library/community/awesome-copilot/skills/flowstudio-power-automate-build/references/action-patterns-data.md,quarantine-and-curate,aether-community-awesome-copilot,quarantined-instruction,,
.staging/.github/skills/flowstudio-power-automate-build/references/build-patterns.md,2726,aether,aether/.staging/community/awesome-copilot/skills/flowstudio-power-automate-build/references/build-patterns.md,aether/library/community/awesome-copilot/skills/flowstudio-power-automate-build/references/build-patterns.md,quarantine-and-curate,aether-community-awesome-copilot,quarantined-instruction,,
.staging/.github/skills/flowstudio-power-automate-build/references/flow-schema.md,5208,aether,aether/.staging/community/awesome-copilot/skills/flowstudio-power-automate-build/references/flow-schema.md,aether/library/community/awesome-copilot/skills/flowstudio-power-automate-build/references/flow-schema.md,quarantine-and-curate,aether-community-awesome-copilot,quarantined-instruction,,
.staging/.github/skills/flowstudio-power-automate-build/references/trigger-types.md,5445,aether,aether/.staging/community/awesome-copilot/skills/flowstudio-power-automate-build/references/trigger-types.md,aether/library/community/awesome-copilot/skills/flowstudio-power-automate-build/references/trigger-types.md,quarantine-and-curate,aether-community-awesome-copilot,quarantined-instruction,,
.staging/.github/skills/flowstudio-power-automate-debug/SKILL.md,18784,aether,aether/.staging/community/awesome-copilot/skills/flowstudio-power-automate-debug/SKILL.md,aether/library/community/awesome-copilot/skills/flowstudio-power-automate-debug/SKILL.md,quarantine-and-curate,aether-community-awesome-copilot,quarantined-instruction,,
.staging/.github/skills/flowstudio-power-automate-debug/references/common-errors.md,7335,aether,aether/.staging/community/awesome-copilot/skills/flowstudio-power-automate-debug/references/common-errors.md,aether/library/community/awesome-copilot/skills/flowstudio-power-automate-debug/references/common-errors.md,quarantine-and-curate,aether-community-awesome-copilot,quarantined-instruction,,
.staging/.github/skills/flowstudio-power-automate-debug/references/debug-workflow.md,5762,aether,aether/.staging/community/awesome-copilot/skills/flowstudio-power-automate-debug/references/debug-workflow.md,aether/library/community/awesome-copilot/skills/flowstudio-power-automate-debug/references/debug-workflow.md,quarantine-and-curate,aether-community-awesome-copilot,quarantined-instruction,,
.staging/.github/skills/flowstudio-power-automate-governance/SKILL.md,14380,aether,aether/.staging/community/awesome-copilot/skills/flowstudio-power-automate-governance/SKILL.md,aether/library/community/awesome-copilot/skills/flowstudio-power-automate-governance/SKILL.md,quarantine-and-curate,aether-community-awesome-copilot,quarantined-instruction,,
.staging/.github/skills/flowstudio-power-automate-mcp/SKILL.md,13564,aether,aether/.staging/community/awesome-copilot/skills/flowstudio-power-automate-mcp/SKILL.md,aether/library/community/awesome-copilot/skills/flowstudio-power-automate-mcp/SKILL.md,quarantine-and-curate,aether-community-awesome-copilot,quarantined-instruction,,
.staging/.github/skills/flowstudio-power-automate-mcp/references/MCP-BOOTSTRAP.md,2413,aether,aether/.staging/community/awesome-copilot/skills/flowstudio-power-automate-mcp/references/MCP-BOOTSTRAP.md,aether/library/community/awesome-copilot/skills/flowstudio-power-automate-mcp/references/MCP-BOOTSTRAP.md,quarantine-and-curate,aether-community-awesome-copilot,quarantined-instruction,,
.staging/.github/skills/flowstudio-power-automate-mcp/references/action-types.md,3951,aether,aether/.staging/community/awesome-copilot/skills/flowstudio-power-automate-mcp/references/action-types.md,aether/library/community/awesome-copilot/skills/flowstudio-power-automate-mcp/references/action-types.md,quarantine-and-curate,aether-community-awesome-copilot,quarantined-instruction,,
.staging/.github/skills/flowstudio-power-automate-mcp/references/connection-references.md,5063,aether,aether/.staging/community/awesome-copilot/skills/flowstudio-power-automate-mcp/references/connection-references.md,aether/library/community/awesome-copilot/skills/flowstudio-power-automate-mcp/references/connection-references.md,quarantine-and-curate,aether-community-awesome-copilot,quarantined-instruction,,
.staging/.github/skills/flowstudio-power-automate-mcp/references/tool-reference.md,19311,aether,aether/.staging/community/awesome-copilot/skills/flowstudio-power-automate-mcp/references/tool-reference.md,aether/library/community/awesome-copilot/skills/flowstudio-power-automate-mcp/references/tool-reference.md,quarantine-and-curate,aether-community-awesome-copilot,quarantined-instruction,,
.staging/.github/skills/flowstudio-power-automate-monitoring/SKILL.md,13196,aether,aether/.staging/community/awesome-copilot/skills/flowstudio-power-automate-monitoring/SKILL.md,aether/library/community/awesome-copilot/skills/flowstudio-power-automate-monitoring/SKILL.md,quarantine-and-curate,aether-community-awesome-copilot,quarantined-instruction,,
.staging/.github/skills/fluentui-blazor/SKILL.md,7513,aether,aether/.staging/community/awesome-copilot/skills/fluentui-blazor/SKILL.md,aether/library/community/awesome-copilot/skills/fluentui-blazor/SKILL.md,quarantine-and-curate,aether-community-awesome-copilot,quarantined-instruction,,
.staging/.github/skills/fluentui-blazor/references/DATAGRID.md,4692,aether,aether/.staging/community/awesome-copilot/skills/fluentui-blazor/references/DATAGRID.md,aether/library/community/awesome-copilot/skills/fluentui-blazor/references/DATAGRID.md,quarantine-and-curate,aether-community-awesome-copilot,quarantined-instruction,,
.staging/.github/skills/fluentui-blazor/references/LAYOUT-AND-NAVIGATION.md,5079,aether,aether/.staging/community/awesome-copilot/skills/fluentui-blazor/references/LAYOUT-AND-NAVIGATION.md,aether/library/community/awesome-copilot/skills/fluentui-blazor/references/LAYOUT-AND-NAVIGATION.md,quarantine-and-curate,aether-community-awesome-copilot,quarantined-instruction,,
.staging/.github/skills/fluentui-blazor/references/SETUP.md,4982,aether,aether/.staging/community/awesome-copilot/skills/fluentui-blazor/references/SETUP.md,aether/library/community/awesome-copilot/skills/fluentui-blazor/references/SETUP.md,quarantine-and-curate,aether-community-awesome-copilot,quarantined-instruction,,
.staging/.github/skills/fluentui-blazor/references/THEMING.md,3436,aether,aether/.staging/community/awesome-copilot/skills/fluentui-blazor/references/THEMING.md,aether/library/community/awesome-copilot/skills/fluentui-blazor/references/THEMING.md,quarantine-and-curate,aether-community-awesome-copilot,quarantined-instruction,,
.staging/.github/skills/folder-structure-blueprint-generator/SKILL.md,13880,aether,aether/.staging/community/awesome-copilot/skills/folder-structure-blueprint-generator/SKILL.md,aether/library/community/awesome-copilot/skills/folder-structure-blueprint-generator/SKILL.md,quarantine-and-curate,aether-community-awesome-copilot,quarantined-instruction,,
.staging/.github/skills/foundry-agent-sync/SKILL.md,8422,aether,aether/.staging/community/awesome-copilot/skills/foundry-agent-sync/SKILL.md,aether/library/community/awesome-copilot/skills/foundry-agent-sync/SKILL.md,quarantine-and-curate,aether-community-awesome-copilot,quarantined-instruction,,
.staging/.github/skills/freecad-scripts/SKILL.md,21356,aether,aether/.staging/community/awesome-copilot/skills/freecad-scripts/SKILL.md,aether/library/community/awesome-copilot/skills/freecad-scripts/SKILL.md,quarantine-and-curate,aether-community-awesome-copilot,quarantined-instruction,,
.staging/.github/skills/freecad-scripts/references/geometry-and-shapes.md,8807,aether,aether/.staging/community/awesome-copilot/skills/freecad-scripts/references/geometry-and-shapes.md,aether/library/community/awesome-copilot/skills/freecad-scripts/references/geometry-and-shapes.md,quarantine-and-curate,aether-community-awesome-copilot,quarantined-instruction,,
.staging/.github/skills/freecad-scripts/references/gui-and-interface.md,11257,aether,aether/.staging/community/awesome-copilot/skills/freecad-scripts/references/gui-and-interface.md,aether/library/community/awesome-copilot/skills/freecad-scripts/references/gui-and-interface.md,quarantine-and-curate,aether-community-awesome-copilot,quarantined-instruction,,
.staging/.github/skills/freecad-scripts/references/parametric-objects.md,10840,aether,aether/.staging/community/awesome-copilot/skills/freecad-scripts/references/parametric-objects.md,aether/library/community/awesome-copilot/skills/freecad-scripts/references/parametric-objects.md,quarantine-and-curate,aether-community-awesome-copilot,quarantined-instruction,,
.staging/.github/skills/freecad-scripts/references/scripting-fundamentals.md,6131,aether,aether/.staging/community/awesome-copilot/skills/freecad-scripts/references/scripting-fundamentals.md,aether/library/community/awesome-copilot/skills/freecad-scripts/references/scripting-fundamentals.md,quarantine-and-curate,aether-community-awesome-copilot,quarantined-instruction,,
.staging/.github/skills/freecad-scripts/references/workbenches-and-advanced.md,10068,aether,aether/.staging/community/awesome-copilot/skills/freecad-scripts/references/workbenches-and-advanced.md,aether/library/community/awesome-copilot/skills/freecad-scripts/references/workbenches-and-advanced.md,quarantine-and-curate,aether-community-awesome-copilot,quarantined-instruction,,
.staging/.github/skills/from-the-other-side-anitta/SKILL.md,3995,aether,aether/.staging/community/awesome-copilot/skills/from-the-other-side-anitta/SKILL.md,aether/library/community/awesome-copilot/skills/from-the-other-side-anitta/SKILL.md,quarantine-and-curate,aether-community-awesome-copilot,quarantined-instruction,,
.staging/.github/skills/from-the-other-side-quinn/SKILL.md,2778,aether,aether/.staging/community/awesome-copilot/skills/from-the-other-side-quinn/SKILL.md,aether/library/community/awesome-copilot/skills/from-the-other-side-quinn/SKILL.md,quarantine-and-curate,aether-community-awesome-copilot,quarantined-instruction,,
.staging/.github/skills/from-the-other-side-vega/SKILL.md,3592,aether,aether/.staging/community/awesome-copilot/skills/from-the-other-side-vega/SKILL.md,aether/library/community/awesome-copilot/skills/from-the-other-side-vega/SKILL.md,quarantine-and-curate,aether-community-awesome-copilot,quarantined-instruction,,
.staging/.github/skills/from-the-other-side-wiggins/SKILL.md,3921,aether,aether/.staging/community/awesome-copilot/skills/from-the-other-side-wiggins/SKILL.md,aether/library/community/awesome-copilot/skills/from-the-other-side-wiggins/SKILL.md,quarantine-and-curate,aether-community-awesome-copilot,quarantined-instruction,,
.staging/.github/skills/game-engine/SKILL.md,6322,aether,aether/.staging/community/awesome-copilot/skills/game-engine/SKILL.md,aether/library/community/awesome-copilot/skills/game-engine/SKILL.md,quarantine-and-curate,aether-community-awesome-copilot,quarantined-instruction,,
.staging/.github/skills/game-engine/assets/2d-maze-game.md,13327,aether,aether/.staging/community/awesome-copilot/skills/game-engine/assets/2d-maze-game.md,aether/library/community/awesome-copilot/skills/game-engine/assets/2d-maze-game.md,quarantine-and-curate,aether-community-awesome-copilot,quarantined-instruction,,
.staging/.github/skills/game-engine/assets/2d-platform-game.md,59596,aether,aether/.staging/community/awesome-copilot/skills/game-engine/assets/2d-platform-game.md,aether/library/community/awesome-copilot/skills/game-engine/assets/2d-platform-game.md,quarantine-and-curate,aether-community-awesome-copilot,quarantined-instruction,,
.staging/.github/skills/game-engine/assets/gameBase-template-repo.md,10105,aether,aether/.staging/community/awesome-copilot/skills/game-engine/assets/gameBase-template-repo.md,aether/library/community/awesome-copilot/skills/game-engine/assets/gameBase-template-repo.md,quarantine-and-curate,aether-community-awesome-copilot,quarantined-instruction,,
.staging/.github/skills/game-engine/assets/paddle-game-template.md,39331,aether,aether/.staging/community/awesome-copilot/skills/game-engine/assets/paddle-game-template.md,aether/library/community/awesome-copilot/skills/game-engine/assets/paddle-game-template.md,quarantine-and-curate,aether-community-awesome-copilot,quarantined-instruction,,
.staging/.github/skills/game-engine/assets/simple-2d-engine.md,14358,aether,aether/.staging/community/awesome-copilot/skills/game-engine/assets/simple-2d-engine.md,aether/library/community/awesome-copilot/skills/game-engine/assets/simple-2d-engine.md,quarantine-and-curate,aether-community-awesome-copilot,quarantined-instruction,,
.staging/.github/skills/game-engine/references/3d-web-games.md,24488,aether,aether/.staging/community/awesome-copilot/skills/game-engine/references/3d-web-games.md,aether/library/community/awesome-copilot/skills/game-engine/references/3d-web-games.md,quarantine-and-curate,aether-community-awesome-copilot,quarantined-instruction,,
.staging/.github/skills/game-engine/references/algorithms.md,25060,aether,aether/.staging/community/awesome-copilot/skills/game-engine/references/algorithms.md,aether/library/community/awesome-copilot/skills/game-engine/references/algorithms.md,quarantine-and-curate,aether-community-awesome-copilot,quarantined-instruction,,
.staging/.github/skills/game-engine/references/basics.md,11117,aether,aether/.staging/community/awesome-copilot/skills/game-engine/references/basics.md,aether/library/community/awesome-copilot/skills/game-engine/references/basics.md,quarantine-and-curate,aether-community-awesome-copilot,quarantined-instruction,,
.staging/.github/skills/game-engine/references/game-control-mechanisms.md,19512,aether,aether/.staging/community/awesome-copilot/skills/game-engine/references/game-control-mechanisms.md,aether/library/community/awesome-copilot/skills/game-engine/references/game-control-mechanisms.md,quarantine-and-curate,aether-community-awesome-copilot,quarantined-instruction,,
.staging/.github/skills/game-engine/references/game-engine-core-principles.md,22074,aether,aether/.staging/community/awesome-copilot/skills/game-engine/references/game-engine-core-principles.md,aether/library/community/awesome-copilot/skills/game-engine/references/game-engine-core-principles.md,quarantine-and-curate,aether-community-awesome-copilot,quarantined-instruction,,
.staging/.github/skills/game-engine/references/game-publishing.md,14075,aether,aether/.staging/community/awesome-copilot/skills/game-engine/references/game-publishing.md,aether/library/community/awesome-copilot/skills/game-engine/references/game-publishing.md,quarantine-and-curate,aether-community-awesome-copilot,quarantined-instruction,,
.staging/.github/skills/game-engine/references/techniques.md,28090,aether,aether/.staging/community/awesome-copilot/skills/game-engine/references/techniques.md,aether/library/community/awesome-copilot/skills/game-engine/references/techniques.md,quarantine-and-curate,aether-community-awesome-copilot,quarantined-instruction,,
.staging/.github/skills/game-engine/references/terminology.md,19886,aether,aether/.staging/community/awesome-copilot/skills/game-engine/references/terminology.md,aether/library/community/awesome-copilot/skills/game-engine/references/terminology.md,quarantine-and-curate,aether-community-awesome-copilot,quarantined-instruction,,
.staging/.github/skills/game-engine/references/web-apis.md,52620,aether,aether/.staging/community/awesome-copilot/skills/game-engine/references/web-apis.md,aether/library/community/awesome-copilot/skills/game-engine/references/web-apis.md,quarantine-and-curate,aether-community-awesome-copilot,quarantined-instruction,,
.staging/.github/skills/gdpr-compliant/SKILL.md,11923,aether,aether/.staging/community/awesome-copilot/skills/gdpr-compliant/SKILL.md,aether/library/community/awesome-copilot/skills/gdpr-compliant/SKILL.md,quarantine-and-curate,aether-community-awesome-copilot,quarantined-instruction,,
.staging/.github/skills/gdpr-compliant/references/Security.md,11886,aether,aether/.staging/community/awesome-copilot/skills/gdpr-compliant/references/Security.md,aether/library/community/awesome-copilot/skills/gdpr-compliant/references/Security.md,quarantine-and-curate,aether-community-awesome-copilot,quarantined-instruction,,
.staging/.github/skills/gdpr-compliant/references/data-rights.md,6543,aether,aether/.staging/community/awesome-copilot/skills/gdpr-compliant/references/data-rights.md,aether/library/community/awesome-copilot/skills/gdpr-compliant/references/data-rights.md,quarantine-and-curate,aether-community-awesome-copilot,quarantined-instruction,,
.staging/.github/skills/gen-specs-as-issues/SKILL.md,5870,aether,aether/.staging/community/awesome-copilot/skills/gen-specs-as-issues/SKILL.md,aether/library/community/awesome-copilot/skills/gen-specs-as-issues/SKILL.md,quarantine-and-curate,aether-community-awesome-copilot,quarantined-instruction,,
.staging/.github/skills/generate-custom-instructions-from-codebase/SKILL.md,8670,aether,aether/.staging/community/awesome-copilot/skills/generate-custom-instructions-from-codebase/SKILL.md,aether/library/community/awesome-copilot/skills/generate-custom-instructions-from-codebase/SKILL.md,quarantine-and-curate,aether-community-awesome-copilot,quarantined-instruction,,
.staging/.github/skills/generate-image/SKILL.md,3849,aether,aether/.staging/community/awesome-copilot/skills/generate-image/SKILL.md,aether/library/community/awesome-copilot/skills/generate-image/SKILL.md,quarantine-and-curate,aether-community-awesome-copilot,quarantined-instruction,,
.staging/.github/skills/geofeed-tuner/SKILL.md,48924,aether,aether/.staging/community/awesome-copilot/skills/geofeed-tuner/SKILL.md,aether/library/community/awesome-copilot/skills/geofeed-tuner/SKILL.md,quarantine-and-curate,aether-community-awesome-copilot,quarantined-instruction,,
.staging/.github/skills/geofeed-tuner/assets/example/01-user-input-rfc8805-feed.csv,214,aether,aether/.staging/community/awesome-copilot/skills/geofeed-tuner/assets/example/01-user-input-rfc8805-feed.csv,aether/library/community/awesome-copilot/skills/geofeed-tuner/assets/example/01-user-input-rfc8805-feed.csv,quarantine-and-curate,aether-community-awesome-copilot,quarantined-instruction,,
.staging/.github/skills/geofeed-tuner/assets/iso3166-1.json,22491,aether,aether/.staging/community/awesome-copilot/skills/geofeed-tuner/assets/iso3166-1.json,aether/library/community/awesome-copilot/skills/geofeed-tuner/assets/iso3166-1.json,quarantine-and-curate,aether-community-awesome-copilot,quarantined-instruction,,
.staging/.github/skills/geofeed-tuner/assets/iso3166-2.json,320762,aether,aether/.staging/community/awesome-copilot/skills/geofeed-tuner/assets/iso3166-2.json,aether/library/community/awesome-copilot/skills/geofeed-tuner/assets/iso3166-2.json,quarantine-and-curate,aether-community-awesome-copilot,quarantined-instruction,,
.staging/.github/skills/geofeed-tuner/assets/small-territories.json,1042,aether,aether/.staging/community/awesome-copilot/skills/geofeed-tuner/assets/small-territories.json,aether/library/community/awesome-copilot/skills/geofeed-tuner/assets/small-territories.json,quarantine-and-curate,aether-community-awesome-copilot,quarantined-instruction,,
.staging/.github/skills/geofeed-tuner/references/rfc8805.txt,30611,aether,aether/.staging/community/awesome-copilot/skills/geofeed-tuner/references/rfc8805.txt,aether/library/community/awesome-copilot/skills/geofeed-tuner/references/rfc8805.txt,quarantine-and-curate,aether-community-awesome-copilot,quarantined-instruction,,
.staging/.github/skills/geofeed-tuner/references/snippets-python3.md,3476,aether,aether/.staging/community/awesome-copilot/skills/geofeed-tuner/references/snippets-python3.md,aether/library/community/awesome-copilot/skills/geofeed-tuner/references/snippets-python3.md,quarantine-and-curate,aether-community-awesome-copilot,quarantined-instruction,,
.staging/.github/skills/geofeed-tuner/scripts/templates/index.html,100600,aether,aether/.staging/community/awesome-copilot/skills/geofeed-tuner/scripts/templates/index.html,aether/library/community/awesome-copilot/skills/geofeed-tuner/scripts/templates/index.html,quarantine-and-curate,aether-community-awesome-copilot,quarantined-instruction,,
.staging/.github/skills/git-commit/SKILL.md,3198,aether,aether/.staging/community/awesome-copilot/skills/git-commit/SKILL.md,aether/library/community/awesome-copilot/skills/git-commit/SKILL.md,quarantine-and-curate,aether-community-awesome-copilot,quarantined-instruction,,
.staging/.github/skills/git-flow-branch-creator/SKILL.md,10417,aether,aether/.staging/community/awesome-copilot/skills/git-flow-branch-creator/SKILL.md,aether/library/community/awesome-copilot/skills/git-flow-branch-creator/SKILL.md,quarantine-and-curate,aether-community-awesome-copilot,quarantined-instruction,,
.staging/.github/skills/github-actions-efficiency/SKILL.md,4575,aether,aether/.staging/community/awesome-copilot/skills/github-actions-efficiency/SKILL.md,aether/library/community/awesome-copilot/skills/github-actions-efficiency/SKILL.md,quarantine-and-curate,aether-community-awesome-copilot,quarantined-instruction,,
.staging/.github/skills/github-actions-efficiency/references/actions.md,3201,aether,aether/.staging/community/awesome-copilot/skills/github-actions-efficiency/references/actions.md,aether/library/community/awesome-copilot/skills/github-actions-efficiency/references/actions.md,quarantine-and-curate,aether-community-awesome-copilot,quarantined-instruction,,
.staging/.github/skills/github-actions-efficiency/references/patterns.md,1298,aether,aether/.staging/community/awesome-copilot/skills/github-actions-efficiency/references/patterns.md,aether/library/community/awesome-copilot/skills/github-actions-efficiency/references/patterns.md,quarantine-and-curate,aether-community-awesome-copilot,quarantined-instruction,,
.staging/.github/skills/github-actions-efficiency/references/reporting.md,1568,aether,aether/.staging/community/awesome-copilot/skills/github-actions-efficiency/references/reporting.md,aether/library/community/awesome-copilot/skills/github-actions-efficiency/references/reporting.md,quarantine-and-curate,aether-community-awesome-copilot,quarantined-instruction,,
.staging/.github/skills/github-actions-efficiency/references/review-rubric.md,465,aether,aether/.staging/community/awesome-copilot/skills/github-actions-efficiency/references/review-rubric.md,aether/library/community/awesome-copilot/skills/github-actions-efficiency/references/review-rubric.md,quarantine-and-curate,aether-community-awesome-copilot,quarantined-instruction,,
.staging/.github/skills/github-actions-hardening/SKILL.md,9852,aether,aether/.staging/community/awesome-copilot/skills/github-actions-hardening/SKILL.md,aether/library/community/awesome-copilot/skills/github-actions-hardening/SKILL.md,quarantine-and-curate,aether-community-awesome-copilot,quarantined-instruction,,
.staging/.github/skills/github-actions-hardening/references/injection.md,3035,aether,aether/.staging/community/awesome-copilot/skills/github-actions-hardening/references/injection.md,aether/library/community/awesome-copilot/skills/github-actions-hardening/references/injection.md,quarantine-and-curate,aether-community-awesome-copilot,quarantined-instruction,,
.staging/.github/skills/github-actions-hardening/references/permissions-and-tokens.md,2743,aether,aether/.staging/community/awesome-copilot/skills/github-actions-hardening/references/permissions-and-tokens.md,aether/library/community/awesome-copilot/skills/github-actions-hardening/references/permissions-and-tokens.md,quarantine-and-curate,aether-community-awesome-copilot,quarantined-instruction,,
.staging/.github/skills/github-actions-hardening/references/report-format.md,1920,aether,aether/.staging/community/awesome-copilot/skills/github-actions-hardening/references/report-format.md,aether/library/community/awesome-copilot/skills/github-actions-hardening/references/report-format.md,quarantine-and-curate,aether-community-awesome-copilot,quarantined-instruction,,
.staging/.github/skills/github-actions-hardening/references/supply-chain.md,2938,aether,aether/.staging/community/awesome-copilot/skills/github-actions-hardening/references/supply-chain.md,aether/library/community/awesome-copilot/skills/github-actions-hardening/references/supply-chain.md,quarantine-and-curate,aether-community-awesome-copilot,quarantined-instruction,,
.staging/.github/skills/github-actions-hardening/references/triggers-and-privilege.md,3397,aether,aether/.staging/community/awesome-copilot/skills/github-actions-hardening/references/triggers-and-privilege.md,aether/library/community/awesome-copilot/skills/github-actions-hardening/references/triggers-and-privilege.md,quarantine-and-curate,aether-community-awesome-copilot,quarantined-instruction,,
.staging/.github/skills/github-actions-runtime-upgrade-conventions/SKILL.md,2887,aether,aether/.staging/community/awesome-copilot/skills/github-actions-runtime-upgrade-conventions/SKILL.md,aether/library/community/awesome-copilot/skills/github-actions-runtime-upgrade-conventions/SKILL.md,quarantine-and-curate,aether-community-awesome-copilot,quarantined-instruction,,
.staging/.github/skills/github-codespaces-efficiency/SKILL.md,4688,aether,aether/.staging/community/awesome-copilot/skills/github-codespaces-efficiency/SKILL.md,aether/library/community/awesome-copilot/skills/github-codespaces-efficiency/SKILL.md,quarantine-and-curate,aether-community-awesome-copilot,quarantined-instruction,,
.staging/.github/skills/github-codespaces-efficiency/references/codespaces.md,2122,aether,aether/.staging/community/awesome-copilot/skills/github-codespaces-efficiency/references/codespaces.md,aether/library/community/awesome-copilot/skills/github-codespaces-efficiency/references/codespaces.md,quarantine-and-curate,aether-community-awesome-copilot,quarantined-instruction,,
.staging/.github/skills/github-codespaces-efficiency/references/review-rubric.md,467,aether,aether/.staging/community/awesome-copilot/skills/github-codespaces-efficiency/references/review-rubric.md,aether/library/community/awesome-copilot/skills/github-codespaces-efficiency/references/review-rubric.md,quarantine-and-curate,aether-community-awesome-copilot,quarantined-instruction,,
.staging/.github/skills/github-copilot-starter/SKILL.md,15773,aether,aether/.staging/community/awesome-copilot/skills/github-copilot-starter/SKILL.md,aether/library/community/awesome-copilot/skills/github-copilot-starter/SKILL.md,quarantine-and-curate,aether-community-awesome-copilot,quarantined-instruction,,
.staging/.github/skills/github-issues/SKILL.md,8140,aether,aether/.staging/community/awesome-copilot/skills/github-issues/SKILL.md,aether/library/community/awesome-copilot/skills/github-issues/SKILL.md,quarantine-and-curate,aether-community-awesome-copilot,quarantined-instruction,,
.staging/.github/skills/github-issues/references/dependencies.md,1887,aether,aether/.staging/community/awesome-copilot/skills/github-issues/references/dependencies.md,aether/library/community/awesome-copilot/skills/github-issues/references/dependencies.md,quarantine-and-curate,aether-community-awesome-copilot,quarantined-instruction,,
.staging/.github/skills/github-issues/references/images.md,4769,aether,aether/.staging/community/awesome-copilot/skills/github-issues/references/images.md,aether/library/community/awesome-copilot/skills/github-issues/references/images.md,quarantine-and-curate,aether-community-awesome-copilot,quarantined-instruction,,
.staging/.github/skills/github-issues/references/issue-fields.md,7822,aether,aether/.staging/community/awesome-copilot/skills/github-issues/references/issue-fields.md,aether/library/community/awesome-copilot/skills/github-issues/references/issue-fields.md,quarantine-and-curate,aether-community-awesome-copilot,quarantined-instruction,,
.staging/.github/skills/github-issues/references/issue-types.md,1741,aether,aether/.staging/community/awesome-copilot/skills/github-issues/references/issue-types.md,aether/library/community/awesome-copilot/skills/github-issues/references/issue-types.md,quarantine-and-curate,aether-community-awesome-copilot,quarantined-instruction,,
.staging/.github/skills/github-issues/references/projects.md,8609,aether,aether/.staging/community/awesome-copilot/skills/github-issues/references/projects.md,aether/library/community/awesome-copilot/skills/github-issues/references/projects.md,quarantine-and-curate,aether-community-awesome-copilot,quarantined-instruction,,
.staging/.github/skills/github-issues/references/search.md,7261,aether,aether/.staging/community/awesome-copilot/skills/github-issues/references/search.md,aether/library/community/awesome-copilot/skills/github-issues/references/search.md,quarantine-and-curate,aether-community-awesome-copilot,quarantined-instruction,,
.staging/.github/skills/github-issues/references/sub-issues.md,3720,aether,aether/.staging/community/awesome-copilot/skills/github-issues/references/sub-issues.md,aether/library/community/awesome-copilot/skills/github-issues/references/sub-issues.md,quarantine-and-curate,aether-community-awesome-copilot,quarantined-instruction,,
.staging/.github/skills/github-issues/references/templates.md,1384,aether,aether/.staging/community/awesome-copilot/skills/github-issues/references/templates.md,aether/library/community/awesome-copilot/skills/github-issues/references/templates.md,quarantine-and-curate,aether-community-awesome-copilot,quarantined-instruction,,
.staging/.github/skills/github-release/SKILL.md,14301,aether,aether/.staging/community/awesome-copilot/skills/github-release/SKILL.md,aether/library/community/awesome-copilot/skills/github-release/SKILL.md,quarantine-and-curate,aether-community-awesome-copilot,quarantined-instruction,,
.staging/.github/skills/github-release/references/commit-classification.md,2915,aether,aether/.staging/community/awesome-copilot/skills/github-release/references/commit-classification.md,aether/library/community/awesome-copilot/skills/github-release/references/commit-classification.md,quarantine-and-curate,aether-community-awesome-copilot,quarantined-instruction,,
.staging/.github/skills/github-release/references/semver-rules.md,2999,aether,aether/.staging/community/awesome-copilot/skills/github-release/references/semver-rules.md,aether/library/community/awesome-copilot/skills/github-release/references/semver-rules.md,quarantine-and-curate,aether-community-awesome-copilot,quarantined-instruction,,
.staging/.github/skills/go-mcp-server-generator/SKILL.md,7115,aether,aether/.staging/community/awesome-copilot/skills/go-mcp-server-generator/SKILL.md,aether/library/community/awesome-copilot/skills/go-mcp-server-generator/SKILL.md,quarantine-and-curate,aether-community-awesome-copilot,quarantined-instruction,,
.staging/.github/skills/gsap-framer-scroll-animation/SKILL.md,6399,aether,aether/.staging/community/awesome-copilot/skills/gsap-framer-scroll-animation/SKILL.md,aether/library/community/awesome-copilot/skills/gsap-framer-scroll-animation/SKILL.md,quarantine-and-curate,aether-community-awesome-copilot,quarantined-instruction,,
.staging/.github/skills/gsap-framer-scroll-animation/references/framer.md,19396,aether,aether/.staging/community/awesome-copilot/skills/gsap-framer-scroll-animation/references/framer.md,aether/library/community/awesome-copilot/skills/gsap-framer-scroll-animation/references/framer.md,quarantine-and-curate,aether-community-awesome-copilot,quarantined-instruction,,
.staging/.github/skills/gsap-framer-scroll-animation/references/gsap.md,16958,aether,aether/.staging/community/awesome-copilot/skills/gsap-framer-scroll-animation/references/gsap.md,aether/library/community/awesome-copilot/skills/gsap-framer-scroll-animation/references/gsap.md,quarantine-and-curate,aether-community-awesome-copilot,quarantined-instruction,,
.staging/.github/skills/gtm-0-to-1-launch/SKILL.md,12885,aether,aether/.staging/community/awesome-copilot/skills/gtm-0-to-1-launch/SKILL.md,aether/library/community/awesome-copilot/skills/gtm-0-to-1-launch/SKILL.md,quarantine-and-curate,aether-community-awesome-copilot,quarantined-instruction,,
.staging/.github/skills/gtm-ai-gtm/SKILL.md,21378,aether,aether/.staging/community/awesome-copilot/skills/gtm-ai-gtm/SKILL.md,aether/library/community/awesome-copilot/skills/gtm-ai-gtm/SKILL.md,quarantine-and-curate,aether-community-awesome-copilot,quarantined-instruction,,
.staging/.github/skills/gtm-board-and-investor-communication/SKILL.md,18769,aether,aether/.staging/community/awesome-copilot/skills/gtm-board-and-investor-communication/SKILL.md,aether/library/community/awesome-copilot/skills/gtm-board-and-investor-communication/SKILL.md,quarantine-and-curate,aether-community-awesome-copilot,quarantined-instruction,,
.staging/.github/skills/gtm-developer-ecosystem/SKILL.md,9307,aether,aether/.staging/community/awesome-copilot/skills/gtm-developer-ecosystem/SKILL.md,aether/library/community/awesome-copilot/skills/gtm-developer-ecosystem/SKILL.md,quarantine-and-curate,aether-community-awesome-copilot,quarantined-instruction,,
.staging/.github/skills/gtm-enterprise-account-planning/SKILL.md,15783,aether,aether/.staging/community/awesome-copilot/skills/gtm-enterprise-account-planning/SKILL.md,aether/library/community/awesome-copilot/skills/gtm-enterprise-account-planning/SKILL.md,quarantine-and-curate,aether-community-awesome-copilot,quarantined-instruction,,
.staging/.github/skills/gtm-enterprise-onboarding/SKILL.md,14423,aether,aether/.staging/community/awesome-copilot/skills/gtm-enterprise-onboarding/SKILL.md,aether/library/community/awesome-copilot/skills/gtm-enterprise-onboarding/SKILL.md,quarantine-and-curate,aether-community-awesome-copilot,quarantined-instruction,,
.staging/.github/skills/gtm-operating-cadence/SKILL.md,16147,aether,aether/.staging/community/awesome-copilot/skills/gtm-operating-cadence/SKILL.md,aether/library/community/awesome-copilot/skills/gtm-operating-cadence/SKILL.md,quarantine-and-curate,aether-community-awesome-copilot,quarantined-instruction,,
.staging/.github/skills/gtm-partnership-architecture/SKILL.md,15975,aether,aether/.staging/community/awesome-copilot/skills/gtm-partnership-architecture/SKILL.md,aether/library/community/awesome-copilot/skills/gtm-partnership-architecture/SKILL.md,quarantine-and-curate,aether-community-awesome-copilot,quarantined-instruction,,
.staging/.github/skills/gtm-positioning-strategy/SKILL.md,14272,aether,aether/.staging/community/awesome-copilot/skills/gtm-positioning-strategy/SKILL.md,aether/library/community/awesome-copilot/skills/gtm-positioning-strategy/SKILL.md,quarantine-and-curate,aether-community-awesome-copilot,quarantined-instruction,,
.staging/.github/skills/gtm-product-led-growth/SKILL.md,12688,aether,aether/.staging/community/awesome-copilot/skills/gtm-product-led-growth/SKILL.md,aether/library/community/awesome-copilot/skills/gtm-product-led-growth/SKILL.md,quarantine-and-curate,aether-community-awesome-copilot,quarantined-instruction,,
.staging/.github/skills/gtm-technical-product-pricing/SKILL.md,13108,aether,aether/.staging/community/awesome-copilot/skills/gtm-technical-product-pricing/SKILL.md,aether/library/community/awesome-copilot/skills/gtm-technical-product-pricing/SKILL.md,quarantine-and-curate,aether-community-awesome-copilot,quarantined-instruction,,
.staging/.github/skills/harness-engineering/SKILL.md,7884,aether,aether/.staging/community/awesome-copilot/skills/harness-engineering/SKILL.md,aether/library/community/awesome-copilot/skills/harness-engineering/SKILL.md,quarantine-and-curate,aether-community-awesome-copilot,quarantined-instruction,,
.staging/.github/skills/image-annotations/SKILL.md,23900,aether,aether/.staging/community/awesome-copilot/skills/image-annotations/SKILL.md,aether/library/community/awesome-copilot/skills/image-annotations/SKILL.md,quarantine-and-curate,aether-community-awesome-copilot,quarantined-instruction,,
.staging/.github/skills/image-manipulation-image-magick/SKILL.md,6963,aether,aether/.staging/community/awesome-copilot/skills/image-manipulation-image-magick/SKILL.md,aether/library/community/awesome-copilot/skills/image-manipulation-image-magick/SKILL.md,quarantine-and-curate,aether-community-awesome-copilot,quarantined-instruction,,
.staging/.github/skills/impediment-prioritization/SKILL.md,9072,aether,aether/.staging/community/awesome-copilot/skills/impediment-prioritization/SKILL.md,aether/library/community/awesome-copilot/skills/impediment-prioritization/SKILL.md,quarantine-and-curate,aether-community-awesome-copilot,quarantined-instruction,,
.staging/.github/skills/impediment-prioritization/references/scoring-rubric.md,5953,aether,aether/.staging/community/awesome-copilot/skills/impediment-prioritization/references/scoring-rubric.md,aether/library/community/awesome-copilot/skills/impediment-prioritization/references/scoring-rubric.md,quarantine-and-curate,aether-community-awesome-copilot,quarantined-instruction,,
.staging/.github/skills/import-infrastructure-as-code/SKILL.md,18742,aether,aether/.staging/community/awesome-copilot/skills/import-infrastructure-as-code/SKILL.md,aether/library/community/awesome-copilot/skills/import-infrastructure-as-code/SKILL.md,quarantine-and-curate,aether-community-awesome-copilot,quarantined-instruction,,
.staging/.github/skills/incident-postmortem/SKILL.md,7349,aether,aether/.staging/community/awesome-copilot/skills/incident-postmortem/SKILL.md,aether/library/community/awesome-copilot/skills/incident-postmortem/SKILL.md,quarantine-and-curate,aether-community-awesome-copilot,quarantined-instruction,,
.staging/.github/skills/integrate-context-matic/SKILL.md,6311,aether,aether/.staging/community/awesome-copilot/skills/integrate-context-matic/SKILL.md,aether/library/community/awesome-copilot/skills/integrate-context-matic/SKILL.md,quarantine-and-curate,aether-community-awesome-copilot,quarantined-instruction,,
.staging/.github/skills/issue-fields-migration/SKILL.md,24309,aether,aether/.staging/community/awesome-copilot/skills/issue-fields-migration/SKILL.md,aether/library/community/awesome-copilot/skills/issue-fields-migration/SKILL.md,quarantine-and-curate,aether-community-awesome-copilot,quarantined-instruction,,
.staging/.github/skills/issue-fields-migration/references/issue-fields-api.md,3333,aether,aether/.staging/community/awesome-copilot/skills/issue-fields-migration/references/issue-fields-api.md,aether/library/community/awesome-copilot/skills/issue-fields-migration/references/issue-fields-api.md,quarantine-and-curate,aether-community-awesome-copilot,quarantined-instruction,,
.staging/.github/skills/issue-fields-migration/references/labels-api.md,2164,aether,aether/.staging/community/awesome-copilot/skills/issue-fields-migration/references/labels-api.md,aether/library/community/awesome-copilot/skills/issue-fields-migration/references/labels-api.md,quarantine-and-curate,aether-community-awesome-copilot,quarantined-instruction,,
.staging/.github/skills/issue-fields-migration/references/projects-api.md,3443,aether,aether/.staging/community/awesome-copilot/skills/issue-fields-migration/references/projects-api.md,aether/library/community/awesome-copilot/skills/issue-fields-migration/references/projects-api.md,quarantine-and-curate,aether-community-awesome-copilot,quarantined-instruction,,
.staging/.github/skills/java-add-graalvm-native-image-support/SKILL.md,12909,aether,aether/.staging/community/awesome-copilot/skills/java-add-graalvm-native-image-support/SKILL.md,aether/library/community/awesome-copilot/skills/java-add-graalvm-native-image-support/SKILL.md,quarantine-and-curate,aether-community-awesome-copilot,quarantined-instruction,,
.staging/.github/skills/java-docs/SKILL.md,1439,aether,aether/.staging/community/awesome-copilot/skills/java-docs/SKILL.md,aether/library/community/awesome-copilot/skills/java-docs/SKILL.md,quarantine-and-curate,aether-community-awesome-copilot,quarantined-instruction,,
.staging/.github/skills/java-junit/SKILL.md,2981,aether,aether/.staging/community/awesome-copilot/skills/java-junit/SKILL.md,aether/library/community/awesome-copilot/skills/java-junit/SKILL.md,quarantine-and-curate,aether-community-awesome-copilot,quarantined-instruction,,
.staging/.github/skills/java-mcp-server-generator/SKILL.md,22287,aether,aether/.staging/community/awesome-copilot/skills/java-mcp-server-generator/SKILL.md,aether/library/community/awesome-copilot/skills/java-mcp-server-generator/SKILL.md,quarantine-and-curate,aether-community-awesome-copilot,quarantined-instruction,,
.staging/.github/skills/java-refactoring-extract-method/SKILL.md,3490,aether,aether/.staging/community/awesome-copilot/skills/java-refactoring-extract-method/SKILL.md,aether/library/community/awesome-copilot/skills/java-refactoring-extract-method/SKILL.md,quarantine-and-curate,aether-community-awesome-copilot,quarantined-instruction,,
.staging/.github/skills/java-refactoring-remove-parameter/SKILL.md,2952,aether,aether/.staging/community/awesome-copilot/skills/java-refactoring-remove-parameter/SKILL.md,aether/library/community/awesome-copilot/skills/java-refactoring-remove-parameter/SKILL.md,quarantine-and-curate,aether-community-awesome-copilot,quarantined-instruction,,
.staging/.github/skills/java-springboot/SKILL.md,4133,aether,aether/.staging/community/awesome-copilot/skills/java-springboot/SKILL.md,aether/library/community/awesome-copilot/skills/java-springboot/SKILL.md,quarantine-and-curate,aether-community-awesome-copilot,quarantined-instruction,,
.staging/.github/skills/javascript-typescript-jest/SKILL.md,2235,aether,aether/.staging/community/awesome-copilot/skills/javascript-typescript-jest/SKILL.md,aether/library/community/awesome-copilot/skills/javascript-typescript-jest/SKILL.md,quarantine-and-curate,aether-community-awesome-copilot,quarantined-instruction,,
.staging/.github/skills/javax-to-jakarta-migration/SKILL.md,2556,aether,aether/.staging/community/awesome-copilot/skills/javax-to-jakarta-migration/SKILL.md,aether/library/community/awesome-copilot/skills/javax-to-jakarta-migration/SKILL.md,quarantine-and-curate,aether-community-awesome-copilot,quarantined-instruction,,
.staging/.github/skills/kotlin-mcp-server-generator/SKILL.md,10848,aether,aether/.staging/community/awesome-copilot/skills/kotlin-mcp-server-generator/SKILL.md,aether/library/community/awesome-copilot/skills/kotlin-mcp-server-generator/SKILL.md,quarantine-and-curate,aether-community-awesome-copilot,quarantined-instruction,,
.staging/.github/skills/kotlin-springboot/SKILL.md,4406,aether,aether/.staging/community/awesome-copilot/skills/kotlin-springboot/SKILL.md,aether/library/community/awesome-copilot/skills/kotlin-springboot/SKILL.md,quarantine-and-curate,aether-community-awesome-copilot,quarantined-instruction,,
.staging/.github/skills/legacy-circuit-mockups/SKILL.md,9249,aether,aether/.staging/community/awesome-copilot/skills/legacy-circuit-mockups/SKILL.md,aether/library/community/awesome-copilot/skills/legacy-circuit-mockups/SKILL.md,quarantine-and-curate,aether-community-awesome-copilot,quarantined-instruction,,
.staging/.github/skills/legacy-circuit-mockups/references/28256-eeprom.md,4667,aether,aether/.staging/community/awesome-copilot/skills/legacy-circuit-mockups/references/28256-eeprom.md,aether/library/community/awesome-copilot/skills/legacy-circuit-mockups/references/28256-eeprom.md,quarantine-and-curate,aether-community-awesome-copilot,quarantined-instruction,,
.staging/.github/skills/legacy-circuit-mockups/references/555.md,33114,aether,aether/.staging/community/awesome-copilot/skills/legacy-circuit-mockups/references/555.md,aether/library/community/awesome-copilot/skills/legacy-circuit-mockups/references/555.md,quarantine-and-curate,aether-community-awesome-copilot,quarantined-instruction,,
.staging/.github/skills/legacy-circuit-mockups/references/6502.md,5807,aether,aether/.staging/community/awesome-copilot/skills/legacy-circuit-mockups/references/6502.md,aether/library/community/awesome-copilot/skills/legacy-circuit-mockups/references/6502.md,quarantine-and-curate,aether-community-awesome-copilot,quarantined-instruction,,
.staging/.github/skills/legacy-circuit-mockups/references/6522.md,5881,aether,aether/.staging/community/awesome-copilot/skills/legacy-circuit-mockups/references/6522.md,aether/library/community/awesome-copilot/skills/legacy-circuit-mockups/references/6522.md,quarantine-and-curate,aether-community-awesome-copilot,quarantined-instruction,,
.staging/.github/skills/legacy-circuit-mockups/references/6C62256.md,4214,aether,aether/.staging/community/awesome-copilot/skills/legacy-circuit-mockups/references/6C62256.md,aether/library/community/awesome-copilot/skills/legacy-circuit-mockups/references/6C62256.md,quarantine-and-curate,aether-community-awesome-copilot,quarantined-instruction,,
.staging/.github/skills/legacy-circuit-mockups/references/7400-series.md,4759,aether,aether/.staging/community/awesome-copilot/skills/legacy-circuit-mockups/references/7400-series.md,aether/library/community/awesome-copilot/skills/legacy-circuit-mockups/references/7400-series.md,quarantine-and-curate,aether-community-awesome-copilot,quarantined-instruction,,
.staging/.github/skills/legacy-circuit-mockups/references/assembly-compiler.md,4860,aether,aether/.staging/community/awesome-copilot/skills/legacy-circuit-mockups/references/assembly-compiler.md,aether/library/community/awesome-copilot/skills/legacy-circuit-mockups/references/assembly-compiler.md,quarantine-and-curate,aether-community-awesome-copilot,quarantined-instruction,,
.staging/.github/skills/legacy-circuit-mockups/references/assembly-language.md,5359,aether,aether/.staging/community/awesome-copilot/skills/legacy-circuit-mockups/references/assembly-language.md,aether/library/community/awesome-copilot/skills/legacy-circuit-mockups/references/assembly-language.md,quarantine-and-curate,aether-community-awesome-copilot,quarantined-instruction,,
.staging/.github/skills/legacy-circuit-mockups/references/basic-electronic-components.md,2784,aether,aether/.staging/community/awesome-copilot/skills/legacy-circuit-mockups/references/basic-electronic-components.md,aether/library/community/awesome-copilot/skills/legacy-circuit-mockups/references/basic-electronic-components.md,quarantine-and-curate,aether-community-awesome-copilot,quarantined-instruction,,
.staging/.github/skills/legacy-circuit-mockups/references/breadboard.md,5025,aether,aether/.staging/community/awesome-copilot/skills/legacy-circuit-mockups/references/breadboard.md,aether/library/community/awesome-copilot/skills/legacy-circuit-mockups/references/breadboard.md,quarantine-and-curate,aether-community-awesome-copilot,quarantined-instruction,,
.staging/.github/skills/legacy-circuit-mockups/references/common-breadboard-components.md,6565,aether,aether/.staging/community/awesome-copilot/skills/legacy-circuit-mockups/references/common-breadboard-components.md,aether/library/community/awesome-copilot/skills/legacy-circuit-mockups/references/common-breadboard-components.md,quarantine-and-curate,aether-community-awesome-copilot,quarantined-instruction,,
.staging/.github/skills/legacy-circuit-mockups/references/connecting-electronic-components.md,15302,aether,aether/.staging/community/awesome-copilot/skills/legacy-circuit-mockups/references/connecting-electronic-components.md,aether/library/community/awesome-copilot/skills/legacy-circuit-mockups/references/connecting-electronic-components.md,quarantine-and-curate,aether-community-awesome-copilot,quarantined-instruction,,
.staging/.github/skills/legacy-circuit-mockups/references/emulator-28256-eeprom.md,5198,aether,aether/.staging/community/awesome-copilot/skills/legacy-circuit-mockups/references/emulator-28256-eeprom.md,aether/library/community/awesome-copilot/skills/legacy-circuit-mockups/references/emulator-28256-eeprom.md,quarantine-and-curate,aether-community-awesome-copilot,quarantined-instruction,,
.staging/.github/skills/legacy-circuit-mockups/references/emulator-6502.md,5853,aether,aether/.staging/community/awesome-copilot/skills/legacy-circuit-mockups/references/emulator-6502.md,aether/library/community/awesome-copilot/skills/legacy-circuit-mockups/references/emulator-6502.md,quarantine-and-curate,aether-community-awesome-copilot,quarantined-instruction,,
.staging/.github/skills/legacy-circuit-mockups/references/emulator-6522.md,6698,aether,aether/.staging/community/awesome-copilot/skills/legacy-circuit-mockups/references/emulator-6522.md,aether/library/community/awesome-copilot/skills/legacy-circuit-mockups/references/emulator-6522.md,quarantine-and-curate,aether-community-awesome-copilot,quarantined-instruction,,
.staging/.github/skills/legacy-circuit-mockups/references/emulator-6C62256.md,4869,aether,aether/.staging/community/awesome-copilot/skills/legacy-circuit-mockups/references/emulator-6C62256.md,aether/library/community/awesome-copilot/skills/legacy-circuit-mockups/references/emulator-6C62256.md,quarantine-and-curate,aether-community-awesome-copilot,quarantined-instruction,,
.staging/.github/skills/legacy-circuit-mockups/references/emulator-lcd.md,5118,aether,aether/.staging/community/awesome-copilot/skills/legacy-circuit-mockups/references/emulator-lcd.md,aether/library/community/awesome-copilot/skills/legacy-circuit-mockups/references/emulator-lcd.md,quarantine-and-curate,aether-community-awesome-copilot,quarantined-instruction,,
.staging/.github/skills/legacy-circuit-mockups/references/lcd.md,5291,aether,aether/.staging/community/awesome-copilot/skills/legacy-circuit-mockups/references/lcd.md,aether/library/community/awesome-copilot/skills/legacy-circuit-mockups/references/lcd.md,quarantine-and-curate,aether-community-awesome-copilot,quarantined-instruction,,
.staging/.github/skills/legacy-circuit-mockups/references/minipro.md,4130,aether,aether/.staging/community/awesome-copilot/skills/legacy-circuit-mockups/references/minipro.md,aether/library/community/awesome-copilot/skills/legacy-circuit-mockups/references/minipro.md,quarantine-and-curate,aether-community-awesome-copilot,quarantined-instruction,,
.staging/.github/skills/legacy-circuit-mockups/references/t48eeprom-programmer.md,4398,aether,aether/.staging/community/awesome-copilot/skills/legacy-circuit-mockups/references/t48eeprom-programmer.md,aether/library/community/awesome-copilot/skills/legacy-circuit-mockups/references/t48eeprom-programmer.md,quarantine-and-curate,aether-community-awesome-copilot,quarantined-instruction,,
.staging/.github/skills/linkedin-post-formatter/SKILL.md,6089,aether,aether/.staging/community/awesome-copilot/skills/linkedin-post-formatter/SKILL.md,aether/library/community/awesome-copilot/skills/linkedin-post-formatter/SKILL.md,quarantine-and-curate,aether-community-awesome-copilot,quarantined-instruction,,
.staging/.github/skills/linkedin-post-formatter/references/unicode-charmap.md,2583,aether,aether/.staging/community/awesome-copilot/skills/linkedin-post-formatter/references/unicode-charmap.md,aether/library/community/awesome-copilot/skills/linkedin-post-formatter/references/unicode-charmap.md,quarantine-and-curate,aether-community-awesome-copilot,quarantined-instruction,,
.staging/.github/skills/lsp-setup/SKILL.md,4003,aether,aether/.staging/community/awesome-copilot/skills/lsp-setup/SKILL.md,aether/library/community/awesome-copilot/skills/lsp-setup/SKILL.md,quarantine-and-curate,aether-community-awesome-copilot,quarantined-instruction,,
.staging/.github/skills/lsp-setup/references/lsp-servers.md,8659,aether,aether/.staging/community/awesome-copilot/skills/lsp-setup/references/lsp-servers.md,aether/library/community/awesome-copilot/skills/lsp-setup/references/lsp-servers.md,quarantine-and-curate,aether-community-awesome-copilot,quarantined-instruction,,
.staging/.github/skills/make-repo-contribution/SKILL.md,6405,aether,aether/.staging/community/awesome-copilot/skills/make-repo-contribution/SKILL.md,aether/library/community/awesome-copilot/skills/make-repo-contribution/SKILL.md,quarantine-and-curate,aether-community-awesome-copilot,quarantined-instruction,,
.staging/.github/skills/make-repo-contribution/assets/issue-template.md,790,aether,aether/.staging/community/awesome-copilot/skills/make-repo-contribution/assets/issue-template.md,aether/library/community/awesome-copilot/skills/make-repo-contribution/assets/issue-template.md,quarantine-and-curate,aether-community-awesome-copilot,quarantined-instruction,,
.staging/.github/skills/make-repo-contribution/assets/pr-template.md,902,aether,aether/.staging/community/awesome-copilot/skills/make-repo-contribution/assets/pr-template.md,aether/library/community/awesome-copilot/skills/make-repo-contribution/assets/pr-template.md,quarantine-and-curate,aether-community-awesome-copilot,quarantined-instruction,,
.staging/.github/skills/markdown-to-html/SKILL.md,24632,aether,aether/.staging/community/awesome-copilot/skills/markdown-to-html/SKILL.md,aether/library/community/awesome-copilot/skills/markdown-to-html/SKILL.md,quarantine-and-curate,aether-community-awesome-copilot,quarantined-instruction,,
.staging/.github/skills/markdown-to-html/references/basic-markdown-to-html.md,4291,aether,aether/.staging/community/awesome-copilot/skills/markdown-to-html/references/basic-markdown-to-html.md,aether/library/community/awesome-copilot/skills/markdown-to-html/references/basic-markdown-to-html.md,quarantine-and-curate,aether-community-awesome-copilot,quarantined-instruction,,
.staging/.github/skills/markdown-to-html/references/basic-markdown.md,31397,aether,aether/.staging/community/awesome-copilot/skills/markdown-to-html/references/basic-markdown.md,aether/library/community/awesome-copilot/skills/markdown-to-html/references/basic-markdown.md,quarantine-and-curate,aether-community-awesome-copilot,quarantined-instruction,,
.staging/.github/skills/markdown-to-html/references/code-blocks-to-html.md,2704,aether,aether/.staging/community/awesome-copilot/skills/markdown-to-html/references/code-blocks-to-html.md,aether/library/community/awesome-copilot/skills/markdown-to-html/references/code-blocks-to-html.md,quarantine-and-curate,aether-community-awesome-copilot,quarantined-instruction,,
.staging/.github/skills/markdown-to-html/references/code-blocks.md,3810,aether,aether/.staging/community/awesome-copilot/skills/markdown-to-html/references/code-blocks.md,aether/library/community/awesome-copilot/skills/markdown-to-html/references/code-blocks.md,quarantine-and-curate,aether-community-awesome-copilot,quarantined-instruction,,
.staging/.github/skills/markdown-to-html/references/collapsed-sections-to-html.md,2608,aether,aether/.staging/community/awesome-copilot/skills/markdown-to-html/references/collapsed-sections-to-html.md,aether/library/community/awesome-copilot/skills/markdown-to-html/references/collapsed-sections-to-html.md,quarantine-and-curate,aether-community-awesome-copilot,quarantined-instruction,,
.staging/.github/skills/markdown-to-html/references/collapsed-sections.md,2787,aether,aether/.staging/community/awesome-copilot/skills/markdown-to-html/references/collapsed-sections.md,aether/library/community/awesome-copilot/skills/markdown-to-html/references/collapsed-sections.md,quarantine-and-curate,aether-community-awesome-copilot,quarantined-instruction,,
.staging/.github/skills/markdown-to-html/references/gomarkdown.md,6253,aether,aether/.staging/community/awesome-copilot/skills/markdown-to-html/references/gomarkdown.md,aether/library/community/awesome-copilot/skills/markdown-to-html/references/gomarkdown.md,quarantine-and-curate,aether-community-awesome-copilot,quarantined-instruction,,
.staging/.github/skills/markdown-to-html/references/hugo.md,7029,aether,aether/.staging/community/awesome-copilot/skills/markdown-to-html/references/hugo.md,aether/library/community/awesome-copilot/skills/markdown-to-html/references/hugo.md,quarantine-and-curate,aether-community-awesome-copilot,quarantined-instruction,,
.staging/.github/skills/markdown-to-html/references/jekyll.md,5760,aether,aether/.staging/community/awesome-copilot/skills/markdown-to-html/references/jekyll.md,aether/library/community/awesome-copilot/skills/markdown-to-html/references/jekyll.md,quarantine-and-curate,aether-community-awesome-copilot,quarantined-instruction,,
.staging/.github/skills/markdown-to-html/references/marked.md,2984,aether,aether/.staging/community/awesome-copilot/skills/markdown-to-html/references/marked.md,aether/library/community/awesome-copilot/skills/markdown-to-html/references/marked.md,quarantine-and-curate,aether-community-awesome-copilot,quarantined-instruction,,
.staging/.github/skills/markdown-to-html/references/pandoc.md,4123,aether,aether/.staging/community/awesome-copilot/skills/markdown-to-html/references/pandoc.md,aether/library/community/awesome-copilot/skills/markdown-to-html/references/pandoc.md,quarantine-and-curate,aether-community-awesome-copilot,quarantined-instruction,,
.staging/.github/skills/markdown-to-html/references/tables-to-html.md,2665,aether,aether/.staging/community/awesome-copilot/skills/markdown-to-html/references/tables-to-html.md,aether/library/community/awesome-copilot/skills/markdown-to-html/references/tables-to-html.md,quarantine-and-curate,aether-community-awesome-copilot,quarantined-instruction,,
.staging/.github/skills/markdown-to-html/references/tables.md,3767,aether,aether/.staging/community/awesome-copilot/skills/markdown-to-html/references/tables.md,aether/library/community/awesome-copilot/skills/markdown-to-html/references/tables.md,quarantine-and-curate,aether-community-awesome-copilot,quarantined-instruction,,
.staging/.github/skills/markdown-to-html/references/writing-mathematical-expressions-to-html.md,6004,aether,aether/.staging/community/awesome-copilot/skills/markdown-to-html/references/writing-mathematical-expressions-to-html.md,aether/library/community/awesome-copilot/skills/markdown-to-html/references/writing-mathematical-expressions-to-html.md,quarantine-and-curate,aether-community-awesome-copilot,quarantined-instruction,,
.staging/.github/skills/markdown-to-html/references/writing-mathematical-expressions.md,4886,aether,aether/.staging/community/awesome-copilot/skills/markdown-to-html/references/writing-mathematical-expressions.md,aether/library/community/awesome-copilot/skills/markdown-to-html/references/writing-mathematical-expressions.md,quarantine-and-curate,aether-community-awesome-copilot,quarantined-instruction,,
.staging/.github/skills/mcp-cli/SKILL.md,2539,aether,aether/.staging/community/awesome-copilot/skills/mcp-cli/SKILL.md,aether/library/community/awesome-copilot/skills/mcp-cli/SKILL.md,quarantine-and-curate,aether-community-awesome-copilot,quarantined-instruction,,
.staging/.github/skills/mcp-copilot-studio-server-generator/SKILL.md,4258,aether,aether/.staging/community/awesome-copilot/skills/mcp-copilot-studio-server-generator/SKILL.md,aether/library/community/awesome-copilot/skills/mcp-copilot-studio-server-generator/SKILL.md,quarantine-and-curate,aether-community-awesome-copilot,quarantined-instruction,,
.staging/.github/skills/mcp-create-adaptive-cards/SKILL.md,12541,aether,aether/.staging/community/awesome-copilot/skills/mcp-create-adaptive-cards/SKILL.md,aether/library/community/awesome-copilot/skills/mcp-create-adaptive-cards/SKILL.md,quarantine-and-curate,aether-community-awesome-copilot,quarantined-instruction,,
.staging/.github/skills/mcp-create-declarative-agent/SKILL.md,8144,aether,aether/.staging/community/awesome-copilot/skills/mcp-create-declarative-agent/SKILL.md,aether/library/community/awesome-copilot/skills/mcp-create-declarative-agent/SKILL.md,quarantine-and-curate,aether-community-awesome-copilot,quarantined-instruction,,
.staging/.github/skills/mcp-deploy-manage-agents/SKILL.md,9883,aether,aether/.staging/community/awesome-copilot/skills/mcp-deploy-manage-agents/SKILL.md,aether/library/community/awesome-copilot/skills/mcp-deploy-manage-agents/SKILL.md,quarantine-and-curate,aether-community-awesome-copilot,quarantined-instruction,,
.staging/.github/skills/mcp-security-audit/SKILL.md,8925,aether,aether/.staging/community/awesome-copilot/skills/mcp-security-audit/SKILL.md,aether/library/community/awesome-copilot/skills/mcp-security-audit/SKILL.md,quarantine-and-curate,aether-community-awesome-copilot,quarantined-instruction,,
.staging/.github/skills/md-to-docx/SKILL.md,2771,aether,aether/.staging/community/awesome-copilot/skills/md-to-docx/SKILL.md,aether/library/community/awesome-copilot/skills/md-to-docx/SKILL.md,quarantine-and-curate,aether-community-awesome-copilot,quarantined-instruction,,
.staging/.github/skills/md-to-docx/scripts/md-to-docx.mjs,14708,aether,aether/.staging/community/awesome-copilot/skills/md-to-docx/scripts/md-to-docx.mjs,aether/library/community/awesome-copilot/skills/md-to-docx/scripts/md-to-docx.mjs,quarantine-and-curate,aether-community-awesome-copilot,quarantined-executable,,
.staging/.github/skills/md-to-docx/scripts/package.json,187,aether,aether/.staging/community/awesome-copilot/skills/md-to-docx/scripts/package.json,aether/library/community/awesome-copilot/skills/md-to-docx/scripts/package.json,quarantine-and-curate,aether-community-awesome-copilot,quarantined-instruction,,
.staging/.github/skills/meeting-minutes/SKILL.md,7894,aether,aether/.staging/community/awesome-copilot/skills/meeting-minutes/SKILL.md,aether/library/community/awesome-copilot/skills/meeting-minutes/SKILL.md,quarantine-and-curate,aether-community-awesome-copilot,quarantined-instruction,,
.staging/.github/skills/memory-merger/SKILL.md,3889,aether,aether/.staging/community/awesome-copilot/skills/memory-merger/SKILL.md,aether/library/community/awesome-copilot/skills/memory-merger/SKILL.md,quarantine-and-curate,aether-community-awesome-copilot,quarantined-instruction,,
.staging/.github/skills/mentoring-juniors/SKILL.md,14060,aether,aether/.staging/community/awesome-copilot/skills/mentoring-juniors/SKILL.md,aether/library/community/awesome-copilot/skills/mentoring-juniors/SKILL.md,quarantine-and-curate,aether-community-awesome-copilot,quarantined-instruction,,
.staging/.github/skills/microsoft-agent-framework/SKILL.md,4162,aether,aether/.staging/community/awesome-copilot/skills/microsoft-agent-framework/SKILL.md,aether/library/community/awesome-copilot/skills/microsoft-agent-framework/SKILL.md,quarantine-and-curate,aether-community-awesome-copilot,quarantined-instruction,,
.staging/.github/skills/microsoft-agent-framework/references/dotnet.md,912,aether,aether/.staging/community/awesome-copilot/skills/microsoft-agent-framework/references/dotnet.md,aether/library/community/awesome-copilot/skills/microsoft-agent-framework/references/dotnet.md,quarantine-and-curate,aether-community-awesome-copilot,quarantined-instruction,,
.staging/.github/skills/microsoft-agent-framework/references/python.md,848,aether,aether/.staging/community/awesome-copilot/skills/microsoft-agent-framework/references/python.md,aether/library/community/awesome-copilot/skills/microsoft-agent-framework/references/python.md,quarantine-and-curate,aether-community-awesome-copilot,quarantined-instruction,,
.staging/.github/skills/microsoft-code-reference/SKILL.md,4203,aether,aether/.staging/community/awesome-copilot/skills/microsoft-code-reference/SKILL.md,aether/library/community/awesome-copilot/skills/microsoft-code-reference/SKILL.md,quarantine-and-curate,aether-community-awesome-copilot,quarantined-instruction,,
.staging/.github/skills/microsoft-docs/SKILL.md,5710,aether,aether/.staging/community/awesome-copilot/skills/microsoft-docs/SKILL.md,aether/library/community/awesome-copilot/skills/microsoft-docs/SKILL.md,quarantine-and-curate,aether-community-awesome-copilot,quarantined-instruction,,
.staging/.github/skills/microsoft-skill-creator/SKILL.md,8531,aether,aether/.staging/community/awesome-copilot/skills/microsoft-skill-creator/SKILL.md,aether/library/community/awesome-copilot/skills/microsoft-skill-creator/SKILL.md,quarantine-and-curate,aether-community-awesome-copilot,quarantined-instruction,,
.staging/.github/skills/microsoft-skill-creator/references/skill-templates.md,7882,aether,aether/.staging/community/awesome-copilot/skills/microsoft-skill-creator/references/skill-templates.md,aether/library/community/awesome-copilot/skills/microsoft-skill-creator/references/skill-templates.md,quarantine-and-curate,aether-community-awesome-copilot,quarantined-instruction,,
.staging/.github/skills/migrating-oracle-to-postgres-stored-procedures/SKILL.md,2304,aether,aether/.staging/community/awesome-copilot/skills/migrating-oracle-to-postgres-stored-procedures/SKILL.md,aether/library/community/awesome-copilot/skills/migrating-oracle-to-postgres-stored-procedures/SKILL.md,quarantine-and-curate,aether-community-awesome-copilot,quarantined-instruction,,
.staging/.github/skills/minecraft-plugin-development/SKILL.md,12746,aether,aether/.staging/community/awesome-copilot/skills/minecraft-plugin-development/SKILL.md,aether/library/community/awesome-copilot/skills/minecraft-plugin-development/SKILL.md,quarantine-and-curate,aether-community-awesome-copilot,quarantined-instruction,,
.staging/.github/skills/minecraft-plugin-development/references/bootstrap-registration.md,3547,aether,aether/.staging/community/awesome-copilot/skills/minecraft-plugin-development/references/bootstrap-registration.md,aether/library/community/awesome-copilot/skills/minecraft-plugin-development/references/bootstrap-registration.md,quarantine-and-curate,aether-community-awesome-copilot,quarantined-instruction,,
.staging/.github/skills/minecraft-plugin-development/references/build-test-and-runtime-validation.md,6741,aether,aether/.staging/community/awesome-copilot/skills/minecraft-plugin-development/references/build-test-and-runtime-validation.md,aether/library/community/awesome-copilot/skills/minecraft-plugin-development/references/build-test-and-runtime-validation.md,quarantine-and-curate,aether-community-awesome-copilot,quarantined-instruction,,
.staging/.github/skills/minecraft-plugin-development/references/config-data-and-async.md,3712,aether,aether/.staging/community/awesome-copilot/skills/minecraft-plugin-development/references/config-data-and-async.md,aether/library/community/awesome-copilot/skills/minecraft-plugin-development/references/config-data-and-async.md,quarantine-and-curate,aether-community-awesome-copilot,quarantined-instruction,,
.staging/.github/skills/minecraft-plugin-development/references/maps-heroes-and-feature-modules.md,3625,aether,aether/.staging/community/awesome-copilot/skills/minecraft-plugin-development/references/maps-heroes-and-feature-modules.md,aether/library/community/awesome-copilot/skills/minecraft-plugin-development/references/maps-heroes-and-feature-modules.md,quarantine-and-curate,aether-community-awesome-copilot,quarantined-instruction,,
.staging/.github/skills/minecraft-plugin-development/references/minigame-instance-flow.md,7160,aether,aether/.staging/community/awesome-copilot/skills/minecraft-plugin-development/references/minigame-instance-flow.md,aether/library/community/awesome-copilot/skills/minecraft-plugin-development/references/minigame-instance-flow.md,quarantine-and-curate,aether-community-awesome-copilot,quarantined-instruction,,
.staging/.github/skills/minecraft-plugin-development/references/persistent-progression-and-events.md,5933,aether,aether/.staging/community/awesome-copilot/skills/minecraft-plugin-development/references/persistent-progression-and-events.md,aether/library/community/awesome-copilot/skills/minecraft-plugin-development/references/persistent-progression-and-events.md,quarantine-and-curate,aether-community-awesome-copilot,quarantined-instruction,,
.staging/.github/skills/minecraft-plugin-development/references/project-patterns.md,5177,aether,aether/.staging/community/awesome-copilot/skills/minecraft-plugin-development/references/project-patterns.md,aether/library/community/awesome-copilot/skills/minecraft-plugin-development/references/project-patterns.md,quarantine-and-curate,aether-community-awesome-copilot,quarantined-instruction,,
.staging/.github/skills/minecraft-plugin-development/references/state-sessions-and-phases.md,3489,aether,aether/.staging/community/awesome-copilot/skills/minecraft-plugin-development/references/state-sessions-and-phases.md,aether/library/community/awesome-copilot/skills/minecraft-plugin-development/references/state-sessions-and-phases.md,quarantine-and-curate,aether-community-awesome-copilot,quarantined-instruction,,
.staging/.github/skills/mini-context-graph/SKILL.md,8056,aether,aether/.staging/community/awesome-copilot/skills/mini-context-graph/SKILL.md,aether/library/community/awesome-copilot/skills/mini-context-graph/SKILL.md,quarantine-and-curate,aether-community-awesome-copilot,quarantined-instruction,,
.staging/.github/skills/mini-context-graph/references/ingestion.md,5161,aether,aether/.staging/community/awesome-copilot/skills/mini-context-graph/references/ingestion.md,aether/library/community/awesome-copilot/skills/mini-context-graph/references/ingestion.md,quarantine-and-curate,aether-community-awesome-copilot,quarantined-instruction,,
.staging/.github/skills/mini-context-graph/references/lint.md,4235,aether,aether/.staging/community/awesome-copilot/skills/mini-context-graph/references/lint.md,aether/library/community/awesome-copilot/skills/mini-context-graph/references/lint.md,quarantine-and-curate,aether-community-awesome-copilot,quarantined-instruction,,
.staging/.github/skills/mini-context-graph/references/ontology.md,3238,aether,aether/.staging/community/awesome-copilot/skills/mini-context-graph/references/ontology.md,aether/library/community/awesome-copilot/skills/mini-context-graph/references/ontology.md,quarantine-and-curate,aether-community-awesome-copilot,quarantined-instruction,,
.staging/.github/skills/mini-context-graph/references/retrieval.md,4399,aether,aether/.staging/community/awesome-copilot/skills/mini-context-graph/references/retrieval.md,aether/library/community/awesome-copilot/skills/mini-context-graph/references/retrieval.md,quarantine-and-curate,aether-community-awesome-copilot,quarantined-instruction,,
.staging/.github/skills/mini-context-graph/scripts/config.py,893,aether,aether/.staging/community/awesome-copilot/skills/mini-context-graph/scripts/config.py,aether/library/community/awesome-copilot/skills/mini-context-graph/scripts/config.py,quarantine-and-curate,aether-community-awesome-copilot,quarantined-executable,,
.staging/.github/skills/mini-context-graph/scripts/contextgraph.py,11794,aether,aether/.staging/community/awesome-copilot/skills/mini-context-graph/scripts/contextgraph.py,aether/library/community/awesome-copilot/skills/mini-context-graph/scripts/contextgraph.py,quarantine-and-curate,aether-community-awesome-copilot,quarantined-executable,,
.staging/.github/skills/mini-context-graph/scripts/template_agent_workflow.py,6708,aether,aether/.staging/community/awesome-copilot/skills/mini-context-graph/scripts/template_agent_workflow.py,aether/library/community/awesome-copilot/skills/mini-context-graph/scripts/template_agent_workflow.py,quarantine-and-curate,aether-community-awesome-copilot,quarantined-executable,,
.staging/.github/skills/mini-context-graph/scripts/tools/__init__.py,0,aether,aether/.staging/community/awesome-copilot/skills/mini-context-graph/scripts/tools/__init__.py,aether/library/community/awesome-copilot/skills/mini-context-graph/scripts/tools/__init__.py,quarantine-and-curate,aether-community-awesome-copilot,quarantined-executable,,
.staging/.github/skills/mini-context-graph/scripts/tools/documents_store.py,5849,aether,aether/.staging/community/awesome-copilot/skills/mini-context-graph/scripts/tools/documents_store.py,aether/library/community/awesome-copilot/skills/mini-context-graph/scripts/tools/documents_store.py,quarantine-and-curate,aether-community-awesome-copilot,quarantined-executable,,
.staging/.github/skills/mini-context-graph/scripts/tools/graph_store.py,6163,aether,aether/.staging/community/awesome-copilot/skills/mini-context-graph/scripts/tools/graph_store.py,aether/library/community/awesome-copilot/skills/mini-context-graph/scripts/tools/graph_store.py,quarantine-and-curate,aether-community-awesome-copilot,quarantined-executable,,
.staging/.github/skills/mini-context-graph/scripts/tools/index_store.py,2821,aether,aether/.staging/community/awesome-copilot/skills/mini-context-graph/scripts/tools/index_store.py,aether/library/community/awesome-copilot/skills/mini-context-graph/scripts/tools/index_store.py,quarantine-and-curate,aether-community-awesome-copilot,quarantined-executable,,
.staging/.github/skills/mini-context-graph/scripts/tools/ontology_store.py,4953,aether,aether/.staging/community/awesome-copilot/skills/mini-context-graph/scripts/tools/ontology_store.py,aether/library/community/awesome-copilot/skills/mini-context-graph/scripts/tools/ontology_store.py,quarantine-and-curate,aether-community-awesome-copilot,quarantined-executable,,
.staging/.github/skills/mini-context-graph/scripts/tools/retrieval_engine.py,1601,aether,aether/.staging/community/awesome-copilot/skills/mini-context-graph/scripts/tools/retrieval_engine.py,aether/library/community/awesome-copilot/skills/mini-context-graph/scripts/tools/retrieval_engine.py,quarantine-and-curate,aether-community-awesome-copilot,quarantined-executable,,
.staging/.github/skills/mini-context-graph/scripts/tools/wiki_store.py,9635,aether,aether/.staging/community/awesome-copilot/skills/mini-context-graph/scripts/tools/wiki_store.py,aether/library/community/awesome-copilot/skills/mini-context-graph/scripts/tools/wiki_store.py,quarantine-and-curate,aether-community-awesome-copilot,quarantined-executable,,
.staging/.github/skills/mkdocs-translations/SKILL.md,4301,aether,aether/.staging/community/awesome-copilot/skills/mkdocs-translations/SKILL.md,aether/library/community/awesome-copilot/skills/mkdocs-translations/SKILL.md,quarantine-and-curate,aether-community-awesome-copilot,quarantined-instruction,,
.staging/.github/skills/msgraph-sdk/SKILL.md,8250,aether,aether/.staging/community/awesome-copilot/skills/msgraph-sdk/SKILL.md,aether/library/community/awesome-copilot/skills/msgraph-sdk/SKILL.md,quarantine-and-curate,aether-community-awesome-copilot,quarantined-instruction,,
.staging/.github/skills/msgraph-sdk/references/dotnet.md,6280,aether,aether/.staging/community/awesome-copilot/skills/msgraph-sdk/references/dotnet.md,aether/library/community/awesome-copilot/skills/msgraph-sdk/references/dotnet.md,quarantine-and-curate,aether-community-awesome-copilot,quarantined-instruction,,
.staging/.github/skills/msgraph-sdk/references/python.md,8950,aether,aether/.staging/community/awesome-copilot/skills/msgraph-sdk/references/python.md,aether/library/community/awesome-copilot/skills/msgraph-sdk/references/python.md,quarantine-and-curate,aether-community-awesome-copilot,quarantined-instruction,,
.staging/.github/skills/msgraph-sdk/references/typescript.md,7578,aether,aether/.staging/community/awesome-copilot/skills/msgraph-sdk/references/typescript.md,aether/library/community/awesome-copilot/skills/msgraph-sdk/references/typescript.md,quarantine-and-curate,aether-community-awesome-copilot,quarantined-instruction,,
.staging/.github/skills/msstore-cli/SKILL.md,16293,aether,aether/.staging/community/awesome-copilot/skills/msstore-cli/SKILL.md,aether/library/community/awesome-copilot/skills/msstore-cli/SKILL.md,quarantine-and-curate,aether-community-awesome-copilot,quarantined-instruction,,
.staging/.github/skills/multi-stage-dockerfile/SKILL.md,2314,aether,aether/.staging/community/awesome-copilot/skills/multi-stage-dockerfile/SKILL.md,aether/library/community/awesome-copilot/skills/multi-stage-dockerfile/SKILL.md,quarantine-and-curate,aether-community-awesome-copilot,quarantined-instruction,,
.staging/.github/skills/mvvm-toolkit-di/SKILL.md,9367,aether,aether/.staging/community/awesome-copilot/skills/mvvm-toolkit-di/SKILL.md,aether/library/community/awesome-copilot/skills/mvvm-toolkit-di/SKILL.md,quarantine-and-curate,aether-community-awesome-copilot,quarantined-instruction,,
.staging/.github/skills/mvvm-toolkit-di/references/dependency-injection.md,8186,aether,aether/.staging/community/awesome-copilot/skills/mvvm-toolkit-di/references/dependency-injection.md,aether/library/community/awesome-copilot/skills/mvvm-toolkit-di/references/dependency-injection.md,quarantine-and-curate,aether-community-awesome-copilot,quarantined-instruction,,
.staging/.github/skills/mvvm-toolkit-messenger/SKILL.md,8867,aether,aether/.staging/community/awesome-copilot/skills/mvvm-toolkit-messenger/SKILL.md,aether/library/community/awesome-copilot/skills/mvvm-toolkit-messenger/SKILL.md,quarantine-and-curate,aether-community-awesome-copilot,quarantined-instruction,,
.staging/.github/skills/mvvm-toolkit-messenger/references/messenger-patterns.md,7033,aether,aether/.staging/community/awesome-copilot/skills/mvvm-toolkit-messenger/references/messenger-patterns.md,aether/library/community/awesome-copilot/skills/mvvm-toolkit-messenger/references/messenger-patterns.md,quarantine-and-curate,aether-community-awesome-copilot,quarantined-instruction,,
.staging/.github/skills/mvvm-toolkit/SKILL.md,10793,aether,aether/.staging/community/awesome-copilot/skills/mvvm-toolkit/SKILL.md,aether/library/community/awesome-copilot/skills/mvvm-toolkit/SKILL.md,quarantine-and-curate,aether-community-awesome-copilot,quarantined-instruction,,
.staging/.github/skills/mvvm-toolkit/references/end-to-end-walkthrough.md,11394,aether,aether/.staging/community/awesome-copilot/skills/mvvm-toolkit/references/end-to-end-walkthrough.md,aether/library/community/awesome-copilot/skills/mvvm-toolkit/references/end-to-end-walkthrough.md,quarantine-and-curate,aether-community-awesome-copilot,quarantined-instruction,,
.staging/.github/skills/mvvm-toolkit/references/relaycommand-cookbook.md,6887,aether,aether/.staging/community/awesome-copilot/skills/mvvm-toolkit/references/relaycommand-cookbook.md,aether/library/community/awesome-copilot/skills/mvvm-toolkit/references/relaycommand-cookbook.md,quarantine-and-curate,aether-community-awesome-copilot,quarantined-instruction,,
.staging/.github/skills/mvvm-toolkit/references/source-generators.md,9534,aether,aether/.staging/community/awesome-copilot/skills/mvvm-toolkit/references/source-generators.md,aether/library/community/awesome-copilot/skills/mvvm-toolkit/references/source-generators.md,quarantine-and-curate,aether-community-awesome-copilot,quarantined-instruction,,
.staging/.github/skills/mvvm-toolkit/references/troubleshooting.md,7171,aether,aether/.staging/community/awesome-copilot/skills/mvvm-toolkit/references/troubleshooting.md,aether/library/community/awesome-copilot/skills/mvvm-toolkit/references/troubleshooting.md,quarantine-and-curate,aether-community-awesome-copilot,quarantined-instruction,,
.staging/.github/skills/mvvm-toolkit/references/validation.md,5840,aether,aether/.staging/community/awesome-copilot/skills/mvvm-toolkit/references/validation.md,aether/library/community/awesome-copilot/skills/mvvm-toolkit/references/validation.md,quarantine-and-curate,aether-community-awesome-copilot,quarantined-instruction,,
.staging/.github/skills/namecheap/SKILL.md,6921,aether,aether/.staging/community/awesome-copilot/skills/namecheap/SKILL.md,aether/library/community/awesome-copilot/skills/namecheap/SKILL.md,quarantine-and-curate,aether-community-awesome-copilot,quarantined-instruction,,
.staging/.github/skills/namecheap/namecheap.py,24525,aether,aether/.staging/community/awesome-copilot/skills/namecheap/namecheap.py,aether/library/community/awesome-copilot/skills/namecheap/namecheap.py,quarantine-and-curate,aether-community-awesome-copilot,quarantined-executable,,
.staging/.github/skills/namecheap/references/namecheap-api.md,10841,aether,aether/.staging/community/awesome-copilot/skills/namecheap/references/namecheap-api.md,aether/library/community/awesome-copilot/skills/namecheap/references/namecheap-api.md,quarantine-and-curate,aether-community-awesome-copilot,quarantined-instruction,,
.staging/.github/skills/nano-banana-pro-openrouter/SKILL.md,2658,aether,aether/.staging/community/awesome-copilot/skills/nano-banana-pro-openrouter/SKILL.md,aether/library/community/awesome-copilot/skills/nano-banana-pro-openrouter/SKILL.md,quarantine-and-curate,aether-community-awesome-copilot,quarantined-instruction,,
.staging/.github/skills/nano-banana-pro-openrouter/assets/SYSTEM_TEMPLATE,1183,aether,aether/.staging/community/awesome-copilot/skills/nano-banana-pro-openrouter/assets/SYSTEM_TEMPLATE,aether/library/community/awesome-copilot/skills/nano-banana-pro-openrouter/assets/SYSTEM_TEMPLATE,quarantine-and-curate,aether-community-awesome-copilot,quarantined-instruction,,
.staging/.github/skills/nano-banana-pro-openrouter/scripts/generate_image.py,5926,aether,aether/.staging/community/awesome-copilot/skills/nano-banana-pro-openrouter/scripts/generate_image.py,aether/library/community/awesome-copilot/skills/nano-banana-pro-openrouter/scripts/generate_image.py,quarantine-and-curate,aether-community-awesome-copilot,quarantined-executable,,
.staging/.github/skills/napkin/SKILL.md,7173,aether,aether/.staging/community/awesome-copilot/skills/napkin/SKILL.md,aether/library/community/awesome-copilot/skills/napkin/SKILL.md,quarantine-and-curate,aether-community-awesome-copilot,quarantined-instruction,,
.staging/.github/skills/napkin/assets/napkin.html,62344,aether,aether/.staging/community/awesome-copilot/skills/napkin/assets/napkin.html,aether/library/community/awesome-copilot/skills/napkin/assets/napkin.html,quarantine-and-curate,aether-community-awesome-copilot,quarantined-instruction,,
.staging/.github/skills/napkin/assets/step1-activate.svg,6092,aether,aether/.staging/community/awesome-copilot/skills/napkin/assets/step1-activate.svg,aether/library/community/awesome-copilot/skills/napkin/assets/step1-activate.svg,quarantine-and-curate,aether-community-awesome-copilot,quarantined-instruction,,
.staging/.github/skills/napkin/assets/step2-whiteboard.svg,8204,aether,aether/.staging/community/awesome-copilot/skills/napkin/assets/step2-whiteboard.svg,aether/library/community/awesome-copilot/skills/napkin/assets/step2-whiteboard.svg,quarantine-and-curate,aether-community-awesome-copilot,quarantined-instruction,,
.staging/.github/skills/napkin/assets/step3-draw.svg,8707,aether,aether/.staging/community/awesome-copilot/skills/napkin/assets/step3-draw.svg,aether/library/community/awesome-copilot/skills/napkin/assets/step3-draw.svg,quarantine-and-curate,aether-community-awesome-copilot,quarantined-instruction,,
.staging/.github/skills/napkin/assets/step4-share.svg,6733,aether,aether/.staging/community/awesome-copilot/skills/napkin/assets/step4-share.svg,aether/library/community/awesome-copilot/skills/napkin/assets/step4-share.svg,quarantine-and-curate,aether-community-awesome-copilot,quarantined-instruction,,
.staging/.github/skills/napkin/assets/step5-response.svg,7309,aether,aether/.staging/community/awesome-copilot/skills/napkin/assets/step5-response.svg,aether/library/community/awesome-copilot/skills/napkin/assets/step5-response.svg,quarantine-and-curate,aether-community-awesome-copilot,quarantined-instruction,,
.staging/.github/skills/next-intl-add-language/SKILL.md,750,aether,aether/.staging/community/awesome-copilot/skills/next-intl-add-language/SKILL.md,aether/library/community/awesome-copilot/skills/next-intl-add-language/SKILL.md,quarantine-and-curate,aether-community-awesome-copilot,quarantined-instruction,,
.staging/.github/skills/noob-mode/SKILL.md,11221,aether,aether/.staging/community/awesome-copilot/skills/noob-mode/SKILL.md,aether/library/community/awesome-copilot/skills/noob-mode/SKILL.md,quarantine-and-curate,aether-community-awesome-copilot,quarantined-instruction,,
.staging/.github/skills/noob-mode/references/examples.md,12437,aether,aether/.staging/community/awesome-copilot/skills/noob-mode/references/examples.md,aether/library/community/awesome-copilot/skills/noob-mode/references/examples.md,quarantine-and-curate,aether-community-awesome-copilot,quarantined-instruction,,
.staging/.github/skills/noob-mode/references/glossary.md,21585,aether,aether/.staging/community/awesome-copilot/skills/noob-mode/references/glossary.md,aether/library/community/awesome-copilot/skills/noob-mode/references/glossary.md,quarantine-and-curate,aether-community-awesome-copilot,quarantined-instruction,,
.staging/.github/skills/nuget-manager/SKILL.md,3418,aether,aether/.staging/community/awesome-copilot/skills/nuget-manager/SKILL.md,aether/library/community/awesome-copilot/skills/nuget-manager/SKILL.md,quarantine-and-curate,aether-community-awesome-copilot,quarantined-instruction,,
.staging/.github/skills/onboard-context-matic/SKILL.md,13517,aether,aether/.staging/community/awesome-copilot/skills/onboard-context-matic/SKILL.md,aether/library/community/awesome-copilot/skills/onboard-context-matic/SKILL.md,quarantine-and-curate,aether-community-awesome-copilot,quarantined-instruction,,
.staging/.github/skills/oo-component-documentation/SKILL.md,5384,aether,aether/.staging/community/awesome-copilot/skills/oo-component-documentation/SKILL.md,aether/library/community/awesome-copilot/skills/oo-component-documentation/SKILL.md,quarantine-and-curate,aether-community-awesome-copilot,quarantined-instruction,,
.staging/.github/skills/oo-component-documentation/assets/documentation-template.md,2887,aether,aether/.staging/community/awesome-copilot/skills/oo-component-documentation/assets/documentation-template.md,aether/library/community/awesome-copilot/skills/oo-component-documentation/assets/documentation-template.md,quarantine-and-curate,aether-community-awesome-copilot,quarantined-instruction,,
.staging/.github/skills/oo-component-documentation/references/create-mode.md,1929,aether,aether/.staging/community/awesome-copilot/skills/oo-component-documentation/references/create-mode.md,aether/library/community/awesome-copilot/skills/oo-component-documentation/references/create-mode.md,quarantine-and-curate,aether-community-awesome-copilot,quarantined-instruction,,
.staging/.github/skills/oo-component-documentation/references/update-mode.md,2047,aether,aether/.staging/community/awesome-copilot/skills/oo-component-documentation/references/update-mode.md,aether/library/community/awesome-copilot/skills/oo-component-documentation/references/update-mode.md,quarantine-and-curate,aether-community-awesome-copilot,quarantined-instruction,,
.staging/.github/skills/openapi-to-application-code/SKILL.md,4744,aether,aether/.staging/community/awesome-copilot/skills/openapi-to-application-code/SKILL.md,aether/library/community/awesome-copilot/skills/openapi-to-application-code/SKILL.md,quarantine-and-curate,aether-community-awesome-copilot,quarantined-instruction,,
.staging/.github/skills/optimize-simplicite-logs/SKILL.md,3743,aether,aether/.staging/community/awesome-copilot/skills/optimize-simplicite-logs/SKILL.md,aether/library/community/awesome-copilot/skills/optimize-simplicite-logs/SKILL.md,quarantine-and-curate,aether-community-awesome-copilot,quarantined-instruction,,
.staging/.github/skills/optimize-simplicite-logs/scripts/SimpliciteLog2Json.ps1,4284,aether,aether/.staging/community/awesome-copilot/skills/optimize-simplicite-logs/scripts/SimpliciteLog2Json.ps1,aether/library/community/awesome-copilot/skills/optimize-simplicite-logs/scripts/SimpliciteLog2Json.ps1,quarantine-and-curate,aether-community-awesome-copilot,quarantined-executable,,
.staging/.github/skills/optimize-simplicite-logs/scripts/simplicite-log2json.py,4491,aether,aether/.staging/community/awesome-copilot/skills/optimize-simplicite-logs/scripts/simplicite-log2json.py,aether/library/community/awesome-copilot/skills/optimize-simplicite-logs/scripts/simplicite-log2json.py,quarantine-and-curate,aether-community-awesome-copilot,quarantined-executable,,
.staging/.github/skills/pdftk-server/SKILL.md,4743,aether,aether/.staging/community/awesome-copilot/skills/pdftk-server/SKILL.md,aether/library/community/awesome-copilot/skills/pdftk-server/SKILL.md,quarantine-and-curate,aether-community-awesome-copilot,quarantined-instruction,,
.staging/.github/skills/pdftk-server/references/download.md,3237,aether,aether/.staging/community/awesome-copilot/skills/pdftk-server/references/download.md,aether/library/community/awesome-copilot/skills/pdftk-server/references/download.md,quarantine-and-curate,aether-community-awesome-copilot,quarantined-instruction,,
.staging/.github/skills/pdftk-server/references/pdftk-cli-examples.md,3391,aether,aether/.staging/community/awesome-copilot/skills/pdftk-server/references/pdftk-cli-examples.md,aether/library/community/awesome-copilot/skills/pdftk-server/references/pdftk-cli-examples.md,quarantine-and-curate,aether-community-awesome-copilot,quarantined-instruction,,
.staging/.github/skills/pdftk-server/references/pdftk-man-page.md,7081,aether,aether/.staging/community/awesome-copilot/skills/pdftk-server/references/pdftk-man-page.md,aether/library/community/awesome-copilot/skills/pdftk-server/references/pdftk-man-page.md,quarantine-and-curate,aether-community-awesome-copilot,quarantined-instruction,,
.staging/.github/skills/pdftk-server/references/pdftk-server-license.md,1489,aether,aether/.staging/community/awesome-copilot/skills/pdftk-server/references/pdftk-server-license.md,aether/library/community/awesome-copilot/skills/pdftk-server/references/pdftk-server-license.md,quarantine-and-curate,aether-community-awesome-copilot,quarantined-instruction,,
.staging/.github/skills/pdftk-server/references/third-party-materials.md,9248,aether,aether/.staging/community/awesome-copilot/skills/pdftk-server/references/third-party-materials.md,aether/library/community/awesome-copilot/skills/pdftk-server/references/third-party-materials.md,quarantine-and-curate,aether-community-awesome-copilot,quarantined-instruction,,
.staging/.github/skills/penpot-uiux-design/SKILL.md,12950,aether,aether/.staging/community/awesome-copilot/skills/penpot-uiux-design/SKILL.md,aether/library/community/awesome-copilot/skills/penpot-uiux-design/SKILL.md,quarantine-and-curate,aether-community-awesome-copilot,quarantined-instruction,,
.staging/.github/skills/penpot-uiux-design/references/accessibility.md,7427,aether,aether/.staging/community/awesome-copilot/skills/penpot-uiux-design/references/accessibility.md,aether/library/community/awesome-copilot/skills/penpot-uiux-design/references/accessibility.md,quarantine-and-curate,aether-community-awesome-copilot,quarantined-instruction,,
.staging/.github/skills/penpot-uiux-design/references/component-patterns.md,11689,aether,aether/.staging/community/awesome-copilot/skills/penpot-uiux-design/references/component-patterns.md,aether/library/community/awesome-copilot/skills/penpot-uiux-design/references/component-patterns.md,quarantine-and-curate,aether-community-awesome-copilot,quarantined-instruction,,
.staging/.github/skills/penpot-uiux-design/references/platform-guidelines.md,10150,aether,aether/.staging/community/awesome-copilot/skills/penpot-uiux-design/references/platform-guidelines.md,aether/library/community/awesome-copilot/skills/penpot-uiux-design/references/platform-guidelines.md,quarantine-and-curate,aether-community-awesome-copilot,quarantined-instruction,,
.staging/.github/skills/penpot-uiux-design/references/setup-troubleshooting.md,8399,aether,aether/.staging/community/awesome-copilot/skills/penpot-uiux-design/references/setup-troubleshooting.md,aether/library/community/awesome-copilot/skills/penpot-uiux-design/references/setup-troubleshooting.md,quarantine-and-curate,aether-community-awesome-copilot,quarantined-instruction,,
.staging/.github/skills/performance-review-writer/SKILL.md,8850,aether,aether/.staging/community/awesome-copilot/skills/performance-review-writer/SKILL.md,aether/library/community/awesome-copilot/skills/performance-review-writer/SKILL.md,quarantine-and-curate,aether-community-awesome-copilot,quarantined-instruction,,
.staging/.github/skills/pester-migration/SKILL.md,8792,aether,aether/.staging/community/awesome-copilot/skills/pester-migration/SKILL.md,aether/library/community/awesome-copilot/skills/pester-migration/SKILL.md,quarantine-and-curate,aether-community-awesome-copilot,quarantined-instruction,,
.staging/.github/skills/pester-migration/references/v3-to-v4.md,3766,aether,aether/.staging/community/awesome-copilot/skills/pester-migration/references/v3-to-v4.md,aether/library/community/awesome-copilot/skills/pester-migration/references/v3-to-v4.md,quarantine-and-curate,aether-community-awesome-copilot,quarantined-instruction,,
.staging/.github/skills/pester-migration/references/v4-to-v5.md,11342,aether,aether/.staging/community/awesome-copilot/skills/pester-migration/references/v4-to-v5.md,aether/library/community/awesome-copilot/skills/pester-migration/references/v4-to-v5.md,quarantine-and-curate,aether-community-awesome-copilot,quarantined-instruction,,
.staging/.github/skills/pester-migration/references/v5-to-v6.md,10806,aether,aether/.staging/community/awesome-copilot/skills/pester-migration/references/v5-to-v6.md,aether/library/community/awesome-copilot/skills/pester-migration/references/v5-to-v6.md,quarantine-and-curate,aether-community-awesome-copilot,quarantined-instruction,,
.staging/.github/skills/pester-should-migration/SKILL.md,7927,aether,aether/.staging/community/awesome-copilot/skills/pester-should-migration/SKILL.md,aether/library/community/awesome-copilot/skills/pester-should-migration/SKILL.md,quarantine-and-curate,aether-community-awesome-copilot,quarantined-instruction,,
.staging/.github/skills/pester-should-migration/references/assertion-map.md,9559,aether,aether/.staging/community/awesome-copilot/skills/pester-should-migration/references/assertion-map.md,aether/library/community/awesome-copilot/skills/pester-should-migration/references/assertion-map.md,quarantine-and-curate,aether-community-awesome-copilot,quarantined-instruction,,
.staging/.github/skills/phoenix-cli/SKILL.md,16232,aether,aether/.staging/community/awesome-copilot/skills/phoenix-cli/SKILL.md,aether/library/community/awesome-copilot/skills/phoenix-cli/SKILL.md,quarantine-and-curate,aether-community-awesome-copilot,quarantined-instruction,,
.staging/.github/skills/phoenix-cli/references/axial-coding.md,15076,aether,aether/.staging/community/awesome-copilot/skills/phoenix-cli/references/axial-coding.md,aether/library/community/awesome-copilot/skills/phoenix-cli/references/axial-coding.md,quarantine-and-curate,aether-community-awesome-copilot,quarantined-instruction,,
.staging/.github/skills/phoenix-cli/references/open-coding.md,20515,aether,aether/.staging/community/awesome-copilot/skills/phoenix-cli/references/open-coding.md,aether/library/community/awesome-copilot/skills/phoenix-cli/references/open-coding.md,quarantine-and-curate,aether-community-awesome-copilot,quarantined-instruction,,
.staging/.github/skills/phoenix-evals/SKILL.md,4523,aether,aether/.staging/community/awesome-copilot/skills/phoenix-evals/SKILL.md,aether/library/community/awesome-copilot/skills/phoenix-evals/SKILL.md,quarantine-and-curate,aether-community-awesome-copilot,quarantined-instruction,,
.staging/.github/skills/phoenix-evals/references/axial-coding.md,2373,aether,aether/.staging/community/awesome-copilot/skills/phoenix-evals/references/axial-coding.md,aether/library/community/awesome-copilot/skills/phoenix-evals/references/axial-coding.md,quarantine-and-curate,aether-community-awesome-copilot,quarantined-instruction,,
.staging/.github/skills/phoenix-evals/references/common-mistakes-python.md,7156,aether,aether/.staging/community/awesome-copilot/skills/phoenix-evals/references/common-mistakes-python.md,aether/library/community/awesome-copilot/skills/phoenix-evals/references/common-mistakes-python.md,quarantine-and-curate,aether-community-awesome-copilot,quarantined-instruction,,
.staging/.github/skills/phoenix-evals/references/error-analysis-multi-turn.md,1371,aether,aether/.staging/community/awesome-copilot/skills/phoenix-evals/references/error-analysis-multi-turn.md,aether/library/community/awesome-copilot/skills/phoenix-evals/references/error-analysis-multi-turn.md,quarantine-and-curate,aether-community-awesome-copilot,quarantined-instruction,,
.staging/.github/skills/phoenix-evals/references/error-analysis.md,4316,aether,aether/.staging/community/awesome-copilot/skills/phoenix-evals/references/error-analysis.md,aether/library/community/awesome-copilot/skills/phoenix-evals/references/error-analysis.md,quarantine-and-curate,aether-community-awesome-copilot,quarantined-instruction,,
.staging/.github/skills/phoenix-evals/references/evaluate-dataframe-python.md,4464,aether,aether/.staging/community/awesome-copilot/skills/phoenix-evals/references/evaluate-dataframe-python.md,aether/library/community/awesome-copilot/skills/phoenix-evals/references/evaluate-dataframe-python.md,quarantine-and-curate,aether-community-awesome-copilot,quarantined-instruction,,
.staging/.github/skills/phoenix-evals/references/evaluators-code-python.md,3045,aether,aether/.staging/community/awesome-copilot/skills/phoenix-evals/references/evaluators-code-python.md,aether/library/community/awesome-copilot/skills/phoenix-evals/references/evaluators-code-python.md,quarantine-and-curate,aether-community-awesome-copilot,quarantined-instruction,,
.staging/.github/skills/phoenix-evals/references/evaluators-code-typescript.md,1207,aether,aether/.staging/community/awesome-copilot/skills/phoenix-evals/references/evaluators-code-typescript.md,aether/library/community/awesome-copilot/skills/phoenix-evals/references/evaluators-code-typescript.md,quarantine-and-curate,aether-community-awesome-copilot,quarantined-instruction,,
.staging/.github/skills/phoenix-evals/references/evaluators-custom-templates.md,1179,aether,aether/.staging/community/awesome-copilot/skills/phoenix-evals/references/evaluators-custom-templates.md,aether/library/community/awesome-copilot/skills/phoenix-evals/references/evaluators-custom-templates.md,quarantine-and-curate,aether-community-awesome-copilot,quarantined-instruction,,
.staging/.github/skills/phoenix-evals/references/evaluators-llm-python.md,2615,aether,aether/.staging/community/awesome-copilot/skills/phoenix-evals/references/evaluators-llm-python.md,aether/library/community/awesome-copilot/skills/phoenix-evals/references/evaluators-llm-python.md,quarantine-and-curate,aether-community-awesome-copilot,quarantined-instruction,,
.staging/.github/skills/phoenix-evals/references/evaluators-llm-typescript.md,1420,aether,aether/.staging/community/awesome-copilot/skills/phoenix-evals/references/evaluators-llm-typescript.md,aether/library/community/awesome-copilot/skills/phoenix-evals/references/evaluators-llm-typescript.md,quarantine-and-curate,aether-community-awesome-copilot,quarantined-instruction,,
.staging/.github/skills/phoenix-evals/references/evaluators-overview.md,1132,aether,aether/.staging/community/awesome-copilot/skills/phoenix-evals/references/evaluators-overview.md,aether/library/community/awesome-copilot/skills/phoenix-evals/references/evaluators-overview.md,quarantine-and-curate,aether-community-awesome-copilot,quarantined-instruction,,
.staging/.github/skills/phoenix-evals/references/evaluators-pre-built.md,2455,aether,aether/.staging/community/awesome-copilot/skills/phoenix-evals/references/evaluators-pre-built.md,aether/library/community/awesome-copilot/skills/phoenix-evals/references/evaluators-pre-built.md,quarantine-and-curate,aether-community-awesome-copilot,quarantined-instruction,,
.staging/.github/skills/phoenix-evals/references/evaluators-rag.md,3222,aether,aether/.staging/community/awesome-copilot/skills/phoenix-evals/references/evaluators-rag.md,aether/library/community/awesome-copilot/skills/phoenix-evals/references/evaluators-rag.md,quarantine-and-curate,aether-community-awesome-copilot,quarantined-instruction,,
.staging/.github/skills/phoenix-evals/references/experiments-datasets-python.md,4915,aether,aether/.staging/community/awesome-copilot/skills/phoenix-evals/references/experiments-datasets-python.md,aether/library/community/awesome-copilot/skills/phoenix-evals/references/experiments-datasets-python.md,quarantine-and-curate,aether-community-awesome-copilot,quarantined-instruction,,
.staging/.github/skills/phoenix-evals/references/experiments-datasets-typescript.md,2749,aether,aether/.staging/community/awesome-copilot/skills/phoenix-evals/references/experiments-datasets-typescript.md,aether/library/community/awesome-copilot/skills/phoenix-evals/references/experiments-datasets-typescript.md,quarantine-and-curate,aether-community-awesome-copilot,quarantined-instruction,,
.staging/.github/skills/phoenix-evals/references/experiments-overview.md,1748,aether,aether/.staging/community/awesome-copilot/skills/phoenix-evals/references/experiments-overview.md,aether/library/community/awesome-copilot/skills/phoenix-evals/references/experiments-overview.md,quarantine-and-curate,aether-community-awesome-copilot,quarantined-instruction,,
.staging/.github/skills/phoenix-evals/references/experiments-running-python.md,2990,aether,aether/.staging/community/awesome-copilot/skills/phoenix-evals/references/experiments-running-python.md,aether/library/community/awesome-copilot/skills/phoenix-evals/references/experiments-running-python.md,quarantine-and-curate,aether-community-awesome-copilot,quarantined-instruction,,
.staging/.github/skills/phoenix-evals/references/experiments-running-typescript.md,3205,aether,aether/.staging/community/awesome-copilot/skills/phoenix-evals/references/experiments-running-typescript.md,aether/library/community/awesome-copilot/skills/phoenix-evals/references/experiments-running-typescript.md,quarantine-and-curate,aether-community-awesome-copilot,quarantined-instruction,,
.staging/.github/skills/phoenix-evals/references/experiments-synthetic-python.md,1816,aether,aether/.staging/community/awesome-copilot/skills/phoenix-evals/references/experiments-synthetic-python.md,aether/library/community/awesome-copilot/skills/phoenix-evals/references/experiments-synthetic-python.md,quarantine-and-curate,aether-community-awesome-copilot,quarantined-instruction,,
.staging/.github/skills/phoenix-evals/references/experiments-synthetic-typescript.md,2266,aether,aether/.staging/community/awesome-copilot/skills/phoenix-evals/references/experiments-synthetic-typescript.md,aether/library/community/awesome-copilot/skills/phoenix-evals/references/experiments-synthetic-typescript.md,quarantine-and-curate,aether-community-awesome-copilot,quarantined-instruction,,
.staging/.github/skills/phoenix-evals/references/fundamentals-anti-patterns.md,1632,aether,aether/.staging/community/awesome-copilot/skills/phoenix-evals/references/fundamentals-anti-patterns.md,aether/library/community/awesome-copilot/skills/phoenix-evals/references/fundamentals-anti-patterns.md,quarantine-and-curate,aether-community-awesome-copilot,quarantined-instruction,,
.staging/.github/skills/phoenix-evals/references/fundamentals-model-selection.md,1458,aether,aether/.staging/community/awesome-copilot/skills/phoenix-evals/references/fundamentals-model-selection.md,aether/library/community/awesome-copilot/skills/phoenix-evals/references/fundamentals-model-selection.md,quarantine-and-curate,aether-community-awesome-copilot,quarantined-instruction,,
.staging/.github/skills/phoenix-evals/references/fundamentals.md,1835,aether,aether/.staging/community/awesome-copilot/skills/phoenix-evals/references/fundamentals.md,aether/library/community/awesome-copilot/skills/phoenix-evals/references/fundamentals.md,quarantine-and-curate,aether-community-awesome-copilot,quarantined-instruction,,
.staging/.github/skills/phoenix-evals/references/observe-sampling-python.md,2415,aether,aether/.staging/community/awesome-copilot/skills/phoenix-evals/references/observe-sampling-python.md,aether/library/community/awesome-copilot/skills/phoenix-evals/references/observe-sampling-python.md,quarantine-and-curate,aether-community-awesome-copilot,quarantined-instruction,,
.staging/.github/skills/phoenix-evals/references/observe-sampling-typescript.md,3954,aether,aether/.staging/community/awesome-copilot/skills/phoenix-evals/references/observe-sampling-typescript.md,aether/library/community/awesome-copilot/skills/phoenix-evals/references/observe-sampling-typescript.md,quarantine-and-curate,aether-community-awesome-copilot,quarantined-instruction,,
.staging/.github/skills/phoenix-evals/references/observe-tracing-setup.md,3396,aether,aether/.staging/community/awesome-copilot/skills/phoenix-evals/references/observe-tracing-setup.md,aether/library/community/awesome-copilot/skills/phoenix-evals/references/observe-tracing-setup.md,quarantine-and-curate,aether-community-awesome-copilot,quarantined-instruction,,
.staging/.github/skills/phoenix-evals/references/production-continuous.md,3642,aether,aether/.staging/community/awesome-copilot/skills/phoenix-evals/references/production-continuous.md,aether/library/community/awesome-copilot/skills/phoenix-evals/references/production-continuous.md,quarantine-and-curate,aether-community-awesome-copilot,quarantined-instruction,,
.staging/.github/skills/phoenix-evals/references/production-guardrails.md,1363,aether,aether/.staging/community/awesome-copilot/skills/phoenix-evals/references/production-guardrails.md,aether/library/community/awesome-copilot/skills/phoenix-evals/references/production-guardrails.md,quarantine-and-curate,aether-community-awesome-copilot,quarantined-instruction,,
.staging/.github/skills/phoenix-evals/references/production-overview.md,2352,aether,aether/.staging/community/awesome-copilot/skills/phoenix-evals/references/production-overview.md,aether/library/community/awesome-copilot/skills/phoenix-evals/references/production-overview.md,quarantine-and-curate,aether-community-awesome-copilot,quarantined-instruction,,
.staging/.github/skills/phoenix-evals/references/setup-python.md,1971,aether,aether/.staging/community/awesome-copilot/skills/phoenix-evals/references/setup-python.md,aether/library/community/awesome-copilot/skills/phoenix-evals/references/setup-python.md,quarantine-and-curate,aether-community-awesome-copilot,quarantined-instruction,,
.staging/.github/skills/phoenix-evals/references/setup-typescript.md,981,aether,aether/.staging/community/awesome-copilot/skills/phoenix-evals/references/setup-typescript.md,aether/library/community/awesome-copilot/skills/phoenix-evals/references/setup-typescript.md,quarantine-and-curate,aether-community-awesome-copilot,quarantined-instruction,,
.staging/.github/skills/phoenix-evals/references/validation-evaluators-python.md,1067,aether,aether/.staging/community/awesome-copilot/skills/phoenix-evals/references/validation-evaluators-python.md,aether/library/community/awesome-copilot/skills/phoenix-evals/references/validation-evaluators-python.md,quarantine-and-curate,aether-community-awesome-copilot,quarantined-instruction,,
.staging/.github/skills/phoenix-evals/references/validation-evaluators-typescript.md,4551,aether,aether/.staging/community/awesome-copilot/skills/phoenix-evals/references/validation-evaluators-typescript.md,aether/library/community/awesome-copilot/skills/phoenix-evals/references/validation-evaluators-typescript.md,quarantine-and-curate,aether-community-awesome-copilot,quarantined-instruction,,
.staging/.github/skills/phoenix-evals/references/validation.md,1764,aether,aether/.staging/community/awesome-copilot/skills/phoenix-evals/references/validation.md,aether/library/community/awesome-copilot/skills/phoenix-evals/references/validation.md,quarantine-and-curate,aether-community-awesome-copilot,quarantined-instruction,,
.staging/.github/skills/phoenix-tracing/README.md,842,aether,aether/.staging/community/awesome-copilot/skills/phoenix-tracing/README.md,aether/library/community/awesome-copilot/skills/phoenix-tracing/README.md,quarantine-and-curate,aether-community-awesome-copilot,quarantined-instruction,,
.staging/.github/skills/phoenix-tracing/SKILL.md,6765,aether,aether/.staging/community/awesome-copilot/skills/phoenix-tracing/SKILL.md,aether/library/community/awesome-copilot/skills/phoenix-tracing/SKILL.md,quarantine-and-curate,aether-community-awesome-copilot,quarantined-instruction,,
.staging/.github/skills/phoenix-tracing/references/annotations-overview.md,3914,aether,aether/.staging/community/awesome-copilot/skills/phoenix-tracing/references/annotations-overview.md,aether/library/community/awesome-copilot/skills/phoenix-tracing/references/annotations-overview.md,quarantine-and-curate,aether-community-awesome-copilot,quarantined-instruction,,
.staging/.github/skills/phoenix-tracing/references/annotations-python.md,3196,aether,aether/.staging/community/awesome-copilot/skills/phoenix-tracing/references/annotations-python.md,aether/library/community/awesome-copilot/skills/phoenix-tracing/references/annotations-python.md,quarantine-and-curate,aether-community-awesome-copilot,quarantined-instruction,,
.staging/.github/skills/phoenix-tracing/references/annotations-typescript.md,4110,aether,aether/.staging/community/awesome-copilot/skills/phoenix-tracing/references/annotations-typescript.md,aether/library/community/awesome-copilot/skills/phoenix-tracing/references/annotations-typescript.md,quarantine-and-curate,aether-community-awesome-copilot,quarantined-instruction,,
.staging/.github/skills/phoenix-tracing/references/fundamentals-flattening.md,1838,aether,aether/.staging/community/awesome-copilot/skills/phoenix-tracing/references/fundamentals-flattening.md,aether/library/community/awesome-copilot/skills/phoenix-tracing/references/fundamentals-flattening.md,quarantine-and-curate,aether-community-awesome-copilot,quarantined-instruction,,
.staging/.github/skills/phoenix-tracing/references/fundamentals-overview.md,1856,aether,aether/.staging/community/awesome-copilot/skills/phoenix-tracing/references/fundamentals-overview.md,aether/library/community/awesome-copilot/skills/phoenix-tracing/references/fundamentals-overview.md,quarantine-and-curate,aether-community-awesome-copilot,quarantined-instruction,,
.staging/.github/skills/phoenix-tracing/references/fundamentals-required-attributes.md,2484,aether,aether/.staging/community/awesome-copilot/skills/phoenix-tracing/references/fundamentals-required-attributes.md,aether/library/community/awesome-copilot/skills/phoenix-tracing/references/fundamentals-required-attributes.md,quarantine-and-curate,aether-community-awesome-copilot,quarantined-instruction,,
.staging/.github/skills/phoenix-tracing/references/fundamentals-universal-attributes.md,2387,aether,aether/.staging/community/awesome-copilot/skills/phoenix-tracing/references/fundamentals-universal-attributes.md,aether/library/community/awesome-copilot/skills/phoenix-tracing/references/fundamentals-universal-attributes.md,quarantine-and-curate,aether-community-awesome-copilot,quarantined-instruction,,
.staging/.github/skills/phoenix-tracing/references/instrumentation-auto-python.md,2266,aether,aether/.staging/community/awesome-copilot/skills/phoenix-tracing/references/instrumentation-auto-python.md,aether/library/community/awesome-copilot/skills/phoenix-tracing/references/instrumentation-auto-python.md,quarantine-and-curate,aether-community-awesome-copilot,quarantined-instruction,,
.staging/.github/skills/phoenix-tracing/references/instrumentation-auto-typescript.md,2285,aether,aether/.staging/community/awesome-copilot/skills/phoenix-tracing/references/instrumentation-auto-typescript.md,aether/library/community/awesome-copilot/skills/phoenix-tracing/references/instrumentation-auto-typescript.md,quarantine-and-curate,aether-community-awesome-copilot,quarantined-instruction,,
.staging/.github/skills/phoenix-tracing/references/instrumentation-manual-python.md,5015,aether,aether/.staging/community/awesome-copilot/skills/phoenix-tracing/references/instrumentation-manual-python.md,aether/library/community/awesome-copilot/skills/phoenix-tracing/references/instrumentation-manual-python.md,quarantine-and-curate,aether-community-awesome-copilot,quarantined-instruction,,
.staging/.github/skills/phoenix-tracing/references/instrumentation-manual-typescript.md,4759,aether,aether/.staging/community/awesome-copilot/skills/phoenix-tracing/references/instrumentation-manual-typescript.md,aether/library/community/awesome-copilot/skills/phoenix-tracing/references/instrumentation-manual-typescript.md,quarantine-and-curate,aether-community-awesome-copilot,quarantined-instruction,,
.staging/.github/skills/phoenix-tracing/references/metadata-python.md,1826,aether,aether/.staging/community/awesome-copilot/skills/phoenix-tracing/references/metadata-python.md,aether/library/community/awesome-copilot/skills/phoenix-tracing/references/metadata-python.md,quarantine-and-curate,aether-community-awesome-copilot,quarantined-instruction,,
.staging/.github/skills/phoenix-tracing/references/metadata-typescript.md,1125,aether,aether/.staging/community/awesome-copilot/skills/phoenix-tracing/references/metadata-typescript.md,aether/library/community/awesome-copilot/skills/phoenix-tracing/references/metadata-typescript.md,quarantine-and-curate,aether-community-awesome-copilot,quarantined-instruction,,
.staging/.github/skills/phoenix-tracing/references/production-python.md,1535,aether,aether/.staging/community/awesome-copilot/skills/phoenix-tracing/references/production-python.md,aether/library/community/awesome-copilot/skills/phoenix-tracing/references/production-python.md,quarantine-and-curate,aether-community-awesome-copilot,quarantined-instruction,,
.staging/.github/skills/phoenix-tracing/references/production-typescript.md,3630,aether,aether/.staging/community/awesome-copilot/skills/phoenix-tracing/references/production-typescript.md,aether/library/community/awesome-copilot/skills/phoenix-tracing/references/production-typescript.md,quarantine-and-curate,aether-community-awesome-copilot,quarantined-instruction,,
.staging/.github/skills/phoenix-tracing/references/projects-python.md,1401,aether,aether/.staging/community/awesome-copilot/skills/phoenix-tracing/references/projects-python.md,aether/library/community/awesome-copilot/skills/phoenix-tracing/references/projects-python.md,quarantine-and-curate,aether-community-awesome-copilot,quarantined-instruction,,
.staging/.github/skills/phoenix-tracing/references/projects-typescript.md,1127,aether,aether/.staging/community/awesome-copilot/skills/phoenix-tracing/references/projects-typescript.md,aether/library/community/awesome-copilot/skills/phoenix-tracing/references/projects-typescript.md,quarantine-and-curate,aether-community-awesome-copilot,quarantined-instruction,,
.staging/.github/skills/phoenix-tracing/references/sessions-python.md,2334,aether,aether/.staging/community/awesome-copilot/skills/phoenix-tracing/references/sessions-python.md,aether/library/community/awesome-copilot/skills/phoenix-tracing/references/sessions-python.md,quarantine-and-curate,aether-community-awesome-copilot,quarantined-instruction,,
.staging/.github/skills/phoenix-tracing/references/sessions-typescript.md,5383,aether,aether/.staging/community/awesome-copilot/skills/phoenix-tracing/references/sessions-typescript.md,aether/library/community/awesome-copilot/skills/phoenix-tracing/references/sessions-typescript.md,quarantine-and-curate,aether-community-awesome-copilot,quarantined-instruction,,
.staging/.github/skills/phoenix-tracing/references/setup-python.md,3506,aether,aether/.staging/community/awesome-copilot/skills/phoenix-tracing/references/setup-python.md,aether/library/community/awesome-copilot/skills/phoenix-tracing/references/setup-python.md,quarantine-and-curate,aether-community-awesome-copilot,quarantined-instruction,,
.staging/.github/skills/phoenix-tracing/references/setup-typescript.md,3926,aether,aether/.staging/community/awesome-copilot/skills/phoenix-tracing/references/setup-typescript.md,aether/library/community/awesome-copilot/skills/phoenix-tracing/references/setup-typescript.md,quarantine-and-curate,aether-community-awesome-copilot,quarantined-instruction,,
.staging/.github/skills/phoenix-tracing/references/span-agent.md,378,aether,aether/.staging/community/awesome-copilot/skills/phoenix-tracing/references/span-agent.md,aether/library/community/awesome-copilot/skills/phoenix-tracing/references/span-agent.md,quarantine-and-curate,aether-community-awesome-copilot,quarantined-instruction,,
.staging/.github/skills/phoenix-tracing/references/span-chain.md,1281,aether,aether/.staging/community/awesome-copilot/skills/phoenix-tracing/references/span-chain.md,aether/library/community/awesome-copilot/skills/phoenix-tracing/references/span-chain.md,quarantine-and-curate,aether-community-awesome-copilot,quarantined-instruction,,
.staging/.github/skills/phoenix-tracing/references/span-embedding.md,2795,aether,aether/.staging/community/awesome-copilot/skills/phoenix-tracing/references/span-embedding.md,aether/library/community/awesome-copilot/skills/phoenix-tracing/references/span-embedding.md,quarantine-and-curate,aether-community-awesome-copilot,quarantined-instruction,,
.staging/.github/skills/phoenix-tracing/references/span-evaluator.md,1678,aether,aether/.staging/community/awesome-copilot/skills/phoenix-tracing/references/span-evaluator.md,aether/library/community/awesome-copilot/skills/phoenix-tracing/references/span-evaluator.md,quarantine-and-curate,aether-community-awesome-copilot,quarantined-instruction,,
.staging/.github/skills/phoenix-tracing/references/span-guardrail.md,1395,aether,aether/.staging/community/awesome-copilot/skills/phoenix-tracing/references/span-guardrail.md,aether/library/community/awesome-copilot/skills/phoenix-tracing/references/span-guardrail.md,quarantine-and-curate,aether-community-awesome-copilot,quarantined-instruction,,
.staging/.github/skills/phoenix-tracing/references/span-llm.md,3107,aether,aether/.staging/community/awesome-copilot/skills/phoenix-tracing/references/span-llm.md,aether/library/community/awesome-copilot/skills/phoenix-tracing/references/span-llm.md,quarantine-and-curate,aether-community-awesome-copilot,quarantined-instruction,,
.staging/.github/skills/phoenix-tracing/references/span-reranker.md,3253,aether,aether/.staging/community/awesome-copilot/skills/phoenix-tracing/references/span-reranker.md,aether/library/community/awesome-copilot/skills/phoenix-tracing/references/span-reranker.md,quarantine-and-curate,aether-community-awesome-copilot,quarantined-instruction,,
.staging/.github/skills/phoenix-tracing/references/span-retriever.md,3433,aether,aether/.staging/community/awesome-copilot/skills/phoenix-tracing/references/span-retriever.md,aether/library/community/awesome-copilot/skills/phoenix-tracing/references/span-retriever.md,quarantine-and-curate,aether-community-awesome-copilot,quarantined-instruction,,
.staging/.github/skills/phoenix-tracing/references/span-tool.md,2708,aether,aether/.staging/community/awesome-copilot/skills/phoenix-tracing/references/span-tool.md,aether/library/community/awesome-copilot/skills/phoenix-tracing/references/span-tool.md,quarantine-and-curate,aether-community-awesome-copilot,quarantined-instruction,,
.staging/.github/skills/php-mcp-server-generator/SKILL.md,10897,aether,aether/.staging/community/awesome-copilot/skills/php-mcp-server-generator/SKILL.md,aether/library/community/awesome-copilot/skills/php-mcp-server-generator/SKILL.md,quarantine-and-curate,aether-community-awesome-copilot,quarantined-instruction,,
.staging/.github/skills/pinecone-rag/SKILL.md,9669,aether,aether/.staging/community/awesome-copilot/skills/pinecone-rag/SKILL.md,aether/library/community/awesome-copilot/skills/pinecone-rag/SKILL.md,quarantine-and-curate,aether-community-awesome-copilot,quarantined-instruction,,
.staging/.github/skills/planning-oracle-to-postgres-migration-integration-testing/SKILL.md,2200,aether,aether/.staging/community/awesome-copilot/skills/planning-oracle-to-postgres-migration-integration-testing/SKILL.md,aether/library/community/awesome-copilot/skills/planning-oracle-to-postgres-migration-integration-testing/SKILL.md,quarantine-and-curate,aether-community-awesome-copilot,quarantined-instruction,,
.staging/.github/skills/plantuml-ascii/SKILL.md,6096,aether,aether/.staging/community/awesome-copilot/skills/plantuml-ascii/SKILL.md,aether/library/community/awesome-copilot/skills/plantuml-ascii/SKILL.md,quarantine-and-curate,aether-community-awesome-copilot,quarantined-instruction,,
.staging/.github/skills/playwright-automation-fill-in-form/SKILL.md,650,aether,aether/.staging/community/awesome-copilot/skills/playwright-automation-fill-in-form/SKILL.md,aether/library/community/awesome-copilot/skills/playwright-automation-fill-in-form/SKILL.md,quarantine-and-curate,aether-community-awesome-copilot,quarantined-instruction,,
.staging/.github/skills/playwright-explore-website/SKILL.md,681,aether,aether/.staging/community/awesome-copilot/skills/playwright-explore-website/SKILL.md,aether/library/community/awesome-copilot/skills/playwright-explore-website/SKILL.md,quarantine-and-curate,aether-community-awesome-copilot,quarantined-instruction,,
.staging/.github/skills/playwright-generate-test/SKILL.md,877,aether,aether/.staging/community/awesome-copilot/skills/playwright-generate-test/SKILL.md,aether/library/community/awesome-copilot/skills/playwright-generate-test/SKILL.md,quarantine-and-curate,aether-community-awesome-copilot,quarantined-instruction,,
.staging/.github/skills/postgresql-code-review/SKILL.md,7439,aether,aether/.staging/community/awesome-copilot/skills/postgresql-code-review/SKILL.md,aether/library/community/awesome-copilot/skills/postgresql-code-review/SKILL.md,quarantine-and-curate,aether-community-awesome-copilot,quarantined-instruction,,
.staging/.github/skills/postgresql-optimization/SKILL.md,11368,aether,aether/.staging/community/awesome-copilot/skills/postgresql-optimization/SKILL.md,aether/library/community/awesome-copilot/skills/postgresql-optimization/SKILL.md,quarantine-and-curate,aether-community-awesome-copilot,quarantined-instruction,,
.staging/.github/skills/power-apps-code-app-scaffold/SKILL.md,7190,aether,aether/.staging/community/awesome-copilot/skills/power-apps-code-app-scaffold/SKILL.md,aether/library/community/awesome-copilot/skills/power-apps-code-app-scaffold/SKILL.md,quarantine-and-curate,aether-community-awesome-copilot,quarantined-instruction,,
.staging/.github/skills/power-bi-dax-optimization/SKILL.md,5558,aether,aether/.staging/community/awesome-copilot/skills/power-bi-dax-optimization/SKILL.md,aether/library/community/awesome-copilot/skills/power-bi-dax-optimization/SKILL.md,quarantine-and-curate,aether-community-awesome-copilot,quarantined-instruction,,
.staging/.github/skills/power-bi-model-design-review/SKILL.md,11348,aether,aether/.staging/community/awesome-copilot/skills/power-bi-model-design-review/SKILL.md,aether/library/community/awesome-copilot/skills/power-bi-model-design-review/SKILL.md,quarantine-and-curate,aether-community-awesome-copilot,quarantined-instruction,,
.staging/.github/skills/power-bi-performance-troubleshooting/SKILL.md,10504,aether,aether/.staging/community/awesome-copilot/skills/power-bi-performance-troubleshooting/SKILL.md,aether/library/community/awesome-copilot/skills/power-bi-performance-troubleshooting/SKILL.md,quarantine-and-curate,aether-community-awesome-copilot,quarantined-instruction,,
.staging/.github/skills/power-bi-report-design-consultation/SKILL.md,11727,aether,aether/.staging/community/awesome-copilot/skills/power-bi-report-design-consultation/SKILL.md,aether/library/community/awesome-copilot/skills/power-bi-report-design-consultation/SKILL.md,quarantine-and-curate,aether-community-awesome-copilot,quarantined-instruction,,
.staging/.github/skills/power-platform-architect/SKILL.md,14436,aether,aether/.staging/community/awesome-copilot/skills/power-platform-architect/SKILL.md,aether/library/community/awesome-copilot/skills/power-platform-architect/SKILL.md,quarantine-and-curate,aether-community-awesome-copilot,quarantined-instruction,,
.staging/.github/skills/power-platform-mcp-connector-suite/SKILL.md,6383,aether,aether/.staging/community/awesome-copilot/skills/power-platform-mcp-connector-suite/SKILL.md,aether/library/community/awesome-copilot/skills/power-platform-mcp-connector-suite/SKILL.md,quarantine-and-curate,aether-community-awesome-copilot,quarantined-instruction,,
.staging/.github/skills/powerbi-modeling/SKILL.md,5979,aether,aether/.staging/community/awesome-copilot/skills/powerbi-modeling/SKILL.md,aether/library/community/awesome-copilot/skills/powerbi-modeling/SKILL.md,quarantine-and-curate,aether-community-awesome-copilot,quarantined-instruction,,
.staging/.github/skills/powerbi-modeling/references/MEASURES-DAX.md,5040,aether,aether/.staging/community/awesome-copilot/skills/powerbi-modeling/references/MEASURES-DAX.md,aether/library/community/awesome-copilot/skills/powerbi-modeling/references/MEASURES-DAX.md,quarantine-and-curate,aether-community-awesome-copilot,quarantined-instruction,,
.staging/.github/skills/powerbi-modeling/references/PERFORMANCE.md,5442,aether,aether/.staging/community/awesome-copilot/skills/powerbi-modeling/references/PERFORMANCE.md,aether/library/community/awesome-copilot/skills/powerbi-modeling/references/PERFORMANCE.md,quarantine-and-curate,aether-community-awesome-copilot,quarantined-instruction,,
.staging/.github/skills/powerbi-modeling/references/RELATIONSHIPS.md,3496,aether,aether/.staging/community/awesome-copilot/skills/powerbi-modeling/references/RELATIONSHIPS.md,aether/library/community/awesome-copilot/skills/powerbi-modeling/references/RELATIONSHIPS.md,quarantine-and-curate,aether-community-awesome-copilot,quarantined-instruction,,
.staging/.github/skills/powerbi-modeling/references/RLS.md,5384,aether,aether/.staging/community/awesome-copilot/skills/powerbi-modeling/references/RLS.md,aether/library/community/awesome-copilot/skills/powerbi-modeling/references/RLS.md,quarantine-and-curate,aether-community-awesome-copilot,quarantined-instruction,,
.staging/.github/skills/powerbi-modeling/references/STAR-SCHEMA.md,3167,aether,aether/.staging/community/awesome-copilot/skills/powerbi-modeling/references/STAR-SCHEMA.md,aether/library/community/awesome-copilot/skills/powerbi-modeling/references/STAR-SCHEMA.md,quarantine-and-curate,aether-community-awesome-copilot,quarantined-instruction,,
.staging/.github/skills/pr-dashboard/SKILL.md,2105,aether,aether/.staging/community/awesome-copilot/skills/pr-dashboard/SKILL.md,aether/library/community/awesome-copilot/skills/pr-dashboard/SKILL.md,quarantine-and-curate,aether-community-awesome-copilot,quarantined-instruction,,
.staging/.github/skills/pr-dashboard/assets/dashboard.html,7208,aether,aether/.staging/community/awesome-copilot/skills/pr-dashboard/assets/dashboard.html,aether/library/community/awesome-copilot/skills/pr-dashboard/assets/dashboard.html,quarantine-and-curate,aether-community-awesome-copilot,quarantined-instruction,,
.staging/.github/skills/pr-dashboard/scripts/lib/utils.mjs,5122,aether,aether/.staging/community/awesome-copilot/skills/pr-dashboard/scripts/lib/utils.mjs,aether/library/community/awesome-copilot/skills/pr-dashboard/scripts/lib/utils.mjs,quarantine-and-curate,aether-community-awesome-copilot,quarantined-executable,,
.staging/.github/skills/pr-dashboard/scripts/pr-dashboard-cli.mjs,13426,aether,aether/.staging/community/awesome-copilot/skills/pr-dashboard/scripts/pr-dashboard-cli.mjs,aether/library/community/awesome-copilot/skills/pr-dashboard/scripts/pr-dashboard-cli.mjs,quarantine-and-curate,aether-community-awesome-copilot,quarantined-executable,,
.staging/.github/skills/pr-screenshots/SKILL.md,4924,aether,aether/.staging/community/awesome-copilot/skills/pr-screenshots/SKILL.md,aether/library/community/awesome-copilot/skills/pr-screenshots/SKILL.md,quarantine-and-curate,aether-community-awesome-copilot,quarantined-instruction,,
.staging/.github/skills/prd/SKILL.md,4307,aether,aether/.staging/community/awesome-copilot/skills/prd/SKILL.md,aether/library/community/awesome-copilot/skills/prd/SKILL.md,quarantine-and-curate,aether-community-awesome-copilot,quarantined-instruction,,
.staging/.github/skills/premium-frontend-ui/SKILL.md,7188,aether,aether/.staging/community/awesome-copilot/skills/premium-frontend-ui/SKILL.md,aether/library/community/awesome-copilot/skills/premium-frontend-ui/SKILL.md,quarantine-and-curate,aether-community-awesome-copilot,quarantined-instruction,,
.staging/.github/skills/project-workflow-analysis-blueprint-generator/SKILL.md,10879,aether,aether/.staging/community/awesome-copilot/skills/project-workflow-analysis-blueprint-generator/SKILL.md,aether/library/community/awesome-copilot/skills/project-workflow-analysis-blueprint-generator/SKILL.md,quarantine-and-curate,aether-community-awesome-copilot,quarantined-instruction,,
.staging/.github/skills/prompt-optimizer/SKILL.md,19876,aether,aether/.staging/community/awesome-copilot/skills/prompt-optimizer/SKILL.md,aether/library/community/awesome-copilot/skills/prompt-optimizer/SKILL.md,quarantine-and-curate,aether-community-awesome-copilot,quarantined-instruction,,
.staging/.github/skills/publish-to-pages/SKILL.md,4540,aether,aether/.staging/community/awesome-copilot/skills/publish-to-pages/SKILL.md,aether/library/community/awesome-copilot/skills/publish-to-pages/SKILL.md,quarantine-and-curate,aether-community-awesome-copilot,quarantined-instruction,,
.staging/.github/skills/publish-to-pages/scripts/convert-pdf.py,6761,aether,aether/.staging/community/awesome-copilot/skills/publish-to-pages/scripts/convert-pdf.py,aether/library/community/awesome-copilot/skills/publish-to-pages/scripts/convert-pdf.py,quarantine-and-curate,aether-community-awesome-copilot,quarantined-executable,,executable
.staging/.github/skills/publish-to-pages/scripts/convert-pptx.py,13393,aether,aether/.staging/community/awesome-copilot/skills/publish-to-pages/scripts/convert-pptx.py,aether/library/community/awesome-copilot/skills/publish-to-pages/scripts/convert-pptx.py,quarantine-and-curate,aether-community-awesome-copilot,quarantined-executable,,executable
.staging/.github/skills/publish-to-pages/scripts/publish.sh,1412,aether,aether/.staging/community/awesome-copilot/skills/publish-to-pages/scripts/publish.sh,aether/library/community/awesome-copilot/skills/publish-to-pages/scripts/publish.sh,quarantine-and-curate,aether-community-awesome-copilot,quarantined-executable,,executable
.staging/.github/skills/pytest-coverage/SKILL.md,1126,aether,aether/.staging/community/awesome-copilot/skills/pytest-coverage/SKILL.md,aether/library/community/awesome-copilot/skills/pytest-coverage/SKILL.md,quarantine-and-curate,aether-community-awesome-copilot,quarantined-instruction,,
.staging/.github/skills/python-azure-iot-edge-modules/SKILL.md,4177,aether,aether/.staging/community/awesome-copilot/skills/python-azure-iot-edge-modules/SKILL.md,aether/library/community/awesome-copilot/skills/python-azure-iot-edge-modules/SKILL.md,quarantine-and-curate,aether-community-awesome-copilot,quarantined-instruction,,
.staging/.github/skills/python-azure-iot-edge-modules/references/python-edge-module-template.md,1339,aether,aether/.staging/community/awesome-copilot/skills/python-azure-iot-edge-modules/references/python-edge-module-template.md,aether/library/community/awesome-copilot/skills/python-azure-iot-edge-modules/references/python-edge-module-template.md,quarantine-and-curate,aether-community-awesome-copilot,quarantined-instruction,,
.staging/.github/skills/python-azure-iot-edge-modules/references/python-official-best-practices.md,2223,aether,aether/.staging/community/awesome-copilot/skills/python-azure-iot-edge-modules/references/python-official-best-practices.md,aether/library/community/awesome-copilot/skills/python-azure-iot-edge-modules/references/python-official-best-practices.md,quarantine-and-curate,aether-community-awesome-copilot,quarantined-instruction,,
.staging/.github/skills/python-mcp-server-generator/SKILL.md,3957,aether,aether/.staging/community/awesome-copilot/skills/python-mcp-server-generator/SKILL.md,aether/library/community/awesome-copilot/skills/python-mcp-server-generator/SKILL.md,quarantine-and-curate,aether-community-awesome-copilot,quarantined-instruction,,
.staging/.github/skills/python-pypi-package-builder/SKILL.md,19188,aether,aether/.staging/community/awesome-copilot/skills/python-pypi-package-builder/SKILL.md,aether/library/community/awesome-copilot/skills/python-pypi-package-builder/SKILL.md,quarantine-and-curate,aether-community-awesome-copilot,quarantined-instruction,,
.staging/.github/skills/python-pypi-package-builder/references/architecture-patterns.md,16148,aether,aether/.staging/community/awesome-copilot/skills/python-pypi-package-builder/references/architecture-patterns.md,aether/library/community/awesome-copilot/skills/python-pypi-package-builder/references/architecture-patterns.md,quarantine-and-curate,aether-community-awesome-copilot,quarantined-instruction,,
.staging/.github/skills/python-pypi-package-builder/references/ci-publishing.md,8050,aether,aether/.staging/community/awesome-copilot/skills/python-pypi-package-builder/references/ci-publishing.md,aether/library/community/awesome-copilot/skills/python-pypi-package-builder/references/ci-publishing.md,quarantine-and-curate,aether-community-awesome-copilot,quarantined-instruction,,
.staging/.github/skills/python-pypi-package-builder/references/community-docs.md,13263,aether,aether/.staging/community/awesome-copilot/skills/python-pypi-package-builder/references/community-docs.md,aether/library/community/awesome-copilot/skills/python-pypi-package-builder/references/community-docs.md,quarantine-and-curate,aether-community-awesome-copilot,quarantined-instruction,,
.staging/.github/skills/python-pypi-package-builder/references/library-patterns.md,18167,aether,aether/.staging/community/awesome-copilot/skills/python-pypi-package-builder/references/library-patterns.md,aether/library/community/awesome-copilot/skills/python-pypi-package-builder/references/library-patterns.md,quarantine-and-curate,aether-community-awesome-copilot,quarantined-instruction,,
.staging/.github/skills/python-pypi-package-builder/references/pyproject-toml.md,13326,aether,aether/.staging/community/awesome-copilot/skills/python-pypi-package-builder/references/pyproject-toml.md,aether/library/community/awesome-copilot/skills/python-pypi-package-builder/references/pyproject-toml.md,quarantine-and-curate,aether-community-awesome-copilot,quarantined-instruction,,
.staging/.github/skills/python-pypi-package-builder/references/release-governance.md,10680,aether,aether/.staging/community/awesome-copilot/skills/python-pypi-package-builder/references/release-governance.md,aether/library/community/awesome-copilot/skills/python-pypi-package-builder/references/release-governance.md,quarantine-and-curate,aether-community-awesome-copilot,quarantined-instruction,,
.staging/.github/skills/python-pypi-package-builder/references/testing-quality.md,6565,aether,aether/.staging/community/awesome-copilot/skills/python-pypi-package-builder/references/testing-quality.md,aether/library/community/awesome-copilot/skills/python-pypi-package-builder/references/testing-quality.md,quarantine-and-curate,aether-community-awesome-copilot,quarantined-instruction,,
.staging/.github/skills/python-pypi-package-builder/references/tooling-ruff.md,9371,aether,aether/.staging/community/awesome-copilot/skills/python-pypi-package-builder/references/tooling-ruff.md,aether/library/community/awesome-copilot/skills/python-pypi-package-builder/references/tooling-ruff.md,quarantine-and-curate,aether-community-awesome-copilot,quarantined-instruction,,
.staging/.github/skills/python-pypi-package-builder/references/versioning-strategy.md,11193,aether,aether/.staging/community/awesome-copilot/skills/python-pypi-package-builder/references/versioning-strategy.md,aether/library/community/awesome-copilot/skills/python-pypi-package-builder/references/versioning-strategy.md,quarantine-and-curate,aether-community-awesome-copilot,quarantined-instruction,,
.staging/.github/skills/python-pypi-package-builder/scripts/scaffold.py,22563,aether,aether/.staging/community/awesome-copilot/skills/python-pypi-package-builder/scripts/scaffold.py,aether/library/community/awesome-copilot/skills/python-pypi-package-builder/scripts/scaffold.py,quarantine-and-curate,aether-community-awesome-copilot,quarantined-executable,,
.staging/.github/skills/qdrant-clients-sdk/SKILL.md,3015,aether,aether/.staging/community/awesome-copilot/skills/qdrant-clients-sdk/SKILL.md,aether/library/community/awesome-copilot/skills/qdrant-clients-sdk/SKILL.md,quarantine-and-curate,aether-community-awesome-copilot,quarantined-instruction,,
.staging/.github/skills/qdrant-deployment-options/SKILL.md,3097,aether,aether/.staging/community/awesome-copilot/skills/qdrant-deployment-options/SKILL.md,aether/library/community/awesome-copilot/skills/qdrant-deployment-options/SKILL.md,quarantine-and-curate,aether-community-awesome-copilot,quarantined-instruction,,
.staging/.github/skills/qdrant-model-migration/SKILL.md,5514,aether,aether/.staging/community/awesome-copilot/skills/qdrant-model-migration/SKILL.md,aether/library/community/awesome-copilot/skills/qdrant-model-migration/SKILL.md,quarantine-and-curate,aether-community-awesome-copilot,quarantined-instruction,,
.staging/.github/skills/qdrant-monitoring/SKILL.md,1103,aether,aether/.staging/community/awesome-copilot/skills/qdrant-monitoring/SKILL.md,aether/library/community/awesome-copilot/skills/qdrant-monitoring/SKILL.md,quarantine-and-curate,aether-community-awesome-copilot,quarantined-instruction,,
.staging/.github/skills/qdrant-monitoring/debugging/SKILL.md,3503,aether,aether/.staging/community/awesome-copilot/skills/qdrant-monitoring/debugging/SKILL.md,aether/library/community/awesome-copilot/skills/qdrant-monitoring/debugging/SKILL.md,quarantine-and-curate,aether-community-awesome-copilot,quarantined-instruction,,
.staging/.github/skills/qdrant-monitoring/setup/SKILL.md,3418,aether,aether/.staging/community/awesome-copilot/skills/qdrant-monitoring/setup/SKILL.md,aether/library/community/awesome-copilot/skills/qdrant-monitoring/setup/SKILL.md,quarantine-and-curate,aether-community-awesome-copilot,quarantined-instruction,,
.staging/.github/skills/qdrant-performance-optimization/SKILL.md,1842,aether,aether/.staging/community/awesome-copilot/skills/qdrant-performance-optimization/SKILL.md,aether/library/community/awesome-copilot/skills/qdrant-performance-optimization/SKILL.md,quarantine-and-curate,aether-community-awesome-copilot,quarantined-instruction,,
.staging/.github/skills/qdrant-performance-optimization/indexing-performance-optimization/SKILL.md,4863,aether,aether/.staging/community/awesome-copilot/skills/qdrant-performance-optimization/indexing-performance-optimization/SKILL.md,aether/library/community/awesome-copilot/skills/qdrant-performance-optimization/indexing-performance-optimization/SKILL.md,quarantine-and-curate,aether-community-awesome-copilot,quarantined-instruction,,
.staging/.github/skills/qdrant-performance-optimization/memory-usage-optimization/SKILL.md,4859,aether,aether/.staging/community/awesome-copilot/skills/qdrant-performance-optimization/memory-usage-optimization/SKILL.md,aether/library/community/awesome-copilot/skills/qdrant-performance-optimization/memory-usage-optimization/SKILL.md,quarantine-and-curate,aether-community-awesome-copilot,quarantined-instruction,,
.staging/.github/skills/qdrant-performance-optimization/search-speed-optimization/SKILL.md,4730,aether,aether/.staging/community/awesome-copilot/skills/qdrant-performance-optimization/search-speed-optimization/SKILL.md,aether/library/community/awesome-copilot/skills/qdrant-performance-optimization/search-speed-optimization/SKILL.md,quarantine-and-curate,aether-community-awesome-copilot,quarantined-instruction,,
.staging/.github/skills/qdrant-scaling/SKILL.md,1866,aether,aether/.staging/community/awesome-copilot/skills/qdrant-scaling/SKILL.md,aether/library/community/awesome-copilot/skills/qdrant-scaling/SKILL.md,quarantine-and-curate,aether-community-awesome-copilot,quarantined-instruction,,
.staging/.github/skills/qdrant-scaling/minimize-latency/SKILL.md,2574,aether,aether/.staging/community/awesome-copilot/skills/qdrant-scaling/minimize-latency/SKILL.md,aether/library/community/awesome-copilot/skills/qdrant-scaling/minimize-latency/SKILL.md,quarantine-and-curate,aether-community-awesome-copilot,quarantined-instruction,,
.staging/.github/skills/qdrant-scaling/scaling-data-volume/SKILL.md,1941,aether,aether/.staging/community/awesome-copilot/skills/qdrant-scaling/scaling-data-volume/SKILL.md,aether/library/community/awesome-copilot/skills/qdrant-scaling/scaling-data-volume/SKILL.md,quarantine-and-curate,aether-community-awesome-copilot,quarantined-instruction,,
.staging/.github/skills/qdrant-scaling/scaling-data-volume/horizontal-scaling/SKILL.md,2995,aether,aether/.staging/community/awesome-copilot/skills/qdrant-scaling/scaling-data-volume/horizontal-scaling/SKILL.md,aether/library/community/awesome-copilot/skills/qdrant-scaling/scaling-data-volume/horizontal-scaling/SKILL.md,quarantine-and-curate,aether-community-awesome-copilot,quarantined-instruction,,
.staging/.github/skills/qdrant-scaling/scaling-data-volume/sliding-time-window/SKILL.md,4476,aether,aether/.staging/community/awesome-copilot/skills/qdrant-scaling/scaling-data-volume/sliding-time-window/SKILL.md,aether/library/community/awesome-copilot/skills/qdrant-scaling/scaling-data-volume/sliding-time-window/SKILL.md,quarantine-and-curate,aether-community-awesome-copilot,quarantined-instruction,,
.staging/.github/skills/qdrant-scaling/scaling-data-volume/tenant-scaling/SKILL.md,2745,aether,aether/.staging/community/awesome-copilot/skills/qdrant-scaling/scaling-data-volume/tenant-scaling/SKILL.md,aether/library/community/awesome-copilot/skills/qdrant-scaling/scaling-data-volume/tenant-scaling/SKILL.md,quarantine-and-curate,aether-community-awesome-copilot,quarantined-instruction,,
.staging/.github/skills/qdrant-scaling/scaling-data-volume/vertical-scaling/SKILL.md,4377,aether,aether/.staging/community/awesome-copilot/skills/qdrant-scaling/scaling-data-volume/vertical-scaling/SKILL.md,aether/library/community/awesome-copilot/skills/qdrant-scaling/scaling-data-volume/vertical-scaling/SKILL.md,quarantine-and-curate,aether-community-awesome-copilot,quarantined-instruction,,
.staging/.github/skills/qdrant-scaling/scaling-qps/SKILL.md,3608,aether,aether/.staging/community/awesome-copilot/skills/qdrant-scaling/scaling-qps/SKILL.md,aether/library/community/awesome-copilot/skills/qdrant-scaling/scaling-qps/SKILL.md,quarantine-and-curate,aether-community-awesome-copilot,quarantined-instruction,,
.staging/.github/skills/qdrant-scaling/scaling-query-volume/SKILL.md,1406,aether,aether/.staging/community/awesome-copilot/skills/qdrant-scaling/scaling-query-volume/SKILL.md,aether/library/community/awesome-copilot/skills/qdrant-scaling/scaling-query-volume/SKILL.md,quarantine-and-curate,aether-community-awesome-copilot,quarantined-instruction,,
.staging/.github/skills/qdrant-search-quality/SKILL.md,1342,aether,aether/.staging/community/awesome-copilot/skills/qdrant-search-quality/SKILL.md,aether/library/community/awesome-copilot/skills/qdrant-search-quality/SKILL.md,quarantine-and-curate,aether-community-awesome-copilot,quarantined-instruction,,
.staging/.github/skills/qdrant-search-quality/diagnosis/SKILL.md,3710,aether,aether/.staging/community/awesome-copilot/skills/qdrant-search-quality/diagnosis/SKILL.md,aether/library/community/awesome-copilot/skills/qdrant-search-quality/diagnosis/SKILL.md,quarantine-and-curate,aether-community-awesome-copilot,quarantined-instruction,,
.staging/.github/skills/qdrant-search-quality/search-strategies/SKILL.md,6963,aether,aether/.staging/community/awesome-copilot/skills/qdrant-search-quality/search-strategies/SKILL.md,aether/library/community/awesome-copilot/skills/qdrant-search-quality/search-strategies/SKILL.md,quarantine-and-curate,aether-community-awesome-copilot,quarantined-instruction,,
.staging/.github/skills/qdrant-version-upgrade/SKILL.md,1937,aether,aether/.staging/community/awesome-copilot/skills/qdrant-version-upgrade/SKILL.md,aether/library/community/awesome-copilot/skills/qdrant-version-upgrade/SKILL.md,quarantine-and-curate,aether-community-awesome-copilot,quarantined-instruction,,
.staging/.github/skills/quality-playbook/LICENSE.txt,10766,aether,aether/.staging/community/awesome-copilot/skills/quality-playbook/LICENSE.txt,aether/library/community/awesome-copilot/skills/quality-playbook/LICENSE.txt,quarantine-and-curate,aether-community-awesome-copilot,quarantined-instruction,,
.staging/.github/skills/quality-playbook/SKILL.md,294426,aether,aether/.staging/community/awesome-copilot/skills/quality-playbook/SKILL.md,aether/library/community/awesome-copilot/skills/quality-playbook/SKILL.md,quarantine-and-curate,aether-community-awesome-copilot,quarantined-instruction,,
.staging/.github/skills/quality-playbook/agents/calibration_orchestrator.md,22194,aether,aether/.staging/community/awesome-copilot/skills/quality-playbook/agents/calibration_orchestrator.md,aether/library/community/awesome-copilot/skills/quality-playbook/agents/calibration_orchestrator.md,quarantine-and-curate,aether-community-awesome-copilot,quarantined-instruction,,
.staging/.github/skills/quality-playbook/agents/quality-playbook-claude.agent.md,8092,aether,aether/.staging/community/awesome-copilot/skills/quality-playbook/agents/quality-playbook-claude.agent.md,aether/library/community/awesome-copilot/skills/quality-playbook/agents/quality-playbook-claude.agent.md,quarantine-and-curate,aether-community-awesome-copilot,quarantined-instruction,,
.staging/.github/skills/quality-playbook/agents/quality-playbook.agent.md,11272,aether,aether/.staging/community/awesome-copilot/skills/quality-playbook/agents/quality-playbook.agent.md,aether/library/community/awesome-copilot/skills/quality-playbook/agents/quality-playbook.agent.md,quarantine-and-curate,aether-community-awesome-copilot,quarantined-instruction,,
.staging/.github/skills/quality-playbook/phase_prompts/README.md,1962,aether,aether/.staging/community/awesome-copilot/skills/quality-playbook/phase_prompts/README.md,aether/library/community/awesome-copilot/skills/quality-playbook/phase_prompts/README.md,quarantine-and-curate,aether-community-awesome-copilot,quarantined-instruction,,
.staging/.github/skills/quality-playbook/phase_prompts/iteration.md,381,aether,aether/.staging/community/awesome-copilot/skills/quality-playbook/phase_prompts/iteration.md,aether/library/community/awesome-copilot/skills/quality-playbook/phase_prompts/iteration.md,quarantine-and-curate,aether-community-awesome-copilot,quarantined-instruction,,
.staging/.github/skills/quality-playbook/phase_prompts/phase1.md,18310,aether,aether/.staging/community/awesome-copilot/skills/quality-playbook/phase_prompts/phase1.md,aether/library/community/awesome-copilot/skills/quality-playbook/phase_prompts/phase1.md,quarantine-and-curate,aether-community-awesome-copilot,quarantined-instruction,,
.staging/.github/skills/quality-playbook/phase_prompts/phase2.md,2863,aether,aether/.staging/community/awesome-copilot/skills/quality-playbook/phase_prompts/phase2.md,aether/library/community/awesome-copilot/skills/quality-playbook/phase_prompts/phase2.md,quarantine-and-curate,aether-community-awesome-copilot,quarantined-instruction,,
.staging/.github/skills/quality-playbook/phase_prompts/phase3.md,8608,aether,aether/.staging/community/awesome-copilot/skills/quality-playbook/phase_prompts/phase3.md,aether/library/community/awesome-copilot/skills/quality-playbook/phase_prompts/phase3.md,quarantine-and-curate,aether-community-awesome-copilot,quarantined-instruction,,
.staging/.github/skills/quality-playbook/phase_prompts/phase4.md,3163,aether,aether/.staging/community/awesome-copilot/skills/quality-playbook/phase_prompts/phase4.md,aether/library/community/awesome-copilot/skills/quality-playbook/phase_prompts/phase4.md,quarantine-and-curate,aether-community-awesome-copilot,quarantined-instruction,,
.staging/.github/skills/quality-playbook/phase_prompts/phase5.md,10958,aether,aether/.staging/community/awesome-copilot/skills/quality-playbook/phase_prompts/phase5.md,aether/library/community/awesome-copilot/skills/quality-playbook/phase_prompts/phase5.md,quarantine-and-curate,aether-community-awesome-copilot,quarantined-instruction,,
.staging/.github/skills/quality-playbook/phase_prompts/phase6.md,1741,aether,aether/.staging/community/awesome-copilot/skills/quality-playbook/phase_prompts/phase6.md,aether/library/community/awesome-copilot/skills/quality-playbook/phase_prompts/phase6.md,quarantine-and-curate,aether-community-awesome-copilot,quarantined-instruction,,
.staging/.github/skills/quality-playbook/phase_prompts/single_pass.md,88,aether,aether/.staging/community/awesome-copilot/skills/quality-playbook/phase_prompts/single_pass.md,aether/library/community/awesome-copilot/skills/quality-playbook/phase_prompts/single_pass.md,quarantine-and-curate,aether-community-awesome-copilot,quarantined-instruction,,
.staging/.github/skills/quality-playbook/quality_gate.py,131462,aether,aether/.staging/community/awesome-copilot/skills/quality-playbook/quality_gate.py,aether/library/community/awesome-copilot/skills/quality-playbook/quality_gate.py,quarantine-and-curate,aether-community-awesome-copilot,quarantined-executable,,executable
.staging/.github/skills/quality-playbook/references/challenge_gate.md,9037,aether,aether/.staging/community/awesome-copilot/skills/quality-playbook/references/challenge_gate.md,aether/library/community/awesome-copilot/skills/quality-playbook/references/challenge_gate.md,quarantine-and-curate,aether-community-awesome-copilot,quarantined-instruction,,
.staging/.github/skills/quality-playbook/references/code-only-mode.md,4818,aether,aether/.staging/community/awesome-copilot/skills/quality-playbook/references/code-only-mode.md,aether/library/community/awesome-copilot/skills/quality-playbook/references/code-only-mode.md,quarantine-and-curate,aether-community-awesome-copilot,quarantined-instruction,,
.staging/.github/skills/quality-playbook/references/constitution.md,9699,aether,aether/.staging/community/awesome-copilot/skills/quality-playbook/references/constitution.md,aether/library/community/awesome-copilot/skills/quality-playbook/references/constitution.md,quarantine-and-curate,aether-community-awesome-copilot,quarantined-instruction,,
.staging/.github/skills/quality-playbook/references/defensive_patterns.md,13088,aether,aether/.staging/community/awesome-copilot/skills/quality-playbook/references/defensive_patterns.md,aether/library/community/awesome-copilot/skills/quality-playbook/references/defensive_patterns.md,quarantine-and-curate,aether-community-awesome-copilot,quarantined-instruction,,
.staging/.github/skills/quality-playbook/references/exploration_patterns.md,34297,aether,aether/.staging/community/awesome-copilot/skills/quality-playbook/references/exploration_patterns.md,aether/library/community/awesome-copilot/skills/quality-playbook/references/exploration_patterns.md,quarantine-and-curate,aether-community-awesome-copilot,quarantined-instruction,,
.staging/.github/skills/quality-playbook/references/functional_tests.md,11779,aether,aether/.staging/community/awesome-copilot/skills/quality-playbook/references/functional_tests.md,aether/library/community/awesome-copilot/skills/quality-playbook/references/functional_tests.md,quarantine-and-curate,aether-community-awesome-copilot,quarantined-instruction,,
.staging/.github/skills/quality-playbook/references/iteration.md,21062,aether,aether/.staging/community/awesome-copilot/skills/quality-playbook/references/iteration.md,aether/library/community/awesome-copilot/skills/quality-playbook/references/iteration.md,quarantine-and-curate,aether-community-awesome-copilot,quarantined-instruction,,
.staging/.github/skills/quality-playbook/references/orchestrator_protocol.md,5363,aether,aether/.staging/community/awesome-copilot/skills/quality-playbook/references/orchestrator_protocol.md,aether/library/community/awesome-copilot/skills/quality-playbook/references/orchestrator_protocol.md,quarantine-and-curate,aether-community-awesome-copilot,quarantined-instruction,,
.staging/.github/skills/quality-playbook/references/requirements_pipeline.md,24716,aether,aether/.staging/community/awesome-copilot/skills/quality-playbook/references/requirements_pipeline.md,aether/library/community/awesome-copilot/skills/quality-playbook/references/requirements_pipeline.md,quarantine-and-curate,aether-community-awesome-copilot,quarantined-instruction,,
.staging/.github/skills/quality-playbook/references/requirements_refinement.md,5981,aether,aether/.staging/community/awesome-copilot/skills/quality-playbook/references/requirements_refinement.md,aether/library/community/awesome-copilot/skills/quality-playbook/references/requirements_refinement.md,quarantine-and-curate,aether-community-awesome-copilot,quarantined-instruction,,
.staging/.github/skills/quality-playbook/references/requirements_review.md,5772,aether,aether/.staging/community/awesome-copilot/skills/quality-playbook/references/requirements_review.md,aether/library/community/awesome-copilot/skills/quality-playbook/references/requirements_review.md,quarantine-and-curate,aether-community-awesome-copilot,quarantined-instruction,,
.staging/.github/skills/quality-playbook/references/review_protocols.md,40867,aether,aether/.staging/community/awesome-copilot/skills/quality-playbook/references/review_protocols.md,aether/library/community/awesome-copilot/skills/quality-playbook/references/review_protocols.md,quarantine-and-curate,aether-community-awesome-copilot,quarantined-instruction,,
.staging/.github/skills/quality-playbook/references/run_state_schema.md,18621,aether,aether/.staging/community/awesome-copilot/skills/quality-playbook/references/run_state_schema.md,aether/library/community/awesome-copilot/skills/quality-playbook/references/run_state_schema.md,quarantine-and-curate,aether-community-awesome-copilot,quarantined-instruction,,
.staging/.github/skills/quality-playbook/references/schema_mapping.md,6451,aether,aether/.staging/community/awesome-copilot/skills/quality-playbook/references/schema_mapping.md,aether/library/community/awesome-copilot/skills/quality-playbook/references/schema_mapping.md,quarantine-and-curate,aether-community-awesome-copilot,quarantined-instruction,,
.staging/.github/skills/quality-playbook/references/spec_audit.md,18469,aether,aether/.staging/community/awesome-copilot/skills/quality-playbook/references/spec_audit.md,aether/library/community/awesome-copilot/skills/quality-playbook/references/spec_audit.md,quarantine-and-curate,aether-community-awesome-copilot,quarantined-instruction,,
.staging/.github/skills/quality-playbook/references/verification.md,31873,aether,aether/.staging/community/awesome-copilot/skills/quality-playbook/references/verification.md,aether/library/community/awesome-copilot/skills/quality-playbook/references/verification.md,quarantine-and-curate,aether-community-awesome-copilot,quarantined-instruction,,
.staging/.github/skills/quasi-coder/SKILL.md,15641,aether,aether/.staging/community/awesome-copilot/skills/quasi-coder/SKILL.md,aether/library/community/awesome-copilot/skills/quasi-coder/SKILL.md,quarantine-and-curate,aether-community-awesome-copilot,quarantined-instruction,,
.staging/.github/skills/react-audit-grep-patterns/SKILL.md,1845,aether,aether/.staging/community/awesome-copilot/skills/react-audit-grep-patterns/SKILL.md,aether/library/community/awesome-copilot/skills/react-audit-grep-patterns/SKILL.md,quarantine-and-curate,aether-community-awesome-copilot,quarantined-instruction,,
.staging/.github/skills/react-audit-grep-patterns/references/dep-scans.md,2735,aether,aether/.staging/community/awesome-copilot/skills/react-audit-grep-patterns/references/dep-scans.md,aether/library/community/awesome-copilot/skills/react-audit-grep-patterns/references/dep-scans.md,quarantine-and-curate,aether-community-awesome-copilot,quarantined-instruction,,
.staging/.github/skills/react-audit-grep-patterns/references/react18-scans.md,7621,aether,aether/.staging/community/awesome-copilot/skills/react-audit-grep-patterns/references/react18-scans.md,aether/library/community/awesome-copilot/skills/react-audit-grep-patterns/references/react18-scans.md,quarantine-and-curate,aether-community-awesome-copilot,quarantined-instruction,,
.staging/.github/skills/react-audit-grep-patterns/references/react19-scans.md,5659,aether,aether/.staging/community/awesome-copilot/skills/react-audit-grep-patterns/references/react19-scans.md,aether/library/community/awesome-copilot/skills/react-audit-grep-patterns/references/react19-scans.md,quarantine-and-curate,aether-community-awesome-copilot,quarantined-instruction,,
.staging/.github/skills/react-audit-grep-patterns/references/test-scans.md,2464,aether,aether/.staging/community/awesome-copilot/skills/react-audit-grep-patterns/references/test-scans.md,aether/library/community/awesome-copilot/skills/react-audit-grep-patterns/references/test-scans.md,quarantine-and-curate,aether-community-awesome-copilot,quarantined-instruction,,
.staging/.github/skills/react-container-presentation-component/SKILL.md,4135,aether,aether/.staging/community/awesome-copilot/skills/react-container-presentation-component/SKILL.md,aether/library/community/awesome-copilot/skills/react-container-presentation-component/SKILL.md,quarantine-and-curate,aether-community-awesome-copilot,quarantined-instruction,,
.staging/.github/skills/react-container-presentation-component/references/component-architecture.md,5239,aether,aether/.staging/community/awesome-copilot/skills/react-container-presentation-component/references/component-architecture.md,aether/library/community/awesome-copilot/skills/react-container-presentation-component/references/component-architecture.md,quarantine-and-curate,aether-community-awesome-copilot,quarantined-instruction,,
.staging/.github/skills/react-container-presentation-component/references/typescript-and-scss-rules.md,1362,aether,aether/.staging/community/awesome-copilot/skills/react-container-presentation-component/references/typescript-and-scss-rules.md,aether/library/community/awesome-copilot/skills/react-container-presentation-component/references/typescript-and-scss-rules.md,quarantine-and-curate,aether-community-awesome-copilot,quarantined-instruction,,
.staging/.github/skills/react18-batching-patterns/SKILL.md,2489,aether,aether/.staging/community/awesome-copilot/skills/react18-batching-patterns/SKILL.md,aether/library/community/awesome-copilot/skills/react18-batching-patterns/SKILL.md,quarantine-and-curate,aether-community-awesome-copilot,quarantined-instruction,,
.staging/.github/skills/react18-batching-patterns/references/batching-categories.md,5971,aether,aether/.staging/community/awesome-copilot/skills/react18-batching-patterns/references/batching-categories.md,aether/library/community/awesome-copilot/skills/react18-batching-patterns/references/batching-categories.md,quarantine-and-curate,aether-community-awesome-copilot,quarantined-instruction,,
.staging/.github/skills/react18-batching-patterns/references/flushSync-guide.md,2469,aether,aether/.staging/community/awesome-copilot/skills/react18-batching-patterns/references/flushSync-guide.md,aether/library/community/awesome-copilot/skills/react18-batching-patterns/references/flushSync-guide.md,quarantine-and-curate,aether-community-awesome-copilot,quarantined-instruction,,
.staging/.github/skills/react18-dep-compatibility/SKILL.md,4519,aether,aether/.staging/community/awesome-copilot/skills/react18-dep-compatibility/SKILL.md,aether/library/community/awesome-copilot/skills/react18-dep-compatibility/SKILL.md,quarantine-and-curate,aether-community-awesome-copilot,quarantined-instruction,,
.staging/.github/skills/react18-dep-compatibility/references/apollo-details.md,2465,aether,aether/.staging/community/awesome-copilot/skills/react18-dep-compatibility/references/apollo-details.md,aether/library/community/awesome-copilot/skills/react18-dep-compatibility/references/apollo-details.md,quarantine-and-curate,aether-community-awesome-copilot,quarantined-instruction,,
.staging/.github/skills/react18-dep-compatibility/references/router-migration.md,3457,aether,aether/.staging/community/awesome-copilot/skills/react18-dep-compatibility/references/router-migration.md,aether/library/community/awesome-copilot/skills/react18-dep-compatibility/references/router-migration.md,quarantine-and-curate,aether-community-awesome-copilot,quarantined-instruction,,
.staging/.github/skills/react18-enzyme-to-rtl/SKILL.md,3672,aether,aether/.staging/community/awesome-copilot/skills/react18-enzyme-to-rtl/SKILL.md,aether/library/community/awesome-copilot/skills/react18-enzyme-to-rtl/SKILL.md,quarantine-and-curate,aether-community-awesome-copilot,quarantined-instruction,,
.staging/.github/skills/react18-enzyme-to-rtl/references/async-patterns.md,7522,aether,aether/.staging/community/awesome-copilot/skills/react18-enzyme-to-rtl/references/async-patterns.md,aether/library/community/awesome-copilot/skills/react18-enzyme-to-rtl/references/async-patterns.md,quarantine-and-curate,aether-community-awesome-copilot,quarantined-instruction,,
.staging/.github/skills/react18-enzyme-to-rtl/references/enzyme-api-map.md,6294,aether,aether/.staging/community/awesome-copilot/skills/react18-enzyme-to-rtl/references/enzyme-api-map.md,aether/library/community/awesome-copilot/skills/react18-enzyme-to-rtl/references/enzyme-api-map.md,quarantine-and-curate,aether-community-awesome-copilot,quarantined-instruction,,
.staging/.github/skills/react18-legacy-context/SKILL.md,2484,aether,aether/.staging/community/awesome-copilot/skills/react18-legacy-context/SKILL.md,aether/library/community/awesome-copilot/skills/react18-legacy-context/SKILL.md,quarantine-and-curate,aether-community-awesome-copilot,quarantined-instruction,,
.staging/.github/skills/react18-legacy-context/references/context-file-template.md,3294,aether,aether/.staging/community/awesome-copilot/skills/react18-legacy-context/references/context-file-template.md,aether/library/community/awesome-copilot/skills/react18-legacy-context/references/context-file-template.md,quarantine-and-curate,aether-community-awesome-copilot,quarantined-instruction,,
.staging/.github/skills/react18-legacy-context/references/multi-context.md,5770,aether,aether/.staging/community/awesome-copilot/skills/react18-legacy-context/references/multi-context.md,aether/library/community/awesome-copilot/skills/react18-legacy-context/references/multi-context.md,quarantine-and-curate,aether-community-awesome-copilot,quarantined-instruction,,
.staging/.github/skills/react18-legacy-context/references/single-context.md,5205,aether,aether/.staging/community/awesome-copilot/skills/react18-legacy-context/references/single-context.md,aether/library/community/awesome-copilot/skills/react18-legacy-context/references/single-context.md,quarantine-and-curate,aether-community-awesome-copilot,quarantined-instruction,,
.staging/.github/skills/react18-lifecycle-patterns/SKILL.md,3653,aether,aether/.staging/community/awesome-copilot/skills/react18-lifecycle-patterns/SKILL.md,aether/library/community/awesome-copilot/skills/react18-lifecycle-patterns/SKILL.md,quarantine-and-curate,aether-community-awesome-copilot,quarantined-instruction,,
.staging/.github/skills/react18-lifecycle-patterns/references/componentWillMount.md,3776,aether,aether/.staging/community/awesome-copilot/skills/react18-lifecycle-patterns/references/componentWillMount.md,aether/library/community/awesome-copilot/skills/react18-lifecycle-patterns/references/componentWillMount.md,quarantine-and-curate,aether-community-awesome-copilot,quarantined-instruction,,
.staging/.github/skills/react18-lifecycle-patterns/references/componentWillReceiveProps.md,5085,aether,aether/.staging/community/awesome-copilot/skills/react18-lifecycle-patterns/references/componentWillReceiveProps.md,aether/library/community/awesome-copilot/skills/react18-lifecycle-patterns/references/componentWillReceiveProps.md,quarantine-and-curate,aether-community-awesome-copilot,quarantined-instruction,,
.staging/.github/skills/react18-lifecycle-patterns/references/componentWillUpdate.md,4789,aether,aether/.staging/community/awesome-copilot/skills/react18-lifecycle-patterns/references/componentWillUpdate.md,aether/library/community/awesome-copilot/skills/react18-lifecycle-patterns/references/componentWillUpdate.md,quarantine-and-curate,aether-community-awesome-copilot,quarantined-instruction,,
.staging/.github/skills/react18-string-refs/SKILL.md,2120,aether,aether/.staging/community/awesome-copilot/skills/react18-string-refs/SKILL.md,aether/library/community/awesome-copilot/skills/react18-string-refs/SKILL.md,quarantine-and-curate,aether-community-awesome-copilot,quarantined-instruction,,
.staging/.github/skills/react18-string-refs/references/patterns.md,6806,aether,aether/.staging/community/awesome-copilot/skills/react18-string-refs/references/patterns.md,aether/library/community/awesome-copilot/skills/react18-string-refs/references/patterns.md,quarantine-and-curate,aether-community-awesome-copilot,quarantined-instruction,,
.staging/.github/skills/react19-concurrent-patterns/SKILL.md,2890,aether,aether/.staging/community/awesome-copilot/skills/react19-concurrent-patterns/SKILL.md,aether/library/community/awesome-copilot/skills/react19-concurrent-patterns/SKILL.md,quarantine-and-curate,aether-community-awesome-copilot,quarantined-instruction,,
.staging/.github/skills/react19-concurrent-patterns/references/react19-actions.md,9632,aether,aether/.staging/community/awesome-copilot/skills/react19-concurrent-patterns/references/react19-actions.md,aether/library/community/awesome-copilot/skills/react19-concurrent-patterns/references/react19-actions.md,quarantine-and-curate,aether-community-awesome-copilot,quarantined-instruction,,
.staging/.github/skills/react19-concurrent-patterns/references/react19-suspense.md,7769,aether,aether/.staging/community/awesome-copilot/skills/react19-concurrent-patterns/references/react19-suspense.md,aether/library/community/awesome-copilot/skills/react19-concurrent-patterns/references/react19-suspense.md,quarantine-and-curate,aether-community-awesome-copilot,quarantined-instruction,,
.staging/.github/skills/react19-concurrent-patterns/references/react19-use.md,5091,aether,aether/.staging/community/awesome-copilot/skills/react19-concurrent-patterns/references/react19-use.md,aether/library/community/awesome-copilot/skills/react19-concurrent-patterns/references/react19-use.md,quarantine-and-curate,aether-community-awesome-copilot,quarantined-instruction,,
.staging/.github/skills/react19-source-patterns/SKILL.md,1977,aether,aether/.staging/community/awesome-copilot/skills/react19-source-patterns/SKILL.md,aether/library/community/awesome-copilot/skills/react19-source-patterns/SKILL.md,quarantine-and-curate,aether-community-awesome-copilot,quarantined-instruction,,
.staging/.github/skills/react19-source-patterns/references/api-migrations.md,11171,aether,aether/.staging/community/awesome-copilot/skills/react19-source-patterns/references/api-migrations.md,aether/library/community/awesome-copilot/skills/react19-source-patterns/references/api-migrations.md,quarantine-and-curate,aether-community-awesome-copilot,quarantined-instruction,,
.staging/.github/skills/react19-test-patterns/SKILL.md,3163,aether,aether/.staging/community/awesome-copilot/skills/react19-test-patterns/SKILL.md,aether/library/community/awesome-copilot/skills/react19-test-patterns/SKILL.md,quarantine-and-curate,aether-community-awesome-copilot,quarantined-instruction,,
.staging/.github/skills/readme-blueprint-generator/SKILL.md,2914,aether,aether/.staging/community/awesome-copilot/skills/readme-blueprint-generator/SKILL.md,aether/library/community/awesome-copilot/skills/readme-blueprint-generator/SKILL.md,quarantine-and-curate,aether-community-awesome-copilot,quarantined-instruction,,
.staging/.github/skills/refactor-method-complexity-reduce/SKILL.md,4430,aether,aether/.staging/community/awesome-copilot/skills/refactor-method-complexity-reduce/SKILL.md,aether/library/community/awesome-copilot/skills/refactor-method-complexity-reduce/SKILL.md,quarantine-and-curate,aether-community-awesome-copilot,quarantined-instruction,,
.staging/.github/skills/refactor-plan/SKILL.md,2289,aether,aether/.staging/community/awesome-copilot/skills/refactor-plan/SKILL.md,aether/library/community/awesome-copilot/skills/refactor-plan/SKILL.md,quarantine-and-curate,aether-community-awesome-copilot,quarantined-instruction,,
.staging/.github/skills/refactor/SKILL.md,16843,aether,aether/.staging/community/awesome-copilot/skills/refactor/SKILL.md,aether/library/community/awesome-copilot/skills/refactor/SKILL.md,quarantine-and-curate,aether-community-awesome-copilot,quarantined-instruction,,
.staging/.github/skills/remember-interactive-programming/SKILL.md,882,aether,aether/.staging/community/awesome-copilot/skills/remember-interactive-programming/SKILL.md,aether/library/community/awesome-copilot/skills/remember-interactive-programming/SKILL.md,quarantine-and-curate,aether-community-awesome-copilot,quarantined-instruction,,
.staging/.github/skills/remember/SKILL.md,6530,aether,aether/.staging/community/awesome-copilot/skills/remember/SKILL.md,aether/library/community/awesome-copilot/skills/remember/SKILL.md,quarantine-and-curate,aether-community-awesome-copilot,quarantined-instruction,,
.staging/.github/skills/repo-story-time/SKILL.md,6676,aether,aether/.staging/community/awesome-copilot/skills/repo-story-time/SKILL.md,aether/library/community/awesome-copilot/skills/repo-story-time/SKILL.md,quarantine-and-curate,aether-community-awesome-copilot,quarantined-instruction,,
.staging/.github/skills/resemble-detect/LICENSE,11357,aether,aether/.staging/community/awesome-copilot/skills/resemble-detect/LICENSE,aether/library/community/awesome-copilot/skills/resemble-detect/LICENSE,quarantine-and-curate,aether-community-awesome-copilot,quarantined-instruction,,
.staging/.github/skills/resemble-detect/SKILL.md,16452,aether,aether/.staging/community/awesome-copilot/skills/resemble-detect/SKILL.md,aether/library/community/awesome-copilot/skills/resemble-detect/SKILL.md,quarantine-and-curate,aether-community-awesome-copilot,quarantined-instruction,,
.staging/.github/skills/resemble-detect/references/api-reference.md,10147,aether,aether/.staging/community/awesome-copilot/skills/resemble-detect/references/api-reference.md,aether/library/community/awesome-copilot/skills/resemble-detect/references/api-reference.md,quarantine-and-curate,aether-community-awesome-copilot,quarantined-instruction,,
.staging/.github/skills/review-and-refactor/SKILL.md,770,aether,aether/.staging/community/awesome-copilot/skills/review-and-refactor/SKILL.md,aether/library/community/awesome-copilot/skills/review-and-refactor/SKILL.md,quarantine-and-curate,aether-community-awesome-copilot,quarantined-instruction,,
.staging/.github/skills/reviewing-oracle-to-postgres-migration/SKILL.md,3049,aether,aether/.staging/community/awesome-copilot/skills/reviewing-oracle-to-postgres-migration/SKILL.md,aether/library/community/awesome-copilot/skills/reviewing-oracle-to-postgres-migration/SKILL.md,quarantine-and-curate,aether-community-awesome-copilot,quarantined-instruction,,
.staging/.github/skills/reviewing-oracle-to-postgres-migration/references/REFERENCE.md,1899,aether,aether/.staging/community/awesome-copilot/skills/reviewing-oracle-to-postgres-migration/references/REFERENCE.md,aether/library/community/awesome-copilot/skills/reviewing-oracle-to-postgres-migration/references/REFERENCE.md,quarantine-and-curate,aether-community-awesome-copilot,quarantined-instruction,,
.staging/.github/skills/reviewing-oracle-to-postgres-migration/references/empty-strings-handling.md,2058,aether,aether/.staging/community/awesome-copilot/skills/reviewing-oracle-to-postgres-migration/references/empty-strings-handling.md,aether/library/community/awesome-copilot/skills/reviewing-oracle-to-postgres-migration/references/empty-strings-handling.md,quarantine-and-curate,aether-community-awesome-copilot,quarantined-instruction,,
.staging/.github/skills/reviewing-oracle-to-postgres-migration/references/no-data-found-exceptions.md,2671,aether,aether/.staging/community/awesome-copilot/skills/reviewing-oracle-to-postgres-migration/references/no-data-found-exceptions.md,aether/library/community/awesome-copilot/skills/reviewing-oracle-to-postgres-migration/references/no-data-found-exceptions.md,quarantine-and-curate,aether-community-awesome-copilot,quarantined-instruction,,
.staging/.github/skills/reviewing-oracle-to-postgres-migration/references/oracle-parentheses-from-clause.md,4966,aether,aether/.staging/community/awesome-copilot/skills/reviewing-oracle-to-postgres-migration/references/oracle-parentheses-from-clause.md,aether/library/community/awesome-copilot/skills/reviewing-oracle-to-postgres-migration/references/oracle-parentheses-from-clause.md,quarantine-and-curate,aether-community-awesome-copilot,quarantined-instruction,,
.staging/.github/skills/reviewing-oracle-to-postgres-migration/references/oracle-to-postgres-sorting.md,1945,aether,aether/.staging/community/awesome-copilot/skills/reviewing-oracle-to-postgres-migration/references/oracle-to-postgres-sorting.md,aether/library/community/awesome-copilot/skills/reviewing-oracle-to-postgres-migration/references/oracle-to-postgres-sorting.md,quarantine-and-curate,aether-community-awesome-copilot,quarantined-instruction,,
.staging/.github/skills/reviewing-oracle-to-postgres-migration/references/oracle-to-postgres-timestamp-timezone.md,8622,aether,aether/.staging/community/awesome-copilot/skills/reviewing-oracle-to-postgres-migration/references/oracle-to-postgres-timestamp-timezone.md,aether/library/community/awesome-copilot/skills/reviewing-oracle-to-postgres-migration/references/oracle-to-postgres-timestamp-timezone.md,quarantine-and-curate,aether-community-awesome-copilot,quarantined-instruction,,
.staging/.github/skills/reviewing-oracle-to-postgres-migration/references/oracle-to-postgres-to-char-numeric.md,4286,aether,aether/.staging/community/awesome-copilot/skills/reviewing-oracle-to-postgres-migration/references/oracle-to-postgres-to-char-numeric.md,aether/library/community/awesome-copilot/skills/reviewing-oracle-to-postgres-migration/references/oracle-to-postgres-to-char-numeric.md,quarantine-and-curate,aether-community-awesome-copilot,quarantined-instruction,,
.staging/.github/skills/reviewing-oracle-to-postgres-migration/references/oracle-to-postgres-type-coercion.md,5031,aether,aether/.staging/community/awesome-copilot/skills/reviewing-oracle-to-postgres-migration/references/oracle-to-postgres-type-coercion.md,aether/library/community/awesome-copilot/skills/reviewing-oracle-to-postgres-migration/references/oracle-to-postgres-type-coercion.md,quarantine-and-curate,aether-community-awesome-copilot,quarantined-instruction,,
.staging/.github/skills/reviewing-oracle-to-postgres-migration/references/postgres-concurrent-transactions.md,9628,aether,aether/.staging/community/awesome-copilot/skills/reviewing-oracle-to-postgres-migration/references/postgres-concurrent-transactions.md,aether/library/community/awesome-copilot/skills/reviewing-oracle-to-postgres-migration/references/postgres-concurrent-transactions.md,quarantine-and-curate,aether-community-awesome-copilot,quarantined-instruction,,
.staging/.github/skills/reviewing-oracle-to-postgres-migration/references/postgres-refcursor-handling.md,5796,aether,aether/.staging/community/awesome-copilot/skills/reviewing-oracle-to-postgres-migration/references/postgres-refcursor-handling.md,aether/library/community/awesome-copilot/skills/reviewing-oracle-to-postgres-migration/references/postgres-refcursor-handling.md,quarantine-and-curate,aether-community-awesome-copilot,quarantined-instruction,,
.staging/.github/skills/rhino3d-scripts/SKILL.md,11972,aether,aether/.staging/community/awesome-copilot/skills/rhino3d-scripts/SKILL.md,aether/library/community/awesome-copilot/skills/rhino3d-scripts/SKILL.md,quarantine-and-curate,aether-community-awesome-copilot,quarantined-instruction,,
.staging/.github/skills/rhino3d-scripts/references/macros-and-loading.md,5129,aether,aether/.staging/community/awesome-copilot/skills/rhino3d-scripts/references/macros-and-loading.md,aether/library/community/awesome-copilot/skills/rhino3d-scripts/references/macros-and-loading.md,quarantine-and-curate,aether-community-awesome-copilot,quarantined-instruction,,
.staging/.github/skills/rhino3d-scripts/references/rhinocommon-map.md,3832,aether,aether/.staging/community/awesome-copilot/skills/rhino3d-scripts/references/rhinocommon-map.md,aether/library/community/awesome-copilot/skills/rhino3d-scripts/references/rhinocommon-map.md,quarantine-and-curate,aether-community-awesome-copilot,quarantined-instruction,,
.staging/.github/skills/rhino3d-scripts/references/rhinoscriptsyntax-cheatsheet.md,3402,aether,aether/.staging/community/awesome-copilot/skills/rhino3d-scripts/references/rhinoscriptsyntax-cheatsheet.md,aether/library/community/awesome-copilot/skills/rhino3d-scripts/references/rhinoscriptsyntax-cheatsheet.md,quarantine-and-curate,aether-community-awesome-copilot,quarantined-instruction,,
.staging/.github/skills/rhino3d-scripts/references/vbscript-quirks.md,3326,aether,aether/.staging/community/awesome-copilot/skills/rhino3d-scripts/references/vbscript-quirks.md,aether/library/community/awesome-copilot/skills/rhino3d-scripts/references/vbscript-quirks.md,quarantine-and-curate,aether-community-awesome-copilot,quarantined-instruction,,
.staging/.github/skills/roundup-setup/SKILL.md,14674,aether,aether/.staging/community/awesome-copilot/skills/roundup-setup/SKILL.md,aether/library/community/awesome-copilot/skills/roundup-setup/SKILL.md,quarantine-and-curate,aether-community-awesome-copilot,quarantined-instruction,,
.staging/.github/skills/roundup-setup/references/config-template.md,4864,aether,aether/.staging/community/awesome-copilot/skills/roundup-setup/references/config-template.md,aether/library/community/awesome-copilot/skills/roundup-setup/references/config-template.md,quarantine-and-curate,aether-community-awesome-copilot,quarantined-instruction,,
.staging/.github/skills/roundup/SKILL.md,10361,aether,aether/.staging/community/awesome-copilot/skills/roundup/SKILL.md,aether/library/community/awesome-copilot/skills/roundup/SKILL.md,quarantine-and-curate,aether-community-awesome-copilot,quarantined-instruction,,
.staging/.github/skills/ruby-mcp-server-generator/SKILL.md,14822,aether,aether/.staging/community/awesome-copilot/skills/ruby-mcp-server-generator/SKILL.md,aether/library/community/awesome-copilot/skills/ruby-mcp-server-generator/SKILL.md,quarantine-and-curate,aether-community-awesome-copilot,quarantined-instruction,,
.staging/.github/skills/ruff-recursive-fix/SKILL.md,6193,aether,aether/.staging/community/awesome-copilot/skills/ruff-recursive-fix/SKILL.md,aether/library/community/awesome-copilot/skills/ruff-recursive-fix/SKILL.md,quarantine-and-curate,aether-community-awesome-copilot,quarantined-instruction,,
.staging/.github/skills/rust-mcp-server-generator/SKILL.md,12902,aether,aether/.staging/community/awesome-copilot/skills/rust-mcp-server-generator/SKILL.md,aether/library/community/awesome-copilot/skills/rust-mcp-server-generator/SKILL.md,quarantine-and-curate,aether-community-awesome-copilot,quarantined-instruction,,
.staging/.github/skills/salesforce-apex-quality/SKILL.md,7338,aether,aether/.staging/community/awesome-copilot/skills/salesforce-apex-quality/SKILL.md,aether/library/community/awesome-copilot/skills/salesforce-apex-quality/SKILL.md,quarantine-and-curate,aether-community-awesome-copilot,quarantined-instruction,,
.staging/.github/skills/salesforce-component-standards/SKILL.md,9866,aether,aether/.staging/community/awesome-copilot/skills/salesforce-component-standards/SKILL.md,aether/library/community/awesome-copilot/skills/salesforce-component-standards/SKILL.md,quarantine-and-curate,aether-community-awesome-copilot,quarantined-instruction,,
.staging/.github/skills/salesforce-flow-design/SKILL.md,7055,aether,aether/.staging/community/awesome-copilot/skills/salesforce-flow-design/SKILL.md,aether/library/community/awesome-copilot/skills/salesforce-flow-design/SKILL.md,quarantine-and-curate,aether-community-awesome-copilot,quarantined-instruction,,
.staging/.github/skills/sandbox-npm-install/SKILL.md,3812,aether,aether/.staging/community/awesome-copilot/skills/sandbox-npm-install/SKILL.md,aether/library/community/awesome-copilot/skills/sandbox-npm-install/SKILL.md,quarantine-and-curate,aether-community-awesome-copilot,quarantined-instruction,,
.staging/.github/skills/sandbox-npm-install/scripts/install.sh,5593,aether,aether/.staging/community/awesome-copilot/skills/sandbox-npm-install/scripts/install.sh,aether/library/community/awesome-copilot/skills/sandbox-npm-install/scripts/install.sh,quarantine-and-curate,aether-community-awesome-copilot,quarantined-executable,,executable
.staging/.github/skills/scaffolding-oracle-to-postgres-migration-test-project/SKILL.md,2538,aether,aether/.staging/community/awesome-copilot/skills/scaffolding-oracle-to-postgres-migration-test-project/SKILL.md,aether/library/community/awesome-copilot/skills/scaffolding-oracle-to-postgres-migration-test-project/SKILL.md,quarantine-and-curate,aether-community-awesome-copilot,quarantined-instruction,,
.staging/.github/skills/scoutqa-test/SKILL.md,13914,aether,aether/.staging/community/awesome-copilot/skills/scoutqa-test/SKILL.md,aether/library/community/awesome-copilot/skills/scoutqa-test/SKILL.md,quarantine-and-curate,aether-community-awesome-copilot,quarantined-instruction,,
.staging/.github/skills/screen-recording/SKILL.md,8067,aether,aether/.staging/community/awesome-copilot/skills/screen-recording/SKILL.md,aether/library/community/awesome-copilot/skills/screen-recording/SKILL.md,quarantine-and-curate,aether-community-awesome-copilot,quarantined-instruction,,
.staging/.github/skills/secret-scanning/SKILL.md,9626,aether,aether/.staging/community/awesome-copilot/skills/secret-scanning/SKILL.md,aether/library/community/awesome-copilot/skills/secret-scanning/SKILL.md,quarantine-and-curate,aether-community-awesome-copilot,quarantined-instruction,,
.staging/.github/skills/secret-scanning/references/alerts-and-remediation.md,7491,aether,aether/.staging/community/awesome-copilot/skills/secret-scanning/references/alerts-and-remediation.md,aether/library/community/awesome-copilot/skills/secret-scanning/references/alerts-and-remediation.md,quarantine-and-curate,aether-community-awesome-copilot,quarantined-instruction,,
.staging/.github/skills/secret-scanning/references/custom-patterns.md,5613,aether,aether/.staging/community/awesome-copilot/skills/secret-scanning/references/custom-patterns.md,aether/library/community/awesome-copilot/skills/secret-scanning/references/custom-patterns.md,quarantine-and-curate,aether-community-awesome-copilot,quarantined-instruction,,
.staging/.github/skills/secret-scanning/references/push-protection.md,6049,aether,aether/.staging/community/awesome-copilot/skills/secret-scanning/references/push-protection.md,aether/library/community/awesome-copilot/skills/secret-scanning/references/push-protection.md,quarantine-and-curate,aether-community-awesome-copilot,quarantined-instruction,,
.staging/.github/skills/security-review/SKILL.md,9094,aether,aether/.staging/community/awesome-copilot/skills/security-review/SKILL.md,aether/library/community/awesome-copilot/skills/security-review/SKILL.md,quarantine-and-curate,aether-community-awesome-copilot,quarantined-instruction,,
.staging/.github/skills/security-review/references/language-patterns.md,5341,aether,aether/.staging/community/awesome-copilot/skills/security-review/references/language-patterns.md,aether/library/community/awesome-copilot/skills/security-review/references/language-patterns.md,quarantine-and-curate,aether-community-awesome-copilot,quarantined-instruction,,
.staging/.github/skills/security-review/references/report-format.md,6780,aether,aether/.staging/community/awesome-copilot/skills/security-review/references/report-format.md,aether/library/community/awesome-copilot/skills/security-review/references/report-format.md,quarantine-and-curate,aether-community-awesome-copilot,quarantined-instruction,,
.staging/.github/skills/security-review/references/secret-patterns.md,3524,aether,aether/.staging/community/awesome-copilot/skills/security-review/references/secret-patterns.md,aether/library/community/awesome-copilot/skills/security-review/references/secret-patterns.md,quarantine-and-curate,aether-community-awesome-copilot,quarantined-instruction,,
.staging/.github/skills/security-review/references/vuln-categories.md,7913,aether,aether/.staging/community/awesome-copilot/skills/security-review/references/vuln-categories.md,aether/library/community/awesome-copilot/skills/security-review/references/vuln-categories.md,quarantine-and-curate,aether-community-awesome-copilot,quarantined-instruction,,
.staging/.github/skills/security-review/references/vulnerable-packages.md,3979,aether,aether/.staging/community/awesome-copilot/skills/security-review/references/vulnerable-packages.md,aether/library/community/awesome-copilot/skills/security-review/references/vulnerable-packages.md,quarantine-and-curate,aether-community-awesome-copilot,quarantined-instruction,,
.staging/.github/skills/semantic-kernel/SKILL.md,3024,aether,aether/.staging/community/awesome-copilot/skills/semantic-kernel/SKILL.md,aether/library/community/awesome-copilot/skills/semantic-kernel/SKILL.md,quarantine-and-curate,aether-community-awesome-copilot,quarantined-instruction,,
.staging/.github/skills/semantic-kernel/references/dotnet.md,675,aether,aether/.staging/community/awesome-copilot/skills/semantic-kernel/references/dotnet.md,aether/library/community/awesome-copilot/skills/semantic-kernel/references/dotnet.md,quarantine-and-curate,aether-community-awesome-copilot,quarantined-instruction,,
.staging/.github/skills/semantic-kernel/references/python.md,623,aether,aether/.staging/community/awesome-copilot/skills/semantic-kernel/references/python.md,aether/library/community/awesome-copilot/skills/semantic-kernel/references/python.md,quarantine-and-curate,aether-community-awesome-copilot,quarantined-instruction,,
.staging/.github/skills/setup-my-iq/SKILL.md,34097,aether,aether/.staging/community/awesome-copilot/skills/setup-my-iq/SKILL.md,aether/library/community/awesome-copilot/skills/setup-my-iq/SKILL.md,quarantine-and-curate,aether-community-awesome-copilot,quarantined-instruction,,
.staging/.github/skills/setup-my-iq/assets/templates/AGENTS.md,4210,aether,aether/.staging/community/awesome-copilot/skills/setup-my-iq/assets/templates/AGENTS.md,aether/library/community/awesome-copilot/skills/setup-my-iq/assets/templates/AGENTS.md,quarantine-and-curate,aether-community-awesome-copilot,quarantined-instruction,,prompt-override-content
.staging/.github/skills/setup-my-iq/assets/templates/communication-style.md,2309,aether,aether/.staging/community/awesome-copilot/skills/setup-my-iq/assets/templates/communication-style.md,aether/library/community/awesome-copilot/skills/setup-my-iq/assets/templates/communication-style.md,quarantine-and-curate,aether-community-awesome-copilot,quarantined-instruction,,
.staging/.github/skills/setup-my-iq/assets/templates/identity.md,518,aether,aether/.staging/community/awesome-copilot/skills/setup-my-iq/assets/templates/identity.md,aether/library/community/awesome-copilot/skills/setup-my-iq/assets/templates/identity.md,quarantine-and-curate,aether-community-awesome-copilot,quarantined-instruction,,
.staging/.github/skills/setup-my-iq/assets/templates/preferences-and-constraints.md,2923,aether,aether/.staging/community/awesome-copilot/skills/setup-my-iq/assets/templates/preferences-and-constraints.md,aether/library/community/awesome-copilot/skills/setup-my-iq/assets/templates/preferences-and-constraints.md,quarantine-and-curate,aether-community-awesome-copilot,quarantined-instruction,,
.staging/.github/skills/setup-my-iq/assets/templates/role-and-responsibilities.md,974,aether,aether/.staging/community/awesome-copilot/skills/setup-my-iq/assets/templates/role-and-responsibilities.md,aether/library/community/awesome-copilot/skills/setup-my-iq/assets/templates/role-and-responsibilities.md,quarantine-and-curate,aether-community-awesome-copilot,quarantined-instruction,,
.staging/.github/skills/setup-my-iq/assets/templates/team.md,942,aether,aether/.staging/community/awesome-copilot/skills/setup-my-iq/assets/templates/team.md,aether/library/community/awesome-copilot/skills/setup-my-iq/assets/templates/team.md,quarantine-and-curate,aether-community-awesome-copilot,quarantined-instruction,,
.staging/.github/skills/setup-my-iq/assets/templates/tools-systems-and-config.md,3098,aether,aether/.staging/community/awesome-copilot/skills/setup-my-iq/assets/templates/tools-systems-and-config.md,aether/library/community/awesome-copilot/skills/setup-my-iq/assets/templates/tools-systems-and-config.md,quarantine-and-curate,aether-community-awesome-copilot,quarantined-instruction,,
.staging/.github/skills/shuffle-json-data/SKILL.md,4490,aether,aether/.staging/community/awesome-copilot/skills/shuffle-json-data/SKILL.md,aether/library/community/awesome-copilot/skills/shuffle-json-data/SKILL.md,quarantine-and-curate,aether-community-awesome-copilot,quarantined-instruction,,
.staging/.github/skills/slang-shader-engineer/SKILL.md,7276,aether,aether/.staging/community/awesome-copilot/skills/slang-shader-engineer/SKILL.md,aether/library/community/awesome-copilot/skills/slang-shader-engineer/SKILL.md,quarantine-and-curate,aether-community-awesome-copilot,quarantined-instruction,,
.staging/.github/skills/slang-shader-engineer/references/language-reference.md,12995,aether,aether/.staging/community/awesome-copilot/skills/slang-shader-engineer/references/language-reference.md,aether/library/community/awesome-copilot/skills/slang-shader-engineer/references/language-reference.md,quarantine-and-curate,aether-community-awesome-copilot,quarantined-instruction,,
.staging/.github/skills/slang-shader-engineer/references/rules-and-patterns.md,9684,aether,aether/.staging/community/awesome-copilot/skills/slang-shader-engineer/references/rules-and-patterns.md,aether/library/community/awesome-copilot/skills/slang-shader-engineer/references/rules-and-patterns.md,quarantine-and-curate,aether-community-awesome-copilot,quarantined-instruction,,
.staging/.github/skills/slang-shader-engineer/references/slang-documentation-full.md,37809,aether,aether/.staging/community/awesome-copilot/skills/slang-shader-engineer/references/slang-documentation-full.md,aether/library/community/awesome-copilot/skills/slang-shader-engineer/references/slang-documentation-full.md,quarantine-and-curate,aether-community-awesome-copilot,quarantined-instruction,,
.staging/.github/skills/snowflake-semanticview/SKILL.md,4411,aether,aether/.staging/community/awesome-copilot/skills/snowflake-semanticview/SKILL.md,aether/library/community/awesome-copilot/skills/snowflake-semanticview/SKILL.md,quarantine-and-curate,aether-community-awesome-copilot,quarantined-instruction,,
.staging/.github/skills/sponsor-finder/SKILL.md,12179,aether,aether/.staging/community/awesome-copilot/skills/sponsor-finder/SKILL.md,aether/library/community/awesome-copilot/skills/sponsor-finder/SKILL.md,quarantine-and-curate,aether-community-awesome-copilot,quarantined-instruction,,
.staging/.github/skills/spring-boot-testing/SKILL.md,6668,aether,aether/.staging/community/awesome-copilot/skills/spring-boot-testing/SKILL.md,aether/library/community/awesome-copilot/skills/spring-boot-testing/SKILL.md,quarantine-and-curate,aether-community-awesome-copilot,quarantined-instruction,,
.staging/.github/skills/spring-boot-testing/references/assertj-basics.md,4384,aether,aether/.staging/community/awesome-copilot/skills/spring-boot-testing/references/assertj-basics.md,aether/library/community/awesome-copilot/skills/spring-boot-testing/references/assertj-basics.md,quarantine-and-curate,aether-community-awesome-copilot,quarantined-instruction,,
.staging/.github/skills/spring-boot-testing/references/assertj-collections.md,5015,aether,aether/.staging/community/awesome-copilot/skills/spring-boot-testing/references/assertj-collections.md,aether/library/community/awesome-copilot/skills/spring-boot-testing/references/assertj-collections.md,quarantine-and-curate,aether-community-awesome-copilot,quarantined-instruction,,
.staging/.github/skills/spring-boot-testing/references/context-caching.md,2467,aether,aether/.staging/community/awesome-copilot/skills/spring-boot-testing/references/context-caching.md,aether/library/community/awesome-copilot/skills/spring-boot-testing/references/context-caching.md,quarantine-and-curate,aether-community-awesome-copilot,quarantined-instruction,,
.staging/.github/skills/spring-boot-testing/references/datajpatest.md,4953,aether,aether/.staging/community/awesome-copilot/skills/spring-boot-testing/references/datajpatest.md,aether/library/community/awesome-copilot/skills/spring-boot-testing/references/datajpatest.md,quarantine-and-curate,aether-community-awesome-copilot,quarantined-instruction,,
.staging/.github/skills/spring-boot-testing/references/instancio.md,4886,aether,aether/.staging/community/awesome-copilot/skills/spring-boot-testing/references/instancio.md,aether/library/community/awesome-copilot/skills/spring-boot-testing/references/instancio.md,quarantine-and-curate,aether-community-awesome-copilot,quarantined-instruction,,
.staging/.github/skills/spring-boot-testing/references/mockitobean.md,4613,aether,aether/.staging/community/awesome-copilot/skills/spring-boot-testing/references/mockitobean.md,aether/library/community/awesome-copilot/skills/spring-boot-testing/references/mockitobean.md,quarantine-and-curate,aether-community-awesome-copilot,quarantined-instruction,,
.staging/.github/skills/spring-boot-testing/references/mockmvc-classic.md,5929,aether,aether/.staging/community/awesome-copilot/skills/spring-boot-testing/references/mockmvc-classic.md,aether/library/community/awesome-copilot/skills/spring-boot-testing/references/mockmvc-classic.md,quarantine-and-curate,aether-community-awesome-copilot,quarantined-instruction,,
.staging/.github/skills/spring-boot-testing/references/mockmvc-tester.md,7696,aether,aether/.staging/community/awesome-copilot/skills/spring-boot-testing/references/mockmvc-tester.md,aether/library/community/awesome-copilot/skills/spring-boot-testing/references/mockmvc-tester.md,quarantine-and-curate,aether-community-awesome-copilot,quarantined-instruction,,
.staging/.github/skills/spring-boot-testing/references/restclienttest.md,4736,aether,aether/.staging/community/awesome-copilot/skills/spring-boot-testing/references/restclienttest.md,aether/library/community/awesome-copilot/skills/spring-boot-testing/references/restclienttest.md,quarantine-and-curate,aether-community-awesome-copilot,quarantined-instruction,,
.staging/.github/skills/spring-boot-testing/references/resttestclient.md,5042,aether,aether/.staging/community/awesome-copilot/skills/spring-boot-testing/references/resttestclient.md,aether/library/community/awesome-copilot/skills/spring-boot-testing/references/resttestclient.md,quarantine-and-curate,aether-community-awesome-copilot,quarantined-instruction,,
.staging/.github/skills/spring-boot-testing/references/sb4-migration.md,3363,aether,aether/.staging/community/awesome-copilot/skills/spring-boot-testing/references/sb4-migration.md,aether/library/community/awesome-copilot/skills/spring-boot-testing/references/sb4-migration.md,quarantine-and-curate,aether-community-awesome-copilot,quarantined-instruction,,
.staging/.github/skills/spring-boot-testing/references/test-slices-overview.md,5492,aether,aether/.staging/community/awesome-copilot/skills/spring-boot-testing/references/test-slices-overview.md,aether/library/community/awesome-copilot/skills/spring-boot-testing/references/test-slices-overview.md,quarantine-and-curate,aether-community-awesome-copilot,quarantined-instruction,,
.staging/.github/skills/spring-boot-testing/references/testcontainers-jdbc.md,5451,aether,aether/.staging/community/awesome-copilot/skills/spring-boot-testing/references/testcontainers-jdbc.md,aether/library/community/awesome-copilot/skills/spring-boot-testing/references/testcontainers-jdbc.md,quarantine-and-curate,aether-community-awesome-copilot,quarantined-instruction,,
.staging/.github/skills/spring-boot-testing/references/webmvctest.md,3652,aether,aether/.staging/community/awesome-copilot/skills/spring-boot-testing/references/webmvctest.md,aether/library/community/awesome-copilot/skills/spring-boot-testing/references/webmvctest.md,quarantine-and-curate,aether-community-awesome-copilot,quarantined-instruction,,
.staging/.github/skills/sql-code-review/SKILL.md,8925,aether,aether/.staging/community/awesome-copilot/skills/sql-code-review/SKILL.md,aether/library/community/awesome-copilot/skills/sql-code-review/SKILL.md,quarantine-and-curate,aether-community-awesome-copilot,quarantined-instruction,,
.staging/.github/skills/sql-optimization/SKILL.md,9255,aether,aether/.staging/community/awesome-copilot/skills/sql-optimization/SKILL.md,aether/library/community/awesome-copilot/skills/sql-optimization/SKILL.md,quarantine-and-curate,aether-community-awesome-copilot,quarantined-instruction,,
.staging/.github/skills/sql-server-table-reconciliation/SKILL.md,5811,aether,aether/.staging/community/awesome-copilot/skills/sql-server-table-reconciliation/SKILL.md,aether/library/community/awesome-copilot/skills/sql-server-table-reconciliation/SKILL.md,quarantine-and-curate,aether-community-awesome-copilot,quarantined-instruction,,
.staging/.github/skills/sql-server-table-reconciliation/scripts/reconcile.py,13208,aether,aether/.staging/community/awesome-copilot/skills/sql-server-table-reconciliation/scripts/reconcile.py,aether/library/community/awesome-copilot/skills/sql-server-table-reconciliation/scripts/reconcile.py,quarantine-and-curate,aether-community-awesome-copilot,quarantined-executable,,
.staging/.github/skills/ssma-console/SKILL.md,7176,aether,aether/.staging/community/awesome-copilot/skills/ssma-console/SKILL.md,aether/library/community/awesome-copilot/skills/ssma-console/SKILL.md,quarantine-and-curate,aether-community-awesome-copilot,quarantined-instruction,,
.staging/.github/skills/structured-autonomy-generate/SKILL.md,4129,aether,aether/.staging/community/awesome-copilot/skills/structured-autonomy-generate/SKILL.md,aether/library/community/awesome-copilot/skills/structured-autonomy-generate/SKILL.md,quarantine-and-curate,aether-community-awesome-copilot,quarantined-instruction,,
.staging/.github/skills/structured-autonomy-implement/SKILL.md,1086,aether,aether/.staging/community/awesome-copilot/skills/structured-autonomy-implement/SKILL.md,aether/library/community/awesome-copilot/skills/structured-autonomy-implement/SKILL.md,quarantine-and-curate,aether-community-awesome-copilot,quarantined-instruction,,
.staging/.github/skills/structured-autonomy-plan/SKILL.md,3034,aether,aether/.staging/community/awesome-copilot/skills/structured-autonomy-plan/SKILL.md,aether/library/community/awesome-copilot/skills/structured-autonomy-plan/SKILL.md,quarantine-and-curate,aether-community-awesome-copilot,quarantined-instruction,,
.staging/.github/skills/suggest-awesome-github-copilot-agents/SKILL.md,7940,aether,aether/.staging/community/awesome-copilot/skills/suggest-awesome-github-copilot-agents/SKILL.md,aether/library/community/awesome-copilot/skills/suggest-awesome-github-copilot-agents/SKILL.md,quarantine-and-curate,aether-community-awesome-copilot,quarantined-instruction,,
.staging/.github/skills/suggest-awesome-github-copilot-instructions/SKILL.md,7639,aether,aether/.staging/community/awesome-copilot/skills/suggest-awesome-github-copilot-instructions/SKILL.md,aether/library/community/awesome-copilot/skills/suggest-awesome-github-copilot-instructions/SKILL.md,quarantine-and-curate,aether-community-awesome-copilot,quarantined-instruction,,
.staging/.github/skills/suggest-awesome-github-copilot-skills/SKILL.md,8096,aether,aether/.staging/community/awesome-copilot/skills/suggest-awesome-github-copilot-skills/SKILL.md,aether/library/community/awesome-copilot/skills/suggest-awesome-github-copilot-skills/SKILL.md,quarantine-and-curate,aether-community-awesome-copilot,quarantined-instruction,,
.staging/.github/skills/swift-mcp-server-generator/SKILL.md,17652,aether,aether/.staging/community/awesome-copilot/skills/swift-mcp-server-generator/SKILL.md,aether/library/community/awesome-copilot/skills/swift-mcp-server-generator/SKILL.md,quarantine-and-curate,aether-community-awesome-copilot,quarantined-instruction,,
.staging/.github/skills/technical-job-search/SKILL.md,4823,aether,aether/.staging/community/awesome-copilot/skills/technical-job-search/SKILL.md,aether/library/community/awesome-copilot/skills/technical-job-search/SKILL.md,quarantine-and-curate,aether-community-awesome-copilot,quarantined-instruction,,
.staging/.github/skills/technology-stack-blueprint-generator/SKILL.md,9844,aether,aether/.staging/community/awesome-copilot/skills/technology-stack-blueprint-generator/SKILL.md,aether/library/community/awesome-copilot/skills/technology-stack-blueprint-generator/SKILL.md,quarantine-and-curate,aether-community-awesome-copilot,quarantined-instruction,,
.staging/.github/skills/terraform-azurerm-set-diff-analyzer/SKILL.md,2187,aether,aether/.staging/community/awesome-copilot/skills/terraform-azurerm-set-diff-analyzer/SKILL.md,aether/library/community/awesome-copilot/skills/terraform-azurerm-set-diff-analyzer/SKILL.md,quarantine-and-curate,aether-community-awesome-copilot,quarantined-instruction,,
.staging/.github/skills/terraform-azurerm-set-diff-analyzer/references/azurerm_set_attributes.json,5106,aether,aether/.staging/community/awesome-copilot/skills/terraform-azurerm-set-diff-analyzer/references/azurerm_set_attributes.json,aether/library/community/awesome-copilot/skills/terraform-azurerm-set-diff-analyzer/references/azurerm_set_attributes.json,quarantine-and-curate,aether-community-awesome-copilot,quarantined-instruction,,
.staging/.github/skills/terraform-azurerm-set-diff-analyzer/references/azurerm_set_attributes.md,3966,aether,aether/.staging/community/awesome-copilot/skills/terraform-azurerm-set-diff-analyzer/references/azurerm_set_attributes.md,aether/library/community/awesome-copilot/skills/terraform-azurerm-set-diff-analyzer/references/azurerm_set_attributes.md,quarantine-and-curate,aether-community-awesome-copilot,quarantined-instruction,,
.staging/.github/skills/terraform-azurerm-set-diff-analyzer/scripts/.gitignore,742,aether,aether/.staging/community/awesome-copilot/skills/terraform-azurerm-set-diff-analyzer/scripts/.gitignore,aether/library/community/awesome-copilot/skills/terraform-azurerm-set-diff-analyzer/scripts/.gitignore,quarantine-and-curate,aether-community-awesome-copilot,quarantined-instruction,,
.staging/.github/skills/terraform-azurerm-set-diff-analyzer/scripts/README.md,5306,aether,aether/.staging/community/awesome-copilot/skills/terraform-azurerm-set-diff-analyzer/scripts/README.md,aether/library/community/awesome-copilot/skills/terraform-azurerm-set-diff-analyzer/scripts/README.md,quarantine-and-curate,aether-community-awesome-copilot,quarantined-instruction,,
.staging/.github/skills/terraform-azurerm-set-diff-analyzer/scripts/analyze_plan.py,30996,aether,aether/.staging/community/awesome-copilot/skills/terraform-azurerm-set-diff-analyzer/scripts/analyze_plan.py,aether/library/community/awesome-copilot/skills/terraform-azurerm-set-diff-analyzer/scripts/analyze_plan.py,quarantine-and-curate,aether-community-awesome-copilot,quarantined-executable,,executable
.staging/.github/skills/threat-model-analyst/SKILL.md,5870,aether,aether/.staging/community/awesome-copilot/skills/threat-model-analyst/SKILL.md,aether/library/community/awesome-copilot/skills/threat-model-analyst/SKILL.md,quarantine-and-curate,aether-community-awesome-copilot,quarantined-instruction,,
.staging/.github/skills/threat-model-analyst/references/analysis-principles.md,29612,aether,aether/.staging/community/awesome-copilot/skills/threat-model-analyst/references/analysis-principles.md,aether/library/community/awesome-copilot/skills/threat-model-analyst/references/analysis-principles.md,quarantine-and-curate,aether-community-awesome-copilot,quarantined-instruction,,
.staging/.github/skills/threat-model-analyst/references/diagram-conventions.md,18913,aether,aether/.staging/community/awesome-copilot/skills/threat-model-analyst/references/diagram-conventions.md,aether/library/community/awesome-copilot/skills/threat-model-analyst/references/diagram-conventions.md,quarantine-and-curate,aether-community-awesome-copilot,quarantined-instruction,,
.staging/.github/skills/threat-model-analyst/references/incremental-orchestrator.md,34324,aether,aether/.staging/community/awesome-copilot/skills/threat-model-analyst/references/incremental-orchestrator.md,aether/library/community/awesome-copilot/skills/threat-model-analyst/references/incremental-orchestrator.md,quarantine-and-curate,aether-community-awesome-copilot,quarantined-instruction,,
.staging/.github/skills/threat-model-analyst/references/orchestrator.md,55106,aether,aether/.staging/community/awesome-copilot/skills/threat-model-analyst/references/orchestrator.md,aether/library/community/awesome-copilot/skills/threat-model-analyst/references/orchestrator.md,quarantine-and-curate,aether-community-awesome-copilot,quarantined-instruction,,
.staging/.github/skills/threat-model-analyst/references/output-formats.md,59862,aether,aether/.staging/community/awesome-copilot/skills/threat-model-analyst/references/output-formats.md,aether/library/community/awesome-copilot/skills/threat-model-analyst/references/output-formats.md,quarantine-and-curate,aether-community-awesome-copilot,quarantined-instruction,,
.staging/.github/skills/threat-model-analyst/references/skeletons/skeleton-architecture.md,6263,aether,aether/.staging/community/awesome-copilot/skills/threat-model-analyst/references/skeletons/skeleton-architecture.md,aether/library/community/awesome-copilot/skills/threat-model-analyst/references/skeletons/skeleton-architecture.md,quarantine-and-curate,aether-community-awesome-copilot,quarantined-instruction,,
.staging/.github/skills/threat-model-analyst/references/skeletons/skeleton-assessment.md,11366,aether,aether/.staging/community/awesome-copilot/skills/threat-model-analyst/references/skeletons/skeleton-assessment.md,aether/library/community/awesome-copilot/skills/threat-model-analyst/references/skeletons/skeleton-assessment.md,quarantine-and-curate,aether-community-awesome-copilot,quarantined-instruction,,
.staging/.github/skills/threat-model-analyst/references/skeletons/skeleton-dfd.md,3387,aether,aether/.staging/community/awesome-copilot/skills/threat-model-analyst/references/skeletons/skeleton-dfd.md,aether/library/community/awesome-copilot/skills/threat-model-analyst/references/skeletons/skeleton-dfd.md,quarantine-and-curate,aether-community-awesome-copilot,quarantined-instruction,,
.staging/.github/skills/threat-model-analyst/references/skeletons/skeleton-findings.md,7848,aether,aether/.staging/community/awesome-copilot/skills/threat-model-analyst/references/skeletons/skeleton-findings.md,aether/library/community/awesome-copilot/skills/threat-model-analyst/references/skeletons/skeleton-findings.md,quarantine-and-curate,aether-community-awesome-copilot,quarantined-instruction,,
.staging/.github/skills/threat-model-analyst/references/skeletons/skeleton-incremental-html.md,5404,aether,aether/.staging/community/awesome-copilot/skills/threat-model-analyst/references/skeletons/skeleton-incremental-html.md,aether/library/community/awesome-copilot/skills/threat-model-analyst/references/skeletons/skeleton-incremental-html.md,quarantine-and-curate,aether-community-awesome-copilot,quarantined-instruction,,
.staging/.github/skills/threat-model-analyst/references/skeletons/skeleton-inventory.md,5431,aether,aether/.staging/community/awesome-copilot/skills/threat-model-analyst/references/skeletons/skeleton-inventory.md,aether/library/community/awesome-copilot/skills/threat-model-analyst/references/skeletons/skeleton-inventory.md,quarantine-and-curate,aether-community-awesome-copilot,quarantined-instruction,,
.staging/.github/skills/threat-model-analyst/references/skeletons/skeleton-stride-analysis.md,6341,aether,aether/.staging/community/awesome-copilot/skills/threat-model-analyst/references/skeletons/skeleton-stride-analysis.md,aether/library/community/awesome-copilot/skills/threat-model-analyst/references/skeletons/skeleton-stride-analysis.md,quarantine-and-curate,aether-community-awesome-copilot,quarantined-instruction,,
.staging/.github/skills/threat-model-analyst/references/skeletons/skeleton-summary-dfd.md,2830,aether,aether/.staging/community/awesome-copilot/skills/threat-model-analyst/references/skeletons/skeleton-summary-dfd.md,aether/library/community/awesome-copilot/skills/threat-model-analyst/references/skeletons/skeleton-summary-dfd.md,quarantine-and-curate,aether-community-awesome-copilot,quarantined-instruction,,
.staging/.github/skills/threat-model-analyst/references/skeletons/skeleton-threatmodel.md,2223,aether,aether/.staging/community/awesome-copilot/skills/threat-model-analyst/references/skeletons/skeleton-threatmodel.md,aether/library/community/awesome-copilot/skills/threat-model-analyst/references/skeletons/skeleton-threatmodel.md,quarantine-and-curate,aether-community-awesome-copilot,quarantined-instruction,,
.staging/.github/skills/threat-model-analyst/references/tmt-element-taxonomy.md,8658,aether,aether/.staging/community/awesome-copilot/skills/threat-model-analyst/references/tmt-element-taxonomy.md,aether/library/community/awesome-copilot/skills/threat-model-analyst/references/tmt-element-taxonomy.md,quarantine-and-curate,aether-community-awesome-copilot,quarantined-instruction,,
.staging/.github/skills/threat-model-analyst/references/verification-checklist.md,71568,aether,aether/.staging/community/awesome-copilot/skills/threat-model-analyst/references/verification-checklist.md,aether/library/community/awesome-copilot/skills/threat-model-analyst/references/verification-checklist.md,quarantine-and-curate,aether-community-awesome-copilot,quarantined-instruction,,
.staging/.github/skills/tiny-stepping/SKILL.md,1233,aether,aether/.staging/community/awesome-copilot/skills/tiny-stepping/SKILL.md,aether/library/community/awesome-copilot/skills/tiny-stepping/SKILL.md,quarantine-and-curate,aether-community-awesome-copilot,quarantined-instruction,,
.staging/.github/skills/tldr-prompt/SKILL.md,12299,aether,aether/.staging/community/awesome-copilot/skills/tldr-prompt/SKILL.md,aether/library/community/awesome-copilot/skills/tldr-prompt/SKILL.md,quarantine-and-curate,aether-community-awesome-copilot,quarantined-instruction,,
.staging/.github/skills/transloadit-media-processing/SKILL.md,5122,aether,aether/.staging/community/awesome-copilot/skills/transloadit-media-processing/SKILL.md,aether/library/community/awesome-copilot/skills/transloadit-media-processing/SKILL.md,quarantine-and-curate,aether-community-awesome-copilot,quarantined-instruction,,
.staging/.github/skills/typescript-mcp-server-generator/SKILL.md,3700,aether,aether/.staging/community/awesome-copilot/skills/typescript-mcp-server-generator/SKILL.md,aether/library/community/awesome-copilot/skills/typescript-mcp-server-generator/SKILL.md,quarantine-and-curate,aether-community-awesome-copilot,quarantined-instruction,,
.staging/.github/skills/typespec-api-operations/SKILL.md,9157,aether,aether/.staging/community/awesome-copilot/skills/typespec-api-operations/SKILL.md,aether/library/community/awesome-copilot/skills/typespec-api-operations/SKILL.md,quarantine-and-curate,aether-community-awesome-copilot,quarantined-instruction,,
.staging/.github/skills/typespec-create-agent/SKILL.md,2946,aether,aether/.staging/community/awesome-copilot/skills/typespec-create-agent/SKILL.md,aether/library/community/awesome-copilot/skills/typespec-create-agent/SKILL.md,quarantine-and-curate,aether-community-awesome-copilot,quarantined-instruction,,
.staging/.github/skills/typespec-create-api-plugin/SKILL.md,4050,aether,aether/.staging/community/awesome-copilot/skills/typespec-create-api-plugin/SKILL.md,aether/library/community/awesome-copilot/skills/typespec-create-api-plugin/SKILL.md,quarantine-and-curate,aether-community-awesome-copilot,quarantined-instruction,,
.staging/.github/skills/ui-screenshots/SKILL.md,7485,aether,aether/.staging/community/awesome-copilot/skills/ui-screenshots/SKILL.md,aether/library/community/awesome-copilot/skills/ui-screenshots/SKILL.md,quarantine-and-curate,aether-community-awesome-copilot,quarantined-instruction,,
.staging/.github/skills/unit-test-vue-pinia/SKILL.md,7108,aether,aether/.staging/community/awesome-copilot/skills/unit-test-vue-pinia/SKILL.md,aether/library/community/awesome-copilot/skills/unit-test-vue-pinia/SKILL.md,quarantine-and-curate,aether-community-awesome-copilot,quarantined-instruction,,
.staging/.github/skills/unit-test-vue-pinia/references/pinia-patterns.md,1817,aether,aether/.staging/community/awesome-copilot/skills/unit-test-vue-pinia/references/pinia-patterns.md,aether/library/community/awesome-copilot/skills/unit-test-vue-pinia/references/pinia-patterns.md,quarantine-and-curate,aether-community-awesome-copilot,quarantined-instruction,,
.staging/.github/skills/update-avm-modules-in-bicep/SKILL.md,2279,aether,aether/.staging/community/awesome-copilot/skills/update-avm-modules-in-bicep/SKILL.md,aether/library/community/awesome-copilot/skills/update-avm-modules-in-bicep/SKILL.md,quarantine-and-curate,aether-community-awesome-copilot,quarantined-instruction,,
.staging/.github/skills/update-implementation-plan/SKILL.md,6382,aether,aether/.staging/community/awesome-copilot/skills/update-implementation-plan/SKILL.md,aether/library/community/awesome-copilot/skills/update-implementation-plan/SKILL.md,quarantine-and-curate,aether-community-awesome-copilot,quarantined-instruction,,
.staging/.github/skills/update-llms/SKILL.md,8420,aether,aether/.staging/community/awesome-copilot/skills/update-llms/SKILL.md,aether/library/community/awesome-copilot/skills/update-llms/SKILL.md,quarantine-and-curate,aether-community-awesome-copilot,quarantined-instruction,,
.staging/.github/skills/update-markdown-file-index/SKILL.md,2663,aether,aether/.staging/community/awesome-copilot/skills/update-markdown-file-index/SKILL.md,aether/library/community/awesome-copilot/skills/update-markdown-file-index/SKILL.md,quarantine-and-curate,aether-community-awesome-copilot,quarantined-instruction,,
.staging/.github/skills/update-specification/SKILL.md,5613,aether,aether/.staging/community/awesome-copilot/skills/update-specification/SKILL.md,aether/library/community/awesome-copilot/skills/update-specification/SKILL.md,quarantine-and-curate,aether-community-awesome-copilot,quarantined-instruction,,
.staging/.github/skills/vardoger-analyze/SKILL.md,5630,aether,aether/.staging/community/awesome-copilot/skills/vardoger-analyze/SKILL.md,aether/library/community/awesome-copilot/skills/vardoger-analyze/SKILL.md,quarantine-and-curate,aether-community-awesome-copilot,quarantined-instruction,,
.staging/.github/skills/vscode-ext-commands/SKILL.md,1545,aether,aether/.staging/community/awesome-copilot/skills/vscode-ext-commands/SKILL.md,aether/library/community/awesome-copilot/skills/vscode-ext-commands/SKILL.md,quarantine-and-curate,aether-community-awesome-copilot,quarantined-instruction,,
.staging/.github/skills/vscode-ext-localization/SKILL.md,1473,aether,aether/.staging/community/awesome-copilot/skills/vscode-ext-localization/SKILL.md,aether/library/community/awesome-copilot/skills/vscode-ext-localization/SKILL.md,quarantine-and-curate,aether-community-awesome-copilot,quarantined-instruction,,
.staging/.github/skills/web-design-reviewer/SKILL.md,10520,aether,aether/.staging/community/awesome-copilot/skills/web-design-reviewer/SKILL.md,aether/library/community/awesome-copilot/skills/web-design-reviewer/SKILL.md,quarantine-and-curate,aether-community-awesome-copilot,quarantined-instruction,,
.staging/.github/skills/web-design-reviewer/references/framework-fixes.md,7437,aether,aether/.staging/community/awesome-copilot/skills/web-design-reviewer/references/framework-fixes.md,aether/library/community/awesome-copilot/skills/web-design-reviewer/references/framework-fixes.md,quarantine-and-curate,aether-community-awesome-copilot,quarantined-instruction,,
.staging/.github/skills/web-design-reviewer/references/visual-checklist.md,5989,aether,aether/.staging/community/awesome-copilot/skills/web-design-reviewer/references/visual-checklist.md,aether/library/community/awesome-copilot/skills/web-design-reviewer/references/visual-checklist.md,quarantine-and-curate,aether-community-awesome-copilot,quarantined-instruction,,
.staging/.github/skills/webapp-testing/SKILL.md,3814,aether,aether/.staging/community/awesome-copilot/skills/webapp-testing/SKILL.md,aether/library/community/awesome-copilot/skills/webapp-testing/SKILL.md,quarantine-and-curate,aether-community-awesome-copilot,quarantined-instruction,,
.staging/.github/skills/webapp-testing/assets/test-helper.js,1521,aether,aether/.staging/community/awesome-copilot/skills/webapp-testing/assets/test-helper.js,aether/library/community/awesome-copilot/skills/webapp-testing/assets/test-helper.js,quarantine-and-curate,aether-community-awesome-copilot,quarantined-executable,,
.staging/.github/skills/what-context-needed/SKILL.md,881,aether,aether/.staging/community/awesome-copilot/skills/what-context-needed/SKILL.md,aether/library/community/awesome-copilot/skills/what-context-needed/SKILL.md,quarantine-and-curate,aether-community-awesome-copilot,quarantined-instruction,,
.staging/.github/skills/winmd-api-search/LICENSE.txt,1099,aether,aether/.staging/community/awesome-copilot/skills/winmd-api-search/LICENSE.txt,aether/library/community/awesome-copilot/skills/winmd-api-search/LICENSE.txt,quarantine-and-curate,aether-community-awesome-copilot,quarantined-instruction,,
.staging/.github/skills/winmd-api-search/SKILL.md,8747,aether,aether/.staging/community/awesome-copilot/skills/winmd-api-search/SKILL.md,aether/library/community/awesome-copilot/skills/winmd-api-search/SKILL.md,quarantine-and-curate,aether-community-awesome-copilot,quarantined-instruction,,
.staging/.github/skills/winmd-api-search/scripts/Invoke-WinMdQuery.ps1,19226,aether,aether/.staging/community/awesome-copilot/skills/winmd-api-search/scripts/Invoke-WinMdQuery.ps1,aether/library/community/awesome-copilot/skills/winmd-api-search/scripts/Invoke-WinMdQuery.ps1,quarantine-and-curate,aether-community-awesome-copilot,quarantined-executable,,
.staging/.github/skills/winmd-api-search/scripts/Update-WinMdCache.ps1,7619,aether,aether/.staging/community/awesome-copilot/skills/winmd-api-search/scripts/Update-WinMdCache.ps1,aether/library/community/awesome-copilot/skills/winmd-api-search/scripts/Update-WinMdCache.ps1,quarantine-and-curate,aether-community-awesome-copilot,quarantined-executable,,
.staging/.github/skills/winmd-api-search/scripts/cache-generator/CacheGenerator.csproj,1450,aether,aether/.staging/community/awesome-copilot/skills/winmd-api-search/scripts/cache-generator/CacheGenerator.csproj,aether/library/community/awesome-copilot/skills/winmd-api-search/scripts/cache-generator/CacheGenerator.csproj,quarantine-and-curate,aether-community-awesome-copilot,quarantined-instruction,,
.staging/.github/skills/winmd-api-search/scripts/cache-generator/Directory.Build.props,101,aether,aether/.staging/community/awesome-copilot/skills/winmd-api-search/scripts/cache-generator/Directory.Build.props,aether/library/community/awesome-copilot/skills/winmd-api-search/scripts/cache-generator/Directory.Build.props,quarantine-and-curate,aether-community-awesome-copilot,quarantined-instruction,,
.staging/.github/skills/winmd-api-search/scripts/cache-generator/Directory.Build.targets,95,aether,aether/.staging/community/awesome-copilot/skills/winmd-api-search/scripts/cache-generator/Directory.Build.targets,aether/library/community/awesome-copilot/skills/winmd-api-search/scripts/cache-generator/Directory.Build.targets,quarantine-and-curate,aether-community-awesome-copilot,quarantined-instruction,,
.staging/.github/skills/winmd-api-search/scripts/cache-generator/Directory.Packages.props,108,aether,aether/.staging/community/awesome-copilot/skills/winmd-api-search/scripts/cache-generator/Directory.Packages.props,aether/library/community/awesome-copilot/skills/winmd-api-search/scripts/cache-generator/Directory.Packages.props,quarantine-and-curate,aether-community-awesome-copilot,quarantined-instruction,,
.staging/.github/skills/winmd-api-search/scripts/cache-generator/Program.cs,43942,aether,aether/.staging/community/awesome-copilot/skills/winmd-api-search/scripts/cache-generator/Program.cs,aether/library/community/awesome-copilot/skills/winmd-api-search/scripts/cache-generator/Program.cs,quarantine-and-curate,aether-community-awesome-copilot,quarantined-instruction,,
.staging/.github/skills/winui3-migration-guide/SKILL.md,8961,aether,aether/.staging/community/awesome-copilot/skills/winui3-migration-guide/SKILL.md,aether/library/community/awesome-copilot/skills/winui3-migration-guide/SKILL.md,quarantine-and-curate,aether-community-awesome-copilot,quarantined-instruction,,
.staging/.github/skills/workiq-copilot/SKILL.md,5539,aether,aether/.staging/community/awesome-copilot/skills/workiq-copilot/SKILL.md,aether/library/community/awesome-copilot/skills/workiq-copilot/SKILL.md,quarantine-and-curate,aether-community-awesome-copilot,quarantined-instruction,,
.staging/.github/skills/write-coding-standards-from-file/SKILL.md,15378,aether,aether/.staging/community/awesome-copilot/skills/write-coding-standards-from-file/SKILL.md,aether/library/community/awesome-copilot/skills/write-coding-standards-from-file/SKILL.md,quarantine-and-curate,aether-community-awesome-copilot,quarantined-instruction,,
.staging/.github/skills/x-twitter-scraper/SKILL.md,5175,aether,aether/.staging/community/awesome-copilot/skills/x-twitter-scraper/SKILL.md,aether/library/community/awesome-copilot/skills/x-twitter-scraper/SKILL.md,quarantine-and-curate,aether-community-awesome-copilot,quarantined-instruction,,
.staging/.github/skills2/README.md,4569,aether,aether/.staging/library/organization/skills/README.md,aether/library/organization/skills/README.md,merge-with-canonical-skill-library,aether-organization-skills,staged-instruction,,
.staging/.github/skills2/architecture-authoring/SKILL.md,2431,aether,aether/.staging/library/organization/skills/architecture-authoring/SKILL.md,aether/library/organization/skills/architecture-authoring/SKILL.md,merge-with-canonical-skill-library,aether-organization-skills,staged-instruction,,
.staging/.github/skills2/arxiv-publishing/SKILL.md,2288,aether,aether/.staging/library/organization/skills/arxiv-publishing/SKILL.md,aether/library/organization/skills/arxiv-publishing/SKILL.md,merge-with-canonical-skill-library,aether-organization-skills,staged-instruction,,
.staging/.github/skills2/bug-fixing/SKILL.md,2147,aether,aether/.staging/library/organization/skills/bug-fixing/SKILL.md,aether/library/organization/skills/bug-fixing/SKILL.md,merge-with-canonical-skill-library,aether-organization-skills,staged-instruction,,
.staging/.github/skills2/create-skill/SKILL.md,4636,aether,aether/.staging/library/organization/skills/create-skill/SKILL.md,aether/library/organization/skills/create-skill/SKILL.md,merge-with-canonical-skill-library,aether-organization-skills,staged-instruction,,
.staging/.github/skills2/flutter-engineer/SKILL.md,1401,aether,aether/.staging/library/organization/skills/flutter-engineer/SKILL.md,aether/library/organization/skills/flutter-engineer/SKILL.md,merge-with-canonical-skill-library,aether-organization-skills,staged-instruction,,
.staging/.github/skills2/flutter-engineering/SKILL.md,2811,aether,aether/.staging/library/organization/skills/flutter-engineering/SKILL.md,aether/library/organization/skills/flutter-engineering/SKILL.md,merge-with-canonical-skill-library,aether-organization-skills,staged-instruction,,
.staging/.github/skills2/flutter-engineering/references/ai-providers.md,3835,aether,aether/.staging/library/organization/skills/flutter-engineering/references/ai-providers.md,aether/library/organization/skills/flutter-engineering/references/ai-providers.md,merge-with-canonical-skill-library,aether-organization-skills,staged-instruction,,
.staging/.github/skills2/flutter-engineering/references/architecture.md,4194,aether,aether/.staging/library/organization/skills/flutter-engineering/references/architecture.md,aether/library/organization/skills/flutter-engineering/references/architecture.md,merge-with-canonical-skill-library,aether-organization-skills,staged-instruction,,
.staging/.github/skills2/flutter-engineering/references/design-system.md,4463,aether,aether/.staging/library/organization/skills/flutter-engineering/references/design-system.md,aether/library/organization/skills/flutter-engineering/references/design-system.md,merge-with-canonical-skill-library,aether-organization-skills,staged-instruction,,
.staging/.github/skills2/flutter-engineering/references/localization.md,3280,aether,aether/.staging/library/organization/skills/flutter-engineering/references/localization.md,aether/library/organization/skills/flutter-engineering/references/localization.md,merge-with-canonical-skill-library,aether-organization-skills,staged-instruction,,
.staging/.github/skills2/flutter-engineering/references/notifications.md,3760,aether,aether/.staging/library/organization/skills/flutter-engineering/references/notifications.md,aether/library/organization/skills/flutter-engineering/references/notifications.md,merge-with-canonical-skill-library,aether-organization-skills,staged-instruction,,
.staging/.github/skills2/flutter-engineering/references/offline-first.md,3887,aether,aether/.staging/library/organization/skills/flutter-engineering/references/offline-first.md,aether/library/organization/skills/flutter-engineering/references/offline-first.md,merge-with-canonical-skill-library,aether-organization-skills,staged-instruction,,
.staging/.github/skills2/flutter-engineering/references/routing.md,4122,aether,aether/.staging/library/organization/skills/flutter-engineering/references/routing.md,aether/library/organization/skills/flutter-engineering/references/routing.md,merge-with-canonical-skill-library,aether-organization-skills,staged-instruction,,
.staging/.github/skills2/flutter-engineering/references/state-management.md,3905,aether,aether/.staging/library/organization/skills/flutter-engineering/references/state-management.md,aether/library/organization/skills/flutter-engineering/references/state-management.md,merge-with-canonical-skill-library,aether-organization-skills,staged-instruction,,
.staging/.github/skills2/flutter-engineering/references/testing.md,3781,aether,aether/.staging/library/organization/skills/flutter-engineering/references/testing.md,aether/library/organization/skills/flutter-engineering/references/testing.md,merge-with-canonical-skill-library,aether-organization-skills,staged-instruction,,
.staging/.github/skills2/flutter/ai-providers.md,3835,aether,aether/.staging/library/organization/skills/flutter/ai-providers.md,aether/library/organization/skills/flutter-engineering/references/ai-providers.md,merge-with-canonical-skill-library,aether-flutter-skill-reference-merge,staged-instruction,,
.staging/.github/skills2/flutter/offline-first.md,3887,aether,aether/.staging/library/organization/skills/flutter/offline-first.md,aether/library/organization/skills/flutter-engineering/references/offline-first.md,merge-with-canonical-skill-library,aether-flutter-skill-reference-merge,staged-instruction,,
.staging/.github/skills2/github-issue-authoring/SKILL.md,2363,aether,aether/.staging/library/organization/skills/github-issue-authoring/SKILL.md,aether/library/organization/skills/github-issue-authoring/SKILL.md,merge-with-canonical-skill-library,aether-organization-skills,staged-instruction,,
.staging/.github/skills2/github-issue/SKILL.md,1182,aether,aether/.staging/library/organization/skills/github-issue/SKILL.md,aether/library/organization/skills/github-issue/SKILL.md,merge-with-canonical-skill-library,aether-organization-skills,staged-instruction,,
.staging/.github/skills2/implementation-planning/SKILL.md,2121,aether,aether/.staging/library/organization/skills/implementation-planning/SKILL.md,aether/library/organization/skills/implementation-planning/SKILL.md,merge-with-canonical-skill-library,aether-organization-skills,staged-instruction,,
.staging/.github/skills2/knowledge-extraction/SKILL.md,2237,aether,aether/.staging/library/organization/skills/knowledge-extraction/SKILL.md,aether/library/organization/skills/knowledge-extraction/SKILL.md,merge-with-canonical-skill-library,aether-organization-skills,staged-instruction,,
.staging/.github/skills2/repository-audit/SKILL.md,2120,aether,aether/.staging/library/organization/skills/repository-audit/SKILL.md,aether/library/organization/skills/repository-audit/SKILL.md,merge-with-canonical-skill-library,aether-organization-skills,staged-instruction,,
.staging/.github/skills2/repository-cleanup/SKILL.md,1932,aether,aether/.staging/library/organization/skills/repository-cleanup/SKILL.md,aether/library/organization/skills/repository-cleanup/SKILL.md,merge-with-canonical-skill-library,aether-organization-skills,staged-instruction,,
.staging/.github/skills2/skill-authoring/SKILL.md,2440,aether,aether/.staging/library/organization/skills/skill-authoring/SKILL.md,aether/library/organization/skills/skill-authoring/SKILL.md,merge-with-canonical-skill-library,aether-organization-skills,staged-instruction,,
.staging/.github/skills2/spec-authoring/SKILL.md,2356,aether,aether/.staging/library/organization/skills/spec-authoring/SKILL.md,aether/library/organization/skills/spec-authoring/SKILL.md,merge-with-canonical-skill-library,aether-organization-skills,staged-instruction,,
.staging/.github/skills2/synapse-creation/SKILL.md,2147,aether,aether/.staging/library/organization/skills/synapse-creation/SKILL.md,aether/library/organization/skills/synapse-creation/SKILL.md,merge-with-canonical-skill-library,aether-organization-skills,staged-instruction,,
.staging/.github/skills2/test-engineering/SKILL.md,2167,aether,aether/.staging/library/organization/skills/test-engineering/SKILL.md,aether/library/organization/skills/test-engineering/SKILL.md,merge-with-canonical-skill-library,aether-organization-skills,staged-instruction,,
.staging/.github/specs/agent-system.spec.md,8138,aether,aether/.staging/library/organization/specifications/agent-system.spec.md,aether/library/organization/specifications/agent-system.spec.md,merge-with-canonical-spec-library,aether-organization-specifications,staged-instruction,,
.staging/.github/specs/architecture/README.md,130,aether,aether/.staging/library/organization/specifications/architecture/README.md,aether/library/organization/specifications/architecture/README.md,merge-with-canonical-spec-library,aether-organization-specifications,staged-instruction,,
.staging/.github/specs/architecture/document.spec.md,7351,aether,aether/.staging/library/organization/specifications/architecture/document.spec.md,aether/library/organization/specifications/architecture/document.spec.md,merge-with-canonical-spec-library,aether-organization-specifications,staged-instruction,,
.staging/.github/specs/architecture/domain/ontology.spec.md,7055,aether,aether/.staging/library/organization/specifications/architecture/domain/ontology.spec.md,aether/library/organization/specifications/architecture/domain/ontology.spec.md,merge-with-canonical-spec-library,aether-organization-specifications,staged-instruction,,
.staging/.github/specs/architecture/domain/personal-model.spec.md,7729,aether,aether/.staging/library/organization/specifications/architecture/domain/personal-model.spec.md,aether/library/organization/specifications/architecture/domain/personal-model.spec.md,merge-with-canonical-spec-library,aether-organization-specifications,staged-instruction,,
.staging/.github/specs/architecture/experience/design-system.spec.md,7784,aether,aether/.staging/library/organization/specifications/architecture/experience/design-system.spec.md,aether/library/organization/specifications/architecture/experience/design-system.spec.md,merge-with-canonical-spec-library,aether-organization-specifications,staged-instruction,,
.staging/.github/specs/architecture/experience/design.spec.md,7579,aether,aether/.staging/library/organization/specifications/architecture/experience/design.spec.md,aether/library/organization/specifications/architecture/experience/design.spec.md,merge-with-canonical-spec-library,aether-organization-specifications,staged-instruction,,
.staging/.github/specs/architecture/foundation/architecture.spec.md,7373,aether,aether/.staging/library/organization/specifications/architecture/foundation/architecture.spec.md,aether/library/organization/specifications/architecture/foundation/architecture.spec.md,merge-with-canonical-spec-library,aether-organization-specifications,staged-instruction,,
.staging/.github/specs/architecture/foundation/foundations.spec.md,6792,aether,aether/.staging/library/organization/specifications/architecture/foundation/foundations.spec.md,aether/library/organization/specifications/architecture/foundation/foundations.spec.md,merge-with-canonical-spec-library,aether-organization-specifications,staged-instruction,,
.staging/.github/specs/architecture/foundation/methodology.spec.md,7417,aether,aether/.staging/library/organization/specifications/architecture/foundation/methodology.spec.md,aether/library/organization/specifications/architecture/foundation/methodology.spec.md,merge-with-canonical-spec-library,aether-organization-specifications,staged-instruction,,
.staging/.github/specs/architecture/foundation/roadmap.spec.md,7077,aether,aether/.staging/library/organization/specifications/architecture/foundation/roadmap.spec.md,aether/library/organization/specifications/architecture/foundation/roadmap.spec.md,merge-with-canonical-spec-library,aether-organization-specifications,staged-instruction,,
.staging/.github/specs/architecture/foundation/system.spec.md,7586,aether,aether/.staging/library/organization/specifications/architecture/foundation/system.spec.md,aether/library/organization/specifications/architecture/foundation/system.spec.md,merge-with-canonical-spec-library,aether-organization-specifications,staged-instruction,,
.staging/.github/specs/architecture/governance/decisions.spec.md,6983,aether,aether/.staging/library/organization/specifications/architecture/governance/decisions.spec.md,aether/library/organization/specifications/architecture/governance/decisions.spec.md,merge-with-canonical-spec-library,aether-organization-specifications,staged-instruction,,
.staging/.github/specs/architecture/identity/manifesto.spec.md,7022,aether,aether/.staging/library/organization/specifications/architecture/identity/manifesto.spec.md,aether/library/organization/specifications/architecture/identity/manifesto.spec.md,merge-with-canonical-spec-library,aether-organization-specifications,staged-instruction,,
.staging/.github/specs/architecture/identity/pillars.spec.md,7178,aether,aether/.staging/library/organization/specifications/architecture/identity/pillars.spec.md,aether/library/organization/specifications/architecture/identity/pillars.spec.md,merge-with-canonical-spec-library,aether-organization-specifications,staged-instruction,,
.staging/.github/specs/architecture/identity/principles.spec.md,7693,aether,aether/.staging/library/organization/specifications/architecture/identity/principles.spec.md,aether/library/organization/specifications/architecture/identity/principles.spec.md,merge-with-canonical-spec-library,aether-organization-specifications,staged-instruction,,
.staging/.github/specs/architecture/identity/purpose.spec.md,7214,aether,aether/.staging/library/organization/specifications/architecture/identity/purpose.spec.md,aether/library/organization/specifications/architecture/identity/purpose.spec.md,merge-with-canonical-spec-library,aether-organization-specifications,staged-instruction,,
.staging/.github/specs/architecture/identity/vision.spec.md,7334,aether,aether/.staging/library/organization/specifications/architecture/identity/vision.spec.md,aether/library/organization/specifications/architecture/identity/vision.spec.md,merge-with-canonical-spec-library,aether-organization-specifications,staged-instruction,,
.staging/.github/specs/architecture/meta/ai-constitution.spec.md,7540,aether,aether/.staging/library/organization/specifications/architecture/meta/ai-constitution.spec.md,aether/library/organization/specifications/architecture/meta/ai-constitution.spec.md,merge-with-canonical-spec-library,aether-organization-specifications,staged-instruction,,
.staging/.github/specs/architecture/meta/epistemology.spec.md,7496,aether,aether/.staging/library/organization/specifications/architecture/meta/epistemology.spec.md,aether/library/organization/specifications/architecture/meta/epistemology.spec.md,merge-with-canonical-spec-library,aether-organization-specifications,staged-instruction,,
.staging/.github/specs/architecture/meta/meta.spec.md,6631,aether,aether/.staging/library/organization/specifications/architecture/meta/meta.spec.md,aether/library/organization/specifications/architecture/meta/meta.spec.md,merge-with-canonical-spec-library,aether-organization-specifications,staged-instruction,,
.staging/.github/specs/artifact-agent.spec.md,8287,aether,aether/.staging/library/organization/specifications/artifact-agent.spec.md,aether/library/organization/specifications/artifact-agent.spec.md,merge-with-canonical-spec-library,aether-organization-specifications,staged-instruction,,
.staging/.github/specs/artifact-documentation.spec.md,8526,aether,aether/.staging/library/organization/specifications/artifact-documentation.spec.md,aether/library/organization/specifications/artifact-documentation.spec.md,merge-with-canonical-spec-library,aether-organization-specifications,staged-instruction,,
.staging/.github/specs/artifact-domain.spec.md,6467,aether,aether/.staging/library/organization/specifications/artifact-domain.spec.md,aether/library/organization/specifications/artifact-domain.spec.md,merge-with-canonical-spec-library,aether-organization-specifications,staged-instruction,,
.staging/.github/specs/artifact-practice.spec.md,6850,aether,aether/.staging/library/organization/specifications/artifact-practice.spec.md,aether/library/organization/specifications/artifact-practice.spec.md,merge-with-canonical-spec-library,aether-organization-specifications,staged-instruction,,
.staging/.github/specs/artifact-research.spec.md,7189,aether,aether/.staging/library/organization/specifications/artifact-research.spec.md,aether/library/organization/specifications/artifact-research.spec.md,merge-with-canonical-spec-library,aether-organization-specifications,staged-instruction,,
.staging/.github/specs/artifact-schema.spec.md,7157,aether,aether/.staging/library/organization/specifications/artifact-schema.spec.md,aether/library/organization/specifications/artifact-schema.spec.md,merge-with-canonical-spec-library,aether-organization-specifications,staged-instruction,,
.staging/.github/specs/artifact-specification.spec.md,8177,aether,aether/.staging/library/organization/specifications/artifact-specification.spec.md,aether/library/organization/specifications/artifact-specification.spec.md,merge-with-canonical-spec-library,aether-organization-specifications,staged-instruction,,
.staging/.github/specs/arxiv.spec.md,12887,aether,aether/.staging/library/organization/specifications/arxiv.spec.md,aether/library/organization/specifications/arxiv.spec.md,merge-with-canonical-spec-library,aether-organization-specifications,staged-instruction,,
.staging/.github/specs/auditor.spec.md,18691,aether,aether/.staging/library/organization/specifications/auditor.spec.md,aether/library/organization/specifications/auditor.spec.md,merge-with-canonical-spec-library,aether-organization-specifications,staged-instruction,,
.staging/.github/specs/build-pipeline.spec.md,8412,aether,aether/.staging/library/organization/specifications/build-pipeline.spec.md,aether/library/organization/specifications/build-pipeline.spec.md,merge-with-canonical-spec-library,aether-organization-specifications,staged-instruction,,
.staging/.github/specs/design-system.spec.md,8748,aether,aether/.staging/library/organization/specifications/design-system.spec.md,aether/library/organization/specifications/design-system.spec.md,merge-with-canonical-spec-library,aether-organization-specifications,staged-instruction,,
.staging/.github/specs/domain-framework.spec.md,6895,aether,aether/.staging/library/organization/specifications/domain-framework.spec.md,aether/library/organization/specifications/domain-framework.spec.md,merge-with-canonical-spec-library,aether-organization-specifications,staged-instruction,,
.staging/.github/specs/flutter-application-foundation.spec.md,9727,aether,aether/.staging/library/organization/specifications/flutter-application-foundation.spec.md,aether/library/organization/specifications/flutter-application-foundation.spec.md,merge-with-canonical-spec-library,aether-organization-specifications,staged-instruction,,
.staging/.github/specs/flutter-engineer.spec.md,6937,aether,aether/.staging/library/organization/specifications/flutter-engineer.spec.md,aether/library/organization/specifications/flutter-engineer.spec.md,merge-with-canonical-spec-library,aether-organization-specifications,staged-instruction,,
.staging/.github/specs/gardenize.spec.md,8449,aether,aether/.staging/library/organization/specifications/gardenize.spec.md,aether/library/organization/specifications/gardenize.spec.md,merge-with-canonical-spec-library,aether-organization-specifications,staged-instruction,,
.staging/.github/specs/github-issue-authoring.spec.md,2900,aether,aether/.staging/library/organization/specifications/github-issue-authoring.spec.md,aether/library/organization/specifications/github-issue-authoring.spec.md,merge-with-canonical-spec-library,aether-organization-specifications,staged-instruction,,
.staging/.github/specs/github-issue-creator.spec.md,22014,aether,aether/.staging/library/organization/specifications/github-issue-creator.spec.md,aether/library/organization/specifications/github-issue-creator.spec.md,merge-with-canonical-spec-library,aether-organization-specifications,staged-instruction,,
.staging/.github/specs/insight-framework.spec.md,8864,aether,aether/.staging/library/organization/specifications/insight-framework.spec.md,aether/library/organization/specifications/insight-framework.spec.md,merge-with-canonical-spec-library,aether-organization-specifications,staged-instruction,,
.staging/.github/specs/knowledge-extract.spec.md,23860,aether,aether/.staging/library/organization/specifications/knowledge-extract.spec.md,aether/library/organization/specifications/knowledge-extract.spec.md,merge-with-canonical-spec-library,aether-organization-specifications,staged-instruction,,
.staging/.github/specs/knowledge-extractor.agent.md,17769,aether,aether/.staging/library/organization/specifications/knowledge-extractor.agent.md,aether/library/organization/specifications/knowledge-extractor.agent.md,merge-with-canonical-spec-library,aether-organization-specifications,staged-instruction,,
.staging/.github/specs/offline-first-storage.spec.md,10198,aether,aether/.staging/library/organization/specifications/offline-first-storage.spec.md,aether/library/organization/specifications/offline-first-storage.spec.md,merge-with-canonical-spec-library,aether-organization-specifications,staged-instruction,,
.staging/.github/specs/practice-framework.spec.md,7993,aether,aether/.staging/library/organization/specifications/practice-framework.spec.md,aether/library/organization/specifications/practice-framework.spec.md,merge-with-canonical-spec-library,aether-organization-specifications,staged-instruction,,
.staging/.github/specs/reflection.spec.md,7289,aether,aether/.staging/library/organization/specifications/reflection.spec.md,aether/library/organization/specifications/reflection.spec.md,merge-with-canonical-spec-library,aether-organization-specifications,staged-instruction,,
.staging/.github/specs/reflector.spec.md,11304,aether,aether/.staging/library/organization/specifications/reflector.spec.md,aether/library/organization/specifications/reflector.spec.md,merge-with-canonical-spec-library,aether-organization-specifications,staged-instruction,,
.staging/.github/specs/repository-evolution.spec.md,6163,aether,aether/.staging/library/organization/specifications/repository-evolution.spec.md,aether/library/organization/specifications/repository-evolution.spec.md,merge-with-canonical-spec-library,aether-organization-specifications,staged-instruction,,
.staging/.github/specs/routing-navigation.spec.md,7949,aether,aether/.staging/library/organization/specifications/routing-navigation.spec.md,aether/library/organization/specifications/routing-navigation.spec.md,merge-with-canonical-spec-library,aether-organization-specifications,staged-instruction,,
.staging/.github/specs/source-capture.spec.md,38153,aether,aether/.staging/library/organization/specifications/source-capture.spec.md,aether/library/organization/specifications/source-capture.spec.md,merge-with-canonical-spec-library,aether-organization-specifications,staged-instruction,,
.staging/.github/specs/specfile.spec.md,5907,aether,aether/.staging/library/organization/specifications/specfile.spec.md,aether/library/organization/specifications/specfile.spec.md,merge-with-canonical-spec-library,aether-organization-specifications,staged-instruction,,
.staging/.github/specs/synapse-create.spec.md,26060,aether,aether/.staging/library/organization/specifications/synapse-create.spec.md,aether/library/organization/specifications/synapse-create.spec.md,merge-with-canonical-spec-library,aether-organization-specifications,staged-instruction,,
.staging/.github/specs/synapse-creator.agent.md,13872,aether,aether/.staging/library/organization/specifications/synapse-creator.agent.md,aether/library/organization/specifications/synapse-creator.agent.md,merge-with-canonical-spec-library,aether-organization-specifications,staged-instruction,,
.staging/.github/specs/testing-strategy.spec.md,9757,aether,aether/.staging/library/organization/specifications/testing-strategy.spec.md,aether/library/organization/specifications/testing-strategy.spec.md,merge-with-canonical-spec-library,aether-organization-specifications,staged-instruction,,
.staging/.github/specs/visual-insight-artifact.spec.md,16305,aether,aether/.staging/library/organization/specifications/visual-insight-artifact.spec.md,aether/library/organization/specifications/visual-insight-artifact.spec.md,merge-with-canonical-spec-library,aether-organization-specifications,staged-instruction,,
.staging/.github/workflows/build-website.yml,897,awesome,awesome/.staging/.github/workflows/build-website.yml,awesome/.github/workflows/build-website.yml,preserve-for-product-review,awesome-workflow-build-website,privileged-automation,,
.staging/.github/workflows/build.yml,343,relay,relay/.staging/.github/workflows/build.yml,relay/.github/workflows/build.yml,refactor-to-reusable-workflow,relay-workflow-build,privileged-automation,,
.staging/.github/workflows/check-line-endings.yml,729,relay,relay/.staging/.github/workflows/check-line-endings.yml,relay/.github/workflows/check-line-endings.yml,refactor-to-reusable-workflow,relay-workflow-check-line-endings,privileged-automation,,
.staging/.github/workflows/check-plugin-structure.yml,7162,aether,aether/.staging/.github/workflows/check-plugin-structure.yml,aether/.github/workflows/check-plugin-structure.yml,split-policy-from-mechanics,aether-workflow-check-plugin-structure,privileged-automation,,
.staging/.github/workflows/cli-for-beginners-sync.lock.yml,108243,awesome,awesome/.staging/.github/workflows/cli-for-beginners-sync.lock.yml,awesome/.github/workflows/cli-for-beginners-sync.lock.yml,preserve-source-and-generated-pair,awesome-gh-aw-cli-for-beginners-sync,privileged-automation,,
.staging/.github/workflows/cli-for-beginners-sync.md,8246,awesome,awesome/.staging/.github/workflows/cli-for-beginners-sync.md,awesome/.github/workflows/cli-for-beginners-sync.md,preserve-source-and-generated-pair,awesome-gh-aw-cli-for-beginners-sync,privileged-automation,,
.staging/.github/workflows/codeowner-update.lock.yml,109148,relay,relay/.staging/generated/github-agentic/codeowner-update.lock.yml,relay/generated/github-agentic/codeowner-update.lock.yml,regenerate-after-source-review,codeowner-update-agentic-workflow,privileged-automation,,
.staging/.github/workflows/codeowner-update.md,3497,aether,aether/.staging/workflows/github-agentic/codeowner-update.md,aether/library/organization/workflows/github-agentic/codeowner-update.md,refactor-source-contract,codeowner-update-agentic-workflow,staged-instruction,,
.staging/.github/workflows/codespell.yml,481,relay,relay/.staging/.github/workflows/codespell.yml,relay/.github/workflows/codespell.yml,refactor-to-reusable-workflow,relay-workflow-codespell,privileged-automation,,
.staging/.github/workflows/contributor-check.yml,9925,awesome,awesome/.staging/.github/workflows/contributor-check.yml,awesome/.github/workflows/contributor-check.yml,preserve-for-product-review,awesome-workflow-contributor-check,privileged-automation,,
.staging/.github/workflows/contributors.yml,2730,awesome,awesome/.staging/.github/workflows/contributors.yml,awesome/.github/workflows/contributors.yml,preserve-for-product-review,awesome-workflow-contributors,privileged-automation,,
.staging/.github/workflows/copilot-setup-steps.yml,819,relay,relay/.staging/.github/workflows/copilot-setup-steps.yml,relay/.github/workflows/copilot-setup-steps.yml,refactor-to-reusable-workflow,relay-workflow-copilot-setup-steps,privileged-automation,,
.staging/.github/workflows/deploy-website.yml,2040,awesome,awesome/.staging/.github/workflows/deploy-website.yml,awesome/.github/workflows/deploy-website.yml,preserve-for-product-review,awesome-workflow-deploy-website,privileged-automation,,
.staging/.github/workflows/development-build.yml,2832,relay,relay/.staging/.github/workflows/development-build.yml,relay/.github/workflows/development-build.yml,refactor-to-reusable-workflow,relay-workflow-development-build,privileged-automation,,
.staging/.github/workflows/duplicate-resource-detector.lock.yml,99897,awesome,awesome/.staging/.github/workflows/duplicate-resource-detector.lock.yml,awesome/.github/workflows/duplicate-resource-detector.lock.yml,preserve-source-and-generated-pair,awesome-gh-aw-duplicate-resource-detector,privileged-automation,,
.staging/.github/workflows/duplicate-resource-detector.md,5243,awesome,awesome/.staging/.github/workflows/duplicate-resource-detector.md,awesome/.github/workflows/duplicate-resource-detector.md,preserve-source-and-generated-pair,awesome-gh-aw-duplicate-resource-detector,privileged-automation,,
.staging/.github/workflows/flutter-ci-reusable.yml,13865,relay,relay/.staging/.github/workflows/flutter-ci-reusable.yml,relay/.github/workflows/flutter-ci-reusable.yml,refactor-to-reusable-workflow,relay-workflow-flutter-ci-reusable,privileged-automation,,
.staging/.github/workflows/label-pr-intent.yml,6096,relay,relay/.staging/.github/workflows/label-pr-intent.yml,relay/.github/workflows/label-pr-intent.yml,refactor-to-reusable-workflow,relay-workflow-label-pr-intent,privileged-automation,,
.staging/.github/workflows/learning-hub-updater.lock.yml,105212,awesome,awesome/.staging/.github/workflows/learning-hub-updater.lock.yml,awesome/.github/workflows/learning-hub-updater.lock.yml,preserve-source-and-generated-pair,awesome-gh-aw-learning-hub-updater,privileged-automation,,
.staging/.github/workflows/learning-hub-updater.md,4057,awesome,awesome/.staging/.github/workflows/learning-hub-updater.md,awesome/.github/workflows/learning-hub-updater.md,preserve-source-and-generated-pair,awesome-gh-aw-learning-hub-updater,privileged-automation,,
.staging/.github/workflows/medium-rss-sync.yml,1516,awesome,awesome/.staging/.github/workflows/medium-rss-sync.yml,awesome/.github/workflows/medium-rss-sync.yml,preserve-for-product-review,awesome-workflow-medium-rss-sync,privileged-automation,,
.staging/.github/workflows/pinterest-rss-sync.yml,1557,awesome,awesome/.staging/.github/workflows/pinterest-rss-sync.yml,awesome/.github/workflows/pinterest-rss-sync.yml,preserve-for-product-review,awesome-workflow-pinterest-rss-sync,privileged-automation,,
.staging/.github/workflows/pr-duplicate-check.lock.yml,102131,awesome,awesome/.staging/.github/workflows/pr-duplicate-check.lock.yml,awesome/.github/workflows/pr-duplicate-check.lock.yml,preserve-source-and-generated-pair,awesome-gh-aw-pr-duplicate-check,privileged-automation,,
.staging/.github/workflows/pr-duplicate-check.md,5321,awesome,awesome/.staging/.github/workflows/pr-duplicate-check.md,awesome/.github/workflows/pr-duplicate-check.md,preserve-source-and-generated-pair,awesome-gh-aw-pr-duplicate-check,privileged-automation,,
.staging/.github/workflows/pr-risk-scan-comment.yml,3339,relay,relay/.staging/.github/workflows/pr-risk-scan-comment.yml,relay/.github/workflows/pr-risk-scan-comment.yml,refactor-to-reusable-workflow,relay-workflow-pr-risk-scan-comment,privileged-automation,,
.staging/.github/workflows/pr-risk-scan.yml,2291,relay,relay/.staging/.github/workflows/pr-risk-scan.yml,relay/.github/workflows/pr-risk-scan.yml,refactor-to-reusable-workflow,relay-workflow-pr-risk-scan,privileged-automation,,
.staging/.github/workflows/pr-validation.yml,3081,relay,relay/.staging/.github/workflows/pr-validation.yml,relay/.github/workflows/pr-validation.yml,manual-workflow-review,relay-workflow-pr-validation,privileged-automation,,
.staging/.github/workflows/publish.yml,3851,relay,relay/.staging/.github/workflows/publish.yml,relay/.github/workflows/publish.yml,refactor-to-reusable-workflow,relay-workflow-publish,privileged-automation,,
.staging/.github/workflows/release-first-party-skills.yml,9624,relay,relay/.staging/.github/workflows/release-first-party-skills.yml,relay/.github/workflows/release-first-party-skills.yml,manual-workflow-review,relay-workflow-release-first-party-skills,privileged-automation,,
.staging/.github/workflows/resource-staleness-report.lock.yml,99662,awesome,awesome/.staging/.github/workflows/resource-staleness-report.lock.yml,awesome/.github/workflows/resource-staleness-report.lock.yml,preserve-source-and-generated-pair,awesome-gh-aw-resource-staleness-report,privileged-automation,,
.staging/.github/workflows/resource-staleness-report.md,6161,awesome,awesome/.staging/.github/workflows/resource-staleness-report.md,awesome/.github/workflows/resource-staleness-report.md,preserve-source-and-generated-pair,awesome-gh-aw-resource-staleness-report,privileged-automation,,
.staging/.github/workflows/setup-labels.yml,4913,relay,relay/.staging/.github/workflows/setup-labels.yml,relay/.github/workflows/setup-labels.yml,refactor-to-reusable-workflow,relay-workflow-setup-labels,privileged-automation,,
.staging/.github/workflows/skill-check-comment.yml,8279,aether,aether/.staging/.github/workflows/skill-check-comment.yml,aether/.github/workflows/skill-check-comment.yml,split-policy-from-mechanics,aether-workflow-skill-check-comment,privileged-automation,,
.staging/.github/workflows/skill-check.yml,5895,aether,aether/.staging/.github/workflows/skill-check.yml,aether/.github/workflows/skill-check.yml,split-policy-from-mechanics,aether-workflow-skill-check,privileged-automation,,
.staging/.github/workflows/skill-quality-report.yml,18194,aether,aether/.staging/.github/workflows/skill-quality-report.yml,aether/.github/workflows/skill-quality-report.yml,split-policy-from-mechanics,aether-workflow-skill-quality-report,privileged-automation,,
.staging/.github/workflows/traffic-reporting.yml,3058,awesome,awesome/.staging/.github/workflows/traffic-reporting.yml,awesome/.github/workflows/traffic-reporting.yml,preserve-for-product-review,awesome-workflow-traffic-reporting,privileged-automation,,
.staging/.github/workflows/validate-agentic-workflows-pr.yml,4464,aether,aether/.staging/.github/workflows/validate-agentic-workflows-pr.yml,aether/.github/workflows/validate-agentic-workflows-pr.yml,split-policy-from-mechanics,aether-workflow-validate-agentic-workflows-pr,privileged-automation,,
.staging/.github/workflows/validate-readme.yml,2794,awesome,awesome/.staging/.github/workflows/validate-readme.yml,awesome/.github/workflows/validate-readme.yml,preserve-for-product-review,awesome-workflow-validate-readme,privileged-automation,,
.staging/.github/workflows/webhook-caller.yml,1197,relay,relay/.staging/.github/workflows/webhook-caller.yml,relay/.github/workflows/webhook-caller.yml,refactor-to-reusable-workflow,relay-workflow-webhook-caller,privileged-automation,,
.staging/.husky/commit-msg,54,egolint,egolint/.staging/.husky/commit-msg,egolint/.husky/commit-msg,compare-and-discard-disabled-hook,egolint-husky-hooks,executable-hook,,executable
.staging/.opencode/commands/knowledge.review.md,659,aether,aether/.staging/distributions/opencode/commands/knowledge.review.md,aether/distributions/opencode/commands/knowledge.review.md,reverse-map-to-canonical-source,aether-opencode-distribution,staged-instruction,,
.staging/.opencode/commands/mindcap.audit.md,1027,aether,aether/.staging/distributions/opencode/commands/mindcap.audit.md,aether/distributions/opencode/commands/mindcap.audit.md,reverse-map-to-canonical-source,aether-opencode-distribution,staged-instruction,,
.staging/.opencode/commands/speckit.analyze.md,10381,aether,aether/.staging/distributions/opencode/commands/speckit.analyze.md,aether/distributions/opencode/commands/speckit.analyze.md,reverse-map-to-canonical-source,aether-opencode-distribution,staged-instruction,,
.staging/.opencode/commands/speckit.checklist.md,19818,aether,aether/.staging/distributions/opencode/commands/speckit.checklist.md,aether/distributions/opencode/commands/speckit.checklist.md,reverse-map-to-canonical-source,aether-opencode-distribution,staged-instruction,,
.staging/.opencode/commands/speckit.clarify.md,13982,aether,aether/.staging/distributions/opencode/commands/speckit.clarify.md,aether/distributions/opencode/commands/speckit.clarify.md,reverse-map-to-canonical-source,aether-opencode-distribution,staged-instruction,,
.staging/.opencode/commands/speckit.constitution.md,8082,aether,aether/.staging/distributions/opencode/commands/speckit.constitution.md,aether/distributions/opencode/commands/speckit.constitution.md,reverse-map-to-canonical-source,aether-opencode-distribution,staged-instruction,,
.staging/.opencode/commands/speckit.implement.md,10403,aether,aether/.staging/distributions/opencode/commands/speckit.implement.md,aether/distributions/opencode/commands/speckit.implement.md,reverse-map-to-canonical-source,aether-opencode-distribution,staged-instruction,,
.staging/.opencode/commands/speckit.plan.md,6008,aether,aether/.staging/distributions/opencode/commands/speckit.plan.md,aether/distributions/opencode/commands/speckit.plan.md,reverse-map-to-canonical-source,aether-opencode-distribution,staged-instruction,,
.staging/.opencode/commands/speckit.specify.md,16127,aether,aether/.staging/distributions/opencode/commands/speckit.specify.md,aether/distributions/opencode/commands/speckit.specify.md,reverse-map-to-canonical-source,aether-opencode-distribution,staged-instruction,,
.staging/.opencode/commands/speckit.tasks.md,8936,aether,aether/.staging/distributions/opencode/commands/speckit.tasks.md,aether/distributions/opencode/commands/speckit.tasks.md,reverse-map-to-canonical-source,aether-opencode-distribution,staged-instruction,,
.staging/.opencode/commands/speckit.taskstoissues.md,3857,aether,aether/.staging/distributions/opencode/commands/speckit.taskstoissues.md,aether/distributions/opencode/commands/speckit.taskstoissues.md,reverse-map-to-canonical-source,aether-opencode-distribution,staged-instruction,,
.staging/.opencode/themes/fallout.json,1621,realm,realm/.staging/workstation/opencode/themes/fallout.json,realm/workstation/shared/opencode/themes/fallout.json,parameterize-workstation-profile,realm-opencode-workstation-profile,host-runtime-configuration,,
.staging/.opencode/tui.json,70,realm,realm/.staging/workstation/opencode/tui.json,realm/workstation/shared/opencode/tui.json,parameterize-workstation-profile,realm-opencode-workstation-profile,host-runtime-configuration,,
.staging/.pre-commit-config.yaml,13675,egolint,egolint/.staging/config/pre-commit-config.yaml,egolint/.pre-commit-config.yaml,split-and-merge-invalid-concatenation,egolint-pre-commit-policy,executable-hook-configuration,,
.staging/.specify/extensions.yml,63,aether,aether/.staging/community/spec-kit/extensions.yml,aether/library/community/spec-kit/extensions.yml,preserve-and-adapt,aether-spec-kit-adapter,staged-instruction,,
.staging/.specify/init-options.json,213,aether,aether/.staging/community/spec-kit/init-options.json,aether/library/community/spec-kit/init-options.json,preserve-and-adapt,aether-spec-kit-adapter,staged-instruction,,
.staging/.specify/integration.json,280,aether,aether/.staging/community/spec-kit/integration.json,aether/library/community/spec-kit/integration.json,preserve-and-adapt,aether-spec-kit-adapter,staged-instruction,,
.staging/.specify/memory/constitution.md,2323,empathy,.staging/governance/spec-kit-constitution.md,AI_CONSTITUTION.md,merge-governance-source,empathy-ai-constitution,staged-policy-source,,
.staging/.specify/scripts/bash/check-prerequisites.sh,6158,aether,aether/.staging/community/spec-kit/scripts/bash/check-prerequisites.sh,aether/library/community/spec-kit/scripts/bash/check-prerequisites.sh,preserve-and-adapt,aether-spec-kit-adapter,quarantined-executable,,executable
.staging/.specify/scripts/bash/common.sh,25806,aether,aether/.staging/community/spec-kit/scripts/bash/common.sh,aether/library/community/spec-kit/scripts/bash/common.sh,preserve-and-adapt,aether-spec-kit-adapter,quarantined-executable,,executable
.staging/.specify/scripts/bash/create-new-feature.sh,15915,aether,aether/.staging/community/spec-kit/scripts/bash/create-new-feature.sh,aether/library/community/spec-kit/scripts/bash/create-new-feature.sh,preserve-and-adapt,aether-spec-kit-adapter,quarantined-executable,,executable
.staging/.specify/scripts/bash/setup-plan.sh,2346,aether,aether/.staging/community/spec-kit/scripts/bash/setup-plan.sh,aether/library/community/spec-kit/scripts/bash/setup-plan.sh,preserve-and-adapt,aether-spec-kit-adapter,quarantined-executable,,executable
.staging/.specify/templates/checklist-template.md,1312,aether,aether/.staging/community/spec-kit/templates/checklist-template.md,aether/library/community/spec-kit/templates/checklist-template.md,preserve-and-adapt,aether-spec-kit-adapter,staged-instruction,,
.staging/.specify/templates/constitution-template.md,2346,aether,aether/.staging/community/spec-kit/templates/constitution-template.md,aether/library/community/spec-kit/templates/constitution-template.md,preserve-and-adapt,aether-spec-kit-adapter,staged-instruction,,
.staging/.specify/templates/plan-template.md,3714,aether,aether/.staging/community/spec-kit/templates/plan-template.md,aether/library/community/spec-kit/templates/plan-template.md,preserve-and-adapt,aether-spec-kit-adapter,staged-instruction,,
.staging/.specify/templates/spec-template.md,4563,aether,aether/.staging/community/spec-kit/templates/spec-template.md,aether/library/community/spec-kit/templates/spec-template.md,preserve-and-adapt,aether-spec-kit-adapter,staged-instruction,,
.staging/.specify/templates/tasks-template.md,9177,aether,aether/.staging/community/spec-kit/templates/tasks-template.md,aether/library/community/spec-kit/templates/tasks-template.md,preserve-and-adapt,aether-spec-kit-adapter,staged-instruction,,
.staging/.specify/workflows/speckit/workflow.yml,1631,aether,aether/.staging/community/spec-kit/workflows/speckit/workflow.yml,aether/library/community/spec-kit/workflows/speckit/workflow.yml,preserve-and-adapt,aether-spec-kit-adapter,staged-instruction,,
.staging/.specify/workflows/workflow-registry.json,312,aether,aether/.staging/community/spec-kit/workflows/workflow-registry.json,aether/library/community/spec-kit/workflows/workflow-registry.json,preserve-and-adapt,aether-spec-kit-adapter,staged-instruction,,
.staging/devenvironment/.devcontainer/Dockerfile,0,realm,realm/.staging/.devcontainer/Dockerfile,realm/devcontainers/baseline/Dockerfile,move-and-refactor,realm-devcontainer-baseline,executable-infrastructure,,
.staging/devenvironment/.devcontainer/README.md,644,realm,realm/.staging/.devcontainer/README.md,realm/devcontainers/baseline/README.md,move-and-refactor,realm-devcontainer-baseline,executable-infrastructure,,
.staging/devenvironment/.devcontainer/devcontainer.json,4905,realm,realm/.staging/.devcontainer/devcontainer.json,realm/devcontainers/baseline/.devcontainer/devcontainer.json,merge-variants,realm-devcontainer-config,executable-infrastructure,,
.staging/devenvironment/.devcontainer/devcontainer.yml,0,realm,realm/.staging/.devcontainer/devcontainer.yml,realm/devcontainers/baseline/devcontainer.yml,move-and-refactor,realm-devcontainer-baseline,executable-infrastructure,,
.staging/devenvironment/.devcontainer/devcontainer2.json,6247,realm,realm/.staging/.devcontainer/devcontainer2.json,realm/devcontainers/baseline/.devcontainer/devcontainer.json,merge-variants,realm-devcontainer-config,executable-infrastructure,,privileged-runtime;ssh-host-verification-disabled;variant
.staging/devenvironment/.devcontainer/features/devtools/README.md,749,realm,realm/.staging/.devcontainer/features/devtools/README.md,realm/devcontainer-features/devtools/README.md,move-and-refactor,realm-devcontainer-features,executable-infrastructure,,
.staging/devenvironment/.devcontainer/features/devtools/devcontainer-feature.json,1441,realm,realm/.staging/.devcontainer/features/devtools/devcontainer-feature.json,realm/devcontainer-features/devtools/devcontainer-feature.json,move-and-refactor,realm-devcontainer-features,executable-infrastructure,,
.staging/devenvironment/.devcontainer/features/devtools/install.sh,44197,realm,realm/.staging/.devcontainer/features/devtools/install.sh,realm/devcontainer-features/devtools/install.sh,move-and-refactor,realm-devcontainer-features,executable-infrastructure,,executable
.staging/devenvironment/.devcontainer/features/docker-proxy/README.md,906,realm,realm/.staging/.devcontainer/features/docker-proxy/README.md,realm/devcontainer-features/docker-proxy/README.md,move-and-refactor,realm-devcontainer-features,executable-infrastructure,,
.staging/devenvironment/.devcontainer/features/docker-proxy/devcontainer-feature.json,1244,realm,realm/.staging/.devcontainer/features/docker-proxy/devcontainer-feature.json,realm/devcontainer-features/docker-proxy/devcontainer-feature.json,move-and-refactor,realm-devcontainer-features,executable-infrastructure,,
.staging/devenvironment/.devcontainer/features/docker-proxy/install.sh,213,realm,realm/.staging/.devcontainer/features/docker-proxy/install.sh,realm/devcontainer-features/docker-proxy/install.sh,move-and-refactor,realm-devcontainer-features,executable-infrastructure,,
.staging/devenvironment/.devcontainer/features/docker-proxy/post_create.py,8477,realm,realm/.staging/.devcontainer/features/docker-proxy/post_create.py,realm/devcontainer-features/docker-proxy/post_create.py,move-and-refactor,realm-devcontainer-features,executable-infrastructure,,
.staging/devenvironment/.devcontainer/scripts/initialize.sh,3071,realm,realm/.staging/.devcontainer/scripts/initialize.sh,realm/devcontainers/baseline/scripts/initialize.sh,move-and-refactor,realm-devcontainer-baseline,executable-infrastructure,,executable
.staging/devenvironment/.devcontainer/scripts/on-create.sh,0,realm,realm/.staging/.devcontainer/scripts/on-create.sh,realm/devcontainers/baseline/scripts/on-create.sh,move-and-refactor,realm-devcontainer-baseline,executable-infrastructure,,executable
.staging/devenvironment/compose/docker-compose.yml,3174,realm,realm/.staging/compose/docker-compose.yml,realm/devcontainers/baseline/compose.yaml,merge-and-profile,realm-compose-baseline,executable-infrastructure,,
.staging/devenvironment/compose/docker-compose2.yml,18818,realm,realm/.staging/compose/docker-compose2.yml,realm/devcontainers/baseline/compose.yaml,merge-and-profile,realm-compose-baseline,executable-infrastructure,,development-credentials;privileged-runtime;variant
.staging/devenvironment/containers/base/base.env,878,realm,realm/.staging/containers/base/base.env,realm/services/base/base.env,normalize-service-module,realm-service-base,executable-infrastructure,,sensitive-configuration
.staging/devenvironment/containers/base/base.yml,2465,realm,realm/.staging/containers/base/base.yml,realm/services/base/base.yml,normalize-service-module,realm-service-base,executable-infrastructure,,
.staging/devenvironment/containers/buildkitd.toml,6819,realm,realm/.staging/containers/buildkitd.toml,realm/services/buildkitd.toml,normalize-service-module,realm-service-buildkitd.toml,executable-infrastructure,,
.staging/devenvironment/containers/caddy/Caddyfile,3819,realm,realm/.staging/containers/caddy/Caddyfile,realm/services/caddy/Caddyfile,normalize-service-module,realm-service-caddy,executable-infrastructure,,
.staging/devenvironment/containers/caddy/Caddyfile.template,80,realm,realm/.staging/containers/caddy/Caddyfile.template,realm/services/caddy/Caddyfile.template,normalize-service-module,realm-service-caddy,executable-infrastructure,,
.staging/devenvironment/containers/caddy/Dockerfile,4208,realm,realm/.staging/containers/caddy/Dockerfile,realm/services/caddy/Dockerfile,normalize-service-module,realm-service-caddy,executable-infrastructure,,
.staging/devenvironment/containers/caddy/caddy copy.yml,1305,realm,realm/.staging/containers/caddy/caddy copy.yml,realm/services/caddy/compose.yaml,merge-variants,realm-caddy-compose,executable-infrastructure,.staging/devenvironment/containers/caddy/caddy.yml,variant
.staging/devenvironment/containers/caddy/caddy.env,1906,realm,realm/.staging/containers/caddy/caddy.env,realm/services/caddy/caddy.env,normalize-service-module,realm-service-caddy,executable-infrastructure,,sensitive-configuration
.staging/devenvironment/containers/caddy/caddy.yml,1305,realm,realm/.staging/containers/caddy/caddy.yml,realm/services/caddy/compose.yaml,merge-variants,realm-caddy-compose,executable-infrastructure,,
.staging/devenvironment/containers/caddy/docker-entrypoint.sh,398,realm,realm/.staging/containers/caddy/docker-entrypoint.sh,realm/services/caddy/docker-entrypoint.sh,normalize-service-module,realm-service-caddy,executable-infrastructure,,
.staging/devenvironment/containers/caddy/healthcheck,729,realm,realm/.staging/containers/caddy/healthcheck,realm/services/caddy/healthcheck,normalize-service-module,realm-service-caddy,executable-infrastructure,,
.staging/devenvironment/containers/caddy/init,2504,realm,realm/.staging/containers/caddy/init,realm/services/caddy/init,normalize-service-module,realm-service-caddy,executable-infrastructure,,
.staging/devenvironment/containers/caddy/plugins.list,362,realm,realm/.staging/containers/caddy/plugins.list,realm/services/caddy/plugins.list,normalize-service-module,realm-service-caddy,executable-infrastructure,,
.staging/devenvironment/containers/caddy/snippets/common.conf,4209,realm,realm/.staging/containers/caddy/snippets/common.conf,realm/services/caddy/snippets/common.conf,normalize-service-module,realm-service-caddy,executable-infrastructure,,
.staging/devenvironment/containers/caddy/snippets/security.conf,4440,realm,realm/.staging/containers/caddy/snippets/security.conf,realm/services/caddy/snippets/security.conf,normalize-service-module,realm-service-caddy,executable-infrastructure,,
.staging/devenvironment/containers/caddy/sysctl.conf,146,realm,realm/.staging/containers/caddy/sysctl.conf,realm/services/caddy/sysctl.conf,normalize-service-module,realm-service-caddy,executable-infrastructure,,
.staging/devenvironment/containers/common.env,760,realm,realm/.staging/containers/common.env,realm/services/common.env,normalize-service-module,realm-service-common.env,executable-infrastructure,,sensitive-configuration
.staging/devenvironment/containers/common.yml,2288,realm,realm/.staging/containers/common.yml,realm/services/common.yml,normalize-service-module,realm-service-common.yml,executable-infrastructure,,
.staging/devenvironment/containers/entwine/config/config.json,24,realm,realm/.staging/containers/entwine/config/config.json,realm/services/entwine/config/config.json,normalize-service-module,realm-service-entwine,executable-infrastructure,,
.staging/devenvironment/containers/entwine/entwine.Dockerfile,9636,realm,realm/.staging/containers/entwine/entwine.Dockerfile,realm/services/entwine/entwine.Dockerfile,normalize-service-module,realm-service-entwine,executable-infrastructure,,
.staging/devenvironment/containers/entwine/entwine.env,1303,realm,realm/.staging/containers/entwine/entwine.env,realm/services/entwine/entwine.env,normalize-service-module,realm-service-entwine,executable-infrastructure,,sensitive-configuration
.staging/devenvironment/containers/entwine/entwine.hardened.Dockerfile,2600,realm,realm/.staging/containers/entwine/entwine.hardened.Dockerfile,realm/services/entwine/entwine.hardened.Dockerfile,normalize-service-module,realm-service-entwine,executable-infrastructure,,
.staging/devenvironment/containers/entwine/entwine.yml,2161,realm,realm/.staging/containers/entwine/entwine.yml,realm/services/entwine/entwine.yml,normalize-service-module,realm-service-entwine,executable-infrastructure,,
.staging/devenvironment/containers/gitdiagram/Dockerfile,1721,realm,realm/.staging/containers/gitdiagram/Dockerfile,realm/services/gitdiagram/Dockerfile,normalize-service-module,realm-service-gitdiagram,executable-infrastructure,,
.staging/devenvironment/containers/kestra/Caddyfile,1700,realm,realm/.staging/containers/kestra/Caddyfile,realm/services/kestra/Caddyfile,normalize-service-module,realm-service-kestra,executable-infrastructure,,
.staging/devenvironment/containers/kestra/docker-compose.yml,2877,realm,realm/.staging/containers/kestra/docker-compose.yml,realm/services/kestra/docker-compose.yml,normalize-service-module,realm-service-kestra,executable-infrastructure,,
.staging/devenvironment/containers/kestra/input/test_file.txt,43,realm,realm/.staging/containers/kestra/input/test_file.txt,realm/services/kestra/input/test_file.txt,normalize-service-module,realm-service-kestra,executable-infrastructure,,
.staging/devenvironment/containers/kestra/kestra/workflows/process-files.yaml,1332,realm,realm/.staging/containers/kestra/kestra/workflows/process-files.yaml,realm/services/kestra/kestra/workflows/process-files.yaml,normalize-service-module,realm-service-kestra,executable-infrastructure,,
.staging/devenvironment/containers/kestra/test.py,2149,realm,realm/.staging/containers/kestra/test.py,realm/services/kestra/test.py,normalize-service-module,realm-service-kestra,executable-infrastructure,,
.staging/devenvironment/containers/matchering/.gitignore,36,realm,realm/.staging/containers/matchering/.gitignore,realm/services/matchering/.gitignore,normalize-service-module,realm-service-matchering,executable-infrastructure,,
.staging/devenvironment/containers/matchering/config/.python-version,7,realm,realm/.staging/containers/matchering/config/.python-version,realm/services/matchering/config/.python-version,normalize-service-module,realm-service-matchering,executable-infrastructure,,
.staging/devenvironment/containers/matchering/config/supervisord.conf,1294,realm,realm/.staging/containers/matchering/config/supervisord.conf,realm/services/matchering/config/supervisord.conf,normalize-service-module,realm-service-matchering,executable-infrastructure,,
.staging/devenvironment/containers/matchering/matchering.Dockerfile,2503,realm,realm/.staging/containers/matchering/matchering.Dockerfile,realm/services/matchering/matchering.Dockerfile,normalize-service-module,realm-service-matchering,executable-infrastructure,,
.staging/devenvironment/containers/matchering/matchering.env,1327,realm,realm/.staging/containers/matchering/matchering.env,realm/services/matchering/matchering.env,normalize-service-module,realm-service-matchering,executable-infrastructure,,sensitive-configuration
.staging/devenvironment/containers/matchering/matchering.yml,1344,realm,realm/.staging/containers/matchering/matchering.yml,realm/services/matchering/matchering.yml,normalize-service-module,realm-service-matchering,executable-infrastructure,,
.staging/devenvironment/containers/minio/minio.Dockerfile,10201,realm,realm/.staging/containers/minio/minio.Dockerfile,realm/services/minio/minio.Dockerfile,normalize-service-module,realm-service-minio,executable-infrastructure,,
.staging/devenvironment/containers/minio/minio.env,2379,realm,realm/.staging/containers/minio/minio.env,realm/services/minio/minio.env,normalize-service-module,realm-service-minio,executable-infrastructure,,sensitive-configuration
.staging/devenvironment/containers/minio/minio.yml,1105,realm,realm/.staging/containers/minio/minio.yml,realm/services/minio/minio.yml,normalize-service-module,realm-service-minio,executable-infrastructure,,
.staging/devenvironment/containers/network.yml,3160,realm,realm/.staging/containers/network.yml,realm/services/network.yml,normalize-service-module,realm-service-network.yml,executable-infrastructure,,
.staging/devenvironment/containers/redis/redis.Dockerfile,933,realm,realm/.staging/containers/redis/redis.Dockerfile,realm/services/redis/Dockerfile,merge-variants,realm-redis-image,executable-infrastructure,,
.staging/devenvironment/containers/redis/redis.env,1472,realm,realm/.staging/containers/redis/redis.env,realm/services/redis/redis.env,normalize-service-module,realm-service-redis,executable-infrastructure,,sensitive-configuration
.staging/devenvironment/containers/redis/redis.yml,1154,realm,realm/.staging/containers/redis/redis.yml,realm/services/redis/redis.yml,normalize-service-module,realm-service-redis,executable-infrastructure,,
.staging/devenvironment/containers/redis/redis2.Dockerfile,2174,realm,realm/.staging/containers/redis/redis2.Dockerfile,realm/services/redis/Dockerfile,merge-variants,realm-redis-image,executable-infrastructure,,variant
.staging/devenvironment/containers/registry/registry.Dockerfile,495,realm,realm/.staging/containers/registry/registry.Dockerfile,realm/services/registry/registry.Dockerfile,normalize-service-module,realm-service-registry,executable-infrastructure,,
.staging/devenvironment/containers/registry/registry.env,1480,realm,realm/.staging/containers/registry/registry.env,realm/services/registry/registry.env,normalize-service-module,realm-service-registry,executable-infrastructure,,sensitive-configuration
.staging/devenvironment/containers/registry/registry.yml,1047,realm,realm/.staging/containers/registry/registry.yml,realm/services/registry/registry.yml,normalize-service-module,realm-service-registry,executable-infrastructure,,
.staging/devenvironment/containers/retropie/Dockerfile,7420,realm,realm/.staging/containers/retropie/Dockerfile,realm/services/retropie/Dockerfile,normalize-service-module,realm-service-retropie,executable-infrastructure,,passwordless-sudo
.staging/devenvironment/containers/retropie/es_systems.cfg,1957,realm,realm/.staging/containers/retropie/es_systems.cfg,realm/services/retropie/es_systems.cfg,normalize-service-module,realm-service-retropie,executable-infrastructure,,
.staging/devenvironment/containers/services/apache/certs/cert.crt,1277,realm,realm/.staging/containers/services/apache/certs/cert.crt,realm/.staging/security-review/containers/services/apache/certs/cert.crt,replace-with-generated-fixture,realm-apache-development-tls,executable-infrastructure,,sensitive-configuration
.staging/devenvironment/containers/services/apache/certs/development/cert.crt,1497,realm,realm/.staging/containers/services/apache/certs/development/cert.crt,realm/.staging/security-review/containers/services/apache/certs/development/cert.crt,replace-with-generated-fixture,realm-apache-development-tls,executable-infrastructure,,sensitive-configuration
.staging/devenvironment/containers/services/apache/certs/rootCA.pem,1671,realm,realm/.staging/containers/services/apache/certs/rootCA.pem,realm/.staging/security-review/containers/services/apache/certs/rootCA.pem,replace-with-generated-fixture,realm-apache-development-tls,executable-infrastructure,,sensitive-configuration
.staging/devenvironment/containers/services/apache/conf/extra/httpd-cgi.conf,609,realm,realm/.staging/containers/services/apache/conf/extra/httpd-cgi.conf,realm/services/services/apache/conf/extra/httpd-cgi.conf,normalize-service-module,realm-service-services,executable-infrastructure,,
.staging/devenvironment/containers/services/apache/conf/extra/httpd-extra.conf,807,realm,realm/.staging/containers/services/apache/conf/extra/httpd-extra.conf,realm/services/services/apache/conf/extra/httpd-extra.conf,normalize-service-module,realm-service-services,executable-infrastructure,,
.staging/devenvironment/containers/services/apache/conf/extra/httpd-logging.conf,949,realm,realm/.staging/containers/services/apache/conf/extra/httpd-logging.conf,realm/services/services/apache/conf/extra/httpd-logging.conf,normalize-service-module,realm-service-services,executable-infrastructure,,
.staging/devenvironment/containers/services/apache/conf/extra/httpd-modules.conf,7393,realm,realm/.staging/containers/services/apache/conf/extra/httpd-modules.conf,realm/services/services/apache/conf/extra/httpd-modules.conf,normalize-service-module,realm-service-services,executable-infrastructure,,
.staging/devenvironment/containers/services/apache/conf/extra/httpd-status.conf,289,realm,realm/.staging/containers/services/apache/conf/extra/httpd-status.conf,realm/services/services/apache/conf/extra/httpd-status.conf,normalize-service-module,realm-service-services,executable-infrastructure,,
.staging/devenvironment/containers/services/apache/conf/httpd.default.conf,20808,realm,realm/.staging/containers/services/apache/conf/httpd.default.conf,realm/services/services/apache/conf/httpd.default.conf,normalize-service-module,realm-service-services,executable-infrastructure,,
.staging/devenvironment/containers/services/apache/conf/httpd.template.conf,9787,realm,realm/.staging/containers/services/apache/conf/httpd.template.conf,realm/services/services/apache/conf/httpd.template.conf,normalize-service-module,realm-service-services,executable-infrastructure,,
.staging/devenvironment/containers/services/apache/envvars,1818,realm,realm/.staging/containers/services/apache/envvars,realm/services/services/apache/envvars,normalize-service-module,realm-service-services,executable-infrastructure,,
.staging/devenvironment/containers/services/apache/index.html,441,realm,realm/.staging/containers/services/apache/index.html,realm/services/services/apache/index.html,normalize-service-module,realm-service-services,executable-infrastructure,,
.staging/devenvironment/containers/services/apache/logrotate.template,222,realm,realm/.staging/containers/services/apache/logrotate.template,realm/services/services/apache/logrotate.template,normalize-service-module,realm-service-services,executable-infrastructure,,
.staging/devenvironment/containers/services/apache/optional/dev-reverse-proxy.template.conf,486,realm,realm/.staging/containers/services/apache/optional/dev-reverse-proxy.template.conf,realm/services/services/apache/optional/dev-reverse-proxy.template.conf,normalize-service-module,realm-service-services,executable-infrastructure,,
.staging/devenvironment/containers/services/apache/optional/portainer.template.conf,880,realm,realm/.staging/containers/services/apache/optional/portainer.template.conf,realm/services/services/apache/optional/portainer.template.conf,normalize-service-module,realm-service-services,executable-infrastructure,,
.staging/devenvironment/containers/services/api/.gitignore,2732,holon,holon/.staging/templates/universal-app/apps/api/.gitignore,holon/templates/universal-app/apps/api/.gitignore,merge-into-application-template,holon-universal-app-api,executable-application-fixture,,
.staging/devenvironment/containers/services/api/.npmrc,16,holon,holon/.staging/templates/universal-app/apps/api/.npmrc,holon/templates/universal-app/apps/api/.npmrc,merge-into-application-template,holon-universal-app-api,executable-application-fixture,,
.staging/devenvironment/containers/services/api/.tool-versions,56,holon,holon/.staging/templates/universal-app/apps/api/.tool-versions,holon/templates/universal-app/apps/api/.tool-versions,merge-into-application-template,holon-universal-app-api,executable-application-fixture,,
.staging/devenvironment/containers/services/api/.vscode/dictionaries/backend-terms.dictionary,342,holon,holon/.staging/templates/universal-app/apps/api/.vscode/dictionaries/backend-terms.dictionary,holon/templates/universal-app/apps/api/.vscode/dictionaries/backend-terms.dictionary,merge-into-application-template,holon-universal-app-api,executable-application-fixture,,
.staging/devenvironment/containers/services/api/.vscode/dictionaries/devops-cloud-terms.dictionary,349,holon,holon/.staging/templates/universal-app/apps/api/.vscode/dictionaries/devops-cloud-terms.dictionary,holon/templates/universal-app/apps/api/.vscode/dictionaries/devops-cloud-terms.dictionary,merge-into-application-template,holon-universal-app-api,executable-application-fixture,,
.staging/devenvironment/containers/services/api/.vscode/dictionaries/frontend-terms.dictionary,295,holon,holon/.staging/templates/universal-app/apps/api/.vscode/dictionaries/frontend-terms.dictionary,holon/templates/universal-app/apps/api/.vscode/dictionaries/frontend-terms.dictionary,merge-into-application-template,holon-universal-app-api,executable-application-fixture,,
.staging/devenvironment/containers/services/api/.vscode/dictionaries/programming-terms.dictionary,468,holon,holon/.staging/templates/universal-app/apps/api/.vscode/dictionaries/programming-terms.dictionary,holon/templates/universal-app/apps/api/.vscode/dictionaries/programming-terms.dictionary,merge-into-application-template,holon-universal-app-api,executable-application-fixture,,
.staging/devenvironment/containers/services/api/.vscode/dictionaries/project-words.dictionary,127,holon,holon/.staging/templates/universal-app/apps/api/.vscode/dictionaries/project-words.dictionary,holon/templates/universal-app/apps/api/.vscode/dictionaries/project-words.dictionary,merge-into-application-template,holon-universal-app-api,executable-application-fixture,,
.staging/devenvironment/containers/services/api/.vscode/dictionaries/software-terms.dictionary,903,holon,holon/.staging/templates/universal-app/apps/api/.vscode/dictionaries/software-terms.dictionary,holon/templates/universal-app/apps/api/.vscode/dictionaries/software-terms.dictionary,merge-into-application-template,holon-universal-app-api,executable-application-fixture,,
.staging/devenvironment/containers/services/api/.vscode/extensions.json,902,holon,holon/.staging/templates/universal-app/apps/api/.vscode/extensions.json,holon/templates/universal-app/apps/api/.vscode/extensions.json,merge-into-application-template,holon-universal-app-api,executable-application-fixture,,
.staging/devenvironment/containers/services/api/.vscode/launch.json,3,holon,holon/.staging/templates/universal-app/apps/api/.vscode/launch.json,holon/templates/universal-app/apps/api/.vscode/launch.json,merge-into-application-template,holon-universal-app-api,executable-application-fixture,,
.staging/devenvironment/containers/services/api/.vscode/settings.json,3276,holon,holon/.staging/templates/universal-app/apps/api/.vscode/settings.json,holon/templates/universal-app/apps/api/.vscode/settings.json,merge-into-application-template,holon-universal-app-api,executable-application-fixture,,
.staging/devenvironment/containers/services/api/.vscode/tasks.json,27,holon,holon/.staging/templates/universal-app/apps/api/.vscode/tasks.json,holon/templates/universal-app/apps/api/.vscode/tasks.json,merge-into-application-template,holon-universal-app-api,executable-application-fixture,,
.staging/devenvironment/containers/services/api/Dockerfile,6024,holon,holon/.staging/templates/universal-app/apps/api/Dockerfile,holon/templates/universal-app/apps/api/Dockerfile,merge-into-application-template,holon-universal-app-api,executable-application-fixture,,
.staging/devenvironment/containers/services/api/Dockerfile.old,5690,holon,holon/.staging/templates/universal-app/apps/api/Dockerfile.old,holon/templates/universal-app/apps/api/Dockerfile,merge-into-application-template,holon-universal-app-api-dockerfile,executable-application-fixture,,variant
.staging/devenvironment/containers/services/api/LICENSE,1067,holon,holon/.staging/templates/universal-app/apps/api/LICENSE,holon/templates/universal-app/apps/api/LICENSE,merge-into-application-template,holon-universal-app-api,executable-application-fixture,,
.staging/devenvironment/containers/services/api/README.md,2510,holon,holon/.staging/templates/universal-app/apps/api/README.md,holon/templates/universal-app/apps/api/README.md,merge-into-application-template,holon-universal-app-api,executable-application-fixture,,
.staging/devenvironment/containers/services/api/Taskfile.yml,1476,holon,holon/.staging/templates/universal-app/apps/api/Taskfile.yml,holon/templates/universal-app/apps/api/Taskfile.yml,merge-into-application-template,holon-universal-app-api,executable-application-fixture,,
.staging/devenvironment/containers/services/api/alembic.ini,397,holon,holon/.staging/templates/universal-app/apps/api/alembic.ini,holon/templates/universal-app/apps/api/alembic.ini,merge-into-application-template,holon-universal-app-api,executable-application-fixture,,
.staging/devenvironment/containers/services/api/api.code-workspace,4998,holon,holon/.staging/templates/universal-app/apps/api/api.code-workspace,holon/templates/universal-app/apps/api/api.code-workspace,merge-into-application-template,holon-universal-app-api,executable-application-fixture,,
.staging/devenvironment/containers/services/api/entrypoint.sh,935,holon,holon/.staging/templates/universal-app/apps/api/entrypoint.sh,holon/templates/universal-app/apps/api/entrypoint.sh,merge-into-application-template,holon-universal-app-api,executable-application-fixture,,executable
.staging/devenvironment/containers/services/api/migrations/env.py,1707,holon,holon/.staging/templates/universal-app/apps/api/migrations/env.py,holon/templates/universal-app/apps/api/migrations/env.py,merge-into-application-template,holon-universal-app-api,executable-application-fixture,,
.staging/devenvironment/containers/services/api/migrations/script.py.mako,0,holon,holon/.staging/templates/universal-app/apps/api/migrations/script.py.mako,holon/templates/universal-app/apps/api/migrations/script.py.mako,merge-into-application-template,holon-universal-app-api,executable-application-fixture,,
.staging/devenvironment/containers/services/api/migrations/versions/0001_create_message_table.py,966,holon,holon/.staging/templates/universal-app/apps/api/migrations/versions/0001_create_message_table.py,holon/templates/universal-app/apps/api/migrations/versions/0001_create_message_table.py,merge-into-application-template,holon-universal-app-api,executable-application-fixture,,
.staging/devenvironment/containers/services/api/migrations/versions/0002_create_map_table.py,1249,holon,holon/.staging/templates/universal-app/apps/api/migrations/versions/0002_create_map_table.py,holon/templates/universal-app/apps/api/migrations/versions/0002_create_map_table.py,merge-into-application-template,holon-universal-app-api,executable-application-fixture,,
.staging/devenvironment/containers/services/api/migrations/versions/0003_add_description_to_map_state_table.py,779,holon,holon/.staging/templates/universal-app/apps/api/migrations/versions/0003_add_description_to_map_state_table.py,holon/templates/universal-app/apps/api/migrations/versions/0003_add_description_to_map_state_table.py,merge-into-application-template,holon-universal-app-api,executable-application-fixture,,
.staging/devenvironment/containers/services/api/poetry.lock,233674,holon,holon/.staging/templates/universal-app/apps/api/poetry.lock,holon/templates/universal-app/apps/api/poetry.lock,merge-into-application-template,holon-universal-app-api,executable-application-fixture,,
.staging/devenvironment/containers/services/api/poetry.toml,2104,holon,holon/.staging/templates/universal-app/apps/api/poetry.toml,holon/templates/universal-app/apps/api/poetry.toml,merge-into-application-template,holon-universal-app-api,executable-application-fixture,,
.staging/devenvironment/containers/services/api/pyproject.toml,2732,holon,holon/.staging/templates/universal-app/apps/api/pyproject.toml,holon/templates/universal-app/apps/api/pyproject.toml,merge-into-application-template,holon-universal-app-api,executable-application-fixture,,
.staging/devenvironment/containers/services/api/src/app/__init__.py,0,holon,holon/.staging/templates/universal-app/apps/api/src/app/__init__.py,holon/templates/universal-app/apps/api/src/app/__init__.py,merge-into-application-template,holon-universal-app-api,executable-application-fixture,,
.staging/devenvironment/containers/services/api/src/app/api/__init__.py,0,holon,holon/.staging/templates/universal-app/apps/api/src/app/api/__init__.py,holon/templates/universal-app/apps/api/src/app/api/__init__.py,merge-into-application-template,holon-universal-app-api,executable-application-fixture,,
.staging/devenvironment/containers/services/api/src/app/api/api.py,345,holon,holon/.staging/templates/universal-app/apps/api/src/app/api/api.py,holon/templates/universal-app/apps/api/src/app/api/api.py,merge-into-application-template,holon-universal-app-api,executable-application-fixture,,
.staging/devenvironment/containers/services/api/src/app/api/app.py,1790,holon,holon/.staging/templates/universal-app/apps/api/src/app/api/app.py,holon/templates/universal-app/apps/api/src/app/api/app.py,merge-into-application-template,holon-universal-app-api,executable-application-fixture,,
.staging/devenvironment/containers/services/api/src/app/api/middleware.py,2914,holon,holon/.staging/templates/universal-app/apps/api/src/app/api/middleware.py,holon/templates/universal-app/apps/api/src/app/api/middleware.py,merge-into-application-template,holon-universal-app-api,executable-application-fixture,,
.staging/devenvironment/containers/services/api/src/app/api/routes/healthcheck.py,955,holon,holon/.staging/templates/universal-app/apps/api/src/app/api/routes/healthcheck.py,holon/templates/universal-app/apps/api/src/app/api/routes/healthcheck.py,merge-into-application-template,holon-universal-app-api,executable-application-fixture,,
.staging/devenvironment/containers/services/api/src/app/api/routes/maps.py,7982,holon,holon/.staging/templates/universal-app/apps/api/src/app/api/routes/maps.py,holon/templates/universal-app/apps/api/src/app/api/routes/maps.py,merge-into-application-template,holon-universal-app-api,executable-application-fixture,,
.staging/devenvironment/containers/services/api/src/app/api/routes/messages.py,6341,holon,holon/.staging/templates/universal-app/apps/api/src/app/api/routes/messages.py,holon/templates/universal-app/apps/api/src/app/api/routes/messages.py,merge-into-application-template,holon-universal-app-api,executable-application-fixture,,
.staging/devenvironment/containers/services/api/src/app/api/routes/profile.py,294,holon,holon/.staging/templates/universal-app/apps/api/src/app/api/routes/profile.py,holon/templates/universal-app/apps/api/src/app/api/routes/profile.py,merge-into-application-template,holon-universal-app-api,executable-application-fixture,,
.staging/devenvironment/containers/services/api/src/app/auth/__init__.py,0,holon,holon/.staging/templates/universal-app/apps/api/src/app/auth/__init__.py,holon/templates/universal-app/apps/api/src/app/auth/__init__.py,merge-into-application-template,holon-universal-app-api,executable-application-fixture,,
.staging/devenvironment/containers/services/api/src/app/auth/check_roles.py,849,holon,holon/.staging/templates/universal-app/apps/api/src/app/auth/check_roles.py,holon/templates/universal-app/apps/api/src/app/auth/check_roles.py,merge-into-application-template,holon-universal-app-api,executable-application-fixture,,
.staging/devenvironment/containers/services/api/src/app/auth/keycloak.py,1617,holon,holon/.staging/templates/universal-app/apps/api/src/app/auth/keycloak.py,holon/templates/universal-app/apps/api/src/app/auth/keycloak.py,merge-into-application-template,holon-universal-app-api,executable-application-fixture,,
.staging/devenvironment/containers/services/api/src/app/auth/oidc_user.py,2411,holon,holon/.staging/templates/universal-app/apps/api/src/app/auth/oidc_user.py,holon/templates/universal-app/apps/api/src/app/auth/oidc_user.py,merge-into-application-template,holon-universal-app-api,executable-application-fixture,,
.staging/devenvironment/containers/services/api/src/app/core/__init__.py,0,holon,holon/.staging/templates/universal-app/apps/api/src/app/core/__init__.py,holon/templates/universal-app/apps/api/src/app/core/__init__.py,merge-into-application-template,holon-universal-app-api,executable-application-fixture,,
.staging/devenvironment/containers/services/api/src/app/core/exceptions.py,1236,holon,holon/.staging/templates/universal-app/apps/api/src/app/core/exceptions.py,holon/templates/universal-app/apps/api/src/app/core/exceptions.py,merge-into-application-template,holon-universal-app-api,executable-application-fixture,,
.staging/devenvironment/containers/services/api/src/app/core/lifecycle.py,739,holon,holon/.staging/templates/universal-app/apps/api/src/app/core/lifecycle.py,holon/templates/universal-app/apps/api/src/app/core/lifecycle.py,merge-into-application-template,holon-universal-app-api,executable-application-fixture,,
.staging/devenvironment/containers/services/api/src/app/core/logging.py,2849,holon,holon/.staging/templates/universal-app/apps/api/src/app/core/logging.py,holon/templates/universal-app/apps/api/src/app/core/logging.py,merge-into-application-template,holon-universal-app-api,executable-application-fixture,,
.staging/devenvironment/containers/services/api/src/app/core/settings.py,11727,holon,holon/.staging/templates/universal-app/apps/api/src/app/core/settings.py,holon/templates/universal-app/apps/api/src/app/core/settings.py,merge-into-application-template,holon-universal-app-api,executable-application-fixture,,
.staging/devenvironment/containers/services/api/src/app/db/__init__.py,0,holon,holon/.staging/templates/universal-app/apps/api/src/app/db/__init__.py,holon/templates/universal-app/apps/api/src/app/db/__init__.py,merge-into-application-template,holon-universal-app-api,executable-application-fixture,,
.staging/devenvironment/containers/services/api/src/app/db/base.py,223,holon,holon/.staging/templates/universal-app/apps/api/src/app/db/base.py,holon/templates/universal-app/apps/api/src/app/db/base.py,merge-into-application-template,holon-universal-app-api,executable-application-fixture,,
.staging/devenvironment/containers/services/api/src/app/db/entities/__init__.py,91,holon,holon/.staging/templates/universal-app/apps/api/src/app/db/entities/__init__.py,holon/templates/universal-app/apps/api/src/app/db/entities/__init__.py,merge-into-application-template,holon-universal-app-api,executable-application-fixture,,
.staging/devenvironment/containers/services/api/src/app/db/entities/map.py,913,holon,holon/.staging/templates/universal-app/apps/api/src/app/db/entities/map.py,holon/templates/universal-app/apps/api/src/app/db/entities/map.py,merge-into-application-template,holon-universal-app-api,executable-application-fixture,,
.staging/devenvironment/containers/services/api/src/app/db/entities/message.py,807,holon,holon/.staging/templates/universal-app/apps/api/src/app/db/entities/message.py,holon/templates/universal-app/apps/api/src/app/db/entities/message.py,merge-into-application-template,holon-universal-app-api,executable-application-fixture,,
.staging/devenvironment/containers/services/api/src/app/db/migrations.py,941,holon,holon/.staging/templates/universal-app/apps/api/src/app/db/migrations.py,holon/templates/universal-app/apps/api/src/app/db/migrations.py,merge-into-application-template,holon-universal-app-api,executable-application-fixture,,
.staging/devenvironment/containers/services/api/src/app/db/session.py,898,holon,holon/.staging/templates/universal-app/apps/api/src/app/db/session.py,holon/templates/universal-app/apps/api/src/app/db/session.py,merge-into-application-template,holon-universal-app-api,executable-application-fixture,,
.staging/devenvironment/containers/services/api/src/app/db/tables.py,0,holon,holon/.staging/templates/universal-app/apps/api/src/app/db/tables.py,holon/templates/universal-app/apps/api/src/app/db/tables.py,merge-into-application-template,holon-universal-app-api,executable-application-fixture,,
.staging/devenvironment/containers/services/api/src/app/domain/__init__.py,0,holon,holon/.staging/templates/universal-app/apps/api/src/app/domain/__init__.py,holon/templates/universal-app/apps/api/src/app/domain/__init__.py,merge-into-application-template,holon-universal-app-api,executable-application-fixture,,
.staging/devenvironment/containers/services/api/src/app/domain/health/__init__.py,0,holon,holon/.staging/templates/universal-app/apps/api/src/app/domain/health/__init__.py,holon/templates/universal-app/apps/api/src/app/domain/health/__init__.py,merge-into-application-template,holon-universal-app-api,executable-application-fixture,,
.staging/devenvironment/containers/services/api/src/app/domain/health/enums.py,182,holon,holon/.staging/templates/universal-app/apps/api/src/app/domain/health/enums.py,holon/templates/universal-app/apps/api/src/app/domain/health/enums.py,merge-into-application-template,holon-universal-app-api,executable-application-fixture,,
.staging/devenvironment/containers/services/api/src/app/domain/health/interfaces.py,381,holon,holon/.staging/templates/universal-app/apps/api/src/app/domain/health/interfaces.py,holon/templates/universal-app/apps/api/src/app/domain/health/interfaces.py,merge-into-application-template,holon-universal-app-api,executable-application-fixture,,
.staging/devenvironment/containers/services/api/src/app/domain/health/models.py,820,holon,holon/.staging/templates/universal-app/apps/api/src/app/domain/health/models.py,holon/templates/universal-app/apps/api/src/app/domain/health/models.py,merge-into-application-template,holon-universal-app-api,executable-application-fixture,,
.staging/devenvironment/containers/services/api/src/app/domain/maps/__init__.py,0,holon,holon/.staging/templates/universal-app/apps/api/src/app/domain/maps/__init__.py,holon/templates/universal-app/apps/api/src/app/domain/maps/__init__.py,merge-into-application-template,holon-universal-app-api,executable-application-fixture,,
.staging/devenvironment/containers/services/api/src/app/domain/maps/interfaces.py,1252,holon,holon/.staging/templates/universal-app/apps/api/src/app/domain/maps/interfaces.py,holon/templates/universal-app/apps/api/src/app/domain/maps/interfaces.py,merge-into-application-template,holon-universal-app-api,executable-application-fixture,,
.staging/devenvironment/containers/services/api/src/app/domain/maps/models.py,1061,holon,holon/.staging/templates/universal-app/apps/api/src/app/domain/maps/models.py,holon/templates/universal-app/apps/api/src/app/domain/maps/models.py,merge-into-application-template,holon-universal-app-api,executable-application-fixture,,
.staging/devenvironment/containers/services/api/src/app/domain/messages/__init__.py,0,holon,holon/.staging/templates/universal-app/apps/api/src/app/domain/messages/__init__.py,holon/templates/universal-app/apps/api/src/app/domain/messages/__init__.py,merge-into-application-template,holon-universal-app-api,executable-application-fixture,,
.staging/devenvironment/containers/services/api/src/app/domain/messages/interfaces.py,862,holon,holon/.staging/templates/universal-app/apps/api/src/app/domain/messages/interfaces.py,holon/templates/universal-app/apps/api/src/app/domain/messages/interfaces.py,merge-into-application-template,holon-universal-app-api,executable-application-fixture,,
.staging/devenvironment/containers/services/api/src/app/domain/messages/models.py,817,holon,holon/.staging/templates/universal-app/apps/api/src/app/domain/messages/models.py,holon/templates/universal-app/apps/api/src/app/domain/messages/models.py,merge-into-application-template,holon-universal-app-api,executable-application-fixture,,
.staging/devenvironment/containers/services/api/src/app/extensions/__init__.py,597,holon,holon/.staging/templates/universal-app/apps/api/src/app/extensions/__init__.py,holon/templates/universal-app/apps/api/src/app/extensions/__init__.py,merge-into-application-template,holon-universal-app-api,executable-application-fixture,,
.staging/devenvironment/containers/services/api/src/app/extensions/body_size_middleware.py,2243,holon,holon/.staging/templates/universal-app/apps/api/src/app/extensions/body_size_middleware.py,holon/templates/universal-app/apps/api/src/app/extensions/body_size_middleware.py,merge-into-application-template,holon-universal-app-api,executable-application-fixture,,
.staging/devenvironment/containers/services/api/src/app/extensions/correlation_id_middleware.py,1678,holon,holon/.staging/templates/universal-app/apps/api/src/app/extensions/correlation_id_middleware.py,holon/templates/universal-app/apps/api/src/app/extensions/correlation_id_middleware.py,merge-into-application-template,holon-universal-app-api,executable-application-fixture,,
.staging/devenvironment/containers/services/api/src/app/extensions/csp_middleware.py,1358,holon,holon/.staging/templates/universal-app/apps/api/src/app/extensions/csp_middleware.py,holon/templates/universal-app/apps/api/src/app/extensions/csp_middleware.py,merge-into-application-template,holon-universal-app-api,executable-application-fixture,,
.staging/devenvironment/containers/services/api/src/app/extensions/logging_middleware.py,2107,holon,holon/.staging/templates/universal-app/apps/api/src/app/extensions/logging_middleware.py,holon/templates/universal-app/apps/api/src/app/extensions/logging_middleware.py,merge-into-application-template,holon-universal-app-api,executable-application-fixture,,
.staging/devenvironment/containers/services/api/src/app/extensions/powered_by_middleware.py,1278,holon,holon/.staging/templates/universal-app/apps/api/src/app/extensions/powered_by_middleware.py,holon/templates/universal-app/apps/api/src/app/extensions/powered_by_middleware.py,merge-into-application-template,holon-universal-app-api,executable-application-fixture,,
.staging/devenvironment/containers/services/api/src/app/extensions/process_time_middleware.py,2336,holon,holon/.staging/templates/universal-app/apps/api/src/app/extensions/process_time_middleware.py,holon/templates/universal-app/apps/api/src/app/extensions/process_time_middleware.py,merge-into-application-template,holon-universal-app-api,executable-application-fixture,,
.staging/devenvironment/containers/services/api/src/app/extensions/rate_limiting_middleware.py,316,holon,holon/.staging/templates/universal-app/apps/api/src/app/extensions/rate_limiting_middleware.py,holon/templates/universal-app/apps/api/src/app/extensions/rate_limiting_middleware.py,merge-into-application-template,holon-universal-app-api,executable-application-fixture,,
.staging/devenvironment/containers/services/api/src/app/infrastructure/__init__.py,0,holon,holon/.staging/templates/universal-app/apps/api/src/app/infrastructure/__init__.py,holon/templates/universal-app/apps/api/src/app/infrastructure/__init__.py,merge-into-application-template,holon-universal-app-api,executable-application-fixture,,
.staging/devenvironment/containers/services/api/src/app/infrastructure/health/dao.py,604,holon,holon/.staging/templates/universal-app/apps/api/src/app/infrastructure/health/dao.py,holon/templates/universal-app/apps/api/src/app/infrastructure/health/dao.py,merge-into-application-template,holon-universal-app-api,executable-application-fixture,,
.staging/devenvironment/containers/services/api/src/app/infrastructure/health/mock_repository.py,1050,holon,holon/.staging/templates/universal-app/apps/api/src/app/infrastructure/health/mock_repository.py,holon/templates/universal-app/apps/api/src/app/infrastructure/health/mock_repository.py,merge-into-application-template,holon-universal-app-api,executable-application-fixture,,
.staging/devenvironment/containers/services/api/src/app/infrastructure/health/repository.py,1474,holon,holon/.staging/templates/universal-app/apps/api/src/app/infrastructure/health/repository.py,holon/templates/universal-app/apps/api/src/app/infrastructure/health/repository.py,merge-into-application-template,holon-universal-app-api,executable-application-fixture,,
.staging/devenvironment/containers/services/api/src/app/infrastructure/maps/__init__.py,0,holon,holon/.staging/templates/universal-app/apps/api/src/app/infrastructure/maps/__init__.py,holon/templates/universal-app/apps/api/src/app/infrastructure/maps/__init__.py,merge-into-application-template,holon-universal-app-api,executable-application-fixture,,
.staging/devenvironment/containers/services/api/src/app/infrastructure/maps/dao.py,2636,holon,holon/.staging/templates/universal-app/apps/api/src/app/infrastructure/maps/dao.py,holon/templates/universal-app/apps/api/src/app/infrastructure/maps/dao.py,merge-into-application-template,holon-universal-app-api,executable-application-fixture,,
.staging/devenvironment/containers/services/api/src/app/infrastructure/maps/repository.py,2233,holon,holon/.staging/templates/universal-app/apps/api/src/app/infrastructure/maps/repository.py,holon/templates/universal-app/apps/api/src/app/infrastructure/maps/repository.py,merge-into-application-template,holon-universal-app-api,executable-application-fixture,,
.staging/devenvironment/containers/services/api/src/app/infrastructure/messages/dao.py,2868,holon,holon/.staging/templates/universal-app/apps/api/src/app/infrastructure/messages/dao.py,holon/templates/universal-app/apps/api/src/app/infrastructure/messages/dao.py,merge-into-application-template,holon-universal-app-api,executable-application-fixture,,
.staging/devenvironment/containers/services/api/src/app/infrastructure/messages/repository.py,2007,holon,holon/.staging/templates/universal-app/apps/api/src/app/infrastructure/messages/repository.py,holon/templates/universal-app/apps/api/src/app/infrastructure/messages/repository.py,merge-into-application-template,holon-universal-app-api,executable-application-fixture,,
.staging/devenvironment/containers/services/api/src/app/main.py,165,holon,holon/.staging/templates/universal-app/apps/api/src/app/main.py,holon/templates/universal-app/apps/api/src/app/main.py,merge-into-application-template,holon-universal-app-api,executable-application-fixture,,
.staging/devenvironment/containers/services/api/src/app/schemas/__init__.py,0,holon,holon/.staging/templates/universal-app/apps/api/src/app/schemas/__init__.py,holon/templates/universal-app/apps/api/src/app/schemas/__init__.py,merge-into-application-template,holon-universal-app-api,executable-application-fixture,,
.staging/devenvironment/containers/services/api/src/app/schemas/health/response.py,376,holon,holon/.staging/templates/universal-app/apps/api/src/app/schemas/health/response.py,holon/templates/universal-app/apps/api/src/app/schemas/health/response.py,merge-into-application-template,holon-universal-app-api,executable-application-fixture,,
.staging/devenvironment/containers/services/api/src/app/schemas/maps/__init__.py,128,holon,holon/.staging/templates/universal-app/apps/api/src/app/schemas/maps/__init__.py,holon/templates/universal-app/apps/api/src/app/schemas/maps/__init__.py,merge-into-application-template,holon-universal-app-api,executable-application-fixture,,
.staging/devenvironment/containers/services/api/src/app/schemas/maps/maps.py,897,holon,holon/.staging/templates/universal-app/apps/api/src/app/schemas/maps/maps.py,holon/templates/universal-app/apps/api/src/app/schemas/maps/maps.py,merge-into-application-template,holon-universal-app-api,executable-application-fixture,,
.staging/devenvironment/containers/services/api/src/app/schemas/messages/__init__.py,151,holon,holon/.staging/templates/universal-app/apps/api/src/app/schemas/messages/__init__.py,holon/templates/universal-app/apps/api/src/app/schemas/messages/__init__.py,merge-into-application-template,holon-universal-app-api,executable-application-fixture,,
.staging/devenvironment/containers/services/api/src/app/schemas/messages/messages.py,688,holon,holon/.staging/templates/universal-app/apps/api/src/app/schemas/messages/messages.py,holon/templates/universal-app/apps/api/src/app/schemas/messages/messages.py,merge-into-application-template,holon-universal-app-api,executable-application-fixture,,
.staging/devenvironment/containers/services/api/src/app/security/csp.py,4227,holon,holon/.staging/templates/universal-app/apps/api/src/app/security/csp.py,holon/templates/universal-app/apps/api/src/app/security/csp.py,merge-into-application-template,holon-universal-app-api,executable-application-fixture,,
.staging/devenvironment/containers/services/api/src/app/services/__init__.py,0,holon,holon/.staging/templates/universal-app/apps/api/src/app/services/__init__.py,holon/templates/universal-app/apps/api/src/app/services/__init__.py,merge-into-application-template,holon-universal-app-api,executable-application-fixture,,
.staging/devenvironment/containers/services/api/src/app/services/health_service.py,637,holon,holon/.staging/templates/universal-app/apps/api/src/app/services/health_service.py,holon/templates/universal-app/apps/api/src/app/services/health_service.py,merge-into-application-template,holon-universal-app-api,executable-application-fixture,,
.staging/devenvironment/containers/services/api/src/app/services/maps_service.py,1640,holon,holon/.staging/templates/universal-app/apps/api/src/app/services/maps_service.py,holon/templates/universal-app/apps/api/src/app/services/maps_service.py,merge-into-application-template,holon-universal-app-api,executable-application-fixture,,
.staging/devenvironment/containers/services/api/src/app/services/message_service.py,1638,holon,holon/.staging/templates/universal-app/apps/api/src/app/services/message_service.py,holon/templates/universal-app/apps/api/src/app/services/message_service.py,merge-into-application-template,holon-universal-app-api,executable-application-fixture,,
.staging/devenvironment/containers/services/api/src/app/utils/__init__.py,0,holon,holon/.staging/templates/universal-app/apps/api/src/app/utils/__init__.py,holon/templates/universal-app/apps/api/src/app/utils/__init__.py,merge-into-application-template,holon-universal-app-api,executable-application-fixture,,
.staging/devenvironment/containers/services/api/src/app/utils/general.py,153,holon,holon/.staging/templates/universal-app/apps/api/src/app/utils/general.py,holon/templates/universal-app/apps/api/src/app/utils/general.py,merge-into-application-template,holon-universal-app-api,executable-application-fixture,,
.staging/devenvironment/containers/services/api/src/app/utils/license.py,701,holon,holon/.staging/templates/universal-app/apps/api/src/app/utils/license.py,holon/templates/universal-app/apps/api/src/app/utils/license.py,merge-into-application-template,holon-universal-app-api,executable-application-fixture,,
.staging/devenvironment/containers/services/api/src/app/utils/project.py,275,holon,holon/.staging/templates/universal-app/apps/api/src/app/utils/project.py,holon/templates/universal-app/apps/api/src/app/utils/project.py,merge-into-application-template,holon-universal-app-api,executable-application-fixture,,
.staging/devenvironment/containers/services/api/src/app/utils/shell.py,117,holon,holon/.staging/templates/universal-app/apps/api/src/app/utils/shell.py,holon/templates/universal-app/apps/api/src/app/utils/shell.py,merge-into-application-template,holon-universal-app-api,executable-application-fixture,,
.staging/devenvironment/containers/services/api/src/app/utils/timezone.py,203,holon,holon/.staging/templates/universal-app/apps/api/src/app/utils/timezone.py,holon/templates/universal-app/apps/api/src/app/utils/timezone.py,merge-into-application-template,holon-universal-app-api,executable-application-fixture,,
.staging/devenvironment/containers/services/api/tasks/test.yml,3606,holon,holon/.staging/templates/universal-app/apps/api/tasks/test.yml,holon/templates/universal-app/apps/api/tasks/test.yml,merge-into-application-template,holon-universal-app-api,executable-application-fixture,,
.staging/devenvironment/containers/services/api/tests/api/test_auth.py,3078,holon,holon/.staging/templates/universal-app/apps/api/tests/api/test_auth.py,holon/templates/universal-app/apps/api/tests/api/test_auth.py,merge-into-application-template,holon-universal-app-api,executable-application-fixture,,development-credentials
.staging/devenvironment/containers/services/api/tests/api/test_health_api.py,1666,holon,holon/.staging/templates/universal-app/apps/api/tests/api/test_health_api.py,holon/templates/universal-app/apps/api/tests/api/test_health_api.py,merge-into-application-template,holon-universal-app-api,executable-application-fixture,,
.staging/devenvironment/containers/services/api/tests/api/test_map_api.py,6961,holon,holon/.staging/templates/universal-app/apps/api/tests/api/test_map_api.py,holon/templates/universal-app/apps/api/tests/api/test_map_api.py,merge-into-application-template,holon-universal-app-api,executable-application-fixture,,
.staging/devenvironment/containers/services/api/tests/api/test_messages_api.py,5402,holon,holon/.staging/templates/universal-app/apps/api/tests/api/test_messages_api.py,holon/templates/universal-app/apps/api/tests/api/test_messages_api.py,merge-into-application-template,holon-universal-app-api,executable-application-fixture,,
.staging/devenvironment/containers/services/api/tests/api/test_middleware.py,10130,holon,holon/.staging/templates/universal-app/apps/api/tests/api/test_middleware.py,holon/templates/universal-app/apps/api/tests/api/test_middleware.py,merge-into-application-template,holon-universal-app-api,executable-application-fixture,,
.staging/devenvironment/containers/services/api/tests/api/test_profile_api.py,1589,holon,holon/.staging/templates/universal-app/apps/api/tests/api/test_profile_api.py,holon/templates/universal-app/apps/api/tests/api/test_profile_api.py,merge-into-application-template,holon-universal-app-api,executable-application-fixture,,
.staging/devenvironment/containers/services/api/tests/conftest.py,4406,holon,holon/.staging/templates/universal-app/apps/api/tests/conftest.py,holon/templates/universal-app/apps/api/tests/conftest.py,merge-into-application-template,holon-universal-app-api,executable-application-fixture,,
.staging/devenvironment/containers/services/api/tests/core/test_settings.py,4116,holon,holon/.staging/templates/universal-app/apps/api/tests/core/test_settings.py,holon/templates/universal-app/apps/api/tests/core/test_settings.py,merge-into-application-template,holon-universal-app-api,executable-application-fixture,,
.staging/devenvironment/containers/services/api/tests/db/test_health_dao.py,595,holon,holon/.staging/templates/universal-app/apps/api/tests/db/test_health_dao.py,holon/templates/universal-app/apps/api/tests/db/test_health_dao.py,merge-into-application-template,holon-universal-app-api,executable-application-fixture,,
.staging/devenvironment/containers/services/api/tests/db/test_health_repository.py,840,holon,holon/.staging/templates/universal-app/apps/api/tests/db/test_health_repository.py,holon/templates/universal-app/apps/api/tests/db/test_health_repository.py,merge-into-application-template,holon-universal-app-api,executable-application-fixture,,
.staging/devenvironment/containers/services/api/tests/db/test_map_dao.py,2467,holon,holon/.staging/templates/universal-app/apps/api/tests/db/test_map_dao.py,holon/templates/universal-app/apps/api/tests/db/test_map_dao.py,merge-into-application-template,holon-universal-app-api,executable-application-fixture,,
.staging/devenvironment/containers/services/api/tests/db/test_map_repository.py,2521,holon,holon/.staging/templates/universal-app/apps/api/tests/db/test_map_repository.py,holon/templates/universal-app/apps/api/tests/db/test_map_repository.py,merge-into-application-template,holon-universal-app-api,executable-application-fixture,,
.staging/devenvironment/containers/services/api/tests/db/test_messages_dao.py,2939,holon,holon/.staging/templates/universal-app/apps/api/tests/db/test_messages_dao.py,holon/templates/universal-app/apps/api/tests/db/test_messages_dao.py,merge-into-application-template,holon-universal-app-api,executable-application-fixture,,
.staging/devenvironment/containers/services/api/tests/db/test_messages_repository.py,3052,holon,holon/.staging/templates/universal-app/apps/api/tests/db/test_messages_repository.py,holon/templates/universal-app/apps/api/tests/db/test_messages_repository.py,merge-into-application-template,holon-universal-app-api,executable-application-fixture,,
.staging/devenvironment/containers/services/api/tests/services/test_health_service.py,1771,holon,holon/.staging/templates/universal-app/apps/api/tests/services/test_health_service.py,holon/templates/universal-app/apps/api/tests/services/test_health_service.py,merge-into-application-template,holon-universal-app-api,executable-application-fixture,,
.staging/devenvironment/containers/services/api/tests/services/test_map_service.py,2695,holon,holon/.staging/templates/universal-app/apps/api/tests/services/test_map_service.py,holon/templates/universal-app/apps/api/tests/services/test_map_service.py,merge-into-application-template,holon-universal-app-api,executable-application-fixture,,
.staging/devenvironment/containers/services/api/tests/services/test_messages_service.py,3930,holon,holon/.staging/templates/universal-app/apps/api/tests/services/test_messages_service.py,holon/templates/universal-app/apps/api/tests/services/test_messages_service.py,merge-into-application-template,holon-universal-app-api,executable-application-fixture,,
.staging/devenvironment/containers/services/api/tests/utils/test_licenses.py,571,holon,holon/.staging/templates/universal-app/apps/api/tests/utils/test_licenses.py,holon/templates/universal-app/apps/api/tests/utils/test_licenses.py,merge-into-application-template,holon-universal-app-api,executable-application-fixture,,
.staging/devenvironment/containers/services/api/typings/fastapi_keycloak_middleware/__init__.pyi,1506,holon,holon/.staging/templates/universal-app/apps/api/typings/fastapi_keycloak_middleware/__init__.pyi,holon/templates/universal-app/apps/api/typings/fastapi_keycloak_middleware/__init__.pyi,merge-into-application-template,holon-universal-app-api,executable-application-fixture,,
.staging/devenvironment/containers/services/api/typings/fastapi_keycloak_middleware/decorators/__init__.pyi,54,holon,holon/.staging/templates/universal-app/apps/api/typings/fastapi_keycloak_middleware/decorators/__init__.pyi,holon/templates/universal-app/apps/api/typings/fastapi_keycloak_middleware/decorators/__init__.pyi,merge-into-application-template,holon-universal-app-api,executable-application-fixture,.staging/devenvironment/containers/services/api/typings/fastapi_keycloak_middleware/schemas/__init__.pyi,
.staging/devenvironment/containers/services/api/typings/fastapi_keycloak_middleware/decorators/require_permission.pyi,986,holon,holon/.staging/templates/universal-app/apps/api/typings/fastapi_keycloak_middleware/decorators/require_permission.pyi,holon/templates/universal-app/apps/api/typings/fastapi_keycloak_middleware/decorators/require_permission.pyi,merge-into-application-template,holon-universal-app-api,executable-application-fixture,,
.staging/devenvironment/containers/services/api/typings/fastapi_keycloak_middleware/decorators/strip_request.pyi,608,holon,holon/.staging/templates/universal-app/apps/api/typings/fastapi_keycloak_middleware/decorators/strip_request.pyi,holon/templates/universal-app/apps/api/typings/fastapi_keycloak_middleware/decorators/strip_request.pyi,merge-into-application-template,holon-universal-app-api,executable-application-fixture,,
.staging/devenvironment/containers/services/api/typings/fastapi_keycloak_middleware/dependencies/__init__.pyi,54,holon,holon/.staging/templates/universal-app/apps/api/typings/fastapi_keycloak_middleware/dependencies/__init__.pyi,holon/templates/universal-app/apps/api/typings/fastapi_keycloak_middleware/dependencies/__init__.pyi,merge-into-application-template,holon-universal-app-api,executable-application-fixture,.staging/devenvironment/containers/services/api/typings/fastapi_keycloak_middleware/schemas/__init__.pyi,
.staging/devenvironment/containers/services/api/typings/fastapi_keycloak_middleware/dependencies/check_permission.pyi,1301,holon,holon/.staging/templates/universal-app/apps/api/typings/fastapi_keycloak_middleware/dependencies/check_permission.pyi,holon/templates/universal-app/apps/api/typings/fastapi_keycloak_middleware/dependencies/check_permission.pyi,merge-into-application-template,holon-universal-app-api,executable-application-fixture,,
.staging/devenvironment/containers/services/api/typings/fastapi_keycloak_middleware/dependencies/get_auth.pyi,429,holon,holon/.staging/templates/universal-app/apps/api/typings/fastapi_keycloak_middleware/dependencies/get_auth.pyi,holon/templates/universal-app/apps/api/typings/fastapi_keycloak_middleware/dependencies/get_auth.pyi,merge-into-application-template,holon-universal-app-api,executable-application-fixture,,
.staging/devenvironment/containers/services/api/typings/fastapi_keycloak_middleware/dependencies/get_authorization_result.pyi,533,holon,holon/.staging/templates/universal-app/apps/api/typings/fastapi_keycloak_middleware/dependencies/get_authorization_result.pyi,holon/templates/universal-app/apps/api/typings/fastapi_keycloak_middleware/dependencies/get_authorization_result.pyi,merge-into-application-template,holon-universal-app-api,executable-application-fixture,,
.staging/devenvironment/containers/services/api/typings/fastapi_keycloak_middleware/dependencies/get_user.pyi,395,holon,holon/.staging/templates/universal-app/apps/api/typings/fastapi_keycloak_middleware/dependencies/get_user.pyi,holon/templates/universal-app/apps/api/typings/fastapi_keycloak_middleware/dependencies/get_user.pyi,merge-into-application-template,holon-universal-app-api,executable-application-fixture,,
.staging/devenvironment/containers/services/api/typings/fastapi_keycloak_middleware/exceptions.pyi,705,holon,holon/.staging/templates/universal-app/apps/api/typings/fastapi_keycloak_middleware/exceptions.pyi,holon/templates/universal-app/apps/api/typings/fastapi_keycloak_middleware/exceptions.pyi,merge-into-application-template,holon-universal-app-api,executable-application-fixture,,
.staging/devenvironment/containers/services/api/typings/fastapi_keycloak_middleware/fast_api_user.pyi,967,holon,holon/.staging/templates/universal-app/apps/api/typings/fastapi_keycloak_middleware/fast_api_user.pyi,holon/templates/universal-app/apps/api/typings/fastapi_keycloak_middleware/fast_api_user.pyi,merge-into-application-template,holon-universal-app-api,executable-application-fixture,,
.staging/devenvironment/containers/services/api/typings/fastapi_keycloak_middleware/keycloak_backend.pyi,979,holon,holon/.staging/templates/universal-app/apps/api/typings/fastapi_keycloak_middleware/keycloak_backend.pyi,holon/templates/universal-app/apps/api/typings/fastapi_keycloak_middleware/keycloak_backend.pyi,merge-into-application-template,holon-universal-app-api,executable-application-fixture,,
.staging/devenvironment/containers/services/api/typings/fastapi_keycloak_middleware/middleware.pyi,2617,holon,holon/.staging/templates/universal-app/apps/api/typings/fastapi_keycloak_middleware/middleware.pyi,holon/templates/universal-app/apps/api/typings/fastapi_keycloak_middleware/middleware.pyi,merge-into-application-template,holon-universal-app-api,executable-application-fixture,,
.staging/devenvironment/containers/services/api/typings/fastapi_keycloak_middleware/schemas/__init__.pyi,54,holon,holon/.staging/templates/universal-app/apps/api/typings/fastapi_keycloak_middleware/schemas/__init__.pyi,holon/templates/universal-app/apps/api/typings/fastapi_keycloak_middleware/schemas/__init__.pyi,merge-into-application-template,holon-universal-app-api,executable-application-fixture,,
.staging/devenvironment/containers/services/api/typings/fastapi_keycloak_middleware/schemas/authorization_methods.pyi,579,holon,holon/.staging/templates/universal-app/apps/api/typings/fastapi_keycloak_middleware/schemas/authorization_methods.pyi,holon/templates/universal-app/apps/api/typings/fastapi_keycloak_middleware/schemas/authorization_methods.pyi,merge-into-application-template,holon-universal-app-api,executable-application-fixture,,
.staging/devenvironment/containers/services/api/typings/fastapi_keycloak_middleware/schemas/authorization_result.pyi,735,holon,holon/.staging/templates/universal-app/apps/api/typings/fastapi_keycloak_middleware/schemas/authorization_result.pyi,holon/templates/universal-app/apps/api/typings/fastapi_keycloak_middleware/schemas/authorization_result.pyi,merge-into-application-template,holon-universal-app-api,executable-application-fixture,,
.staging/devenvironment/containers/services/api/typings/fastapi_keycloak_middleware/schemas/exception_response.pyi,283,holon,holon/.staging/templates/universal-app/apps/api/typings/fastapi_keycloak_middleware/schemas/exception_response.pyi,holon/templates/universal-app/apps/api/typings/fastapi_keycloak_middleware/schemas/exception_response.pyi,merge-into-application-template,holon-universal-app-api,executable-application-fixture,,
.staging/devenvironment/containers/services/api/typings/fastapi_keycloak_middleware/schemas/keycloak_configuration.pyi,4712,holon,holon/.staging/templates/universal-app/apps/api/typings/fastapi_keycloak_middleware/schemas/keycloak_configuration.pyi,holon/templates/universal-app/apps/api/typings/fastapi_keycloak_middleware/schemas/keycloak_configuration.pyi,merge-into-application-template,holon-universal-app-api,executable-application-fixture,,
.staging/devenvironment/containers/services/api/typings/fastapi_keycloak_middleware/schemas/match_strategy.pyi,630,holon,holon/.staging/templates/universal-app/apps/api/typings/fastapi_keycloak_middleware/schemas/match_strategy.pyi,holon/templates/universal-app/apps/api/typings/fastapi_keycloak_middleware/schemas/match_strategy.pyi,merge-into-application-template,holon-universal-app-api,executable-application-fixture,,
.staging/devenvironment/containers/services/api/typings/fastapi_keycloak_middleware/setup.pyi,4372,holon,holon/.staging/templates/universal-app/apps/api/typings/fastapi_keycloak_middleware/setup.pyi,holon/templates/universal-app/apps/api/typings/fastapi_keycloak_middleware/setup.pyi,merge-into-application-template,holon-universal-app-api,executable-application-fixture,,
.staging/devenvironment/containers/services/keycloak/README.md,2283,realm,realm/.staging/containers/services/keycloak/README.md,realm/services/services/keycloak/README.md,normalize-service-module,realm-service-services,executable-infrastructure,,development-credentials
.staging/devenvironment/containers/services/keycloak/realms/development-realm.json,115889,realm,realm/.staging/containers/services/keycloak/realms/development-realm.json,realm/services/services/keycloak/realms/development-realm.json,normalize-service-module,realm-service-services,executable-infrastructure,,
.staging/devenvironment/containers/services/keycloak/scripts/create-roles.sh,1639,realm,realm/.staging/containers/services/keycloak/scripts/create-roles.sh,realm/services/services/keycloak/scripts/create-roles.sh,normalize-service-module,realm-service-services,executable-infrastructure,,executable
.staging/devenvironment/containers/services/keycloak/scripts/create-test-users.sh,2175,realm,realm/.staging/containers/services/keycloak/scripts/create-test-users.sh,realm/services/services/keycloak/scripts/create-test-users.sh,normalize-service-module,realm-service-services,executable-infrastructure,,development-credentials
.staging/devenvironment/containers/services/keycloak/scripts/export-realm.sh,2356,realm,realm/.staging/containers/services/keycloak/scripts/export-realm.sh,realm/services/services/keycloak/scripts/export-realm.sh,normalize-service-module,realm-service-services,executable-infrastructure,,executable
.staging/devenvironment/containers/services/pgadmin/config_local.py,186,realm,realm/.staging/containers/services/pgadmin/config_local.py,realm/services/services/pgadmin/config_local.py,normalize-service-module,realm-service-services,executable-infrastructure,,
.staging/devenvironment/containers/services/pgadmin/healthcheck.py,1465,realm,realm/.staging/containers/services/pgadmin/healthcheck.py,realm/services/services/pgadmin/healthcheck.py,normalize-service-module,realm-service-services,executable-infrastructure,,executable
.staging/devenvironment/containers/services/pgadmin/servers.json,322,realm,realm/.staging/containers/services/pgadmin/servers.json,realm/services/services/pgadmin/servers.json,normalize-service-module,realm-service-services,executable-infrastructure,,
.staging/devenvironment/containers/tiledb-mariadb-server/README.md,88,realm,realm/.staging/containers/tiledb-mariadb-server/README.md,realm/services/tiledb-mariadb-server/README.md,normalize-service-module,realm-service-tiledb-mariadb-server,executable-infrastructure,,
.staging/devenvironment/containers/tiledb/tiledb.Dockerfile,8551,realm,realm/.staging/containers/tiledb/tiledb.Dockerfile,realm/services/tiledb/tiledb.Dockerfile,normalize-service-module,realm-service-tiledb,executable-infrastructure,,
.staging/devenvironment/containers/tiledb/tiledb.env,1655,realm,realm/.staging/containers/tiledb/tiledb.env,realm/services/tiledb/tiledb.env,normalize-service-module,realm-service-tiledb,executable-infrastructure,,sensitive-configuration
.staging/devenvironment/containers/tiledb/tiledb.yml,1656,realm,realm/.staging/containers/tiledb/tiledb.yml,realm/services/tiledb/tiledb.yml,normalize-service-module,realm-service-tiledb,executable-infrastructure,,
.staging/devenvironment/devenvironment.md,12860,realm,realm/.staging/devenvironment.md,realm/devenvironment.md,move-and-refactor,realm-development-environment,executable-infrastructure,,
.staging/devenvironment/dockerfiles/base.Dockerfile,13506,realm,realm/.staging/dockerfiles/base.Dockerfile,realm/images/baseline/Dockerfile,merge-with-baseline-image,realm-baseline-image-candidates,executable-infrastructure,,
.staging/devenvironment/dockerfiles/todo.Dockerfile,58709,realm,realm/.staging/dockerfiles/todo.Dockerfile,realm/images/baseline/Dockerfile,merge-variants,realm-baseline-image-candidates,executable-infrastructure,,passwordless-sudo;variant
.staging/devenvironment/dockerfiles/todo2.Dockerfile,31184,realm,realm/.staging/dockerfiles/todo2.Dockerfile,realm/images/baseline/Dockerfile,merge-variants,realm-baseline-image-candidates,executable-infrastructure,,variant
.staging/devenvironment/realm/Cargo.toml,96,realm,realm/.staging/realm/Cargo.toml,realm/Cargo.toml,move-and-refactor,realm-project-root-candidates,executable-infrastructure,,
.staging/devenvironment/realm/Taskfile.yml,3887,realm,realm/.staging/realm/Taskfile.yml,realm/Taskfile.yml,move-and-refactor,realm-project-root-candidates,executable-infrastructure,,
.staging/devenvironment/realm/httpd-vhosts.conf,1116,realm,realm/.staging/realm/httpd-vhosts.conf,realm/httpd-vhosts.conf,move-and-refactor,realm-project-root-candidates,executable-infrastructure,,
.staging/devenvironment/realm/idea64.vmoptions,1027,realm,realm/.staging/realm/idea64.vmoptions,realm/idea64.vmoptions,move-and-refactor,realm-project-root-candidates,executable-infrastructure,,
.staging/devenvironment/realm/nfpm.yaml,1334,realm,realm/.staging/realm/nfpm.yaml,realm/nfpm.yaml,move-and-refactor,realm-project-root-candidates,executable-infrastructure,,
.staging/devenvironment/realm/pyproject.toml,9604,realm,realm/.staging/realm/pyproject.toml,realm/pyproject.toml,move-and-refactor,realm-project-root-candidates,executable-infrastructure,,
.staging/devenvironment/realm/tailwind-config-viewer.sh,4340,realm,realm/.staging/realm/tailwind-config-viewer.sh,realm/tailwind-config-viewer.sh,move-and-refactor,realm-project-root-candidates,executable-infrastructure,,executable
.staging/devenvironment/realm/tailwind.config.ts,2098,realm,realm/.staging/realm/tailwind.config.ts,realm/tailwind.config.ts,move-and-refactor,realm-project-root-candidates,executable-infrastructure,,
.staging/devenvironment/realm/ui/Dockerfile,7059,realm,realm/.staging/realm/ui/Dockerfile,realm/ui/Dockerfile,move-and-refactor,realm-project-root-candidates,executable-infrastructure,,
.staging/devenvironment/realm/ui/entrypoint.sh,6148,realm,realm/.staging/realm/ui/entrypoint.sh,realm/ui/entrypoint.sh,move-and-refactor,realm-project-root-candidates,executable-infrastructure,,development-credentials;executable
.staging/devenvironment/realm/ui/universal.base.yml,9315,realm,realm/.staging/realm/ui/universal.base.yml,realm/ui/universal.base.yml,move-and-refactor,realm-project-root-candidates,executable-infrastructure,,development-credentials
.staging/devenvironment/workstation/.todo/.wslconfig,4980,realm,realm/.staging/workstation/.todo/.wslconfig,realm/workstation/.todo/.wslconfig,normalize-workstation-profile,realm-workstation-profile,executable-infrastructure,,
.staging/devenvironment/workstation/.todo/pre-shutdown,852,realm,realm/.staging/workstation/.todo/pre-shutdown,realm/workstation/.todo/pre-shutdown,normalize-workstation-profile,realm-workstation-profile,executable-infrastructure,,executable
.staging/devenvironment/workstation/.todo/pre-shutdown.service,335,realm,realm/.staging/workstation/.todo/pre-shutdown.service,realm/workstation/.todo/pre-shutdown.service,normalize-workstation-profile,realm-workstation-profile,executable-infrastructure,,
.staging/devenvironment/workstation/README.md,0,realm,realm/.staging/workstation/README.md,realm/workstation/README.md,normalize-workstation-profile,realm-workstation-profile,executable-infrastructure,,
.staging/devenvironment/workstation/linux/README.md,0,realm,realm/.staging/workstation/linux/README.md,realm/workstation/linux/README.md,normalize-workstation-profile,realm-workstation-profile,executable-infrastructure,,
.staging/devenvironment/workstation/linux/aide/aide.conf,1124,realm,realm/.staging/workstation/linux/aide/aide.conf,realm/workstation/linux/aide/aide.conf,normalize-workstation-profile,realm-workstation-profile,executable-infrastructure,,
.staging/devenvironment/workstation/linux/aide/aide.conf.d/70_aide_docker.conf,88,realm,realm/.staging/workstation/linux/aide/aide.conf.d/70_aide_docker.conf,realm/workstation/linux/aide/aide.conf.d/70_aide_docker.conf,normalize-workstation-profile,realm-workstation-profile,executable-infrastructure,,
.staging/devenvironment/workstation/linux/aide/aide.conf.d/70_aide_lxcfs.conf,78,realm,realm/.staging/workstation/linux/aide/aide.conf.d/70_aide_lxcfs.conf,realm/workstation/linux/aide/aide.conf.d/70_aide_lxcfs.conf,normalize-workstation-profile,realm-workstation-profile,executable-infrastructure,,
.staging/devenvironment/workstation/linux/alsa/asoundrc,572,realm,realm/.staging/workstation/linux/alsa/asoundrc,realm/workstation/linux/alsa/asoundrc,normalize-workstation-profile,realm-workstation-profile,executable-infrastructure,,
.staging/devenvironment/workstation/linux/android/README.md,0,realm,realm/.staging/workstation/linux/android/README.md,realm/workstation/linux/android/README.md,normalize-workstation-profile,realm-workstation-profile,executable-infrastructure,,
.staging/devenvironment/workstation/linux/android/sysusers.d/android-udev.conf,49,realm,realm/.staging/workstation/linux/android/sysusers.d/android-udev.conf,realm/workstation/linux/android/sysusers.d/android-udev.conf,normalize-workstation-profile,realm-workstation-profile,executable-infrastructure,,
.staging/devenvironment/workstation/linux/android/udev/51-android.rules,252,realm,realm/.staging/workstation/linux/android/udev/51-android.rules,realm/workstation/linux/android/udev/51-android.rules,normalize-workstation-profile,realm-workstation-profile,executable-infrastructure,,
.staging/devenvironment/workstation/linux/applications/gtk/gtk-2.0/.gtkrc-2.0,199,realm,realm/.staging/workstation/linux/applications/gtk/gtk-2.0/.gtkrc-2.0,realm/workstation/linux/applications/gtk/gtk-2.0/.gtkrc-2.0,normalize-workstation-profile,realm-workstation-profile,executable-infrastructure,,
.staging/devenvironment/workstation/linux/apt/README.md,1919,realm,realm/.staging/workstation/linux/apt/README.md,realm/workstation/linux/apt/README.md,normalize-workstation-profile,realm-workstation-profile,executable-infrastructure,,
.staging/devenvironment/workstation/linux/apt/apt.conf.d/00-global.conf,368,realm,realm/.staging/workstation/linux/apt/apt.conf.d/00-global.conf,realm/workstation/linux/apt/apt.conf.d/00-global.conf,normalize-workstation-profile,realm-workstation-profile,executable-infrastructure,,
.staging/devenvironment/workstation/linux/apt/apt.conf.d/01-assumptions.conf,613,realm,realm/.staging/workstation/linux/apt/apt.conf.d/01-assumptions.conf,realm/workstation/linux/apt/apt.conf.d/01-assumptions.conf,normalize-workstation-profile,realm-workstation-profile,executable-infrastructure,,
.staging/devenvironment/workstation/linux/apt/apt.conf.d/02-recommends.conf,385,realm,realm/.staging/workstation/linux/apt/apt.conf.d/02-recommends.conf,realm/workstation/linux/apt/apt.conf.d/02-recommends.conf,normalize-workstation-profile,realm-workstation-profile,executable-infrastructure,,
.staging/devenvironment/workstation/linux/apt/apt.conf.d/03-cleanup.conf,882,realm,realm/.staging/workstation/linux/apt/apt.conf.d/03-cleanup.conf,realm/workstation/linux/apt/apt.conf.d/03-cleanup.conf,normalize-workstation-profile,realm-workstation-profile,executable-infrastructure,,
.staging/devenvironment/workstation/linux/apt/apt.conf.d/04-quiet.conf,442,realm,realm/.staging/workstation/linux/apt/apt.conf.d/04-quiet.conf,realm/workstation/linux/apt/apt.conf.d/04-quiet.conf,normalize-workstation-profile,realm-workstation-profile,executable-infrastructure,,
.staging/devenvironment/workstation/linux/apt/apt.conf.d/05-acquire.conf,1105,realm,realm/.staging/workstation/linux/apt/apt.conf.d/05-acquire.conf,realm/workstation/linux/apt/apt.conf.d/05-acquire.conf,normalize-workstation-profile,realm-workstation-profile,executable-infrastructure,,
.staging/devenvironment/workstation/linux/apt/apt.conf.d/06-security.conf,420,realm,realm/.staging/workstation/linux/apt/apt.conf.d/06-security.conf,realm/workstation/linux/apt/apt.conf.d/06-security.conf,normalize-workstation-profile,realm-workstation-profile,executable-infrastructure,,
.staging/devenvironment/workstation/linux/apt/apt.conf.d/07-https.conf,441,realm,realm/.staging/workstation/linux/apt/apt.conf.d/07-https.conf,realm/workstation/linux/apt/apt.conf.d/07-https.conf,normalize-workstation-profile,realm-workstation-profile,executable-infrastructure,,
.staging/devenvironment/workstation/linux/apt/apt.conf.d/08-keep-cache.conf,408,realm,realm/.staging/workstation/linux/apt/apt.conf.d/08-keep-cache.conf,realm/workstation/linux/apt/apt.conf.d/08-keep-cache.conf,normalize-workstation-profile,realm-workstation-profile,executable-infrastructure,,
.staging/devenvironment/workstation/linux/apt/apt.conf.d/99-egohygiene,5905,realm,realm/.staging/workstation/linux/apt/apt.conf.d/99-egohygiene,realm/workstation/linux/apt/apt.conf.d/99-egohygiene,normalize-workstation-profile,realm-workstation-profile,executable-infrastructure,,
.staging/devenvironment/workstation/linux/apvlv/apvlvrc,551,realm,realm/.staging/workstation/linux/apvlv/apvlvrc,realm/workstation/linux/apvlv/apvlvrc,normalize-workstation-profile,realm-workstation-profile,executable-infrastructure,,
.staging/devenvironment/workstation/linux/authentication/login.defs,827,realm,realm/.staging/workstation/linux/authentication/login.defs,realm/workstation/linux/authentication/login.defs,normalize-workstation-profile,realm-workstation-profile,executable-infrastructure,,
.staging/devenvironment/workstation/linux/authentication/pwquality.conf,2138,realm,realm/.staging/workstation/linux/authentication/pwquality.conf,realm/workstation/linux/authentication/pwquality.conf,normalize-workstation-profile,realm-workstation-profile,executable-infrastructure,,
.staging/devenvironment/workstation/linux/bluetooth/README.md,0,realm,realm/.staging/workstation/linux/bluetooth/README.md,realm/workstation/linux/bluetooth/README.md,normalize-workstation-profile,realm-workstation-profile,executable-infrastructure,,
.staging/devenvironment/workstation/linux/bluetooth/main.conf,640,realm,realm/.staging/workstation/linux/bluetooth/main.conf,realm/workstation/linux/bluetooth/main.conf,normalize-workstation-profile,realm-workstation-profile,executable-infrastructure,,
.staging/devenvironment/workstation/linux/dpkg/README.md,1838,realm,realm/.staging/workstation/linux/dpkg/README.md,realm/workstation/linux/dpkg/README.md,normalize-workstation-profile,realm-workstation-profile,executable-infrastructure,,
.staging/devenvironment/workstation/linux/dpkg/dpkg.cfg.d/01-logging.conf,271,realm,realm/.staging/workstation/linux/dpkg/dpkg.cfg.d/01-logging.conf,realm/workstation/linux/dpkg/dpkg.cfg.d/01-logging.conf,normalize-workstation-profile,realm-workstation-profile,executable-infrastructure,,
.staging/devenvironment/workstation/linux/dpkg/dpkg.cfg.d/10-noninteractive.conf,380,realm,realm/.staging/workstation/linux/dpkg/dpkg.cfg.d/10-noninteractive.conf,realm/workstation/linux/dpkg/dpkg.cfg.d/10-noninteractive.conf,normalize-workstation-profile,realm-workstation-profile,executable-infrastructure,,
.staging/devenvironment/workstation/linux/dpkg/dpkg.cfg.d/20-size-reduction.conf,672,realm,realm/.staging/workstation/linux/dpkg/dpkg.cfg.d/20-size-reduction.conf,realm/workstation/linux/dpkg/dpkg.cfg.d/20-size-reduction.conf,normalize-workstation-profile,realm-workstation-profile,executable-infrastructure,,
.staging/devenvironment/workstation/linux/dpkg/dpkg.cfg.d/30-security.conf,343,realm,realm/.staging/workstation/linux/dpkg/dpkg.cfg.d/30-security.conf,realm/workstation/linux/dpkg/dpkg.cfg.d/30-security.conf,normalize-workstation-profile,realm-workstation-profile,executable-infrastructure,,
.staging/devenvironment/workstation/linux/dpkg/dpkg.cfg.d/40-performance.conf,311,realm,realm/.staging/workstation/linux/dpkg/dpkg.cfg.d/40-performance.conf,realm/workstation/linux/dpkg/dpkg.cfg.d/40-performance.conf,normalize-workstation-profile,realm-workstation-profile,executable-infrastructure,,
.staging/devenvironment/workstation/linux/dpkg/dpkg.cfg.d/99-egohygiene,2782,realm,realm/.staging/workstation/linux/dpkg/dpkg.cfg.d/99-egohygiene,realm/workstation/linux/dpkg/dpkg.cfg.d/99-egohygiene,normalize-workstation-profile,realm-workstation-profile,executable-infrastructure,,
.staging/devenvironment/workstation/linux/flatpak/README.md,184,realm,realm/.staging/workstation/linux/flatpak/README.md,realm/workstation/linux/flatpak/README.md,normalize-workstation-profile,realm-workstation-profile,executable-infrastructure,,
.staging/devenvironment/workstation/linux/flatpak/installations.d/.gitkeep,11,realm,realm/.staging/workstation/linux/flatpak/installations.d/.gitkeep,realm/workstation/linux/flatpak/installations.d/.gitkeep,normalize-workstation-profile,realm-workstation-profile,executable-infrastructure,.staging/devenvironment/workstation/linux/flatpak/remotes.d/.gitkeep,
.staging/devenvironment/workstation/linux/flatpak/remotes.d/.gitkeep,11,realm,realm/.staging/workstation/linux/flatpak/remotes.d/.gitkeep,realm/workstation/linux/flatpak/remotes.d/.gitkeep,normalize-workstation-profile,realm-workstation-profile,executable-infrastructure,,
.staging/devenvironment/workstation/linux/fonts/README.md,0,realm,realm/.staging/workstation/linux/fonts/README.md,realm/workstation/linux/fonts/README.md,normalize-workstation-profile,realm-workstation-profile,executable-infrastructure,,
.staging/devenvironment/workstation/linux/fonts/conf.d/99-google-fonts.conf,2690,realm,realm/.staging/workstation/linux/fonts/conf.d/99-google-fonts.conf,realm/workstation/linux/fonts/conf.d/99-google-fonts.conf,normalize-workstation-profile,realm-workstation-profile,executable-infrastructure,,
.staging/devenvironment/workstation/linux/fuse/fuse.conf,763,realm,realm/.staging/workstation/linux/fuse/fuse.conf,realm/workstation/linux/fuse/fuse.conf,normalize-workstation-profile,realm-workstation-profile,executable-infrastructure,,
.staging/devenvironment/workstation/linux/gnome/defaults.d/files.sh,198,realm,realm/.staging/workstation/linux/gnome/defaults.d/files.sh,realm/workstation/linux/gnome/defaults.d/files.sh,normalize-workstation-profile,realm-workstation-profile,executable-infrastructure,,executable
.staging/devenvironment/workstation/linux/gnome/defaults.d/lid.sh,417,realm,realm/.staging/workstation/linux/gnome/defaults.d/lid.sh,realm/workstation/linux/gnome/defaults.d/lid.sh,normalize-workstation-profile,realm-workstation-profile,executable-infrastructure,,executable
.staging/devenvironment/workstation/linux/gnome/defaults.d/power.sh,455,realm,realm/.staging/workstation/linux/gnome/defaults.d/power.sh,realm/workstation/linux/gnome/defaults.d/power.sh,normalize-workstation-profile,realm-workstation-profile,executable-infrastructure,,executable
.staging/devenvironment/workstation/linux/grub/README.md,226,realm,realm/.staging/workstation/linux/grub/README.md,realm/workstation/linux/grub/README.md,normalize-workstation-profile,realm-workstation-profile,executable-infrastructure,,
.staging/devenvironment/workstation/linux/grub/default/grub,932,realm,realm/.staging/workstation/linux/grub/default/grub,realm/workstation/linux/grub/default/grub,normalize-workstation-profile,realm-workstation-profile,executable-infrastructure,,
.staging/devenvironment/workstation/linux/grub/themes/boot/grub/themes/bigsur/DejaVuSans-48.pf2,868265,realm,realm/.staging/workstation/linux/grub/themes/boot/grub/themes/bigsur/DejaVuSans-48.pf2,realm/workstation/linux/grub/themes/boot/grub/themes/bigsur/DejaVuSans-48.pf2,quarantine-third-party-assets,realm-workstation-grub-theme,executable-infrastructure,,
.staging/devenvironment/workstation/linux/grub/themes/boot/grub/themes/bigsur/DejaVuSans-Regular-14.pf2,184623,realm,realm/.staging/workstation/linux/grub/themes/boot/grub/themes/bigsur/DejaVuSans-Regular-14.pf2,realm/workstation/linux/grub/themes/boot/grub/themes/bigsur/DejaVuSans-Regular-14.pf2,quarantine-third-party-assets,realm-workstation-grub-theme,executable-infrastructure,,
.staging/devenvironment/workstation/linux/grub/themes/boot/grub/themes/bigsur/background.png,507217,realm,realm/.staging/workstation/linux/grub/themes/boot/grub/themes/bigsur/background.png,realm/workstation/linux/grub/themes/boot/grub/themes/bigsur/background.png,quarantine-third-party-assets,realm-workstation-grub-theme,executable-infrastructure,,
.staging/devenvironment/workstation/linux/grub/themes/boot/grub/themes/bigsur/boot_menu_c.png,1941,realm,realm/.staging/workstation/linux/grub/themes/boot/grub/themes/bigsur/boot_menu_c.png,realm/workstation/linux/grub/themes/boot/grub/themes/bigsur/boot_menu_c.png,quarantine-third-party-assets,realm-workstation-grub-theme,executable-infrastructure,.staging/devenvironment/workstation/linux/grub/themes/boot/grub/themes/bigsur/terminal_c.png,
.staging/devenvironment/workstation/linux/grub/themes/boot/grub/themes/bigsur/boot_menu_e.png,233,realm,realm/.staging/workstation/linux/grub/themes/boot/grub/themes/bigsur/boot_menu_e.png,realm/workstation/linux/grub/themes/boot/grub/themes/bigsur/boot_menu_e.png,quarantine-third-party-assets,realm-workstation-grub-theme,executable-infrastructure,.staging/devenvironment/workstation/linux/grub/themes/boot/grub/themes/bigsur/terminal_e.png,
.staging/devenvironment/workstation/linux/grub/themes/boot/grub/themes/bigsur/boot_menu_n.png,243,realm,realm/.staging/workstation/linux/grub/themes/boot/grub/themes/bigsur/boot_menu_n.png,realm/workstation/linux/grub/themes/boot/grub/themes/bigsur/boot_menu_n.png,quarantine-third-party-assets,realm-workstation-grub-theme,executable-infrastructure,.staging/devenvironment/workstation/linux/grub/themes/boot/grub/themes/bigsur/terminal_n.png,
.staging/devenvironment/workstation/linux/grub/themes/boot/grub/themes/bigsur/boot_menu_ne.png,319,realm,realm/.staging/workstation/linux/grub/themes/boot/grub/themes/bigsur/boot_menu_ne.png,realm/workstation/linux/grub/themes/boot/grub/themes/bigsur/boot_menu_ne.png,quarantine-third-party-assets,realm-workstation-grub-theme,executable-infrastructure,.staging/devenvironment/workstation/linux/grub/themes/boot/grub/themes/bigsur/terminal_ne.png,
.staging/devenvironment/workstation/linux/grub/themes/boot/grub/themes/bigsur/boot_menu_nw.png,320,realm,realm/.staging/workstation/linux/grub/themes/boot/grub/themes/bigsur/boot_menu_nw.png,realm/workstation/linux/grub/themes/boot/grub/themes/bigsur/boot_menu_nw.png,quarantine-third-party-assets,realm-workstation-grub-theme,executable-infrastructure,.staging/devenvironment/workstation/linux/grub/themes/boot/grub/themes/bigsur/terminal_nw.png,
.staging/devenvironment/workstation/linux/grub/themes/boot/grub/themes/bigsur/boot_menu_s.png,243,realm,realm/.staging/workstation/linux/grub/themes/boot/grub/themes/bigsur/boot_menu_s.png,realm/workstation/linux/grub/themes/boot/grub/themes/bigsur/boot_menu_s.png,quarantine-third-party-assets,realm-workstation-grub-theme,executable-infrastructure,.staging/devenvironment/workstation/linux/grub/themes/boot/grub/themes/bigsur/terminal_n.png,
.staging/devenvironment/workstation/linux/grub/themes/boot/grub/themes/bigsur/boot_menu_se.png,294,realm,realm/.staging/workstation/linux/grub/themes/boot/grub/themes/bigsur/boot_menu_se.png,realm/workstation/linux/grub/themes/boot/grub/themes/bigsur/boot_menu_se.png,quarantine-third-party-assets,realm-workstation-grub-theme,executable-infrastructure,.staging/devenvironment/workstation/linux/grub/themes/boot/grub/themes/bigsur/terminal_se.png,
.staging/devenvironment/workstation/linux/grub/themes/boot/grub/themes/bigsur/boot_menu_sw.png,303,realm,realm/.staging/workstation/linux/grub/themes/boot/grub/themes/bigsur/boot_menu_sw.png,realm/workstation/linux/grub/themes/boot/grub/themes/bigsur/boot_menu_sw.png,quarantine-third-party-assets,realm-workstation-grub-theme,executable-infrastructure,.staging/devenvironment/workstation/linux/grub/themes/boot/grub/themes/bigsur/terminal_sw.png,
.staging/devenvironment/workstation/linux/grub/themes/boot/grub/themes/bigsur/boot_menu_w.png,233,realm,realm/.staging/workstation/linux/grub/themes/boot/grub/themes/bigsur/boot_menu_w.png,realm/workstation/linux/grub/themes/boot/grub/themes/bigsur/boot_menu_w.png,quarantine-third-party-assets,realm-workstation-grub-theme,executable-infrastructure,.staging/devenvironment/workstation/linux/grub/themes/boot/grub/themes/bigsur/terminal_e.png,
.staging/devenvironment/workstation/linux/grub/themes/boot/grub/themes/bigsur/icons/Manjaro.i686.png,285,realm,realm/.staging/workstation/linux/grub/themes/boot/grub/themes/bigsur/icons/Manjaro.i686.png,realm/workstation/linux/grub/themes/boot/grub/themes/bigsur/icons/Manjaro.i686.png,quarantine-third-party-assets,realm-workstation-grub-theme,executable-infrastructure,.staging/devenvironment/workstation/linux/grub/themes/boot/grub/themes/bigsur/icons/manjaro.png,
.staging/devenvironment/workstation/linux/grub/themes/boot/grub/themes/bigsur/icons/Manjaro.x86_64.png,285,realm,realm/.staging/workstation/linux/grub/themes/boot/grub/themes/bigsur/icons/Manjaro.x86_64.png,realm/workstation/linux/grub/themes/boot/grub/themes/bigsur/icons/Manjaro.x86_64.png,quarantine-third-party-assets,realm-workstation-grub-theme,executable-infrastructure,.staging/devenvironment/workstation/linux/grub/themes/boot/grub/themes/bigsur/icons/manjaro.png,
.staging/devenvironment/workstation/linux/grub/themes/boot/grub/themes/bigsur/icons/antergos.png,554,realm,realm/.staging/workstation/linux/grub/themes/boot/grub/themes/bigsur/icons/antergos.png,realm/workstation/linux/grub/themes/boot/grub/themes/bigsur/icons/antergos.png,quarantine-third-party-assets,realm-workstation-grub-theme,executable-infrastructure,,
.staging/devenvironment/workstation/linux/grub/themes/boot/grub/themes/bigsur/icons/arch.png,467,realm,realm/.staging/workstation/linux/grub/themes/boot/grub/themes/bigsur/icons/arch.png,realm/workstation/linux/grub/themes/boot/grub/themes/bigsur/icons/arch.png,quarantine-third-party-assets,realm-workstation-grub-theme,executable-infrastructure,,
.staging/devenvironment/workstation/linux/grub/themes/boot/grub/themes/bigsur/icons/archlinux.png,467,realm,realm/.staging/workstation/linux/grub/themes/boot/grub/themes/bigsur/icons/archlinux.png,realm/workstation/linux/grub/themes/boot/grub/themes/bigsur/icons/archlinux.png,quarantine-third-party-assets,realm-workstation-grub-theme,executable-infrastructure,.staging/devenvironment/workstation/linux/grub/themes/boot/grub/themes/bigsur/icons/arch.png,
.staging/devenvironment/workstation/linux/grub/themes/boot/grub/themes/bigsur/icons/arcolinux.png,296,realm,realm/.staging/workstation/linux/grub/themes/boot/grub/themes/bigsur/icons/arcolinux.png,realm/workstation/linux/grub/themes/boot/grub/themes/bigsur/icons/arcolinux.png,quarantine-third-party-assets,realm-workstation-grub-theme,executable-infrastructure,,
.staging/devenvironment/workstation/linux/grub/themes/boot/grub/themes/bigsur/icons/bsd.png,642,realm,realm/.staging/workstation/linux/grub/themes/boot/grub/themes/bigsur/icons/bsd.png,realm/workstation/linux/grub/themes/boot/grub/themes/bigsur/icons/bsd.png,quarantine-third-party-assets,realm-workstation-grub-theme,executable-infrastructure,,
.staging/devenvironment/workstation/linux/grub/themes/boot/grub/themes/bigsur/icons/cancel.png,309,realm,realm/.staging/workstation/linux/grub/themes/boot/grub/themes/bigsur/icons/cancel.png,realm/workstation/linux/grub/themes/boot/grub/themes/bigsur/icons/cancel.png,quarantine-third-party-assets,realm-workstation-grub-theme,executable-infrastructure,,
.staging/devenvironment/workstation/linux/grub/themes/boot/grub/themes/bigsur/icons/chakra.png,640,realm,realm/.staging/workstation/linux/grub/themes/boot/grub/themes/bigsur/icons/chakra.png,realm/workstation/linux/grub/themes/boot/grub/themes/bigsur/icons/chakra.png,quarantine-third-party-assets,realm-workstation-grub-theme,executable-infrastructure,,
.staging/devenvironment/workstation/linux/grub/themes/boot/grub/themes/bigsur/icons/crunchbang.png,624,realm,realm/.staging/workstation/linux/grub/themes/boot/grub/themes/bigsur/icons/crunchbang.png,realm/workstation/linux/grub/themes/boot/grub/themes/bigsur/icons/crunchbang.png,quarantine-third-party-assets,realm-workstation-grub-theme,executable-infrastructure,,
.staging/devenvironment/workstation/linux/grub/themes/boot/grub/themes/bigsur/icons/debian.png,542,realm,realm/.staging/workstation/linux/grub/themes/boot/grub/themes/bigsur/icons/debian.png,realm/workstation/linux/grub/themes/boot/grub/themes/bigsur/icons/debian.png,quarantine-third-party-assets,realm-workstation-grub-theme,executable-infrastructure,,
.staging/devenvironment/workstation/linux/grub/themes/boot/grub/themes/bigsur/icons/deepin.png,599,realm,realm/.staging/workstation/linux/grub/themes/boot/grub/themes/bigsur/icons/deepin.png,realm/workstation/linux/grub/themes/boot/grub/themes/bigsur/icons/deepin.png,quarantine-third-party-assets,realm-workstation-grub-theme,executable-infrastructure,,
.staging/devenvironment/workstation/linux/grub/themes/boot/grub/themes/bigsur/icons/devuan.png,437,realm,realm/.staging/workstation/linux/grub/themes/boot/grub/themes/bigsur/icons/devuan.png,realm/workstation/linux/grub/themes/boot/grub/themes/bigsur/icons/devuan.png,quarantine-third-party-assets,realm-workstation-grub-theme,executable-infrastructure,,
.staging/devenvironment/workstation/linux/grub/themes/boot/grub/themes/bigsur/icons/driver.png,470,realm,realm/.staging/workstation/linux/grub/themes/boot/grub/themes/bigsur/icons/driver.png,realm/workstation/linux/grub/themes/boot/grub/themes/bigsur/icons/driver.png,quarantine-third-party-assets,realm-workstation-grub-theme,executable-infrastructure,,
.staging/devenvironment/workstation/linux/grub/themes/boot/grub/themes/bigsur/icons/edit.png,325,realm,realm/.staging/workstation/linux/grub/themes/boot/grub/themes/bigsur/icons/edit.png,realm/workstation/linux/grub/themes/boot/grub/themes/bigsur/icons/edit.png,quarantine-third-party-assets,realm-workstation-grub-theme,executable-infrastructure,,
.staging/devenvironment/workstation/linux/grub/themes/boot/grub/themes/bigsur/icons/edubuntu.png,774,realm,realm/.staging/workstation/linux/grub/themes/boot/grub/themes/bigsur/icons/edubuntu.png,realm/workstation/linux/grub/themes/boot/grub/themes/bigsur/icons/edubuntu.png,quarantine-third-party-assets,realm-workstation-grub-theme,executable-infrastructure,,
.staging/devenvironment/workstation/linux/grub/themes/boot/grub/themes/bigsur/icons/efi.png,340,realm,realm/.staging/workstation/linux/grub/themes/boot/grub/themes/bigsur/icons/efi.png,realm/workstation/linux/grub/themes/boot/grub/themes/bigsur/icons/efi.png,quarantine-third-party-assets,realm-workstation-grub-theme,executable-infrastructure,,
.staging/devenvironment/workstation/linux/grub/themes/boot/grub/themes/bigsur/icons/elementary.png,753,realm,realm/.staging/workstation/linux/grub/themes/boot/grub/themes/bigsur/icons/elementary.png,realm/workstation/linux/grub/themes/boot/grub/themes/bigsur/icons/elementary.png,quarantine-third-party-assets,realm-workstation-grub-theme,executable-infrastructure,,
.staging/devenvironment/workstation/linux/grub/themes/boot/grub/themes/bigsur/icons/endeavouros.png,659,realm,realm/.staging/workstation/linux/grub/themes/boot/grub/themes/bigsur/icons/endeavouros.png,realm/workstation/linux/grub/themes/boot/grub/themes/bigsur/icons/endeavouros.png,quarantine-third-party-assets,realm-workstation-grub-theme,executable-infrastructure,,
.staging/devenvironment/workstation/linux/grub/themes/boot/grub/themes/bigsur/icons/fedora.png,568,realm,realm/.staging/workstation/linux/grub/themes/boot/grub/themes/bigsur/icons/fedora.png,realm/workstation/linux/grub/themes/boot/grub/themes/bigsur/icons/fedora.png,quarantine-third-party-assets,realm-workstation-grub-theme,executable-infrastructure,,
.staging/devenvironment/workstation/linux/grub/themes/boot/grub/themes/bigsur/icons/find.efi.png,380,realm,realm/.staging/workstation/linux/grub/themes/boot/grub/themes/bigsur/icons/find.efi.png,realm/workstation/linux/grub/themes/boot/grub/themes/bigsur/icons/find.efi.png,quarantine-third-party-assets,realm-workstation-grub-theme,executable-infrastructure,,
.staging/devenvironment/workstation/linux/grub/themes/boot/grub/themes/bigsur/icons/find.none.png,395,realm,realm/.staging/workstation/linux/grub/themes/boot/grub/themes/bigsur/icons/find.none.png,realm/workstation/linux/grub/themes/boot/grub/themes/bigsur/icons/find.none.png,quarantine-third-party-assets,realm-workstation-grub-theme,executable-infrastructure,,
.staging/devenvironment/workstation/linux/grub/themes/boot/grub/themes/bigsur/icons/frugalware.png,753,realm,realm/.staging/workstation/linux/grub/themes/boot/grub/themes/bigsur/icons/frugalware.png,realm/workstation/linux/grub/themes/boot/grub/themes/bigsur/icons/frugalware.png,quarantine-third-party-assets,realm-workstation-grub-theme,executable-infrastructure,,
.staging/devenvironment/workstation/linux/grub/themes/boot/grub/themes/bigsur/icons/gentoo.png,506,realm,realm/.staging/workstation/linux/grub/themes/boot/grub/themes/bigsur/icons/gentoo.png,realm/workstation/linux/grub/themes/boot/grub/themes/bigsur/icons/gentoo.png,quarantine-third-party-assets,realm-workstation-grub-theme,executable-infrastructure,,
.staging/devenvironment/workstation/linux/grub/themes/boot/grub/themes/bigsur/icons/gnu-linux.png,652,realm,realm/.staging/workstation/linux/grub/themes/boot/grub/themes/bigsur/icons/gnu-linux.png,realm/workstation/linux/grub/themes/boot/grub/themes/bigsur/icons/gnu-linux.png,quarantine-third-party-assets,realm-workstation-grub-theme,executable-infrastructure,.staging/devenvironment/workstation/linux/grub/themes/boot/grub/themes/bigsur/icons/lfs.png,
.staging/devenvironment/workstation/linux/grub/themes/boot/grub/themes/bigsur/icons/help.png,301,realm,realm/.staging/workstation/linux/grub/themes/boot/grub/themes/bigsur/icons/help.png,realm/workstation/linux/grub/themes/boot/grub/themes/bigsur/icons/help.png,quarantine-third-party-assets,realm-workstation-grub-theme,executable-infrastructure,,
.staging/devenvironment/workstation/linux/grub/themes/boot/grub/themes/bigsur/icons/iso.png,620,realm,realm/.staging/workstation/linux/grub/themes/boot/grub/themes/bigsur/icons/iso.png,realm/workstation/linux/grub/themes/boot/grub/themes/bigsur/icons/iso.png,quarantine-third-party-assets,realm-workstation-grub-theme,executable-infrastructure,,
.staging/devenvironment/workstation/linux/grub/themes/boot/grub/themes/bigsur/icons/kali.png,536,realm,realm/.staging/workstation/linux/grub/themes/boot/grub/themes/bigsur/icons/kali.png,realm/workstation/linux/grub/themes/boot/grub/themes/bigsur/icons/kali.png,quarantine-third-party-assets,realm-workstation-grub-theme,executable-infrastructure,,
.staging/devenvironment/workstation/linux/grub/themes/boot/grub/themes/bigsur/icons/kaos.png,520,realm,realm/.staging/workstation/linux/grub/themes/boot/grub/themes/bigsur/icons/kaos.png,realm/workstation/linux/grub/themes/boot/grub/themes/bigsur/icons/kaos.png,quarantine-third-party-assets,realm-workstation-grub-theme,executable-infrastructure,,
.staging/devenvironment/workstation/linux/grub/themes/boot/grub/themes/bigsur/icons/kbd.png,280,realm,realm/.staging/workstation/linux/grub/themes/boot/grub/themes/bigsur/icons/kbd.png,realm/workstation/linux/grub/themes/boot/grub/themes/bigsur/icons/kbd.png,quarantine-third-party-assets,realm-workstation-grub-theme,executable-infrastructure,,
.staging/devenvironment/workstation/linux/grub/themes/boot/grub/themes/bigsur/icons/korora.png,602,realm,realm/.staging/workstation/linux/grub/themes/boot/grub/themes/bigsur/icons/korora.png,realm/workstation/linux/grub/themes/boot/grub/themes/bigsur/icons/korora.png,quarantine-third-party-assets,realm-workstation-grub-theme,executable-infrastructure,,
.staging/devenvironment/workstation/linux/grub/themes/boot/grub/themes/bigsur/icons/kubuntu.png,671,realm,realm/.staging/workstation/linux/grub/themes/boot/grub/themes/bigsur/icons/kubuntu.png,realm/workstation/linux/grub/themes/boot/grub/themes/bigsur/icons/kubuntu.png,quarantine-third-party-assets,realm-workstation-grub-theme,executable-infrastructure,,
.staging/devenvironment/workstation/linux/grub/themes/boot/grub/themes/bigsur/icons/lang.png,566,realm,realm/.staging/workstation/linux/grub/themes/boot/grub/themes/bigsur/icons/lang.png,realm/workstation/linux/grub/themes/boot/grub/themes/bigsur/icons/lang.png,quarantine-third-party-assets,realm-workstation-grub-theme,executable-infrastructure,,
.staging/devenvironment/workstation/linux/grub/themes/boot/grub/themes/bigsur/icons/lfs.png,652,realm,realm/.staging/workstation/linux/grub/themes/boot/grub/themes/bigsur/icons/lfs.png,realm/workstation/linux/grub/themes/boot/grub/themes/bigsur/icons/lfs.png,quarantine-third-party-assets,realm-workstation-grub-theme,executable-infrastructure,,
.staging/devenvironment/workstation/linux/grub/themes/boot/grub/themes/bigsur/icons/linux.png,652,realm,realm/.staging/workstation/linux/grub/themes/boot/grub/themes/bigsur/icons/linux.png,realm/workstation/linux/grub/themes/boot/grub/themes/bigsur/icons/linux.png,quarantine-third-party-assets,realm-workstation-grub-theme,executable-infrastructure,.staging/devenvironment/workstation/linux/grub/themes/boot/grub/themes/bigsur/icons/lfs.png,
.staging/devenvironment/workstation/linux/grub/themes/boot/grub/themes/bigsur/icons/linuxmint.png,590,realm,realm/.staging/workstation/linux/grub/themes/boot/grub/themes/bigsur/icons/linuxmint.png,realm/workstation/linux/grub/themes/boot/grub/themes/bigsur/icons/linuxmint.png,quarantine-third-party-assets,realm-workstation-grub-theme,executable-infrastructure,,
.staging/devenvironment/workstation/linux/grub/themes/boot/grub/themes/bigsur/icons/lubuntu.png,594,realm,realm/.staging/workstation/linux/grub/themes/boot/grub/themes/bigsur/icons/lubuntu.png,realm/workstation/linux/grub/themes/boot/grub/themes/bigsur/icons/lubuntu.png,quarantine-third-party-assets,realm-workstation-grub-theme,executable-infrastructure,,
.staging/devenvironment/workstation/linux/grub/themes/boot/grub/themes/bigsur/icons/macosx.png,458,realm,realm/.staging/workstation/linux/grub/themes/boot/grub/themes/bigsur/icons/macosx.png,realm/workstation/linux/grub/themes/boot/grub/themes/bigsur/icons/macosx.png,quarantine-third-party-assets,realm-workstation-grub-theme,executable-infrastructure,,
.staging/devenvironment/workstation/linux/grub/themes/boot/grub/themes/bigsur/icons/mageia.png,705,realm,realm/.staging/workstation/linux/grub/themes/boot/grub/themes/bigsur/icons/mageia.png,realm/workstation/linux/grub/themes/boot/grub/themes/bigsur/icons/mageia.png,quarantine-third-party-assets,realm-workstation-grub-theme,executable-infrastructure,,
.staging/devenvironment/workstation/linux/grub/themes/boot/grub/themes/bigsur/icons/manjaro.png,285,realm,realm/.staging/workstation/linux/grub/themes/boot/grub/themes/bigsur/icons/manjaro.png,realm/workstation/linux/grub/themes/boot/grub/themes/bigsur/icons/manjaro.png,quarantine-third-party-assets,realm-workstation-grub-theme,executable-infrastructure,,
.staging/devenvironment/workstation/linux/grub/themes/boot/grub/themes/bigsur/icons/memtest.png,470,realm,realm/.staging/workstation/linux/grub/themes/boot/grub/themes/bigsur/icons/memtest.png,realm/workstation/linux/grub/themes/boot/grub/themes/bigsur/icons/memtest.png,quarantine-third-party-assets,realm-workstation-grub-theme,executable-infrastructure,.staging/devenvironment/workstation/linux/grub/themes/boot/grub/themes/bigsur/icons/driver.png,
.staging/devenvironment/workstation/linux/grub/themes/boot/grub/themes/bigsur/icons/opensuse.png,692,realm,realm/.staging/workstation/linux/grub/themes/boot/grub/themes/bigsur/icons/opensuse.png,realm/workstation/linux/grub/themes/boot/grub/themes/bigsur/icons/opensuse.png,quarantine-third-party-assets,realm-workstation-grub-theme,executable-infrastructure,,
.staging/devenvironment/workstation/linux/grub/themes/boot/grub/themes/bigsur/icons/pop-os.png,692,realm,realm/.staging/workstation/linux/grub/themes/boot/grub/themes/bigsur/icons/pop-os.png,realm/workstation/linux/grub/themes/boot/grub/themes/bigsur/icons/pop-os.png,quarantine-third-party-assets,realm-workstation-grub-theme,executable-infrastructure,,
.staging/devenvironment/workstation/linux/grub/themes/boot/grub/themes/bigsur/icons/recovery.png,409,realm,realm/.staging/workstation/linux/grub/themes/boot/grub/themes/bigsur/icons/recovery.png,realm/workstation/linux/grub/themes/boot/grub/themes/bigsur/icons/recovery.png,quarantine-third-party-assets,realm-workstation-grub-theme,executable-infrastructure,,
.staging/devenvironment/workstation/linux/grub/themes/boot/grub/themes/bigsur/icons/restart.png,375,realm,realm/.staging/workstation/linux/grub/themes/boot/grub/themes/bigsur/icons/restart.png,realm/workstation/linux/grub/themes/boot/grub/themes/bigsur/icons/restart.png,quarantine-third-party-assets,realm-workstation-grub-theme,executable-infrastructure,,
.staging/devenvironment/workstation/linux/grub/themes/boot/grub/themes/bigsur/icons/sabayon.png,863,realm,realm/.staging/workstation/linux/grub/themes/boot/grub/themes/bigsur/icons/sabayon.png,realm/workstation/linux/grub/themes/boot/grub/themes/bigsur/icons/sabayon.png,quarantine-third-party-assets,realm-workstation-grub-theme,executable-infrastructure,,
.staging/devenvironment/workstation/linux/grub/themes/boot/grub/themes/bigsur/icons/shutdown.png,484,realm,realm/.staging/workstation/linux/grub/themes/boot/grub/themes/bigsur/icons/shutdown.png,realm/workstation/linux/grub/themes/boot/grub/themes/bigsur/icons/shutdown.png,quarantine-third-party-assets,realm-workstation-grub-theme,executable-infrastructure,,
.staging/devenvironment/workstation/linux/grub/themes/boot/grub/themes/bigsur/icons/siduction.png,588,realm,realm/.staging/workstation/linux/grub/themes/boot/grub/themes/bigsur/icons/siduction.png,realm/workstation/linux/grub/themes/boot/grub/themes/bigsur/icons/siduction.png,quarantine-third-party-assets,realm-workstation-grub-theme,executable-infrastructure,,
.staging/devenvironment/workstation/linux/grub/themes/boot/grub/themes/bigsur/icons/solus.png,583,realm,realm/.staging/workstation/linux/grub/themes/boot/grub/themes/bigsur/icons/solus.png,realm/workstation/linux/grub/themes/boot/grub/themes/bigsur/icons/solus.png,quarantine-third-party-assets,realm-workstation-grub-theme,executable-infrastructure,,
.staging/devenvironment/workstation/linux/grub/themes/boot/grub/themes/bigsur/icons/steamos.png,570,realm,realm/.staging/workstation/linux/grub/themes/boot/grub/themes/bigsur/icons/steamos.png,realm/workstation/linux/grub/themes/boot/grub/themes/bigsur/icons/steamos.png,quarantine-third-party-assets,realm-workstation-grub-theme,executable-infrastructure,,
.staging/devenvironment/workstation/linux/grub/themes/boot/grub/themes/bigsur/icons/type.png,265,realm,realm/.staging/workstation/linux/grub/themes/boot/grub/themes/bigsur/icons/type.png,realm/workstation/linux/grub/themes/boot/grub/themes/bigsur/icons/type.png,quarantine-third-party-assets,realm-workstation-grub-theme,executable-infrastructure,,
.staging/devenvironment/workstation/linux/grub/themes/boot/grub/themes/bigsur/icons/tz.png,410,realm,realm/.staging/workstation/linux/grub/themes/boot/grub/themes/bigsur/icons/tz.png,realm/workstation/linux/grub/themes/boot/grub/themes/bigsur/icons/tz.png,quarantine-third-party-assets,realm-workstation-grub-theme,executable-infrastructure,,
.staging/devenvironment/workstation/linux/grub/themes/boot/grub/themes/bigsur/icons/ubuntu.png,615,realm,realm/.staging/workstation/linux/grub/themes/boot/grub/themes/bigsur/icons/ubuntu.png,realm/workstation/linux/grub/themes/boot/grub/themes/bigsur/icons/ubuntu.png,quarantine-third-party-assets,realm-workstation-grub-theme,executable-infrastructure,,
.staging/devenvironment/workstation/linux/grub/themes/boot/grub/themes/bigsur/icons/unknown.png,652,realm,realm/.staging/workstation/linux/grub/themes/boot/grub/themes/bigsur/icons/unknown.png,realm/workstation/linux/grub/themes/boot/grub/themes/bigsur/icons/unknown.png,quarantine-third-party-assets,realm-workstation-grub-theme,executable-infrastructure,.staging/devenvironment/workstation/linux/grub/themes/boot/grub/themes/bigsur/icons/lfs.png,
.staging/devenvironment/workstation/linux/grub/themes/boot/grub/themes/bigsur/icons/unset.png,326,realm,realm/.staging/workstation/linux/grub/themes/boot/grub/themes/bigsur/icons/unset.png,realm/workstation/linux/grub/themes/boot/grub/themes/bigsur/icons/unset.png,quarantine-third-party-assets,realm-workstation-grub-theme,executable-infrastructure,,
.staging/devenvironment/workstation/linux/grub/themes/boot/grub/themes/bigsur/icons/void.png,691,realm,realm/.staging/workstation/linux/grub/themes/boot/grub/themes/bigsur/icons/void.png,realm/workstation/linux/grub/themes/boot/grub/themes/bigsur/icons/void.png,quarantine-third-party-assets,realm-workstation-grub-theme,executable-infrastructure,,
.staging/devenvironment/workstation/linux/grub/themes/boot/grub/themes/bigsur/icons/windows.png,385,realm,realm/.staging/workstation/linux/grub/themes/boot/grub/themes/bigsur/icons/windows.png,realm/workstation/linux/grub/themes/boot/grub/themes/bigsur/icons/windows.png,quarantine-third-party-assets,realm-workstation-grub-theme,executable-infrastructure,,
.staging/devenvironment/workstation/linux/grub/themes/boot/grub/themes/bigsur/icons/xubuntu.png,526,realm,realm/.staging/workstation/linux/grub/themes/boot/grub/themes/bigsur/icons/xubuntu.png,realm/workstation/linux/grub/themes/boot/grub/themes/bigsur/icons/xubuntu.png,quarantine-third-party-assets,realm-workstation-grub-theme,executable-infrastructure,,
.staging/devenvironment/workstation/linux/grub/themes/boot/grub/themes/bigsur/icons/zorin-os.png,371,realm,realm/.staging/workstation/linux/grub/themes/boot/grub/themes/bigsur/icons/zorin-os.png,realm/workstation/linux/grub/themes/boot/grub/themes/bigsur/icons/zorin-os.png,quarantine-third-party-assets,realm-workstation-grub-theme,executable-infrastructure,,
.staging/devenvironment/workstation/linux/grub/themes/boot/grub/themes/bigsur/item_c.png,162,realm,realm/.staging/workstation/linux/grub/themes/boot/grub/themes/bigsur/item_c.png,realm/workstation/linux/grub/themes/boot/grub/themes/bigsur/item_c.png,quarantine-third-party-assets,realm-workstation-grub-theme,executable-infrastructure,,
.staging/devenvironment/workstation/linux/grub/themes/boot/grub/themes/bigsur/item_e.png,140,realm,realm/.staging/workstation/linux/grub/themes/boot/grub/themes/bigsur/item_e.png,realm/workstation/linux/grub/themes/boot/grub/themes/bigsur/item_e.png,quarantine-third-party-assets,realm-workstation-grub-theme,executable-infrastructure,,
.staging/devenvironment/workstation/linux/grub/themes/boot/grub/themes/bigsur/item_n.png,162,realm,realm/.staging/workstation/linux/grub/themes/boot/grub/themes/bigsur/item_n.png,realm/workstation/linux/grub/themes/boot/grub/themes/bigsur/item_n.png,quarantine-third-party-assets,realm-workstation-grub-theme,executable-infrastructure,.staging/devenvironment/workstation/linux/grub/themes/boot/grub/themes/bigsur/item_c.png,
.staging/devenvironment/workstation/linux/grub/themes/boot/grub/themes/bigsur/item_ne.png,206,realm,realm/.staging/workstation/linux/grub/themes/boot/grub/themes/bigsur/item_ne.png,realm/workstation/linux/grub/themes/boot/grub/themes/bigsur/item_ne.png,quarantine-third-party-assets,realm-workstation-grub-theme,executable-infrastructure,,
.staging/devenvironment/workstation/linux/grub/themes/boot/grub/themes/bigsur/item_nw.png,202,realm,realm/.staging/workstation/linux/grub/themes/boot/grub/themes/bigsur/item_nw.png,realm/workstation/linux/grub/themes/boot/grub/themes/bigsur/item_nw.png,quarantine-third-party-assets,realm-workstation-grub-theme,executable-infrastructure,,
.staging/devenvironment/workstation/linux/grub/themes/boot/grub/themes/bigsur/item_s.png,162,realm,realm/.staging/workstation/linux/grub/themes/boot/grub/themes/bigsur/item_s.png,realm/workstation/linux/grub/themes/boot/grub/themes/bigsur/item_s.png,quarantine-third-party-assets,realm-workstation-grub-theme,executable-infrastructure,.staging/devenvironment/workstation/linux/grub/themes/boot/grub/themes/bigsur/item_c.png,
.staging/devenvironment/workstation/linux/grub/themes/boot/grub/themes/bigsur/item_se.png,195,realm,realm/.staging/workstation/linux/grub/themes/boot/grub/themes/bigsur/item_se.png,realm/workstation/linux/grub/themes/boot/grub/themes/bigsur/item_se.png,quarantine-third-party-assets,realm-workstation-grub-theme,executable-infrastructure,,
.staging/devenvironment/workstation/linux/grub/themes/boot/grub/themes/bigsur/item_sw.png,200,realm,realm/.staging/workstation/linux/grub/themes/boot/grub/themes/bigsur/item_sw.png,realm/workstation/linux/grub/themes/boot/grub/themes/bigsur/item_sw.png,quarantine-third-party-assets,realm-workstation-grub-theme,executable-infrastructure,,
.staging/devenvironment/workstation/linux/grub/themes/boot/grub/themes/bigsur/item_w.png,140,realm,realm/.staging/workstation/linux/grub/themes/boot/grub/themes/bigsur/item_w.png,realm/workstation/linux/grub/themes/boot/grub/themes/bigsur/item_w.png,quarantine-third-party-assets,realm-workstation-grub-theme,executable-infrastructure,.staging/devenvironment/workstation/linux/grub/themes/boot/grub/themes/bigsur/item_e.png,
.staging/devenvironment/workstation/linux/grub/themes/boot/grub/themes/bigsur/password_field.png,1902,realm,realm/.staging/workstation/linux/grub/themes/boot/grub/themes/bigsur/password_field.png,realm/workstation/linux/grub/themes/boot/grub/themes/bigsur/password_field.png,quarantine-third-party-assets,realm-workstation-grub-theme,executable-infrastructure,,
.staging/devenvironment/workstation/linux/grub/themes/boot/grub/themes/bigsur/select_c.png,1455,realm,realm/.staging/workstation/linux/grub/themes/boot/grub/themes/bigsur/select_c.png,realm/workstation/linux/grub/themes/boot/grub/themes/bigsur/select_c.png,quarantine-third-party-assets,realm-workstation-grub-theme,executable-infrastructure,,
.staging/devenvironment/workstation/linux/grub/themes/boot/grub/themes/bigsur/select_e.png,1418,realm,realm/.staging/workstation/linux/grub/themes/boot/grub/themes/bigsur/select_e.png,realm/workstation/linux/grub/themes/boot/grub/themes/bigsur/select_e.png,quarantine-third-party-assets,realm-workstation-grub-theme,executable-infrastructure,,
.staging/devenvironment/workstation/linux/grub/themes/boot/grub/themes/bigsur/select_n.png,1455,realm,realm/.staging/workstation/linux/grub/themes/boot/grub/themes/bigsur/select_n.png,realm/workstation/linux/grub/themes/boot/grub/themes/bigsur/select_n.png,quarantine-third-party-assets,realm-workstation-grub-theme,executable-infrastructure,.staging/devenvironment/workstation/linux/grub/themes/boot/grub/themes/bigsur/select_c.png,
.staging/devenvironment/workstation/linux/grub/themes/boot/grub/themes/bigsur/select_ne.png,1495,realm,realm/.staging/workstation/linux/grub/themes/boot/grub/themes/bigsur/select_ne.png,realm/workstation/linux/grub/themes/boot/grub/themes/bigsur/select_ne.png,quarantine-third-party-assets,realm-workstation-grub-theme,executable-infrastructure,,
.staging/devenvironment/workstation/linux/grub/themes/boot/grub/themes/bigsur/select_nw.png,1494,realm,realm/.staging/workstation/linux/grub/themes/boot/grub/themes/bigsur/select_nw.png,realm/workstation/linux/grub/themes/boot/grub/themes/bigsur/select_nw.png,quarantine-third-party-assets,realm-workstation-grub-theme,executable-infrastructure,,
.staging/devenvironment/workstation/linux/grub/themes/boot/grub/themes/bigsur/select_s.png,1455,realm,realm/.staging/workstation/linux/grub/themes/boot/grub/themes/bigsur/select_s.png,realm/workstation/linux/grub/themes/boot/grub/themes/bigsur/select_s.png,quarantine-third-party-assets,realm-workstation-grub-theme,executable-infrastructure,.staging/devenvironment/workstation/linux/grub/themes/boot/grub/themes/bigsur/select_c.png,
.staging/devenvironment/workstation/linux/grub/themes/boot/grub/themes/bigsur/select_se.png,1484,realm,realm/.staging/workstation/linux/grub/themes/boot/grub/themes/bigsur/select_se.png,realm/workstation/linux/grub/themes/boot/grub/themes/bigsur/select_se.png,quarantine-third-party-assets,realm-workstation-grub-theme,executable-infrastructure,,
.staging/devenvironment/workstation/linux/grub/themes/boot/grub/themes/bigsur/select_sw.png,1477,realm,realm/.staging/workstation/linux/grub/themes/boot/grub/themes/bigsur/select_sw.png,realm/workstation/linux/grub/themes/boot/grub/themes/bigsur/select_sw.png,quarantine-third-party-assets,realm-workstation-grub-theme,executable-infrastructure,,
.staging/devenvironment/workstation/linux/grub/themes/boot/grub/themes/bigsur/select_w.png,1418,realm,realm/.staging/workstation/linux/grub/themes/boot/grub/themes/bigsur/select_w.png,realm/workstation/linux/grub/themes/boot/grub/themes/bigsur/select_w.png,quarantine-third-party-assets,realm-workstation-grub-theme,executable-infrastructure,.staging/devenvironment/workstation/linux/grub/themes/boot/grub/themes/bigsur/select_e.png,
.staging/devenvironment/workstation/linux/grub/themes/boot/grub/themes/bigsur/slider_c.png,1971,realm,realm/.staging/workstation/linux/grub/themes/boot/grub/themes/bigsur/slider_c.png,realm/workstation/linux/grub/themes/boot/grub/themes/bigsur/slider_c.png,quarantine-third-party-assets,realm-workstation-grub-theme,executable-infrastructure,,
.staging/devenvironment/workstation/linux/grub/themes/boot/grub/themes/bigsur/slider_n.png,1977,realm,realm/.staging/workstation/linux/grub/themes/boot/grub/themes/bigsur/slider_n.png,realm/workstation/linux/grub/themes/boot/grub/themes/bigsur/slider_n.png,quarantine-third-party-assets,realm-workstation-grub-theme,executable-infrastructure,,
.staging/devenvironment/workstation/linux/grub/themes/boot/grub/themes/bigsur/slider_s.png,1979,realm,realm/.staging/workstation/linux/grub/themes/boot/grub/themes/bigsur/slider_s.png,realm/workstation/linux/grub/themes/boot/grub/themes/bigsur/slider_s.png,quarantine-third-party-assets,realm-workstation-grub-theme,executable-infrastructure,,
.staging/devenvironment/workstation/linux/grub/themes/boot/grub/themes/bigsur/terminal_c.png,1941,realm,realm/.staging/workstation/linux/grub/themes/boot/grub/themes/bigsur/terminal_c.png,realm/workstation/linux/grub/themes/boot/grub/themes/bigsur/terminal_c.png,quarantine-third-party-assets,realm-workstation-grub-theme,executable-infrastructure,,
.staging/devenvironment/workstation/linux/grub/themes/boot/grub/themes/bigsur/terminal_e.png,233,realm,realm/.staging/workstation/linux/grub/themes/boot/grub/themes/bigsur/terminal_e.png,realm/workstation/linux/grub/themes/boot/grub/themes/bigsur/terminal_e.png,quarantine-third-party-assets,realm-workstation-grub-theme,executable-infrastructure,,
.staging/devenvironment/workstation/linux/grub/themes/boot/grub/themes/bigsur/terminal_n.png,243,realm,realm/.staging/workstation/linux/grub/themes/boot/grub/themes/bigsur/terminal_n.png,realm/workstation/linux/grub/themes/boot/grub/themes/bigsur/terminal_n.png,quarantine-third-party-assets,realm-workstation-grub-theme,executable-infrastructure,,
.staging/devenvironment/workstation/linux/grub/themes/boot/grub/themes/bigsur/terminal_ne.png,319,realm,realm/.staging/workstation/linux/grub/themes/boot/grub/themes/bigsur/terminal_ne.png,realm/workstation/linux/grub/themes/boot/grub/themes/bigsur/terminal_ne.png,quarantine-third-party-assets,realm-workstation-grub-theme,executable-infrastructure,,
.staging/devenvironment/workstation/linux/grub/themes/boot/grub/themes/bigsur/terminal_nw.png,320,realm,realm/.staging/workstation/linux/grub/themes/boot/grub/themes/bigsur/terminal_nw.png,realm/workstation/linux/grub/themes/boot/grub/themes/bigsur/terminal_nw.png,quarantine-third-party-assets,realm-workstation-grub-theme,executable-infrastructure,,
.staging/devenvironment/workstation/linux/grub/themes/boot/grub/themes/bigsur/terminal_s.png,243,realm,realm/.staging/workstation/linux/grub/themes/boot/grub/themes/bigsur/terminal_s.png,realm/workstation/linux/grub/themes/boot/grub/themes/bigsur/terminal_s.png,quarantine-third-party-assets,realm-workstation-grub-theme,executable-infrastructure,.staging/devenvironment/workstation/linux/grub/themes/boot/grub/themes/bigsur/terminal_n.png,
.staging/devenvironment/workstation/linux/grub/themes/boot/grub/themes/bigsur/terminal_se.png,294,realm,realm/.staging/workstation/linux/grub/themes/boot/grub/themes/bigsur/terminal_se.png,realm/workstation/linux/grub/themes/boot/grub/themes/bigsur/terminal_se.png,quarantine-third-party-assets,realm-workstation-grub-theme,executable-infrastructure,,
.staging/devenvironment/workstation/linux/grub/themes/boot/grub/themes/bigsur/terminal_sw.png,303,realm,realm/.staging/workstation/linux/grub/themes/boot/grub/themes/bigsur/terminal_sw.png,realm/workstation/linux/grub/themes/boot/grub/themes/bigsur/terminal_sw.png,quarantine-third-party-assets,realm-workstation-grub-theme,executable-infrastructure,,
.staging/devenvironment/workstation/linux/grub/themes/boot/grub/themes/bigsur/terminal_w.png,233,realm,realm/.staging/workstation/linux/grub/themes/boot/grub/themes/bigsur/terminal_w.png,realm/workstation/linux/grub/themes/boot/grub/themes/bigsur/terminal_w.png,quarantine-third-party-assets,realm-workstation-grub-theme,executable-infrastructure,.staging/devenvironment/workstation/linux/grub/themes/boot/grub/themes/bigsur/terminal_e.png,
.staging/devenvironment/workstation/linux/grub/themes/boot/grub/themes/bigsur/terminus-12.pf2,21895,realm,realm/.staging/workstation/linux/grub/themes/boot/grub/themes/bigsur/terminus-12.pf2,realm/workstation/linux/grub/themes/boot/grub/themes/bigsur/terminus-12.pf2,quarantine-third-party-assets,realm-workstation-grub-theme,executable-infrastructure,,
.staging/devenvironment/workstation/linux/grub/themes/boot/grub/themes/bigsur/terminus-14.pf2,23941,realm,realm/.staging/workstation/linux/grub/themes/boot/grub/themes/bigsur/terminus-14.pf2,realm/workstation/linux/grub/themes/boot/grub/themes/bigsur/terminus-14.pf2,quarantine-third-party-assets,realm-workstation-grub-theme,executable-infrastructure,,
.staging/devenvironment/workstation/linux/grub/themes/boot/grub/themes/bigsur/terminus-16.pf2,24214,realm,realm/.staging/workstation/linux/grub/themes/boot/grub/themes/bigsur/terminus-16.pf2,realm/workstation/linux/grub/themes/boot/grub/themes/bigsur/terminus-16.pf2,quarantine-third-party-assets,realm-workstation-grub-theme,executable-infrastructure,,
.staging/devenvironment/workstation/linux/grub/themes/boot/grub/themes/bigsur/theme.txt,1998,realm,realm/.staging/workstation/linux/grub/themes/boot/grub/themes/bigsur/theme.txt,realm/workstation/linux/grub/themes/boot/grub/themes/bigsur/theme.txt,quarantine-third-party-assets,realm-workstation-grub-theme,executable-infrastructure,,
.staging/devenvironment/workstation/linux/hardware/README.md,0,realm,realm/.staging/workstation/linux/hardware/README.md,realm/workstation/linux/hardware/README.md,normalize-workstation-profile,realm-workstation-profile,executable-infrastructure,,
.staging/devenvironment/workstation/linux/hardware/amd/README.md,550,realm,realm/.staging/workstation/linux/hardware/amd/README.md,realm/workstation/linux/hardware/amd/README.md,normalize-workstation-profile,realm-workstation-profile,executable-infrastructure,,
.staging/devenvironment/workstation/linux/hardware/audio/README.md,1098,realm,realm/.staging/workstation/linux/hardware/audio/README.md,realm/workstation/linux/hardware/audio/README.md,normalize-workstation-profile,realm-workstation-profile,executable-infrastructure,,
.staging/devenvironment/workstation/linux/hardware/firewire/blacklist-firewire.conf,774,realm,realm/.staging/workstation/linux/hardware/firewire/blacklist-firewire.conf,realm/workstation/linux/hardware/firewire/blacklist-firewire.conf,normalize-workstation-profile,realm-workstation-profile,executable-infrastructure,,
.staging/devenvironment/workstation/linux/hardware/laptop/grub-overrides.md,1171,realm,realm/.staging/workstation/linux/hardware/laptop/grub-overrides.md,realm/workstation/linux/hardware/laptop/grub-overrides.md,normalize-workstation-profile,realm-workstation-profile,executable-infrastructure,,
.staging/devenvironment/workstation/linux/hardware/nvidia/README.md,0,realm,realm/.staging/workstation/linux/hardware/nvidia/README.md,realm/workstation/linux/hardware/nvidia/README.md,normalize-workstation-profile,realm-workstation-profile,executable-infrastructure,,
.staging/devenvironment/workstation/linux/hardware/nvidia/modprobe.d/nvidia-graphics-drivers-kms.conf,598,realm,realm/.staging/workstation/linux/hardware/nvidia/modprobe.d/nvidia-graphics-drivers-kms.conf,realm/workstation/linux/hardware/nvidia/modprobe.d/nvidia-graphics-drivers-kms.conf,normalize-workstation-profile,realm-workstation-profile,executable-infrastructure,,
.staging/devenvironment/workstation/linux/hardware/nvidia/modprobe.d/nvidia-s2idle.conf,663,realm,realm/.staging/workstation/linux/hardware/nvidia/modprobe.d/nvidia-s2idle.conf,realm/workstation/linux/hardware/nvidia/modprobe.d/nvidia-s2idle.conf,normalize-workstation-profile,realm-workstation-profile,executable-infrastructure,,
.staging/devenvironment/workstation/linux/hardware/razer/acpi-wake-andy.service,356,realm,realm/.staging/workstation/linux/hardware/razer/acpi-wake-andy.service,realm/workstation/linux/hardware/razer/acpi-wake-andy.service,normalize-workstation-profile,realm-workstation-profile,executable-infrastructure,,
.staging/devenvironment/workstation/linux/hardware/wifi/blacklist-ath_pci.conf,667,realm,realm/.staging/workstation/linux/hardware/wifi/blacklist-ath_pci.conf,realm/workstation/linux/hardware/wifi/blacklist-ath_pci.conf,normalize-workstation-profile,realm-workstation-profile,executable-infrastructure,,
.staging/devenvironment/workstation/linux/imagemagick/README.md,0,realm,realm/.staging/workstation/linux/imagemagick/README.md,realm/workstation/linux/imagemagick/README.md,normalize-workstation-profile,realm-workstation-profile,executable-infrastructure,,
.staging/devenvironment/workstation/linux/imagemagick/policy.xml,1102,realm,realm/.staging/workstation/linux/imagemagick/policy.xml,realm/workstation/linux/imagemagick/policy.xml,normalize-workstation-profile,realm-workstation-profile,executable-infrastructure,,
.staging/devenvironment/workstation/linux/lynis/default.prf,1991,realm,realm/.staging/workstation/linux/lynis/default.prf,realm/workstation/linux/lynis/default.prf,normalize-workstation-profile,realm-workstation-profile,executable-infrastructure,,
.staging/devenvironment/workstation/linux/modprobe.d/amd64-microcode-blacklist.conf,516,realm,realm/.staging/workstation/linux/modprobe.d/amd64-microcode-blacklist.conf,realm/workstation/linux/modprobe.d/amd64-microcode-blacklist.conf,normalize-workstation-profile,realm-workstation-profile,executable-infrastructure,,
.staging/devenvironment/workstation/linux/modprobe.d/archive/blacklist-oss.conf,1646,realm,realm/.staging/workstation/linux/modprobe.d/archive/blacklist-oss.conf,realm/workstation/linux/modprobe.d/archive/blacklist-oss.conf,normalize-workstation-profile,realm-workstation-profile,executable-infrastructure,,
.staging/devenvironment/workstation/linux/modprobe.d/blacklist-framebuffer.conf,1220,realm,realm/.staging/workstation/linux/modprobe.d/blacklist-framebuffer.conf,realm/workstation/linux/modprobe.d/blacklist-framebuffer.conf,normalize-workstation-profile,realm-workstation-profile,executable-infrastructure,,
.staging/devenvironment/workstation/linux/modprobe.d/blacklist-modem.conf,548,realm,realm/.staging/workstation/linux/modprobe.d/blacklist-modem.conf,realm/workstation/linux/modprobe.d/blacklist-modem.conf,normalize-workstation-profile,realm-workstation-profile,executable-infrastructure,,
.staging/devenvironment/workstation/linux/modprobe.d/blacklist.conf,1731,realm,realm/.staging/workstation/linux/modprobe.d/blacklist.conf,realm/workstation/linux/modprobe.d/blacklist.conf,normalize-workstation-profile,realm-workstation-profile,executable-infrastructure,,
.staging/devenvironment/workstation/linux/modprobe.d/intel-microcode-blacklist.conf,700,realm,realm/.staging/workstation/linux/modprobe.d/intel-microcode-blacklist.conf,realm/workstation/linux/modprobe.d/intel-microcode-blacklist.conf,normalize-workstation-profile,realm-workstation-profile,executable-infrastructure,,
.staging/devenvironment/workstation/linux/modprobe.d/iwlwifi.conf,649,realm,realm/.staging/workstation/linux/modprobe.d/iwlwifi.conf,realm/workstation/linux/modprobe.d/iwlwifi.conf,normalize-workstation-profile,realm-workstation-profile,executable-infrastructure,,
.staging/devenvironment/workstation/linux/modules-load.d/fuse.conf,434,realm,realm/.staging/workstation/linux/modules-load.d/fuse.conf,realm/workstation/linux/modules-load.d/fuse.conf,normalize-workstation-profile,realm-workstation-profile,executable-infrastructure,,
.staging/devenvironment/workstation/linux/nautilus/README.md,0,realm,realm/.staging/workstation/linux/nautilus/README.md,realm/workstation/linux/nautilus/README.md,normalize-workstation-profile,realm-workstation-profile,executable-infrastructure,,
.staging/devenvironment/workstation/linux/nautilus/scripts/make-read-only,318,realm,realm/.staging/workstation/linux/nautilus/scripts/make-read-only,realm/workstation/linux/nautilus/scripts/make-read-only,normalize-workstation-profile,realm-workstation-profile,executable-infrastructure,,
.staging/devenvironment/workstation/linux/nvidia/.nvidia-settings-rc,2344,realm,realm/.staging/workstation/linux/nvidia/.nvidia-settings-rc,realm/workstation/linux/nvidia/.nvidia-settings-rc,normalize-workstation-profile,realm-workstation-profile,executable-infrastructure,,
.staging/devenvironment/workstation/linux/nvidia/README.md,0,realm,realm/.staging/workstation/linux/nvidia/README.md,realm/workstation/linux/nvidia/README.md,normalize-workstation-profile,realm-workstation-profile,executable-infrastructure,,
.staging/devenvironment/workstation/linux/nvidia/udev/80-nvidia-pm.rules,1214,realm,realm/.staging/workstation/linux/nvidia/udev/80-nvidia-pm.rules,realm/workstation/linux/nvidia/udev/80-nvidia-pm.rules,normalize-workstation-profile,realm-workstation-profile,executable-infrastructure,,
.staging/devenvironment/workstation/linux/security/README.md,0,realm,realm/.staging/workstation/linux/security/README.md,realm/workstation/linux/security/README.md,normalize-workstation-profile,realm-workstation-profile,executable-infrastructure,,
.staging/devenvironment/workstation/linux/security/limits.d/dind.conf,2387,realm,realm/.staging/workstation/linux/security/limits.d/dind.conf,realm/workstation/linux/security/limits.d/dind.conf,normalize-workstation-profile,realm-workstation-profile,executable-infrastructure,,
.staging/devenvironment/workstation/linux/security/modprobe.d/blacklist-rare-network.conf,905,realm,realm/.staging/workstation/linux/security/modprobe.d/blacklist-rare-network.conf,realm/workstation/linux/security/modprobe.d/blacklist-rare-network.conf,normalize-workstation-profile,realm-workstation-profile,executable-infrastructure,,
.staging/devenvironment/workstation/linux/sudoers.d/base,539,realm,realm/.staging/workstation/linux/sudoers.d/base,realm/workstation/linux/sudoers.d/base,normalize-workstation-profile,realm-workstation-profile,executable-infrastructure,,
.staging/devenvironment/workstation/linux/sudoers.d/devcontainer,702,realm,realm/.staging/workstation/linux/sudoers.d/devcontainer,realm/workstation/linux/sudoers.d/devcontainer,normalize-workstation-profile,realm-workstation-profile,executable-infrastructure,,passwordless-sudo
.staging/devenvironment/workstation/linux/sudoers.d/passwordless-users.template,402,realm,realm/.staging/workstation/linux/sudoers.d/passwordless-users.template,realm/workstation/linux/sudoers.d/passwordless-users.template,normalize-workstation-profile,realm-workstation-profile,executable-infrastructure,,passwordless-sudo
.staging/devenvironment/workstation/linux/sudoers.d/production,736,realm,realm/.staging/workstation/linux/sudoers.d/production,realm/workstation/linux/sudoers.d/production,normalize-workstation-profile,realm-workstation-profile,executable-infrastructure,,
.staging/devenvironment/workstation/linux/sysctl.d/40-max-user-watches.conf,378,realm,realm/.staging/workstation/linux/sysctl.d/40-max-user-watches.conf,realm/workstation/linux/sysctl.d/40-max-user-watches.conf,normalize-workstation-profile,realm-workstation-profile,executable-infrastructure,,
.staging/devenvironment/workstation/linux/sysctl.d/80-hardening.conf,3748,realm,realm/.staging/workstation/linux/sysctl.d/80-hardening.conf,realm/workstation/linux/sysctl.d/80-hardening.conf,normalize-workstation-profile,realm-workstation-profile,executable-infrastructure,,
.staging/devenvironment/workstation/linux/sysctl.d/99-udp-buffer-sizes.conf,403,realm,realm/.staging/workstation/linux/sysctl.d/99-udp-buffer-sizes.conf,realm/workstation/linux/sysctl.d/99-udp-buffer-sizes.conf,normalize-workstation-profile,realm-workstation-profile,executable-infrastructure,,
.staging/devenvironment/workstation/linux/systemd/README.md,0,realm,realm/.staging/workstation/linux/systemd/README.md,realm/workstation/linux/systemd/README.md,normalize-workstation-profile,realm-workstation-profile,executable-infrastructure,,
.staging/devenvironment/workstation/linux/systemd/examples/before.shutdown,565,realm,realm/.staging/workstation/linux/systemd/examples/before.shutdown,realm/workstation/linux/systemd/examples/before.shutdown,normalize-workstation-profile,realm-workstation-profile,executable-infrastructure,,
.staging/devenvironment/workstation/linux/systemd/examples/pre-shutdown.service,315,realm,realm/.staging/workstation/linux/systemd/examples/pre-shutdown.service,realm/workstation/linux/systemd/examples/pre-shutdown.service,normalize-workstation-profile,realm-workstation-profile,executable-infrastructure,,
.staging/devenvironment/workstation/linux/systemd/system/aidecheck.service,234,realm,realm/.staging/workstation/linux/systemd/system/aidecheck.service,realm/workstation/linux/systemd/system/aidecheck.service,normalize-workstation-profile,realm-workstation-profile,executable-infrastructure,,
.staging/devenvironment/workstation/linux/systemd/system/aidecheck.timer,147,realm,realm/.staging/workstation/linux/systemd/system/aidecheck.timer,realm/workstation/linux/systemd/system/aidecheck.timer,normalize-workstation-profile,realm-workstation-profile,executable-infrastructure,,
.staging/devenvironment/workstation/linux/systemd/system/lynis.service,342,realm,realm/.staging/workstation/linux/systemd/system/lynis.service,realm/workstation/linux/systemd/system/lynis.service,normalize-workstation-profile,realm-workstation-profile,executable-infrastructure,,
.staging/devenvironment/workstation/linux/systemd/system/lynis.timer,145,realm,realm/.staging/workstation/linux/systemd/system/lynis.timer,realm/workstation/linux/systemd/system/lynis.timer,normalize-workstation-profile,realm-workstation-profile,executable-infrastructure,,
.staging/devenvironment/workstation/linux/systemd/system/tmp.mount,218,realm,realm/.staging/workstation/linux/systemd/system/tmp.mount,realm/workstation/linux/systemd/system/tmp.mount,normalize-workstation-profile,realm-workstation-profile,executable-infrastructure,,
.staging/devenvironment/workstation/linux/thumbnailers/ffmpegthumbnailer.thumbnailer,968,realm,realm/.staging/workstation/linux/thumbnailers/ffmpegthumbnailer.thumbnailer,realm/workstation/linux/thumbnailers/ffmpegthumbnailer.thumbnailer,normalize-workstation-profile,realm-workstation-profile,executable-infrastructure,,
.staging/devenvironment/workstation/linux/tmux/tmux.conf,3512,realm,realm/.staging/workstation/linux/tmux/tmux.conf,realm/workstation/linux/tmux/tmux.conf,normalize-workstation-profile,realm-workstation-profile,executable-infrastructure,,
.staging/devenvironment/workstation/linux/vmware/README.md,0,realm,realm/.staging/workstation/linux/vmware/README.md,realm/workstation/linux/vmware/README.md,normalize-workstation-profile,realm-workstation-profile,executable-infrastructure,,
.staging/devenvironment/workstation/linux/vmware/systemd/mnt-hgfs.mount,297,realm,realm/.staging/workstation/linux/vmware/systemd/mnt-hgfs.mount,realm/workstation/linux/vmware/systemd/mnt-hgfs.mount,normalize-workstation-profile,realm-workstation-profile,executable-infrastructure,,
.staging/devenvironment/workstation/macos/README.md,0,realm,realm/.staging/workstation/macos/README.md,realm/workstation/macos/README.md,normalize-workstation-profile,realm-workstation-profile,executable-infrastructure,,
.staging/devenvironment/workstation/macos/homebrew/Brewfile,215,realm,realm/.staging/workstation/macos/homebrew/Brewfile,realm/workstation/macos/homebrew/Brewfile,normalize-workstation-profile,realm-workstation-profile,executable-infrastructure,,
.staging/devenvironment/workstation/macos/homebrew/Brewfile.ai,77,realm,realm/.staging/workstation/macos/homebrew/Brewfile.ai,realm/workstation/macos/homebrew/Brewfile.ai,normalize-workstation-profile,realm-workstation-profile,executable-infrastructure,,
.staging/devenvironment/workstation/macos/homebrew/Brewfile.core,117,realm,realm/.staging/workstation/macos/homebrew/Brewfile.core,realm/workstation/macos/homebrew/Brewfile.core,normalize-workstation-profile,realm-workstation-profile,executable-infrastructure,,
.staging/devenvironment/workstation/macos/homebrew/Brewfile.desktop,129,realm,realm/.staging/workstation/macos/homebrew/Brewfile.desktop,realm/workstation/macos/homebrew/Brewfile.desktop,normalize-workstation-profile,realm-workstation-profile,executable-infrastructure,,
.staging/devenvironment/workstation/macos/homebrew/Brewfile.dev,166,realm,realm/.staging/workstation/macos/homebrew/Brewfile.dev,realm/workstation/macos/homebrew/Brewfile.dev,normalize-workstation-profile,realm-workstation-profile,executable-infrastructure,,
.staging/devenvironment/workstation/macos/homebrew/Brewfile.media,152,realm,realm/.staging/workstation/macos/homebrew/Brewfile.media,realm/workstation/macos/homebrew/Brewfile.media,normalize-workstation-profile,realm-workstation-profile,executable-infrastructure,,
.staging/devenvironment/workstation/macos/homebrew/Brewfile.personal,84,realm,realm/.staging/workstation/macos/homebrew/Brewfile.personal,realm/workstation/macos/homebrew/Brewfile.personal,normalize-workstation-profile,realm-workstation-profile,executable-infrastructure,,
.staging/devenvironment/workstation/shared/README.md,705,realm,realm/.staging/workstation/shared/README.md,realm/workstation/shared/README.md,normalize-workstation-profile,realm-workstation-profile,executable-infrastructure,,
.staging/devenvironment/workstation/shared/ack/.ackrc,347,realm,realm/.staging/workstation/shared/ack/.ackrc,realm/workstation/shared/ack/.ackrc,normalize-workstation-profile,realm-workstation-profile,executable-infrastructure,,
.staging/devenvironment/workstation/shared/act/actrc,775,realm,realm/.staging/workstation/shared/act/actrc,realm/workstation/shared/act/actrc,normalize-workstation-profile,realm-workstation-profile,executable-infrastructure,,
.staging/devenvironment/workstation/shared/alacritty/alacritty.toml,544,realm,realm/.staging/workstation/shared/alacritty/alacritty.toml,realm/workstation/shared/alacritty/alacritty.toml,normalize-workstation-profile,realm-workstation-profile,executable-infrastructure,,
.staging/devenvironment/workstation/shared/alacritty/archive/alacritty-reference.yml,38361,realm,realm/.staging/workstation/shared/alacritty/archive/alacritty-reference.yml,realm/workstation/shared/alacritty/archive/alacritty-reference.yml,normalize-workstation-profile,realm-workstation-profile,executable-infrastructure,,
.staging/devenvironment/workstation/shared/applications/README.md,388,realm,realm/.staging/workstation/shared/applications/README.md,realm/workstation/shared/applications/README.md,normalize-workstation-profile,realm-workstation-profile,executable-infrastructure,,
.staging/devenvironment/workstation/shared/applications/asunder/README.md,197,realm,realm/.staging/workstation/shared/applications/asunder/README.md,realm/workstation/shared/applications/asunder/README.md,normalize-workstation-profile,realm-workstation-profile,executable-infrastructure,,
.staging/devenvironment/workstation/shared/applications/bleachbit/README.md,186,realm,realm/.staging/workstation/shared/applications/bleachbit/README.md,realm/workstation/shared/applications/bleachbit/README.md,normalize-workstation-profile,realm-workstation-profile,executable-infrastructure,,
.staging/devenvironment/workstation/shared/applications/bpython/README.md,158,realm,realm/.staging/workstation/shared/applications/bpython/README.md,realm/workstation/shared/applications/bpython/README.md,normalize-workstation-profile,realm-workstation-profile,executable-infrastructure,,
.staging/devenvironment/workstation/shared/applications/emscripten/README.md,128,realm,realm/.staging/workstation/shared/applications/emscripten/README.md,realm/workstation/shared/applications/emscripten/README.md,normalize-workstation-profile,realm-workstation-profile,executable-infrastructure,,
.staging/devenvironment/workstation/shared/applications/gdb/gdbinit,2055,realm,realm/.staging/workstation/shared/applications/gdb/gdbinit,realm/workstation/shared/applications/gdb/gdbinit,normalize-workstation-profile,realm-workstation-profile,executable-infrastructure,,
.staging/devenvironment/workstation/shared/applications/ideavim/.ideavimrc,2368,realm,realm/.staging/workstation/shared/applications/ideavim/.ideavimrc,realm/workstation/shared/applications/ideavim/.ideavimrc,normalize-workstation-profile,realm-workstation-profile,executable-infrastructure,,
.staging/devenvironment/workstation/shared/applications/ideavim/README.md,229,realm,realm/.staging/workstation/shared/applications/ideavim/README.md,realm/workstation/shared/applications/ideavim/README.md,normalize-workstation-profile,realm-workstation-profile,executable-infrastructure,,
.staging/devenvironment/workstation/shared/applications/mercurial/README.md,136,realm,realm/.staging/workstation/shared/applications/mercurial/README.md,realm/workstation/shared/applications/mercurial/README.md,normalize-workstation-profile,realm-workstation-profile,executable-infrastructure,,
.staging/devenvironment/workstation/shared/applications/msmtp/README.md,151,realm,realm/.staging/workstation/shared/applications/msmtp/README.md,realm/workstation/shared/applications/msmtp/README.md,normalize-workstation-profile,realm-workstation-profile,executable-infrastructure,,
.staging/devenvironment/workstation/shared/applications/nautilus/README.md,105,realm,realm/.staging/workstation/shared/applications/nautilus/README.md,realm/workstation/shared/applications/nautilus/README.md,normalize-workstation-profile,realm-workstation-profile,executable-infrastructure,,
.staging/devenvironment/workstation/shared/applications/pip/README.md,255,realm,realm/.staging/workstation/shared/applications/pip/README.md,realm/workstation/shared/applications/pip/README.md,normalize-workstation-profile,realm-workstation-profile,executable-infrastructure,,
.staging/devenvironment/workstation/shared/applications/pip/pip.conf,1191,realm,realm/.staging/workstation/shared/applications/pip/pip.conf,realm/workstation/shared/applications/pip/pip.conf,normalize-workstation-profile,realm-workstation-profile,executable-infrastructure,,
.staging/devenvironment/workstation/shared/applications/rtorrent/README.md,104,realm,realm/.staging/workstation/shared/applications/rtorrent/README.md,realm/workstation/shared/applications/rtorrent/README.md,normalize-workstation-profile,realm-workstation-profile,executable-infrastructure,,
.staging/devenvironment/workstation/shared/applications/screen/.screenrc,993,realm,realm/.staging/workstation/shared/applications/screen/.screenrc,realm/workstation/shared/applications/screen/.screenrc,normalize-workstation-profile,realm-workstation-profile,executable-infrastructure,,
.staging/devenvironment/workstation/shared/applications/screen/README.md,263,realm,realm/.staging/workstation/shared/applications/screen/README.md,realm/workstation/shared/applications/screen/README.md,normalize-workstation-profile,realm-workstation-profile,executable-infrastructure,,
.staging/devenvironment/workstation/shared/applications/scummvm/README.md,79,realm,realm/.staging/workstation/shared/applications/scummvm/README.md,realm/workstation/shared/applications/scummvm/README.md,normalize-workstation-profile,realm-workstation-profile,executable-infrastructure,,
.staging/devenvironment/workstation/shared/applications/sway/README.md,91,realm,realm/.staging/workstation/shared/applications/sway/README.md,realm/workstation/shared/applications/sway/README.md,normalize-workstation-profile,realm-workstation-profile,executable-infrastructure,,
.staging/devenvironment/workstation/shared/applications/tig/tigrc,1624,realm,realm/.staging/workstation/shared/applications/tig/tigrc,realm/workstation/shared/applications/tig/tigrc,normalize-workstation-profile,realm-workstation-profile,executable-infrastructure,,
.staging/devenvironment/workstation/shared/applications/vlc/README.md,240,realm,realm/.staging/workstation/shared/applications/vlc/README.md,realm/workstation/shared/applications/vlc/README.md,normalize-workstation-profile,realm-workstation-profile,executable-infrastructure,,
.staging/devenvironment/workstation/shared/applications/vlc/vlcrc,1557,realm,realm/.staging/workstation/shared/applications/vlc/vlcrc,realm/workstation/shared/applications/vlc/vlcrc,normalize-workstation-profile,realm-workstation-profile,executable-infrastructure,,
.staging/devenvironment/workstation/shared/aria2/aria2.conf,1183,realm,realm/.staging/workstation/shared/aria2/aria2.conf,realm/workstation/shared/aria2/aria2.conf,normalize-workstation-profile,realm-workstation-profile,executable-infrastructure,,
.staging/devenvironment/workstation/shared/asdf/.asdfrc,986,realm,realm/.staging/workstation/shared/asdf/.asdfrc,realm/workstation/shared/asdf/.asdfrc,normalize-workstation-profile,realm-workstation-profile,executable-infrastructure,,
.staging/devenvironment/workstation/shared/curl/.curlrc,4604,realm,realm/.staging/workstation/shared/curl/.curlrc,realm/workstation/shared/curl/.curlrc,normalize-workstation-profile,realm-workstation-profile,executable-infrastructure,,
.staging/devenvironment/workstation/shared/fontconfig/fonts.conf,127,realm,realm/.staging/workstation/shared/fontconfig/fonts.conf,realm/workstation/shared/fontconfig/fonts.conf,normalize-workstation-profile,realm-workstation-profile,executable-infrastructure,,
.staging/devenvironment/workstation/shared/git/.gitconfig,4772,realm,realm/.staging/workstation/shared/git/.gitconfig,realm/workstation/shared/git/.gitconfig,normalize-workstation-profile,realm-workstation-profile,executable-infrastructure,,
.staging/devenvironment/workstation/shared/git/.gitignore_global,1895,realm,realm/.staging/workstation/shared/git/.gitignore_global,realm/workstation/shared/git/.gitignore_global,normalize-workstation-profile,realm-workstation-profile,executable-infrastructure,,
.staging/devenvironment/workstation/shared/git/gitconfig,6628,realm,realm/.staging/workstation/shared/git/gitconfig,realm/workstation/shared/git/gitconfig,normalize-workstation-profile,realm-workstation-profile,executable-infrastructure,,
.staging/devenvironment/workstation/shared/npm/.npmrc,1255,realm,realm/.staging/workstation/shared/npm/.npmrc,realm/workstation/shared/npm/.npmrc,normalize-workstation-profile,realm-workstation-profile,executable-infrastructure,,
.staging/devenvironment/workstation/shared/python/.pythonrc.py,13830,realm,realm/.staging/workstation/shared/python/.pythonrc.py,realm/workstation/shared/python/.pythonrc.py,normalize-workstation-profile,realm-workstation-profile,executable-infrastructure,,
.staging/devenvironment/workstation/shared/readline/.inputrc,1379,realm,realm/.staging/workstation/shared/readline/.inputrc,realm/workstation/shared/readline/.inputrc,normalize-workstation-profile,realm-workstation-profile,executable-infrastructure,,
.staging/devenvironment/workstation/shared/shell/.bash_logout,506,mantle,mantle/.staging/runtime/shells/.bash_logout,mantle/runtime/shells/.bash_logout,merge-with-shell-runtime,mantle-shell-session-defaults,host-runtime-configuration,,
.staging/devenvironment/workstation/shared/shell/.hushlogin,239,mantle,mantle/.staging/runtime/shells/.hushlogin,mantle/runtime/shells/.hushlogin,merge-with-shell-runtime,mantle-shell-session-defaults,host-runtime-configuration,,
.staging/devenvironment/workstation/shared/wget/.wgetrc,1855,realm,realm/.staging/workstation/shared/wget/.wgetrc,realm/workstation/shared/wget/.wgetrc,normalize-workstation-profile,realm-workstation-profile,executable-infrastructure,,
.staging/hygiene/33965.png,302417,egolint,egolint/.staging/assets/references/33965.png,egolint/assets/references/33965.png,visual-review-rename-and-curate,egolint-visual-reference-intake,passive-binary,,
.staging/hygiene/33986.png,345348,empathy,identity/.staging/references/ego-hygiene/33986.png,.identity/references/ego-hygiene/33986.png,visual-review-rename-and-curate,empathy-visual-reference-intake,passive-binary,,
.staging/hygiene/IMG_20260705_135315.png,1701343,research,research/.staging/assets/therapy/IMG_20260705_135315.png,research/antidote/assets/references/IMG_20260705_135315.png,visual-review-rename-and-curate,research-visual-reference-intake,passive-binary,,executable
.staging/hygiene/IMG_20260725_173315.png,1951359,dreamscape,dreamscape/.staging/assets/references/IMG_20260725_173315.png,dreamscape/assets/references/IMG_20260725_173315.png,visual-review-rename-and-curate,dreamscape-visual-reference-intake,passive-binary,,executable
.staging/hygiene/IMG_20260725_173326.png,1939003,research,research/.staging/assets/therapy/IMG_20260725_173326.png,research/antidote/assets/references/IMG_20260725_173326.png,visual-review-rename-and-curate,research-visual-reference-intake,passive-binary,,executable
.staging/hygiene/IMG_20260725_173346.png,1880989,empathy,identity/.staging/references/ego-hygiene/IMG_20260725_173346.png,.identity/references/ego-hygiene/IMG_20260725_173346.png,visual-review-rename-and-curate,empathy-visual-reference-intake,passive-binary,,executable
.staging/hygiene/Neon tech infographic_ Realm developer environment.png,1751942,realm,realm/.staging/assets/references/Neon tech infographic_ Realm developer environment.png,realm/assets/references/Neon tech infographic_ Realm developer environment.png,visual-review-rename-and-curate,realm-visual-reference-intake,passive-binary,,
.staging/hygiene/aniflow-architecture.png,1827543,aniflow,aniflow/.staging/assets/references/aniflow-architecture.png,aniflow/assets/references/aniflow-architecture.png,visual-review-rename-and-curate,aniflow-visual-reference-intake,passive-binary,,
.staging/hygiene/architecture-design.png,345507,empathy,identity/.staging/references/ego-hygiene/architecture-design.png,.identity/references/ego-hygiene/architecture-design.png,visual-review-rename-and-curate,empathy-visual-reference-intake,passive-binary,,
.staging/hygiene/egolint-architecture.png,1756819,egolint,egolint/.staging/assets/references/egolint-architecture.png,egolint/assets/references/egolint-architecture.png,visual-review-rename-and-curate,egolint-visual-reference-intake,passive-binary,,
.staging/hygiene/file_0000000000e8720c8267d3573a3ab98c.png,2089791,dreamscape,dreamscape/.staging/assets/references/file_0000000000e8720c8267d3573a3ab98c.png,dreamscape/assets/references/file_0000000000e8720c8267d3573a3ab98c.png,visual-review-rename-and-curate,dreamscape-visual-reference-intake,passive-binary,,executable
.staging/hygiene/file_000000000428722f94d32cfcdc72d24b.png,1806675,empathy,identity/.staging/references/ego-hygiene/file_000000000428722f94d32cfcdc72d24b.png,.identity/references/ego-hygiene/file_000000000428722f94d32cfcdc72d24b.png,visual-review-rename-and-curate,empathy-visual-reference-intake,passive-binary,,executable
.staging/hygiene/file_000000000f4881f58c7dfbe4ebed8c04.png,1882519,beacon,beacon/.staging/assets/references/file_000000000f4881f58c7dfbe4ebed8c04.png,beacon/assets/references/file_000000000f4881f58c7dfbe4ebed8c04.png,visual-review-rename-and-curate,beacon-visual-reference-intake,passive-binary,,executable
.staging/hygiene/file_000000000ffc722f9ca6eb302699b0c1.png,1737142,reflector,reflector/.staging/assets/references/file_000000000ffc722f9ca6eb302699b0c1.png,reflector/assets/references/file_000000000ffc722f9ca6eb302699b0c1.png,visual-review-rename-and-curate,reflector-visual-reference-intake,passive-binary,,executable
.staging/hygiene/file_000000001154722f8ee619fcba1bcc67.png,1733254,empathy,identity/.staging/references/ego-hygiene/file_000000001154722f8ee619fcba1bcc67.png,.identity/references/ego-hygiene/file_000000001154722f8ee619fcba1bcc67.png,visual-review-rename-and-curate,empathy-visual-reference-intake,passive-binary,,executable
.staging/hygiene/file_0000000013b481f6b4d3deefddfee037.png,1801695,empathy,identity/.staging/references/ego-hygiene/file_0000000013b481f6b4d3deefddfee037.png,.identity/references/ego-hygiene/file_0000000013b481f6b4d3deefddfee037.png,visual-review-rename-and-curate,empathy-visual-reference-intake,passive-binary,,executable
.staging/hygiene/file_00000000143881f5868734463f460d37.png,1720402,aether,aether/.staging/assets/references/file_00000000143881f5868734463f460d37.png,aether/assets/references/file_00000000143881f5868734463f460d37.png,visual-review-rename-and-curate,aether-visual-reference-intake,passive-binary,,executable
.staging/hygiene/file_0000000015fc722fabc6c07a9e4c36bb.png,2058744,empathy,identity/.staging/references/ego-hygiene/file_0000000015fc722fabc6c07a9e4c36bb.png,.identity/references/ego-hygiene/file_0000000015fc722fabc6c07a9e4c36bb.png,visual-review-rename-and-curate,empathy-visual-reference-intake,passive-binary,,executable
.staging/hygiene/file_00000000216071f68697b89112908b2a.png,2132402,holon,holon/.staging/assets/references/file_00000000216071f68697b89112908b2a.png,holon/assets/references/file_00000000216071f68697b89112908b2a.png,visual-review-rename-and-curate,holon-visual-reference-intake,passive-binary,,executable
.staging/hygiene/file_0000000021e081f6856ca695252c15c1.png,1758191,egolint,egolint/.staging/assets/references/file_0000000021e081f6856ca695252c15c1.png,egolint/assets/references/file_0000000021e081f6856ca695252c15c1.png,visual-review-rename-and-curate,egolint-visual-reference-intake,passive-binary,,executable
.staging/hygiene/file_0000000021e481f6b29a419bc4b311a7.png,1780781,holon,holon/.staging/assets/references/file_0000000021e481f6b29a419bc4b311a7.png,holon/assets/references/file_0000000021e481f6b29a419bc4b311a7.png,visual-review-rename-and-curate,holon-visual-reference-intake,passive-binary,,executable
.staging/hygiene/file_00000000270c720cae8a8dc846c6cbd3.png,1877317,beacon,beacon/.staging/assets/references/file_00000000270c720cae8a8dc846c6cbd3.png,beacon/assets/references/file_00000000270c720cae8a8dc846c6cbd3.png,visual-review-rename-and-curate,beacon-visual-reference-intake,passive-binary,,executable
.staging/hygiene/file_00000000299481f59cc2fb2899cc2e34.png,2108527,renderflow,renderflow/.staging/assets/references/file_00000000299481f59cc2fb2899cc2e34.png,renderflow/assets/references/file_00000000299481f59cc2fb2899cc2e34.png,visual-review-rename-and-curate,renderflow-visual-reference-intake,passive-binary,,executable
.staging/hygiene/file_000000002c1881f68b66f785f5abdd7d.png,1698848,realm,realm/.staging/assets/references/file_000000002c1881f68b66f785f5abdd7d.png,realm/assets/references/file_000000002c1881f68b66f785f5abdd7d.png,visual-review-rename-and-curate,realm-visual-reference-intake,passive-binary,,executable
.staging/hygiene/file_000000002c3c71f59cc8d354ef13a47b.png,2768155,identity,identity/.staging/assets/references/file_000000002c3c71f59cc8d354ef13a47b.png,identity/assets/references/file_000000002c3c71f59cc8d354ef13a47b.png,visual-review-rename-and-curate,identity-visual-reference-intake,passive-binary,,executable
.staging/hygiene/file_000000002c6481f6875ab9b29b0e386a.png,1652749,holon,holon/.staging/assets/references/file_000000002c6481f6875ab9b29b0e386a.png,holon/assets/references/file_000000002c6481f6875ab9b29b0e386a.png,visual-review-rename-and-curate,holon-visual-reference-intake,passive-binary,,executable
.staging/hygiene/file_000000003b8c722f8bf6f4e3f3ba0585.png,1915704,mindgarden,mindgarden/.staging/assets/references/file_000000003b8c722f8bf6f4e3f3ba0585.png,mindgarden/assets/references/file_000000003b8c722f8bf6f4e3f3ba0585.png,visual-review-rename-and-curate,mindgarden-visual-reference-intake,passive-binary,,executable
.staging/hygiene/file_0000000041d4722fa3d832b80f56f190.png,1571249,empathy,identity/.staging/references/ego-hygiene/file_0000000041d4722fa3d832b80f56f190.png,.identity/references/ego-hygiene/file_0000000041d4722fa3d832b80f56f190.png,visual-review-rename-and-curate,empathy-visual-reference-intake,passive-binary,,executable
.staging/hygiene/file_000000004b6c71f5876cf4a4d194eff3.png,1648122,aether,aether/.staging/assets/references/file_000000004b6c71f5876cf4a4d194eff3.png,aether/assets/references/file_000000004b6c71f5876cf4a4d194eff3.png,visual-review-rename-and-curate,aether-visual-reference-intake,passive-binary,,executable
.staging/hygiene/file_000000004fe071f5b46334e3dbfa7477.png,2021780,aether,aether/.staging/assets/references/file_000000004fe071f5b46334e3dbfa7477.png,aether/assets/references/file_000000004fe071f5b46334e3dbfa7477.png,visual-review-rename-and-curate,aether-visual-reference-intake,passive-binary,,executable
.staging/hygiene/file_0000000059dc71f5af1533ffa363427c.png,1791318,empathy,identity/.staging/references/ego-hygiene/file_0000000059dc71f5af1533ffa363427c.png,.identity/references/ego-hygiene/file_0000000059dc71f5af1533ffa363427c.png,visual-review-rename-and-curate,empathy-visual-reference-intake,passive-binary,,executable
.staging/hygiene/file_000000005a0071f7a9070ca4d6a4f0dc.png,1880989,empathy,identity/.staging/references/ego-hygiene/file_000000005a0071f7a9070ca4d6a4f0dc.png,.identity/references/ego-hygiene/file_000000005a0071f7a9070ca4d6a4f0dc.png,visual-review-rename-and-curate,empathy-visual-reference-intake,passive-binary,.staging/hygiene/IMG_20260725_173346.png,executable
.staging/hygiene/file_000000005ce471f5b74deeef246ee6db.png,1735442,aether,aether/.staging/assets/references/file_000000005ce471f5b74deeef246ee6db.png,aether/assets/references/file_000000005ce471f5b74deeef246ee6db.png,visual-review-rename-and-curate,aether-visual-reference-intake,passive-binary,,executable
.staging/hygiene/file_0000000071b4720cabae6f4b488b8140.png,2127615,dreamscape,dreamscape/.staging/assets/references/file_0000000071b4720cabae6f4b488b8140.png,dreamscape/assets/references/file_0000000071b4720cabae6f4b488b8140.png,visual-review-rename-and-curate,dreamscape-visual-reference-intake,passive-binary,,executable
.staging/hygiene/file_00000000736c71f5b571dd4fe9aa537c.png,2114488,dreamscape,dreamscape/.staging/assets/references/file_00000000736c71f5b571dd4fe9aa537c.png,dreamscape/assets/references/file_00000000736c71f5b571dd4fe9aa537c.png,visual-review-rename-and-curate,dreamscape-visual-reference-intake,passive-binary,,executable
.staging/hygiene/file_0000000075f471f5a4cba15260da824a.png,1886155,dreamscape,dreamscape/.staging/assets/references/file_0000000075f471f5a4cba15260da824a.png,dreamscape/assets/references/file_0000000075f471f5a4cba15260da824a.png,visual-review-rename-and-curate,dreamscape-visual-reference-intake,passive-binary,,executable
.staging/hygiene/file_0000000082ac81f5931b9e6ef3ea572e.png,2092363,empathy,identity/.staging/references/ego-hygiene/file_0000000082ac81f5931b9e6ef3ea572e.png,.identity/references/ego-hygiene/file_0000000082ac81f5931b9e6ef3ea572e.png,visual-review-rename-and-curate,empathy-visual-reference-intake,passive-binary,,executable
.staging/hygiene/file_000000009b2c81f5be91f6113e2e3741.png,1898069,aether,aether/.staging/assets/references/file_000000009b2c81f5be91f6113e2e3741.png,aether/assets/references/file_000000009b2c81f5be91f6113e2e3741.png,visual-review-rename-and-curate,aether-visual-reference-intake,passive-binary,,executable
.staging/hygiene/file_00000000a26481f69e08d630141671f5.png,1557754,renderflow,renderflow/.staging/assets/references/file_00000000a26481f69e08d630141671f5.png,renderflow/assets/references/file_00000000a26481f69e08d630141671f5.png,visual-review-rename-and-curate,renderflow-visual-reference-intake,passive-binary,,executable
.staging/hygiene/file_00000000a43481f6820c6471a16dfd91.png,1834361,identity,identity/.staging/assets/references/file_00000000a43481f6820c6471a16dfd91.png,identity/assets/references/file_00000000a43481f6820c6471a16dfd91.png,visual-review-rename-and-curate,identity-visual-reference-intake,passive-binary,,executable
.staging/hygiene/file_00000000a964722faa6e6946fd77f81e.png,1634987,reflector,reflector/.staging/assets/references/file_00000000a964722faa6e6946fd77f81e.png,reflector/assets/references/file_00000000a964722faa6e6946fd77f81e.png,visual-review-rename-and-curate,reflector-visual-reference-intake,passive-binary,,executable
.staging/hygiene/file_00000000aaf0720c84b1917ba66ee1a0.png,2028806,dreamscape,dreamscape/.staging/assets/references/file_00000000aaf0720c84b1917ba66ee1a0.png,dreamscape/assets/references/file_00000000aaf0720c84b1917ba66ee1a0.png,visual-review-rename-and-curate,dreamscape-visual-reference-intake,passive-binary,,executable
.staging/hygiene/file_00000000af9071f5b21daeac97018df7.png,1939003,research,research/.staging/assets/therapy/file_00000000af9071f5b21daeac97018df7.png,research/antidote/assets/references/file_00000000af9071f5b21daeac97018df7.png,visual-review-rename-and-curate,research-visual-reference-intake,passive-binary,.staging/hygiene/IMG_20260725_173326.png,executable
.staging/hygiene/file_00000000b0dc71f6a4ef589356ba8890.png,1645507,mindgarden,mindgarden/.staging/assets/references/file_00000000b0dc71f6a4ef589356ba8890.png,mindgarden/assets/references/file_00000000b0dc71f6a4ef589356ba8890.png,visual-review-rename-and-curate,mindgarden-visual-reference-intake,passive-binary,,executable
.staging/hygiene/file_00000000b300720ca08e1455f16d35e7.png,2380295,dreamscape,dreamscape/.staging/assets/references/file_00000000b300720ca08e1455f16d35e7.png,dreamscape/assets/references/file_00000000b300720ca08e1455f16d35e7.png,visual-review-rename-and-curate,dreamscape-visual-reference-intake,passive-binary,,executable
.staging/hygiene/file_00000000b32c81f583a2294dd81ab8fa.png,1963094,dreamscape,dreamscape/.staging/assets/references/file_00000000b32c81f583a2294dd81ab8fa.png,dreamscape/assets/references/file_00000000b32c81f583a2294dd81ab8fa.png,visual-review-rename-and-curate,dreamscape-visual-reference-intake,passive-binary,,executable
.staging/hygiene/file_00000000b71871f78204271e1d7c61ae.png,2419980,mindgarden,mindgarden/.staging/assets/references/file_00000000b71871f78204271e1d7c61ae.png,mindgarden/assets/references/file_00000000b71871f78204271e1d7c61ae.png,visual-review-rename-and-curate,mindgarden-visual-reference-intake,passive-binary,,executable
.staging/hygiene/file_00000000bc5c722f8313caf63ae053ec.png,2000357,identity,identity/.staging/assets/references/file_00000000bc5c722f8313caf63ae053ec.png,identity/assets/references/file_00000000bc5c722f8313caf63ae053ec.png,visual-review-rename-and-curate,identity-visual-reference-intake,passive-binary,,executable
.staging/hygiene/file_00000000bef8720cae15d10fabd96c34.png,2022668,empathy,identity/.staging/references/ego-hygiene/file_00000000bef8720cae15d10fabd96c34.png,.identity/references/ego-hygiene/file_00000000bef8720cae15d10fabd96c34.png,visual-review-rename-and-curate,empathy-visual-reference-intake,passive-binary,,executable
.staging/hygiene/file_00000000c214822fac33d78c0acf249a.png,3884453,identity,identity/.staging/references/external/external-incompris/file_00000000c214822fac33d78c0acf249a.png,identity/references/external/external-incompris/file_00000000c214822fac33d78c0acf249a.png,archive-outside-product-assets,identity-reference-external-incompris,passive-binary,,executable
.staging/hygiene/file_00000000c25871f5b03e88f65b73f960.png,1428072,empathy,identity/.staging/references/ego-hygiene/file_00000000c25871f5b03e88f65b73f960.png,.identity/references/ego-hygiene/file_00000000c25871f5b03e88f65b73f960.png,visual-review-rename-and-curate,empathy-visual-reference-intake,passive-binary,,executable
.staging/hygiene/file_00000000c33071f5bc8d983f29e39d31.png,1823733,empathy,identity/.staging/references/ego-hygiene/file_00000000c33071f5bc8d983f29e39d31.png,.identity/references/ego-hygiene/file_00000000c33071f5bc8d983f29e39d31.png,visual-review-rename-and-curate,empathy-visual-reference-intake,passive-binary,,executable
.staging/hygiene/file_00000000c5c071f79196b9191e5c5f3f.png,1963128,empathy,identity/.staging/references/ego-hygiene/file_00000000c5c071f79196b9191e5c5f3f.png,.identity/references/ego-hygiene/file_00000000c5c071f79196b9191e5c5f3f.png,visual-review-rename-and-curate,empathy-visual-reference-intake,passive-binary,,executable
.staging/hygiene/file_00000000c87c722f94df4754ed62c89d.png,1708329,empathy,identity/.staging/references/ego-hygiene/file_00000000c87c722f94df4754ed62c89d.png,.identity/references/ego-hygiene/file_00000000c87c722f94df4754ed62c89d.png,visual-review-rename-and-curate,empathy-visual-reference-intake,passive-binary,,executable
.staging/hygiene/file_00000000c9a481f5879c3fab78c86e9e.png,1997089,dreamscape,dreamscape/.staging/assets/references/file_00000000c9a481f5879c3fab78c86e9e.png,dreamscape/assets/references/file_00000000c9a481f5879c3fab78c86e9e.png,visual-review-rename-and-curate,dreamscape-visual-reference-intake,passive-binary,,executable
.staging/hygiene/file_00000000cc48722f8232bba67f12f8af.png,1951359,dreamscape,dreamscape/.staging/assets/references/file_00000000cc48722f8232bba67f12f8af.png,dreamscape/assets/references/file_00000000cc48722f8232bba67f12f8af.png,visual-review-rename-and-curate,dreamscape-visual-reference-intake,passive-binary,.staging/hygiene/IMG_20260725_173315.png,executable
.staging/hygiene/file_00000000cf5081f68e06cf594c88f3ad.png,1688109,mindcap,mindcap/.staging/assets/references/file_00000000cf5081f68e06cf594c88f3ad.png,mindcap/assets/references/file_00000000cf5081f68e06cf594c88f3ad.png,visual-review-rename-and-curate,mindcap-visual-reference-intake,passive-binary,,executable
.staging/hygiene/file_00000000d258720c9ccbeca602b49339.png,1937248,identity,identity/.staging/references/external/personal-archive/file_00000000d258720c9ccbeca602b49339.png,identity/references/external/personal-archive/file_00000000d258720c9ccbeca602b49339.png,archive-outside-product-assets,identity-reference-personal-archive,passive-binary,,executable
.staging/hygiene/file_00000000dc48720cb3f0b5cd2fc3420e.png,2138712,dreamscape,dreamscape/.staging/assets/references/file_00000000dc48720cb3f0b5cd2fc3420e.png,dreamscape/assets/references/file_00000000dc48720cb3f0b5cd2fc3420e.png,visual-review-rename-and-curate,dreamscape-visual-reference-intake,passive-binary,,executable
.staging/hygiene/file_00000000e6c881f681508cafdd35f2e5.png,1751942,realm,realm/.staging/assets/references/file_00000000e6c881f681508cafdd35f2e5.png,realm/assets/references/file_00000000e6c881f681508cafdd35f2e5.png,visual-review-rename-and-curate,realm-visual-reference-intake,passive-binary,.staging/hygiene/Neon tech infographic_ Realm developer environment.png,executable
.staging/hygiene/file_00000000efdc81f5b175832ccac47cb1.png,1632459,egolint,egolint/.staging/assets/references/file_00000000efdc81f5b175832ccac47cb1.png,egolint/assets/references/file_00000000efdc81f5b175832ccac47cb1.png,visual-review-rename-and-curate,egolint-visual-reference-intake,passive-binary,,executable
.staging/hygiene/file_00000000f77c71f5b3930b1e2f4bcb51.png,2031308,empathy,identity/.staging/references/ego-hygiene/file_00000000f77c71f5b3930b1e2f4bcb51.png,.identity/references/ego-hygiene/file_00000000f77c71f5b3930b1e2f4bcb51.png,visual-review-rename-and-curate,empathy-visual-reference-intake,passive-binary,,executable
.staging/hygiene/file_00000000f8a081f698d9e0472a3829e0.png,1784844,renderflow,renderflow/.staging/assets/references/file_00000000f8a081f698d9e0472a3829e0.png,renderflow/assets/references/file_00000000f8a081f698d9e0472a3829e0.png,visual-review-rename-and-curate,renderflow-visual-reference-intake,passive-binary,,executable
.staging/hygiene/file_00000000fc0081f6b9df9b331da36635.png,1822903,mindgarden,mindgarden/.staging/assets/references/file_00000000fc0081f6b9df9b331da36635.png,mindgarden/assets/references/file_00000000fc0081f6b9df9b331da36635.png,visual-review-rename-and-curate,mindgarden-visual-reference-intake,passive-binary,,executable
.staging/hygiene/file_00000000fd40722f8dc7d4d656f3c878.png,1971741,dreamscape,dreamscape/.staging/assets/references/file_00000000fd40722f8dc7d4d656f3c878.png,dreamscape/assets/references/file_00000000fd40722f8dc7d4d656f3c878.png,visual-review-rename-and-curate,dreamscape-visual-reference-intake,passive-binary,,executable
.staging/hygiene/markup_7991.png,1818494,empathy,identity/.staging/references/ego-hygiene/markup_7991.png,.identity/references/ego-hygiene/markup_7991.png,visual-review-rename-and-curate,empathy-visual-reference-intake,passive-binary,,executable
.staging/hygiene/markup_8948.png,2117568,empathy,identity/.staging/references/ego-hygiene/markup_8948.png,.identity/references/ego-hygiene/markup_8948.png,visual-review-rename-and-curate,empathy-visual-reference-intake,passive-binary,,executable
.staging/hygiene/markup_8964.png,2261760,dreamscape,dreamscape/.staging/assets/references/markup_8964.png,dreamscape/assets/references/markup_8964.png,visual-review-rename-and-curate,dreamscape-visual-reference-intake,passive-binary,,executable
.staging/hygiene/markup_8966.png,1971338,identity,identity/.staging/references/external/personal-archive/markup_8966.png,identity/references/external/personal-archive/markup_8966.png,archive-outside-product-assets,identity-reference-personal-archive,passive-binary,,executable
.staging/hygiene/markup_9109.png,2122267,empathy,identity/.staging/references/ego-hygiene/markup_9109.png,.identity/references/ego-hygiene/markup_9109.png,visual-review-rename-and-curate,empathy-visual-reference-intake,passive-binary,,executable
.staging/hygiene/markup_9250.png,2076113,empathy,identity/.staging/references/ego-hygiene/markup_9250.png,.identity/references/ego-hygiene/markup_9250.png,visual-review-rename-and-curate,empathy-visual-reference-intake,passive-binary,,executable
.staging/hygiene/mindgarden-architecture.png,1604364,mindgarden,mindgarden/.staging/assets/references/mindgarden-architecture.png,mindgarden/assets/references/mindgarden-architecture.png,visual-review-rename-and-curate,mindgarden-visual-reference-intake,passive-binary,,
.staging/hygiene/mindgarden-banner.png,1160543,mindgarden,mindgarden/.staging/assets/references/mindgarden-banner.png,mindgarden/assets/references/mindgarden-banner.png,visual-review-rename-and-curate,mindgarden-visual-reference-intake,passive-binary,,
.staging/misc/ROADMAP.md,17369,empathy,tools/ROADMAP.md,tools/ROADMAP.md,delete-exact-duplicate,empathy-tools-roadmap,passive-reference,tools/ROADMAP.md,
.staging/misc/fastfetch.jsonc,9841,mantle,mantle/.staging/config/fastfetch.jsonc,mantle/config/fastfetch.jsonc,merge-with-shell-banner,mantle-fastfetch-presentation,host-runtime-configuration,,
.staging/misc/future-anime-compiler-architecture-notes.md,1499,dreamscape,dreamscape/.staging/research/future-anime-compiler-architecture-notes.md,dreamscape/research/future-anime-compiler-architecture-notes.md,preserve-as-research,dreamscape-animation-research,passive-reference,,
.staging/misc/megalinter-remediation-checklist-indented.md,6785,egolint,egolint/.staging/audits/megalinter-remediation-checklist-indented.md,.audits/egolint/megalinter-remediation-checklist.md,merge-with-active-audit,egolint-megalinter-remediation-checklist,passive-reference,,
.staging/misc/terminal-execution-capture.spec.md,10127,aether,aether/.staging/library/organization/specifications/terminal-execution-capture.spec.md,aether/library/organization/specifications/terminal-execution-capture.spec.md,validate-and-promote,aether-terminal-capture-spec,staged-instruction,,
.staging/misc/universal.png,1715879,holon,holon/.staging/templates/universal-app/apps/ui/public/universal.png,holon/templates/universal-app/apps/ui/public/universal.png,delete-exact-duplicate-after-move,holon-universal-app-ui,passive-binary,,
.staging/mkdocs.yml,2898,mindgarden,mindgarden/.staging/profiles/mkdocs/mkdocs.yml,mindgarden/profiles/mkdocs/mkdocs.yml,parameterize-publishing-profile,mindgarden-mkdocs-profile,executable-site-configuration,,
.staging/renderflow/favicon-full.png,1197388,renderflow,renderflow/.staging/assets/branding/favicon-full.png,renderflow/assets/branding/favicon-full.png,visual-review-rename-and-curate,renderflow-branding-assets,passive-binary,,
.staging/renderflow/renderflow-badge.png,1272547,renderflow,renderflow/.staging/assets/branding/renderflow-badge.png,renderflow/assets/branding/renderflow-badge.png,visual-review-rename-and-curate,renderflow-branding-assets,passive-binary,,
.staging/renderflow/renderflow-badge2.png,1262085,renderflow,renderflow/.staging/assets/branding/renderflow-badge2.png,renderflow/assets/branding/renderflow-badge2.png,visual-review-rename-and-curate,renderflow-branding-assets,passive-binary,,
.staging/renderflow/renderflow-banner.png,922667,renderflow,renderflow/.staging/assets/branding/renderflow-banner.png,renderflow/assets/branding/renderflow-banner.png,visual-review-rename-and-curate,renderflow-branding-assets,passive-binary,,
.staging/repository-open-graph-template.png,51470,identity,identity/.staging/references/github/repository-open-graph-template.png,identity/references/github/repository-open-graph-template.png,preserve-as-reference,identity-github-social-preview,passive-binary,,
.staging/tasks-todo.yml,12874,empathy,.staging/tasks-todo.yml,.tasks/ or an owning capability profile,review-adapt-or-delete,empathy-deferred-task-review,inert-executable-task-configuration,,
.staging/templates/changesets/.changeset/README.md,757,holon,holon/.staging/templates/node/changesets/.changeset/README.md,holon/templates/node/changesets/.changeset/README.md,parameterize-template,holon-changesets-template,passive-template-source,,
.staging/templates/changesets/.changeset/config.json,267,holon,holon/.staging/templates/node/changesets/.changeset/config.json,holon/templates/node/changesets/.changeset/config.json,parameterize-template,holon-changesets-template,passive-template-source,,
.staging/templates/community/GOVERNANCE.md,3443,empathy,.staging/universal/GOVERNANCE.md,GOVERNANCE.md,merge-into-universal-baseline,empathy-universal-community-files,passive-policy-source,,
.staging/templates/paper/.latexmkrc,215,beacon,beacon/.staging/templates/research-paper/.latexmkrc,beacon/templates/research-paper/.latexmkrc,merge-with-existing-template,beacon-research-paper-template,passive-template-source,,
.staging/templates/paper/README.md,1220,beacon,beacon/.staging/templates/research-paper/README.md,beacon/templates/research-paper/README.md,merge-with-existing-template,beacon-research-paper-template,passive-template-source,,
.staging/templates/paper/abstract.md,225,beacon,beacon/.staging/templates/research-paper/abstract.md,beacon/templates/research-paper/abstract.md,merge-with-existing-template,beacon-research-paper-template,passive-template-source,,
.staging/templates/paper/assets/.gitkeep,0,beacon,beacon/.staging/templates/research-paper/assets/.gitkeep,beacon/templates/research-paper/assets/.gitkeep,merge-with-existing-template,beacon-research-paper-template,passive-template-source,,
.staging/templates/paper/diagrams/.gitkeep,0,beacon,beacon/.staging/templates/research-paper/diagrams/.gitkeep,beacon/templates/research-paper/diagrams/.gitkeep,merge-with-existing-template,beacon-research-paper-template,passive-template-source,,
.staging/templates/paper/examples/.gitkeep,0,beacon,beacon/.staging/templates/research-paper/examples/.gitkeep,beacon/templates/research-paper/examples/.gitkeep,merge-with-existing-template,beacon-research-paper-template,passive-template-source,,
.staging/templates/paper/figures/.gitkeep,0,beacon,beacon/.staging/templates/research-paper/figures/.gitkeep,beacon/templates/research-paper/figures/.gitkeep,merge-with-existing-template,beacon-research-paper-template,passive-template-source,,
.staging/templates/paper/notes.md,278,beacon,beacon/.staging/templates/research-paper/notes.md,beacon/templates/research-paper/notes.md,merge-with-existing-template,beacon-research-paper-template,passive-template-source,,
.staging/templates/paper/outline.md,121,beacon,beacon/.staging/templates/research-paper/outline.md,beacon/templates/research-paper/outline.md,merge-with-existing-template,beacon-research-paper-template,passive-template-source,,
.staging/templates/paper/paper.tex,4226,beacon,beacon/.staging/templates/research-paper/paper.tex,beacon/templates/research-paper/paper.tex,merge-with-existing-template,beacon-research-paper-template,passive-template-source,,
.staging/templates/paper/references.bib,429,beacon,beacon/.staging/templates/research-paper/references.bib,beacon/templates/research-paper/references.bib,merge-with-existing-template,beacon-research-paper-template,passive-template-source,,
.staging/templates/paper/references/.gitkeep,0,beacon,beacon/.staging/templates/research-paper/references/.gitkeep,beacon/templates/research-paper/references/.gitkeep,merge-with-existing-template,beacon-research-paper-template,passive-template-source,,
.staging/templates/paper/roadmap.md,556,beacon,beacon/.staging/templates/research-paper/roadmap.md,beacon/templates/research-paper/roadmap.md,merge-with-existing-template,beacon-research-paper-template,passive-template-source,,
.staging/templates/paper/sections/abstract.tex,322,beacon,beacon/.staging/templates/research-paper/sections/abstract.tex,beacon/templates/research-paper/sections/abstract.tex,merge-with-existing-template,beacon-research-paper-template,passive-template-source,,
.staging/templates/paper/sections/conclusion.tex,123,beacon,beacon/.staging/templates/research-paper/sections/conclusion.tex,beacon/templates/research-paper/sections/conclusion.tex,merge-with-existing-template,beacon-research-paper-template,passive-template-source,,
.staging/templates/paper/sections/future_work.tex,136,beacon,beacon/.staging/templates/research-paper/sections/future_work.tex,beacon/templates/research-paper/sections/future_work.tex,merge-with-existing-template,beacon-research-paper-template,passive-template-source,,
.staging/templates/paper/sections/introduction.tex,256,beacon,beacon/.staging/templates/research-paper/sections/introduction.tex,beacon/templates/research-paper/sections/introduction.tex,merge-with-existing-template,beacon-research-paper-template,passive-template-source,,
.staging/vite.corpus.txt,72050,holon,holon/.staging/corpora/vite-configs.txt,holon/references/corpora/vite-configs.txt,preserve-as-reference-corpus,holon-vite-template-research,passive-reference,,
