Results of jscpd linter (version 5.0.14)
See documentation on https://megalinter.io/10.0.0/descriptors/copypaste_jscpd/
-----------------------------------------------

❌ [ERROR] for workspace /github/workspace
Linter raw log:
Using config from .reports/megalinter/jscpd-config.json
config file .reports/megalinter/jscpd-config.json: unknown field '$schema'
Clone found (markdown)
 - .audits/egolint/2026-08-11-complementary-toolchain-audit.md:markdown [27:27 - 35:27] (9 lines, 238 tokens)
   .staging/.github/skills/eval-driven-dev/references/wrap-api.md:markdown [25:1 - 26:4]
Clone found (markdown)
 - .audits/egolint/2026-08-11-complementary-toolchain-audit.md:markdown [93:105 - 101:52] (9 lines, 262 tokens)
   .staging/.github/skills/eval-driven-dev/references/5-run-tests.md:markdown [44:258 - 46:4]
Clone found (markdown)
 - .audits/egolint/2026-08-11-complementary-toolchain-audit.md:markdown [94:41 - 101:75] (8 lines, 230 tokens)
   .staging/.github/skills/aspire/references/integrations-catalog.md:markdown [12:1 - 13:4]
Clone found (markdown)
 - .audits/egolint/2026-08-11-integration-audit.md:markdown [171:101 - 176:36] (6 lines, 201 tokens)
   mantle/README.md:markdown [109:198 - 111:3]
Clone found (markdown)
 - .audits/egolint/2026-08-11-integration-audit.md:markdown [202:1 - 211:13] (10 lines, 218 tokens)
   .staging/.github/skills/markdown-to-html/references/basic-markdown.md:markdown [93:39 - 94:3]
Clone found (markdown)
 - .audits/egolint/2026-08-11-megalinter-v10-policy-audit.md:markdown [24:93 - 29:45] (6 lines, 170 tokens)
   ONTOLOGY.md:markdown [127:167 - 129:3]
Clone found (markdown)
 - .audits/egolint/2026-08-11-megalinter-v10-policy-audit.md:markdown [25:31 - 34:4] (10 lines, 218 tokens)
   .staging/.github/skills/markdown-to-html/references/basic-markdown.md:markdown [26:3 - 26:221]
Clone found (markdown)
 - .audits/egolint/2026-08-11-megalinter-v10-policy-audit.md:markdown [47:89 - 54:59] (8 lines, 209 tokens)
   AI_CONSTITUTION.md:markdown [84:206 - 86:3]
Clone found (markdown)
 - .audits/egolint/2026-08-11-megalinter-v10-policy-audit.md:markdown [104:69 - 111:35] (8 lines, 155 tokens)
   .staging/.github/skills/aspire/references/integrations-catalog.md:markdown [51:154 - 52:155]
Clone found (markdown)
 - .audits/egolint/megalinter-remediation-checklist.md:markdown [1:10 - 150:16] (150 lines, 2308 tokens)
   .staging/misc/megalinter-remediation-checklist-indented.md:markdown [1:13 - 150:16]
Clone found (markdown)
 - .audits/egolint/megalinter-remediation-checklist.md:markdown [150:16 - 158:247] (9 lines, 247 tokens)
   .staging/misc/megalinter-remediation-checklist-indented.md:markdown [150:28 - 158:247]
Clone found (yaml)
 - .github/ISSUE_TEMPLATE/architecture.yml [107:1 - 113:18] (7 lines, 51 tokens)
   .github/ISSUE_TEMPLATE/ci.yml [101:1 - 107:18]
Clone found (yaml)
 - .github/ISSUE_TEMPLATE/architecture.yml [107:1 - 113:18] (7 lines, 51 tokens)
   .github/ISSUE_TEMPLATE/dx.yml [73:1 - 79:18]
Clone found (yaml)
 - .github/ISSUE_TEMPLATE/architecture.yml [107:1 - 113:18] (7 lines, 51 tokens)
   .github/ISSUE_TEMPLATE/feature.yml [107:1 - 113:18]
Clone found (yaml)
 - .github/ISSUE_TEMPLATE/architecture.yml [107:1 - 114:26] (8 lines, 69 tokens)
   .github/ISSUE_TEMPLATE/tech-debt.yml [100:1 - 107:18]
Clone found (yaml)
 - .github/actions/commit-if-changed/action.yml [14:63 - 23:69] (10 lines, 64 tokens)
   .github/actions/publish-report-snapshot/action.yml [17:79 - 26:69]
Clone found (python)
 - .github/actions/generate-repository-intelligence-dashboard/generate_repository_intelligence_dashboard.py [1845:96 - 1858:5] (14 lines, 89 tokens)
   .github/actions/generate-repository-intelligence/generate_repository_intelligence.py [335:5 - 349:5]
Clone found (json)
 - .github/actions/generate-repository-intelligence-dashboard/repository-intelligence-dashboard.schema.json [167:26 - 174:21] (8 lines, 73 tokens)
   .github/actions/generate-repository-intelligence-dashboard/repository-intelligence-dashboard.schema.json [187:24 - 194:21]
Clone found (json)
 - .github/actions/generate-repository-intelligence-dashboard/repository-intelligence-dashboard.schema.json [174:49 - 182:20] (9 lines, 51 tokens)
   .github/actions/generate-repository-intelligence-dashboard/repository-intelligence-dashboard.schema.json [196:9 - 204:20]
Clone found (json)
 - .github/actions/generate-repository-intelligence-dashboard/repository-intelligence-dashboard.schema.json [233:17 - 243:5] (11 lines, 96 tokens)
   .github/actions/generate-repository-intelligence/repository-analytics.schema.json [129:13 - 139:5]
Clone found (json)
 - .github/actions/generate-repository-intelligence-dashboard/repository-intelligence-dashboard.schema.json [243:17 - 254:5] (12 lines, 118 tokens)
   .github/actions/generate-repository-intelligence/repository-tree.schema.json [24:13 - 35:5]
Clone found (json)
 - .github/actions/generate-repository-intelligence-dashboard/repository-intelligence-dashboard.schema.json [254:15 - 266:30] (13 lines, 116 tokens)
   .github/actions/generate-repository-intelligence/repository-tree.schema.json [35:11 - 47:30]
Clone found (json)
 - .github/actions/generate-repository-intelligence-dashboard/repository-intelligence-dashboard.schema.json [268:54 - 291:2] (24 lines, 143 tokens)
   .github/actions/generate-repository-intelligence/repository-tree.schema.json [49:50 - 72:2]
Clone found (python)
 - .github/actions/generate-repository-intelligence/generate_repository_analytics.py [67:1 - 76:5] (10 lines, 71 tokens)
   .github/actions/generate-repository-intelligence/generate_repository_intelligence.py [88:1 - 97:5]
Clone found (python)
 - .github/actions/generate-repository-intelligence/generate_repository_analytics.py [80:51 - 97:5] (18 lines, 109 tokens)
   .github/actions/generate-repository-intelligence/generate_repository_intelligence.py [70:21 - 88:5]
Clone found (python)
 - .github/actions/generate-repository-intelligence/generate_repository_analytics.py [287:36 - 294:5] (8 lines, 73 tokens)
   .github/actions/generate-repository-intelligence/generate_repository_analytics.py [295:36 - 302:5]
Clone found (json)
 - .github/actions/generate-repository-intelligence/repository-analytics.schema.json [128:5 - 139:5] (12 lines, 100 tokens)
   .github/actions/generate-repository-intelligence/repository-tree.schema.json [10:36 - 21:5]
Clone found (json)
 - .github/actions/generate-repository-intelligence/repository-analytics.schema.json [153:15 - 159:6] (7 lines, 72 tokens)
   .github/actions/generate-repository-intelligence/repository-analytics.schema.json [165:15 - 171:6]
Clone found (yaml)
 - .github/actions/python-poetry-setup/action.yml [10:1 - 15:49] (6 lines, 50 tokens)
   .github/actions/setup-environment/action.yml [39:1 - 44:49]
Clone found (yaml)
 - .github/actions/setup-agent-environment/action.yml [11:35 - 19:33] (9 lines, 79 tokens)
   .github/actions/setup-environment/action.yml [12:36 - 20:33]
Clone found (yaml)
 - .github/actions/setup-agent-environment/action.yml [22:1 - 27:32] (6 lines, 54 tokens)
   .github/actions/setup-environment/action.yml [35:1 - 40:32]
Clone found (yaml)
 - .github/actions/setup-agent-environment/action.yml [30:1 - 35:18] (6 lines, 51 tokens)
   .github/actions/setup-environment/action.yml [47:1 - 52:18]
Clone found (yaml)
 - .github/workflow-profiles/application-flutter/autofix.yml [39:1 - 53:15] (15 lines, 103 tokens)
   .github/workflow-profiles/release-strategies/changesets-release.yml [98:1 - 112:15]
Clone found (yaml)
 - .github/workflow-profiles/application-flutter/copilot-setup-steps2.yml [10:7 - 15:60] (6 lines, 68 tokens)
   .github/workflow-profiles/application-flutter/copilot-setup-steps2.yml [16:15 - 21:60]
Clone found (yaml)
 - .github/workflow-profiles/application-flutter/copilot-setup-steps2.yml [36:1 - 45:49] (10 lines, 84 tokens)
   .github/workflow-profiles/application-flutter/release-artifacts.yml [245:1 - 254:49]
Clone found (yaml)
 - .github/workflow-profiles/application-flutter/release-artifacts.yml [25:1 - 42:15] (18 lines, 125 tokens)
   .github/workflow-profiles/application-flutter/release-artifacts.yml [151:1 - 168:15]
Clone found (yaml)
 - .github/workflow-profiles/application-flutter/release-artifacts.yml [25:1 - 42:15] (18 lines, 125 tokens)
   .github/workflow-profiles/application-flutter/release-artifacts.yml [233:1 - 250:15]
Clone found (yaml)
 - .github/workflow-profiles/application-flutter/release-artifacts.yml [26:20 - 46:15] (21 lines, 124 tokens)
   .github/workflow-profiles/application-flutter/release-artifacts.yml [190:19 - 209:15]
Clone found (yaml)
 - .github/workflow-profiles/application-flutter/release-artifacts.yml [56:1 - 64:11] (9 lines, 77 tokens)
   .github/workflow-profiles/application-flutter/release-artifacts.yml [86:1 - 94:11]
Clone found (yaml)
 - .github/workflow-profiles/container-platform/benchmark.yml [26:1 - 43:28] (18 lines, 94 tokens)
   .github/workflow-profiles/container-platform/publish.yml [28:1 - 45:28]
Clone found (yaml)
 - .github/workflow-profiles/container-platform/benchmark.yml [58:1 - 76:16] (19 lines, 94 tokens)
   .github/workflow-profiles/container-platform/trivy-scan.yml [44:1 - 62:16]
Clone found (yaml)
 - .github/workflow-profiles/container-platform/benchmark.yml [60:1 - 69:29] (10 lines, 52 tokens)
   .github/workflow-profiles/container-platform/publish.yml [64:1 - 73:29]
Clone found (yaml)
 - .github/workflow-profiles/container-platform/benchmark.yml [159:45 - 168:19] (10 lines, 74 tokens)
   .github/workflow-profiles/container-platform/benchmark.yml [198:23 - 207:19]
Clone found (yaml)
 - .github/workflow-profiles/container-platform/benchmark.yml [159:76 - 167:13] (9 lines, 60 tokens)
   .github/workflow-profiles/container-platform/benchmark.yml [234:89 - 242:13]
Clone found (yaml)
 - .github/workflow-profiles/container-platform/devcontainer.yml [109:1 - 117:28] (9 lines, 63 tokens)
   .github/workflow-profiles/container-platform/devcontainer.yml [191:1 - 199:28]
Clone found (yaml)
 - .github/workflow-profiles/container-platform/devcontainer.yml [202:41 - 209:52] (8 lines, 57 tokens)
   .github/workflow-profiles/container-platform/devcontainer.yml [216:42 - 223:52]
Clone found (yaml)
 - .github/workflow-profiles/container-platform/devcontainer.yml [209:54 - 215:7] (7 lines, 58 tokens)
   .github/workflow-profiles/container-platform/devcontainer.yml [223:54 - 229:7]
Clone found (yaml)
 - .github/workflow-profiles/container-platform/publish.yml [18:1 - 28:5] (11 lines, 84 tokens)
   .github/workflow-profiles/container-platform/trivy-scan.yml [27:1 - 37:5]
Clone found (yaml)
 - .github/workflow-profiles/container-platform/release-notes.yml [112:25 - 119:45] (8 lines, 70 tokens)
   .github/workflow-profiles/container-platform/release-notes.yml [125:28 - 132:45]
Clone found (yaml)
 - .github/workflow-profiles/container-platform/release-notes.yml [112:25 - 119:45] (8 lines, 70 tokens)
   .github/workflow-profiles/container-platform/release-notes.yml [138:27 - 145:45]
Clone found (yaml)
 - .github/workflow-profiles/container-platform/release-notes.yml [112:25 - 119:45] (8 lines, 70 tokens)
   .github/workflow-profiles/container-platform/release-notes.yml [151:25 - 158:45]
Clone found (yaml)
 - .github/workflow-profiles/container-platform/release-notes.yml [112:25 - 119:7] (8 lines, 56 tokens)
   .github/workflow-profiles/container-platform/release-notes.yml [164:25 - 171:7]
Clone found (yaml)
 - .github/workflow-profiles/content-and-docs/bookmarks-extract.yml [44:1 - 52:15] (9 lines, 91 tokens)
   .github/workflow-profiles/content-and-docs/bookmarks-extract.yml [70:1 - 78:15]
Clone found (yaml)
 - .github/workflow-profiles/content-and-docs/docs.yml [43:1 - 61:7] (19 lines, 85 tokens)
   .github/workflow-profiles/content-and-docs/docs.yml [94:1 - 112:7]
Clone found (yaml)
 - .github/workflow-profiles/security-optional/dependency-review.yml [29:1 - 42:11] (14 lines, 96 tokens)
   .github/workflows/dependency-review.yml [36:1 - 49:11]
Clone found (yaml)
 - .github/workflows/automation.yml [8:1 - 22:3] (15 lines, 56 tokens)
   .github/workflows/automation.yml [25:1 - 39:3]
Clone found (yaml)
 - .github/workflows/automation.yml [51:1 - 67:15] (17 lines, 90 tokens)
   .github/workflows/identity.yml [35:1 - 51:15]
Clone found (yaml)
 - .github/workflows/automation.yml [51:1 - 61:24] (11 lines, 61 tokens)
   .github/workflows/repository-intelligence.yml [40:1 - 50:24]
Clone found (yaml)
 - .github/workflows/automation.yml [54:1 - 67:15] (14 lines, 74 tokens)
   .github/workflows/codeql.yml [40:1 - 53:15]
Clone found (yaml)
 - .github/workflows/automation.yml [54:1 - 67:15] (14 lines, 74 tokens)
   .github/workflows/lint-architecture.yml [52:1 - 65:15]
Clone found (yaml)
 - .github/workflows/automation.yml [54:1 - 65:11] (12 lines, 62 tokens)
   .github/workflows/megalinter.yml [35:1 - 46:11]
Clone found (yaml)
 - .github/workflows/automation.yml [57:1 - 67:24] (11 lines, 62 tokens)
   .github/workflows/mantle.yml [50:1 - 60:23]
Clone found (yaml)
 - .github/workflows/automation.yml [57:1 - 67:15] (11 lines, 60 tokens)
   .github/workflows/reusable-autofix.yml [52:1 - 62:15]
Clone found (yaml)
 - .github/workflows/commitlint.yml [24:1 - 34:24] (11 lines, 61 tokens)
   .github/workflows/contributors.yml [19:1 - 29:24]
Clone found (yaml)
 - .github/workflows/commitlint.yml [24:1 - 34:24] (11 lines, 61 tokens)
   .github/workflows/lint-architecture.yml [49:1 - 59:24]
Clone found (yaml)
 - .github/workflows/contributors.yml [22:1 - 34:11] (13 lines, 71 tokens)
   .github/workflows/megalinter-fix.yml [29:1 - 41:11]
Clone found (yaml)
 - .github/workflows/copilot-setup-steps.yml [32:1 - 46:11] (15 lines, 78 tokens)
   .github/workflows/reusable-autofix.yml [46:1 - 60:11]
Clone found (yaml)
 - .github/workflows/copilot-setup-steps.yml [38:1 - 46:24] (9 lines, 53 tokens)
   .github/workflows/megalinter.yml [38:1 - 46:24]
Clone found (yaml)
 - .github/workflows/lint-architecture.yml [82:1 - 104:34] (23 lines, 138 tokens)
   .github/workflows/megalinter.yml [132:1 - 154:34]
Clone found (yaml)
 - .github/workflows/lint-architecture.yml [85:1 - 97:15] (13 lines, 58 tokens)
   .github/workflows/osv-scan.yml [744:1 - 756:15]
Clone found (yaml)
 - .github/workflows/megalinter.yml [33:1 - 47:32] (15 lines, 81 tokens)
   .github/workflows/ossf-scorecard.yml [33:1 - 48:15]
Clone found (yaml)
 - .github/workflows/megalinter.yml [131:17 - 154:34] (24 lines, 148 tokens)
   .github/workflows/ossf-scorecard.yml [79:22 - 102:34]
Clone found (yaml)
 - .github/workflows/mindgarden-pages.yml [61:1 - 75:15] (15 lines, 85 tokens)
   .github/workflows/repository-intelligence.yml [43:1 - 57:15]
Clone found (yaml)
 - .github/workflows/mindgarden-pages.yml [114:1 - 119:9] (6 lines, 82 tokens)
   .github/workflows/mindgarden-pages.yml [123:1 - 128:9]
Clone found (yaml)
 - .github/workflows/osv-scan.yml [330:1 - 339:22] (10 lines, 85 tokens)
   .github/workflows/osv-scan.yml [354:1 - 363:22]
Clone found (yaml)
 - .github/workflows/osv-scan.yml [330:1 - 339:22] (10 lines, 85 tokens)
   .github/workflows/osv-scan.yml [377:1 - 386:22]
Clone found (yaml)
 - .github/workflows/osv-scan.yml [342:51 - 352:15] (11 lines, 85 tokens)
   .github/workflows/osv-scan.yml [365:52 - 375:15]
Clone found (yaml)
 - .github/workflows/osv-scan.yml [342:51 - 352:15] (11 lines, 85 tokens)
   .github/workflows/osv-scan.yml [388:54 - 398:15]
Clone found (yaml)
 - .github/workflows/reusable-flutter-build.yml [52:1 - 68:15] (17 lines, 128 tokens)
   .github/workflows/reusable-flutter-build.yml [85:1 - 101:15]
Clone found (yaml)
 - .github/workflows/reusable-flutter-build.yml [52:1 - 72:21] (21 lines, 165 tokens)
   .github/workflows/reusable-flutter-build.yml [120:1 - 140:21]
Clone found (yaml)
 - .github/workflows/reusable-flutter-build.yml [59:1 - 72:21] (14 lines, 114 tokens)
   .github/workflows/reusable-flutter-build.yml [156:1 - 169:21]
Clone found (markdown)
 - .staging/.github/agents/agentic-workflows.md:markdown [183:18 - 190:19] (8 lines, 120 tokens)
   .staging/.github/agents/awesome/terraform-azure-planning.agent.md:markdown [31:134 - 32:3]
Clone found (markdown)
 - .staging/.github/agents/agentic-workflows.md:markdown [183:18 - 189:3] (7 lines, 65 tokens)
   .staging/.github/agents/awesome/terraform-azure-planning.agent.md:markdown [33:187 - 33:252]
Clone found (markdown)
 - .staging/.github/agents/agentic-workflows.md:markdown [183:18 - 226:189] (44 lines, 2777 tokens)
   .staging/.github/agents/awesome/terraform-azure-planning.agent.md:markdown [62:32 - 162:5]
Clone found (markdown)
 - .staging/.github/agents/agentic-workflows.md:markdown [183:18 - 189:21] (7 lines, 83 tokens)
   mantle/audits/mantle-holistic-polish-20260806T124442Z.md:markdown [104:37 - 105:23]
Clone found (markdown)
 - .staging/.github/agents/agentic-workflows.md:markdown [183:18 - 189:16] (7 lines, 78 tokens)
   mantle/audits/mantle-holistic-polish-20260806T124442Z.md:markdown [229:19 - 229:97]
Clone found (markdown)
 - .staging/.github/agents/agentic-workflows.md:markdown [185:1 - 203:3] (19 lines, 454 tokens)
   .staging/.github/agents/agentic-workflows.md:markdown [185:2 - 203:4]
Clone found (markdown)
 - .staging/.github/agents/agentic-workflows.md:markdown [185:1 - 200:11] (16 lines, 402 tokens)
   .staging/.github/agents/awesome/azure-verified-modules-owner-triage.agent.md:markdown [84:1 - 91:4]
Clone found (markdown)
 - .staging/.github/agents/agentic-workflows.md:markdown [185:1 - 192:8] (8 lines, 137 tokens)
   .staging/.github/agents/awesome/azure-verified-modules-owner-triage.agent.md:markdown [187:1 - 190:4]
Clone found (markdown)
 - .staging/.github/agents/agentic-workflows.md:markdown [185:1 - 218:112] (34 lines, 1223 tokens)
   .staging/.github/agents/awesome/azure-verified-modules-owner-triage.agent.md:markdown [631:1 - 658:4]
Clone found (markdown)
 - .staging/.github/agents/agentic-workflows.md:markdown [185:1 - 205:22] (21 lines, 476 tokens)
   .staging/.github/agents/awesome/custom-agent-foundry.agent.md:markdown [51:1 - 66:3]
Clone found (markdown)
 - .staging/.github/agents/agentic-workflows.md:markdown [185:1 - 192:19] (8 lines, 148 tokens)
   .staging/.github/agents/awesome/terraform-azure-planning.agent.md:markdown [29:104 - 29:252]
Clone found (markdown)
 - .staging/.github/agents/agentic-workflows.md:markdown [185:1 - 210:57] (26 lines, 765 tokens)
   .staging/.github/instructions/awesome-copilot/task-implementation.instructions.md:markdown [104:1 - 119:4]
Clone found (markdown)
 - .staging/.github/agents/agentic-workflows.md:markdown [185:1 - 214:96] (30 lines, 1050 tokens)
   .staging/.github/instructions/awesome-copilot/task-implementation.instructions.md:markdown [138:1 - 190:2]
Clone found (markdown)
 - .staging/.github/agents/agentic-workflows.md:markdown [185:1 - 193:57] (9 lines, 249 tokens)
   .staging/.github/instructions/awesome-copilot/typespec-m365-copilot.instructions.md:markdown [296:1 - 306:5]
Clone found (markdown)
 - .staging/.github/agents/agentic-workflows.md:markdown [185:1 - 197:3] (13 lines, 348 tokens)
   .staging/.github/instructions/awesome-copilot/typespec-m365-copilot.instructions.md:markdown [330:1 - 351:4]
Clone found (markdown)
 - .staging/.github/agents/agentic-workflows.md:markdown [185:1 - 192:33] (8 lines, 162 tokens)
   .staging/.github/skills/cli-mastery/references/module-4-agents.md:markdown [22:1 - 36:5]
Clone found (markdown)
 - .staging/.github/agents/agentic-workflows.md:markdown [185:1 - 209:35] (25 lines, 662 tokens)
   .staging/.github/skills/copilot-cli-quickstart/SKILL.md:markdown [641:1 - 662:5]
Clone found (markdown)
 - .staging/.github/agents/agentic-workflows.md:markdown [185:1 - 192:26] (8 lines, 155 tokens)
   .staging/.github/skills/dependabot/SKILL.md:markdown [251:1 - 259:8]
Clone found (markdown)
 - .staging/.github/agents/agentic-workflows.md:markdown [185:1 - 190:27] (6 lines, 127 tokens)
   .staging/.github/skills/dependabot/SKILL.md:markdown [291:1 - 299:5]
Clone found (markdown)
 - .staging/.github/agents/architect.agent.md:markdown [29:1 - 35:122] (7 lines, 129 tokens)
   egolint/.agents/agents/architect/AGENT.md:markdown [44:2 - 50:122]
Clone found (markdown)
 - .staging/.github/agents/arxiv-publisher.agent.md:markdown [26:1 - 34:2] (9 lines, 132 tokens)
   egolint/.agents/agents/arxiv-publisher/AGENT.md:markdown [42:2 - 50:2]
Clone found (markdown)
 - .staging/.github/agents/auditor.agent.md:markdown [31:1 - 37:103] (7 lines, 128 tokens)
   egolint/.agents/agents/auditor/AGENT.md:markdown [40:2 - 46:103]
Clone found (markdown)
 - .staging/.github/agents/awesome/Ultimate-Transparent-Thinking-Beast-Mode.agent.md:markdown [363:69 - 383:3] (21 lines, 271 tokens)
   .staging/.github/agents/awesome/Ultimate-Transparent-Thinking-Beast-Mode.agent.md:markdown [409:65 - 429:3]
Clone found (markdown)
 - .staging/.github/agents/awesome/Ultimate-Transparent-Thinking-Beast-Mode.agent.md:markdown [363:69 - 383:3] (21 lines, 271 tokens)
   .staging/.github/agents/awesome/Ultimate-Transparent-Thinking-Beast-Mode.agent.md:markdown [446:64 - 466:3]
Clone found (markdown)
 - .staging/.github/agents/awesome/Ultimate-Transparent-Thinking-Beast-Mode.agent.md:markdown [363:69 - 383:3] (21 lines, 271 tokens)
   .staging/.github/agents/awesome/Ultimate-Transparent-Thinking-Beast-Mode.agent.md:markdown [483:68 - 503:3]
Clone found (yaml)
 - .staging/.github/agents/awesome/address-comments.agent.md:yaml [4:1 - 25:16] (22 lines, 63 tokens)
   .staging/.github/agents/awesome/kusto-assistant.agent.md:yaml [4:1 - 25:16]
Clone found (markdown)
 - .staging/.github/agents/awesome/adr-generator.agent.md:markdown [92:3 - 98:4] (7 lines, 70 tokens)
   .staging/.github/skills/create-architectural-decision-record/SKILL.md:markdown [62:1 - 68:4]
Clone found (markdown)
 - .staging/.github/agents/awesome/adr-generator.agent.md:markdown [98:3 - 104:2] (7 lines, 69 tokens)
   .staging/.github/skills/create-architectural-decision-record/SKILL.md:markdown [68:1 - 74:2]
Clone found (markdown)
 - .staging/.github/agents/awesome/adr-generator.agent.md:markdown [126:3 - 132:2] (7 lines, 68 tokens)
   .staging/.github/skills/create-architectural-decision-record/SKILL.md:markdown [86:1 - 92:2]
Clone found (markdown)
 - .staging/.github/agents/awesome/adr-generator.agent.md:markdown [138:3 - 144:2] (7 lines, 56 tokens)
   .staging/.github/skills/create-architectural-decision-record/SKILL.md:markdown [92:1 - 96:52]
Clone found (markdown)
 - .staging/.github/agents/awesome/ai-readiness-reporter.agent.md:markdown [142:1 - 150:12] (9 lines, 70 tokens)
   .staging/.github/skills/acreadiness-policy/SKILL.md:markdown [48:1 - 56:12]
Clone found (markdown)
 - .staging/.github/agents/awesome/azure-verified-modules-owner-triage.agent.md:markdown [82:34 - 98:54] (17 lines, 779 tokens)
   .staging/.github/agents/awesome/azure-verified-modules-owner-triage.agent.md:markdown [155:87 - 177:4]
Clone found (markdown)
 - .staging/.github/agents/awesome/azure-verified-modules-owner-triage.agent.md:markdown [82:35 - 94:15] (13 lines, 445 tokens)
   .staging/.github/agents/awesome/azure-verified-modules-owner-triage.agent.md:markdown [280:26 - 295:3]
Clone found (markdown)
 - .staging/.github/agents/awesome/azure-verified-modules-owner-triage.agent.md:markdown [82:35 - 87:75] (6 lines, 266 tokens)
   .staging/.github/agents/awesome/azure-verified-modules-owner-triage.agent.md:markdown [660:101 - 671:9]
Clone found (markdown)
 - .staging/.github/agents/awesome/azure-verified-modules-owner-triage.agent.md:markdown [82:35 - 87:33] (6 lines, 224 tokens)
   .staging/.github/agents/awesome/project-documenter.agent.md:markdown [228:79 - 235:5]
Clone found (markdown)
 - .staging/.github/agents/awesome/azure-verified-modules-owner-triage.agent.md:markdown [82:35 - 96:107] (15 lines, 702 tokens)
   .staging/.github/instructions/awesome-copilot/springboot-4-migration.instructions.md:markdown [971:50 - 993:5]
Clone found (markdown)
 - .staging/.github/agents/awesome/azure-verified-modules-owner-triage.agent.md:markdown [82:34 - 101:45] (20 lines, 914 tokens)
   .staging/.github/instructions/awesome-copilot/terraform-azure.instructions.md:markdown [182:28 - 199:4]
Clone found (markdown)
 - .staging/.github/agents/awesome/azure-verified-modules-owner-triage.agent.md:markdown [82:34 - 87:17] (6 lines, 209 tokens)
   .staging/.github/skills/dependabot/SKILL.md:markdown [67:110 - 78:2]
Clone found (markdown)
 - .staging/.github/agents/awesome/azure-verified-modules-owner-triage.agent.md:markdown [82:35 - 90:2] (9 lines, 397 tokens)
   .staging/.github/skills/dependabot/SKILL.md:markdown [177:69 - 200:5]
Clone found (markdown)
 - .staging/.github/agents/awesome/azure-verified-modules-owner-triage.agent.md:markdown [82:33 - 140:205] (59 lines, 3145 tokens)
   .staging/.github/skills/quality-playbook/SKILL.md:markdown [1116:271 - 1196:3]
Clone found (markdown)
 - .staging/.github/agents/awesome/azure-verified-modules-owner-triage.agent.md:markdown [82:34 - 105:21] (24 lines, 1180 tokens)
   .staging/.github/skills/quality-playbook/SKILL.md:markdown [2565:54 - 2581:2]
Clone found (markdown)
 - .staging/.github/agents/awesome/azure-verified-modules-owner-triage.agent.md:markdown [155:86 - 169:108] (15 lines, 516 tokens)
   .staging/.github/agents/awesome/project-documenter.agent.md:markdown [164:61 - 180:4]
Clone found (markdown)
 - .staging/.github/agents/awesome/azure-verified-modules-owner-triage.agent.md:markdown [185:55 - 192:127] (8 lines, 264 tokens)
   .staging/.github/agents/awesome/azure-verified-modules-owner-triage.agent.md:markdown [482:41 - 491:4]
Clone found (markdown)
 - .staging/.github/agents/awesome/azure-verified-modules-owner-triage.agent.md:markdown [185:55 - 192:10] (8 lines, 147 tokens)
   .staging/.github/skills/web-design-reviewer/SKILL.md:markdown [302:39 - 315:5]
Clone found (markdown)
 - .staging/.github/agents/awesome/azure-verified-modules-owner-triage.agent.md:markdown [192:160 - 201:24] (10 lines, 229 tokens)
   .staging/.github/agents/awesome/azure-verified-modules-owner-triage.agent.md:markdown [210:90 - 215:4]
Clone found (markdown)
 - .staging/.github/agents/awesome/azure-verified-modules-owner-triage.agent.md:markdown [192:160 - 199:39] (8 lines, 180 tokens)
   .staging/.github/skills/copilot-cli-quickstart/SKILL.md:markdown [700:19 - 714:4]
Clone found (markdown)
 - .staging/.github/agents/awesome/azure-verified-modules-owner-triage.agent.md:markdown [192:160 - 208:104] (17 lines, 684 tokens)
   .staging/.github/skills/quality-playbook/SKILL.md:markdown [2588:97 - 2609:12]
Clone found (markdown)
 - .staging/.github/agents/awesome/azure-verified-modules-owner-triage.agent.md:markdown [210:89 - 231:22] (22 lines, 1052 tokens)
   .staging/.github/instructions/awesome-copilot/springboot-4-migration.instructions.md:markdown [1083:93 - 1124:4]
Clone found (markdown)
 - .staging/.github/agents/awesome/azure-verified-modules-owner-triage.agent.md:markdown [231:124 - 246:12] (16 lines, 344 tokens)
   .staging/.github/skills/harness-engineering/SKILL.md:markdown [140:21 - 163:4]
Clone found (markdown)
 - .staging/.github/agents/awesome/azure-verified-modules-owner-triage.agent.md:markdown [231:124 - 239:145] (9 lines, 273 tokens)
   .staging/.github/skills/phoenix-cli/references/axial-coding.md:markdown [110:21 - 122:4]
Clone found (markdown)
 - .staging/.github/agents/awesome/azure-verified-modules-owner-triage.agent.md:markdown [231:124 - 249:47] (19 lines, 465 tokens)
   .staging/.github/skills/quality-playbook/SKILL.md:markdown [280:92 - 303:4]
Clone found (markdown)
 - .staging/.github/agents/awesome/azure-verified-modules-owner-triage.agent.md:markdown [231:124 - 236:45] (6 lines, 115 tokens)
   .staging/.github/skills/quality-playbook/SKILL.md:markdown [401:41 - 409:7]
Clone found (markdown)
 - .staging/.github/agents/awesome/azure-verified-modules-owner-triage.agent.md:markdown [231:124 - 249:14] (19 lines, 432 tokens)
   .staging/.github/skills/quality-playbook/SKILL.md:markdown [2203:34 - 2210:2]
Clone found (markdown)
 - .staging/.github/agents/awesome/azure-verified-modules-owner-triage.agent.md:markdown [246:77 - 256:59] (11 lines, 250 tokens)
   .staging/.github/agents/awesome/project-documenter.agent.md:markdown [182:82 - 195:5]
Clone found (markdown)
 - .staging/.github/agents/awesome/azure-verified-modules-owner-triage.agent.md:markdown [280:25 - 291:3] (12 lines, 305 tokens)
   .staging/.github/instructions/awesome-copilot/update-docs-on-code-change.instructions.md:markdown [465:69 - 480:5]
Clone found (markdown)
 - .staging/.github/agents/awesome/azure-verified-modules-owner-triage.agent.md:markdown [489:68 - 495:5] (7 lines, 55 tokens)
   .staging/.github/agents/awesome/project-documenter.agent.md:markdown [277:20 - 282:5]
Clone found (markdown)
 - .staging/.github/agents/awesome/azure-verified-modules-owner-triage.agent.md:markdown [497:290 - 510:27] (14 lines, 479 tokens)
   .staging/.github/agents/awesome/gem-mobile-tester.agent.md:markdown [84:36 - 98:4]
Clone found (markdown)
 - .staging/.github/agents/awesome/azure-verified-modules-owner-triage.agent.md:markdown [497:290 - 526:71] (30 lines, 1056 tokens)
   .staging/.github/instructions/awesome-copilot/springboot-4-migration.instructions.md:markdown [1218:93 - 1254:7]
Clone found (markdown)
 - .staging/.github/agents/awesome/azure-verified-modules-owner-triage.agent.md:markdown [497:290 - 502:73] (6 lines, 148 tokens)
   .staging/.github/skills/dependabot/references/dependabot-yml-reference.md:markdown [140:54 - 151:2]
Clone found (markdown)
 - .staging/.github/agents/awesome/azure-verified-modules-owner-triage.agent.md:markdown [497:290 - 507:29] (11 lines, 250 tokens)
   .staging/.github/skills/phoenix-cli/references/axial-coding.md:markdown [11:253 - 20:5]
Clone found (markdown)
 - .staging/.github/agents/awesome/azure-verified-modules-owner-triage.agent.md:markdown [497:290 - 508:7] (12 lines, 262 tokens)
   .staging/.github/skills/phoenix-cli/references/axial-coding.md:markdown [128:480 - 139:6]
Clone found (markdown)
 - .staging/.github/agents/awesome/azure-verified-modules-owner-triage.agent.md:markdown [497:290 - 510:71] (14 lines, 523 tokens)
   .staging/.github/skills/phoenix-cli/references/axial-coding.md:markdown [183:322 - 201:9]
Clone found (markdown)
 - .staging/.github/agents/awesome/azure-verified-modules-owner-triage.agent.md:markdown [497:290 - 515:31] (19 lines, 604 tokens)
   .staging/.github/skills/quality-playbook/SKILL.md:markdown [328:185 - 352:5]
Clone found (markdown)
 - .staging/.github/agents/awesome/azure-verified-modules-owner-triage.agent.md:markdown [497:290 - 579:25] (83 lines, 3086 tokens)
   mantle/audits/mantle-holistic-polish-20260806T124442Z.md:markdown [1013:184 - 1084:4]
Clone found (markdown)
 - .staging/.github/agents/awesome/azure-verified-modules-owner-triage.agent.md:markdown [629:31 - 645:24] (17 lines, 699 tokens)
   .staging/.github/agents/awesome/project-documenter.agent.md:markdown [264:27 - 282:4]
Clone found (markdown)
 - .staging/.github/agents/awesome/azure-verified-modules-owner-triage.agent.md:markdown [629:31 - 637:31] (9 lines, 270 tokens)
   .staging/.github/instructions/awesome-copilot/terraform-azure.instructions.md:markdown [126:44 - 140:4]
Clone found (markdown)
 - .staging/.github/agents/awesome/azure-verified-modules-owner-triage.agent.md:markdown [629:31 - 637:44] (9 lines, 283 tokens)
   .staging/.github/instructions/awesome-copilot/terraform-azure.instructions.md:markdown [144:47 - 160:4]
Clone found (markdown)
 - .staging/.github/agents/awesome/azure-verified-modules-owner-triage.agent.md:markdown [629:31 - 648:61] (20 lines, 861 tokens)
   .staging/.github/instructions/awesome-copilot/wordpress.instructions.md:markdown [39:29 - 83:4]
Clone found (markdown)
 - .staging/.github/agents/awesome/azure-verified-modules-owner-triage.agent.md:markdown [629:31 - 634:34] (6 lines, 140 tokens)
   .staging/.github/skills/dependabot/references/dependabot-yml-reference.md:markdown [362:42 - 374:5]
Clone found (markdown)
 - .staging/.github/agents/awesome/azure-verified-modules-owner-triage.agent.md:markdown [660:100 - 671:98] (12 lines, 356 tokens)
   .staging/.github/skills/phoenix-cli/references/axial-coding.md:markdown [147:363 - 156:5]
Clone found (markdown)
 - .staging/.github/agents/awesome/azure-verified-modules-owner-triage.agent.md:markdown [660:100 - 673:172] (14 lines, 675 tokens)
   .staging/.github/skills/quality-playbook/SKILL.md:markdown [2492:75 - 2524:3]
Clone found (markdown)
 - .staging/.github/agents/awesome/azure-verified-modules-terraform.agent.md:markdown [48:1 - 59:185] (12 lines, 195 tokens)
   .staging/.github/instructions/awesome-copilot/azure-verified-modules-terraform.instructions.md:markdown [12:1 - 23:185]
Clone found (markdown)
 - .staging/.github/agents/awesome/bicep-implement.agent.md:markdown [19:98 - 24:27] (6 lines, 52 tokens)
   .staging/.github/agents/awesome/terraform-azure-implement.agent.md:markdown [28:152 - 33:27]
Clone found (markdown)
 - .staging/.github/agents/awesome/bicep-implement.agent.md:markdown [24:39 - 29:33] (6 lines, 69 tokens)
   .staging/.github/agents/awesome/terraform-azure-implement.agent.md:markdown [33:27 - 38:33]
Clone found (markdown)
 - .staging/.github/agents/awesome/bicep-plan.agent.md:markdown [50:54 - 62:12] (13 lines, 64 tokens)
   .staging/.github/agents/awesome/terraform-azure-planning.agent.md:markdown [100:88 - 112:12]
Clone found (markdown)
 - .staging/.github/agents/awesome/bicep-plan.agent.md:markdown [82:20 - 97:15] (16 lines, 94 tokens)
   .staging/.github/agents/awesome/terraform-azure-planning.agent.md:markdown [135:21 - 150:15]
Clone found (markdown)
 - .staging/.github/agents/awesome/bicep-plan.agent.md:markdown [103:1 - 108:90] (6 lines, 202 tokens)
   .staging/.github/agents/awesome/terraform-azure-planning.agent.md:markdown [154:1 - 159:90]
Clone found (markdown)
 - .staging/.github/agents/awesome/cast-imaging-impact-analysis.agent.md:markdown [33:57 - 40:5] (8 lines, 60 tokens)
   .staging/.github/agents/awesome/cast-imaging-software-discovery.agent.md:markdown [31:65 - 38:5]
Clone found (markdown)
 - .staging/.github/agents/awesome/cast-imaging-impact-analysis.agent.md:markdown [33:57 - 40:5] (8 lines, 60 tokens)
   .staging/.github/agents/awesome/cast-imaging-structural-quality-advisor.agent.md:markdown [33:60 - 40:5]
Clone found (markdown)
 - .staging/.github/agents/awesome/cast-imaging-impact-analysis.agent.md:markdown [45:38 - 50:107] (6 lines, 90 tokens)
   .staging/.github/agents/awesome/cast-imaging-impact-analysis.agent.md:markdown [62:157 - 67:107]
Clone found (markdown)
 - .staging/.github/agents/awesome/cast-imaging-impact-analysis.agent.md:markdown [96:35 - 102:174] (7 lines, 125 tokens)
   .staging/.github/agents/awesome/cast-imaging-software-discovery.agent.md:markdown [94:46 - 100:174]
Clone found (markdown)
 - .staging/.github/agents/awesome/caveman-mode.agent.md:markdown [10:1 - 15:100] (6 lines, 166 tokens)
   .staging/.github/instructions/awesome-copilot/caveman-mode.instructions.md:markdown [10:1 - 15:100]
Clone found (markdown)
 - .staging/.github/agents/awesome/caveman-mode.agent.md:markdown [17:72 - 31:25] (15 lines, 150 tokens)
   .staging/.github/instructions/awesome-copilot/caveman-mode.instructions.md:markdown [15:99 - 29:25]
Clone found (markdown)
 - .staging/.github/agents/awesome/custom-agent-foundry.agent.md:markdown [50:32 - 55:8] (6 lines, 153 tokens)
   .staging/.github/agents/awesome/project-documenter.agent.md:markdown [205:15 - 215:6]
Clone found (markdown)
 - .staging/.github/agents/awesome/custom-agent-foundry.agent.md:markdown [50:32 - 61:3] (12 lines, 424 tokens)
   .staging/.github/instructions/awesome-copilot/containerization-docker-best-practices.instructions.md:markdown [143:42 - 162:5]
Clone found (markdown)
 - .staging/.github/agents/awesome/custom-agent-foundry.agent.md:markdown [50:32 - 61:10] (12 lines, 431 tokens)
   .staging/.github/instructions/awesome-copilot/springboot-4-migration.instructions.md:markdown [999:21 - 1008:3]
Clone found (markdown)
 - .staging/.github/agents/awesome/custom-agent-foundry.agent.md:markdown [50:30 - 56:56] (7 lines, 271 tokens)
   .staging/.github/instructions/awesome-copilot/springboot-4-migration.instructions.md:markdown [1008:17 - 1018:3]
Clone found (markdown)
 - .staging/.github/agents/awesome/custom-agent-foundry.agent.md:markdown [50:32 - 72:12] (23 lines, 841 tokens)
   .staging/.github/instructions/awesome-copilot/springboot-4-migration.instructions.md:markdown [1024:92 - 1058:11]
Clone found (markdown)
 - .staging/.github/agents/awesome/custom-agent-foundry.agent.md:markdown [50:31 - 55:26] (6 lines, 172 tokens)
   .staging/.github/skills/azure-static-web-apps/SKILL.md:markdown [310:16 - 315:4]
Clone found (markdown)
 - .staging/.github/agents/awesome/custom-agent-foundry.agent.md:markdown [50:32 - 56:16] (7 lines, 229 tokens)
   .staging/.github/skills/copilot-cli-quickstart/SKILL.md:markdown [443:11 - 456:3]
Clone found (markdown)
 - .staging/.github/agents/awesome/custom-agent-foundry.agent.md:markdown [106:27 - 111:3] (6 lines, 51 tokens)
   .staging/.github/agents/awesome/custom-agent-foundry.agent.md:markdown [111:23 - 116:3]
Clone found (markdown)
 - .staging/.github/agents/awesome/custom-agent-foundry.agent.md:markdown [106:26 - 148:16] (43 lines, 1052 tokens)
   .staging/.github/instructions/awesome-copilot/springboot-4-migration.instructions.md:markdown [926:11 - 964:5]
Clone found (markdown)
 - .staging/.github/agents/awesome/custom-agent-foundry.agent.md:markdown [111:19 - 116:18] (6 lines, 70 tokens)
   .staging/.github/agents/awesome/custom-agent-foundry.agent.md:markdown [116:22 - 121:3]
Clone found (markdown)
 - .staging/.github/agents/awesome/dotnet-self-learning-architect.agent.md:markdown [180:9 - 192:4] (13 lines, 52 tokens)
   .staging/.github/agents/awesome/dotnet-self-learning-architect.agent.md:markdown [234:9 - 246:4]
Clone found (text)
 - .staging/.github/agents/awesome/dynatrace-expert.agent.md:text [73:1 - 79:55] (7 lines, 104 tokens)
   .staging/.github/agents/awesome/dynatrace-expert.agent.md:text [529:1 - 535:55]
Clone found (text)
 - .staging/.github/agents/awesome/dynatrace-expert.agent.md:text [128:1 - 134:92] (7 lines, 99 tokens)
   .staging/.github/agents/awesome/dynatrace-expert.agent.md:text [550:1 - 556:92]
Clone found (text)
 - .staging/.github/agents/awesome/dynatrace-expert.agent.md:text [208:1 - 214:43] (7 lines, 61 tokens)
   .staging/.github/agents/awesome/dynatrace-expert.agent.md:text [572:1 - 578:48]
Clone found (text)
 - .staging/.github/agents/awesome/dynatrace-expert.agent.md:text [224:1 - 252:6] (29 lines, 81 tokens)
   .staging/.github/agents/awesome/dynatrace-expert.agent.md:text [588:1 - 597:45]
Clone found (markdown)
 - .staging/.github/agents/awesome/electron-angular-native.agent.md:markdown [231:14 - 236:17] (6 lines, 50 tokens)
   .staging/.github/agents/awesome/electron-angular-native.agent.md:markdown [239:16 - 244:17]
Clone found (markdown)
 - .staging/.github/agents/awesome/electron-angular-native.agent.md:markdown [231:14 - 236:17] (6 lines, 50 tokens)
   .staging/.github/agents/awesome/electron-angular-native.agent.md:markdown [247:13 - 252:17]
Clone found (typescript)
 - .staging/.github/agents/awesome/expert-nextjs-developer.agent.md:typescript [171:3 - 179:2] (9 lines, 58 tokens)
   .staging/.github/agents/awesome/expert-react-frontend-engineer.agent.md:typescript [362:3 - 370:2]
Clone found (markdown)
 - .staging/.github/agents/awesome/gem-browser-tester.agent.md:markdown [17:88 - 39:11] (23 lines, 199 tokens)
   .staging/.github/agents/awesome/gem-implementer-mobile.agent.md:markdown [17:88 - 39:10]
Clone found (markdown)
 - .staging/.github/agents/awesome/gem-browser-tester.agent.md:markdown [17:88 - 26:84] (10 lines, 73 tokens)
   .staging/.github/agents/awesome/gem-reviewer.agent.md:markdown [17:82 - 26:84]
Clone found (markdown)
 - .staging/.github/agents/awesome/gem-browser-tester.agent.md:markdown [26:83 - 39:5] (14 lines, 125 tokens)
   .staging/.github/agents/awesome/gem-debugger.agent.md:markdown [28:34 - 41:5]
Clone found (markdown)
 - .staging/.github/agents/awesome/gem-browser-tester.agent.md:markdown [26:83 - 39:80] (14 lines, 142 tokens)
   .staging/.github/agents/awesome/gem-designer.agent.md:markdown [26:59 - 39:54]
Clone found (markdown)
 - .staging/.github/agents/awesome/gem-browser-tester.agent.md:markdown [26:83 - 39:5] (14 lines, 125 tokens)
   .staging/.github/agents/awesome/gem-devops.agent.md:markdown [27:38 - 40:5]
Clone found (markdown)
 - .staging/.github/agents/awesome/gem-browser-tester.agent.md:markdown [26:83 - 39:27] (14 lines, 129 tokens)
   .staging/.github/agents/awesome/gem-documentation-writer.agent.md:markdown [26:50 - 39:16]
Clone found (markdown)
 - .staging/.github/agents/awesome/gem-browser-tester.agent.md:markdown [26:83 - 39:11] (14 lines, 127 tokens)
   .staging/.github/agents/awesome/gem-planner.agent.md:markdown [47:41 - 60:11]
Clone found (markdown)
 - .staging/.github/agents/awesome/gem-browser-tester.agent.md:markdown [26:83 - 39:27] (14 lines, 129 tokens)
   .staging/.github/agents/awesome/gem-reviewer.agent.md:markdown [28:57 - 41:16]
Clone found (markdown)
 - .staging/.github/agents/awesome/gem-browser-tester.agent.md:markdown [28:1 - 39:5] (12 lines, 124 tokens)
   .staging/.github/agents/awesome/gem-code-simplifier.agent.md:markdown [28:1 - 39:5]
Clone found (markdown)
 - .staging/.github/agents/awesome/gem-browser-tester.agent.md:markdown [28:1 - 39:5] (12 lines, 124 tokens)
   .staging/.github/agents/awesome/gem-critic.agent.md:markdown [27:1 - 38:5]
Clone found (markdown)
 - .staging/.github/agents/awesome/gem-browser-tester.agent.md:markdown [28:1 - 39:11] (12 lines, 126 tokens)
   .staging/.github/agents/awesome/gem-designer-mobile.agent.md:markdown [28:1 - 39:10]
Clone found (markdown)
 - .staging/.github/agents/awesome/gem-browser-tester.agent.md:markdown [28:1 - 39:27] (12 lines, 128 tokens)
   .staging/.github/agents/awesome/gem-skill-creator.agent.md:markdown [27:1 - 38:16]
Clone found (markdown)
 - .staging/.github/agents/awesome/gem-browser-tester.agent.md:markdown [34:120 - 39:5] (6 lines, 80 tokens)
   .staging/.github/agents/awesome/gem-researcher.agent.md:markdown [41:91 - 46:5]
Clone found (markdown)
 - .staging/.github/agents/awesome/gem-browser-tester.agent.md:markdown [81:1 - 102:3] (22 lines, 371 tokens)
   .staging/.github/agents/awesome/gem-code-simplifier.agent.md:markdown [91:1 - 112:3]
Clone found (markdown)
 - .staging/.github/agents/awesome/gem-browser-tester.agent.md:markdown [81:1 - 102:3] (22 lines, 371 tokens)
   .staging/.github/agents/awesome/gem-critic.agent.md:markdown [83:1 - 104:3]
Clone found (markdown)
 - .staging/.github/agents/awesome/gem-browser-tester.agent.md:markdown [81:1 - 102:3] (22 lines, 371 tokens)
   .staging/.github/agents/awesome/gem-debugger.agent.md:markdown [89:1 - 110:3]
Clone found (markdown)
 - .staging/.github/agents/awesome/gem-browser-tester.agent.md:markdown [81:1 - 102:3] (22 lines, 371 tokens)
   .staging/.github/agents/awesome/gem-designer-mobile.agent.md:markdown [172:1 - 193:3]
Clone found (markdown)
 - .staging/.github/agents/awesome/gem-browser-tester.agent.md:markdown [81:1 - 102:3] (22 lines, 371 tokens)
   .staging/.github/agents/awesome/gem-devops.agent.md:markdown [138:1 - 159:3]
Clone found (markdown)
 - .staging/.github/agents/awesome/gem-browser-tester.agent.md:markdown [81:1 - 102:3] (22 lines, 371 tokens)
   .staging/.github/agents/awesome/gem-implementer-mobile.agent.md:markdown [78:1 - 99:3]
Clone found (markdown)
 - .staging/.github/agents/awesome/gem-browser-tester.agent.md:markdown [81:1 - 102:23] (22 lines, 377 tokens)
   .staging/.github/agents/awesome/gem-implementer.agent.md:markdown [73:1 - 94:25]
Clone found (markdown)
 - .staging/.github/agents/awesome/gem-browser-tester.agent.md:markdown [83:1 - 102:3] (20 lines, 369 tokens)
   .staging/.github/agents/awesome/gem-orchestrator.agent.md:markdown [416:1 - 435:3]
Clone found (markdown)
 - .staging/.github/agents/awesome/gem-browser-tester.agent.md:markdown [85:16 - 102:11] (18 lines, 367 tokens)
   .staging/.github/agents/awesome/gem-documentation-writer.agent.md:markdown [113:19 - 130:9]
Clone found (markdown)
 - .staging/.github/agents/awesome/gem-browser-tester.agent.md:markdown [85:16 - 102:11] (18 lines, 367 tokens)
   .staging/.github/agents/awesome/gem-planner.agent.md:markdown [425:32 - 442:5]
Clone found (markdown)
 - .staging/.github/agents/awesome/gem-browser-tester.agent.md:markdown [85:1 - 98:317] (14 lines, 361 tokens)
   .staging/.github/agents/awesome/gem-researcher.agent.md:markdown [112:1 - 125:317]
Clone found (markdown)
 - .staging/.github/agents/awesome/gem-browser-tester.agent.md:markdown [85:16 - 102:11] (18 lines, 367 tokens)
   .staging/.github/agents/awesome/gem-skill-creator.agent.md:markdown [147:21 - 164:9]
Clone found (markdown)
 - .staging/.github/agents/awesome/gem-critic.agent.md:markdown [60:27 - 76:114] (17 lines, 69 tokens)
   .staging/.github/agents/awesome/gem-documentation-writer.agent.md:markdown [68:76 - 84:114]
Clone found (markdown)
 - .staging/.github/agents/awesome/gem-critic.agent.md:markdown [61:14 - 76:114] (16 lines, 63 tokens)
   .staging/.github/agents/awesome/gem-debugger.agent.md:markdown [68:4 - 83:114]
Clone found (markdown)
 - .staging/.github/agents/awesome/gem-debugger.agent.md:markdown [67:78 - 83:114] (17 lines, 66 tokens)
   .staging/.github/agents/awesome/gem-implementer-mobile.agent.md:markdown [58:39 - 74:114]
Clone found (markdown)
 - .staging/.github/agents/awesome/gem-debugger.agent.md:markdown [67:78 - 85:30] (19 lines, 68 tokens)
   .staging/.github/agents/awesome/gem-implementer.agent.md:markdown [54:73 - 72:55]
Clone found (markdown)
 - .staging/.github/agents/awesome/gem-designer-mobile.agent.md:markdown [42:84 - 47:40] (6 lines, 89 tokens)
   .staging/.github/agents/awesome/gem-designer.agent.md:markdown [41:93 - 46:40]
Clone found (markdown)
 - .staging/.github/agents/awesome/gem-designer-mobile.agent.md:markdown [69:38 - 77:5] (9 lines, 56 tokens)
   .staging/.github/agents/awesome/gem-designer.agent.md:markdown [63:69 - 71:5]
Clone found (markdown)
 - .staging/.github/agents/awesome/gem-designer-mobile.agent.md:markdown [169:1 - 193:60] (25 lines, 390 tokens)
   .staging/.github/agents/awesome/gem-designer.agent.md:markdown [132:1 - 156:60]
Clone found (markdown)
 - .staging/.github/agents/awesome/gem-designer-mobile.agent.md:markdown [198:58 - 210:9] (13 lines, 140 tokens)
   .staging/.github/agents/awesome/gem-designer.agent.md:markdown [162:57 - 174:9]
Clone found (markdown)
 - .staging/.github/agents/awesome/gem-devops.agent.md:markdown [137:1 - 159:3] (23 lines, 372 tokens)
   .staging/.github/agents/awesome/gem-reviewer.agent.md:markdown [103:1 - 125:3]
Clone found (json)
 - .staging/.github/agents/awesome/gem-implementer-mobile.agent.md:json [71:1 - 77:3] (7 lines, 58 tokens)
   .staging/.github/agents/awesome/gem-implementer.agent.md:json [67:1 - 73:3]
Clone found (markdown)
 - .staging/.github/agents/awesome/gem-implementer-mobile.agent.md:markdown [17:65 - 39:10] (23 lines, 208 tokens)
   .staging/.github/agents/awesome/gem-implementer.agent.md:markdown [17:83 - 39:10]
Clone found (markdown)
 - .staging/.github/agents/awesome/gem-implementer-mobile.agent.md:markdown [45:46 - 50:3] (6 lines, 84 tokens)
   .staging/.github/agents/awesome/gem-implementer.agent.md:markdown [47:78 - 52:3]
Clone found (markdown)
 - .staging/.github/agents/awesome/gem-mobile-tester.agent.md:markdown [84:35 - 110:4] (27 lines, 619 tokens)
   .staging/.github/instructions/awesome-copilot/wordpress.instructions.md:markdown [146:78 - 170:5]
Clone found (markdown)
 - .staging/.github/agents/awesome/gem-orchestrator.agent.md:markdown [24:192 - 54:3] (31 lines, 148 tokens)
   .staging/.github/agents/awesome/gem-planner.agent.md:markdown [17:82 - 47:3]
Clone found (markdown)
 - .staging/.github/agents/awesome/gem-orchestrator.agent.md:markdown [138:1 - 144:4] (7 lines, 72 tokens)
   .staging/.github/agents/awesome/gem-orchestrator.agent.md:markdown [167:1 - 173:4]
Clone found (markdown)
 - .staging/.github/agents/awesome/gem-reviewer.agent.md:markdown [54:89 - 59:39] (6 lines, 50 tokens)
   .staging/.github/agents/awesome/gem-reviewer.agent.md:markdown [77:36 - 82:39]
Clone found (markdown)
 - .staging/.github/agents/awesome/implementation-plan.agent.md:markdown [15:170 - 22:83] (8 lines, 83 tokens)
   .staging/.github/skills/create-implementation-plan/SKILL.md:markdown [14:198 - 21:83]
Clone found (markdown)
 - .staging/.github/agents/awesome/implementation-plan.agent.md:markdown [25:1 - 46:30] (22 lines, 329 tokens)
   .staging/.github/skills/create-implementation-plan/SKILL.md:markdown [23:1 - 44:30]
Clone found (markdown)
 - .staging/.github/agents/awesome/implementation-plan.agent.md:markdown [50:1 - 65:43] (16 lines, 264 tokens)
   .staging/.github/skills/create-implementation-plan/SKILL.md:markdown [46:1 - 61:43]
Clone found (markdown)
 - .staging/.github/agents/awesome/implementation-plan.agent.md:markdown [66:1 - 161:4] (96 lines, 242 tokens)
   .staging/.github/skills/update-implementation-plan/SKILL.md:markdown [62:1 - 157:4]
Clone found (markdown)
 - .staging/.github/agents/awesome/implementation-plan.agent.md:markdown [68:1 - 104:102] (37 lines, 187 tokens)
   .staging/.github/skills/create-implementation-plan/SKILL.md:markdown [92:1 - 128:102]
Clone found (markdown)
 - .staging/.github/agents/awesome/implementation-plan.agent.md:markdown [73:1 - 106:7] (34 lines, 412 tokens)
   .staging/.github/skills/create-implementation-plan/SKILL.md:markdown [97:1 - 130:7]
Clone found (markdown)
 - .staging/.github/agents/awesome/implementation-plan.agent.md:markdown [73:1 - 157:3] (85 lines, 1124 tokens)
   .staging/.github/skills/update-implementation-plan/SKILL.md:markdown [69:1 - 156:42]
Clone found (markdown)
 - .staging/.github/agents/awesome/implementation-plan.agent.md:markdown [91:105 - 100:4] (10 lines, 116 tokens)
   .staging/.github/agents/awesome/specification.agent.md:markdown [54:70 - 63:4]
Clone found (markdown)
 - .staging/.github/agents/awesome/implementation-plan.agent.md:markdown [120:55 - 160:42] (41 lines, 421 tokens)
   .staging/.github/skills/create-implementation-plan/SKILL.md:markdown [144:41 - 184:42]
Clone found (java)
 - .staging/.github/agents/awesome/java-mcp-expert.agent.md:java [215:3 - 227:9] (13 lines, 55 tokens)
   .staging/.github/instructions/awesome-copilot/java-mcp-server.instructions.md:java [410:36 - 416:9]
Clone found (markdown)
 - .staging/.github/agents/awesome/java-mcp-expert.agent.md:markdown [33:29 - 41:16] (9 lines, 55 tokens)
   .staging/.github/agents/awesome/swift-mcp-expert.agent.md:markdown [32:28 - 40:16]
Clone found (text)
 - .staging/.github/agents/awesome/kusto-assistant.agent.md:text [127:1 - 132:55] (6 lines, 57 tokens)
   .staging/.github/agents/awesome/kusto-assistant.agent.md:text [137:1 - 142:55]
Clone found (markdown)
 - .staging/.github/agents/awesome/mentoring-juniors.agent.md:markdown [25:1 - 30:3] (6 lines, 58 tokens)
   .staging/.github/skills/mentoring-juniors/SKILL.md:markdown [26:2 - 30:3]
Clone found (markdown)
 - .staging/.github/agents/awesome/mentoring-juniors.agent.md:markdown [30:1 - 39:3] (10 lines, 209 tokens)
   .staging/.github/skills/mentoring-juniors/SKILL.md:markdown [30:2 - 39:3]
Clone found (markdown)
 - .staging/.github/agents/awesome/mentoring-juniors.agent.md:markdown [41:1 - 53:70] (13 lines, 77 tokens)
   .staging/.github/skills/mentoring-juniors/SKILL.md:markdown [39:1 - 51:70]
Clone found (markdown)
 - .staging/.github/agents/awesome/mentoring-juniors.agent.md:markdown [55:1 - 68:52] (14 lines, 82 tokens)
   .staging/.github/skills/mentoring-juniors/SKILL.md:markdown [56:1 - 69:52]
Clone found (markdown)
 - .staging/.github/agents/awesome/mentoring-juniors.agent.md:markdown [73:3 - 92:65] (20 lines, 182 tokens)
   .staging/.github/skills/mentoring-juniors/SKILL.md:markdown [147:12 - 166:65]
Clone found (markdown)
 - .staging/.github/agents/awesome/mentoring-juniors.agent.md:markdown [94:1 - 100:66] (7 lines, 101 tokens)
   .staging/.github/skills/mentoring-juniors/SKILL.md:markdown [169:1 - 175:66]
Clone found (markdown)
 - .staging/.github/agents/awesome/mentoring-juniors.agent.md:markdown [102:1 - 120:71] (19 lines, 337 tokens)
   .staging/.github/skills/mentoring-juniors/SKILL.md:markdown [178:1 - 196:71]
Clone found (markdown)
 - .staging/.github/agents/awesome/mentoring-juniors.agent.md:markdown [126:1 - 133:3] (8 lines, 191 tokens)
   .staging/.github/skills/mentoring-juniors/SKILL.md:markdown [82:1 - 89:3]
Clone found (markdown)
 - .staging/.github/agents/awesome/mentoring-juniors.agent.md:markdown [135:1 - 143:3] (9 lines, 179 tokens)
   .staging/.github/skills/mentoring-juniors/SKILL.md:markdown [103:1 - 111:3]
Clone found (markdown)
 - .staging/.github/agents/awesome/mentoring-juniors.agent.md:markdown [154:1 - 159:60] (6 lines, 88 tokens)
   .staging/.github/skills/mentoring-juniors/SKILL.md:markdown [217:1 - 222:60]
Clone found (markdown)
 - .staging/.github/agents/awesome/mentoring-juniors.agent.md:markdown [166:1 - 171:60] (6 lines, 109 tokens)
   .staging/.github/skills/mentoring-juniors/SKILL.md:markdown [304:1 - 309:60]
Clone found (markdown)
 - .staging/.github/agents/awesome/neon-migration-specialist.agent.md:markdown [10:1 - 22:13] (13 lines, 141 tokens)
   .staging/.github/agents/awesome/neon-optimization-analyzer.agent.md:markdown [10:1 - 23:13]
Clone found (ini)
 - .staging/.github/agents/awesome/php-mcp-expert.agent.md:ini [452:20 - 460:15] (9 lines, 52 tokens)
   .staging/.github/instructions/awesome-copilot/php-mcp-server.instructions.md:ini [766:20 - 774:15]
Clone found (php)
 - .staging/.github/agents/awesome/php-mcp-expert.agent.md:php [36:36 - 42:6] (7 lines, 59 tokens)
   .staging/.github/instructions/awesome-copilot/php-mcp-server.instructions.md:php [157:37 - 163:6]
Clone found (php)
 - .staging/.github/agents/awesome/php-mcp-expert.agent.md:php [87:23 - 94:21] (8 lines, 51 tokens)
   .staging/.github/skills/php-mcp-server-generator/SKILL.md:php [241:28 - 248:21]
Clone found (php)
 - .staging/.github/agents/awesome/php-mcp-expert.agent.md:php [193:1 - 205:38] (13 lines, 85 tokens)
   .staging/.github/instructions/awesome-copilot/php-mcp-server.instructions.md:php [497:1 - 510:38]
Clone found (php)
 - .staging/.github/agents/awesome/php-mcp-expert.agent.md:php [255:1 - 262:5] (8 lines, 54 tokens)
   .staging/.github/instructions/awesome-copilot/php-mcp-server.instructions.md:php [561:1 - 567:5]
Clone found (php)
 - .staging/.github/agents/awesome/php-mcp-expert.agent.md:php [262:1 - 272:5] (11 lines, 58 tokens)
   .staging/.github/instructions/awesome-copilot/php-mcp-server.instructions.md:php [568:1 - 577:5]
Clone found (php)
 - .staging/.github/agents/awesome/php-mcp-expert.agent.md:php [276:1 - 296:5] (21 lines, 50 tokens)
   .staging/.github/instructions/awesome-copilot/php-mcp-server.instructions.md:php [582:1 - 605:5]
Clone found (php)
 - .staging/.github/agents/awesome/php-mcp-expert.agent.md:php [301:1 - 307:5] (7 lines, 51 tokens)
   .staging/.github/instructions/awesome-copilot/php-mcp-server.instructions.md:php [611:1 - 616:5]
Clone found (php)
 - .staging/.github/agents/awesome/php-mcp-expert.agent.md:php [408:1 - 417:7] (10 lines, 78 tokens)
   .staging/.github/instructions/awesome-copilot/php-mcp-server.instructions.md:php [651:1 - 660:7]
Clone found (markdown)
 - .staging/.github/agents/awesome/planner.agent.md:markdown [7:1 - 12:115] (6 lines, 87 tokens)
   .staging/.github/skills/github-copilot-starter/SKILL.md:markdown [268:1 - 272:115]
Clone found (text)
 - .staging/.github/agents/awesome/power-bi-data-modeling-expert.agent.md:text [81:1 - 91:43] (11 lines, 111 tokens)
   .staging/.github/agents/awesome/power-bi-data-modeling-expert.agent.md:text [172:1 - 182:43]
Clone found (markdown)
 - .staging/.github/agents/awesome/project-documenter.agent.md:markdown [164:58 - 174:74] (11 lines, 372 tokens)
   .staging/.github/instructions/awesome-copilot/typespec-m365-copilot.instructions.md:markdown [403:47 - 422:6]
Clone found (markdown)
 - .staging/.github/agents/awesome/project-documenter.agent.md:markdown [228:78 - 300:5] (73 lines, 2788 tokens)
   .staging/.github/skills/quality-playbook/SKILL.md:markdown [1049:251 - 1112:2]
Clone found (markdown)
 - .staging/.github/agents/awesome/project-documenter.agent.md:markdown [237:81 - 244:63] (8 lines, 149 tokens)
   .staging/.github/skills/dependabot/SKILL.md:markdown [269:70 - 279:4]
Clone found (markdown)
 - .staging/.github/agents/awesome/project-documenter.agent.md:markdown [237:81 - 250:94] (14 lines, 380 tokens)
   .staging/.github/skills/harness-engineering/SKILL.md:markdown [121:7 - 134:5]
Clone found (markdown)
 - .staging/.github/agents/awesome/project-documenter.agent.md:markdown [264:26 - 269:17] (6 lines, 127 tokens)
   .staging/.github/skills/dependabot/SKILL.md:markdown [160:23 - 170:3]
Clone found (markdown)
 - .staging/.github/agents/awesome/project-documenter.agent.md:markdown [264:26 - 269:29] (6 lines, 139 tokens)
   .staging/.github/skills/dependabot/SKILL.md:markdown [214:18 - 223:6]
Clone found (markdown)
 - .staging/.github/agents/awesome/project-documenter.agent.md:markdown [264:26 - 269:77] (6 lines, 187 tokens)
   .staging/.github/skills/dependabot/SKILL.md:markdown [335:31 - 346:6]
Clone found (markdown)
 - .staging/.github/agents/awesome/quality-playbook.agent.md:markdown [11:226 - 17:5] (7 lines, 51 tokens)
   .staging/.github/skills/quality-playbook/agents/quality-playbook.agent.md:markdown [33:408 - 39:5]
Clone found (markdown)
 - .staging/.github/agents/awesome/quality-playbook.agent.md:markdown [62:268 - 70:55] (9 lines, 404 tokens)
   .staging/.github/skills/quality-playbook/agents/quality-playbook.agent.md:markdown [79:269 - 87:55]
Clone found (markdown)
 - .staging/.github/agents/awesome/quality-playbook.agent.md:markdown [72:182 - 91:6] (20 lines, 887 tokens)
   .staging/.github/skills/quality-playbook/agents/quality-playbook.agent.md:markdown [89:197 - 108:6]
Clone found (markdown)
 - .staging/.github/agents/awesome/quality-playbook.agent.md:markdown [91:195 - 125:86] (35 lines, 2010 tokens)
   .staging/.github/skills/quality-playbook/agents/quality-playbook.agent.md:markdown [108:169 - 142:86]
Clone found (markdown)
 - .staging/.github/agents/awesome/quality-playbook.agent.md:markdown [126:1 - 142:5] (17 lines, 1656 tokens)
   .staging/.github/skills/quality-playbook/agents/quality-playbook.agent.md:markdown [143:1 - 159:5]
Clone found (markdown)
 - .staging/.github/agents/awesome/quality-playbook.agent.md:markdown [151:201 - 161:34] (11 lines, 404 tokens)
   .staging/.github/skills/quality-playbook/agents/quality-playbook.agent.md:markdown [157:70 - 167:34]
Clone found (bash)
 - .staging/.github/agents/awesome/react18-auditor.agent.md:bash [202:1 - 207:89] (6 lines, 113 tokens)
   .staging/.github/agents/awesome/react19-auditor.agent.md:bash [34:1 - 39:89]
Clone found (jsx)
 - .staging/.github/agents/awesome/react18-batching-fixer.agent.md:jsx [151:5 - 168:2] (18 lines, 79 tokens)
   .staging/.github/skills/react18-batching-patterns/references/batching-categories.md:jsx [84:5 - 99:2]
Clone found (jsx)
 - .staging/.github/agents/awesome/react18-class-surgeon.agent.md:jsx [73:19 - 82:18] (10 lines, 58 tokens)
   .staging/.github/agents/awesome/react18-class-surgeon.agent.md:jsx [82:18 - 93:19]
Clone found (jsx)
 - .staging/.github/agents/awesome/react19-migrator.agent.md:jsx [51:1 - 60:22] (10 lines, 52 tokens)
   .staging/.github/skills/react19-source-patterns/references/api-migrations.md:jsx [19:1 - 25:22]
Clone found (markdown)
 - .staging/.github/agents/awesome/react19-test-guardian.agent.md:markdown [91:35 - 96:39] (6 lines, 90 tokens)
   .staging/.github/skills/react19-test-patterns/SKILL.md:markdown [67:44 - 72:39]
Clone found (ruby)
 - .staging/.github/agents/awesome/ruby-mcp-expert.agent.md:ruby [102:1 - 113:7] (12 lines, 52 tokens)
   .staging/.github/instructions/awesome-copilot/ruby-mcp-server.instructions.md:ruby [250:1 - 263:7]
Clone found (rust)
 - .staging/.github/agents/awesome/rust-mcp-expert.agent.md:rust [30:1 - 40:2] (11 lines, 81 tokens)
   .staging/.github/instructions/awesome-copilot/rust-mcp-server.instructions.md:rust [154:1 - 164:2]
Clone found (rust)
 - .staging/.github/agents/awesome/rust-mcp-expert.agent.md:rust [45:55 - 53:18] (9 lines, 121 tokens)
   .staging/.github/instructions/awesome-copilot/rust-mcp-server.instructions.md:rust [170:31 - 178:18]
Clone found (rust)
 - .staging/.github/agents/awesome/rust-mcp-expert.agent.md:rust [85:1 - 93:16] (9 lines, 50 tokens)
   .staging/.github/skills/rust-mcp-server-generator/SKILL.md:rust [250:1 - 258:16]
Clone found (rust)
 - .staging/.github/agents/awesome/rust-mcp-expert.agent.md:rust [96:1 - 111:24] (16 lines, 50 tokens)
   .staging/.github/instructions/awesome-copilot/rust-mcp-server.instructions.md:rust [374:1 - 389:24]
Clone found (rust)
 - .staging/.github/agents/awesome/rust-mcp-expert.agent.md:rust [108:37 - 118:22] (11 lines, 51 tokens)
   .staging/.github/agents/awesome/rust-mcp-expert.agent.md:rust [122:45 - 132:22]
Clone found (rust)
 - .staging/.github/agents/awesome/rust-mcp-expert.agent.md:rust [112:35 - 140:35] (29 lines, 197 tokens)
   .staging/.github/instructions/awesome-copilot/rust-mcp-server.instructions.md:rust [389:22 - 423:35]
Clone found (rust)
 - .staging/.github/agents/awesome/rust-mcp-expert.agent.md:rust [140:34 - 162:19] (23 lines, 128 tokens)
   .staging/.github/instructions/awesome-copilot/rust-mcp-server.instructions.md:rust [279:74 - 295:19]
Clone found (rust)
 - .staging/.github/agents/awesome/rust-mcp-expert.agent.md:rust [171:1 - 181:17] (11 lines, 73 tokens)
   .staging/.github/instructions/awesome-copilot/rust-mcp-server.instructions.md:rust [300:1 - 310:17]
Clone found (rust)
 - .staging/.github/agents/awesome/rust-mcp-expert.agent.md:rust [209:1 - 216:18] (8 lines, 60 tokens)
   .staging/.github/instructions/awesome-copilot/rust-mcp-server.instructions.md:rust [339:1 - 346:18]
Clone found (rust)
 - .staging/.github/agents/awesome/rust-mcp-expert.agent.md:rust [222:1 - 231:9] (10 lines, 64 tokens)
   .staging/.github/instructions/awesome-copilot/rust-mcp-server.instructions.md:rust [353:1 - 362:9]
Clone found (rust)
 - .staging/.github/agents/awesome/rust-mcp-expert.agent.md:rust [345:1 - 353:9] (9 lines, 60 tokens)
   .staging/.github/instructions/awesome-copilot/rust-mcp-server.instructions.md:rust [499:1 - 506:9]
Clone found (markdown)
 - .staging/.github/agents/awesome/salesforce-apex-triggers.agent.md:markdown [30:27 - 35:30] (6 lines, 130 tokens)
   .staging/.github/agents/awesome/salesforce-aura-lwc.agent.md:markdown [30:32 - 35:30]
Clone found (markdown)
 - .staging/.github/agents/awesome/salesforce-apex-triggers.agent.md:markdown [30:72 - 35:30] (6 lines, 114 tokens)
   .staging/.github/agents/awesome/salesforce-visualforce.agent.md:markdown [41:54 - 46:30]
Clone found (markdown)
 - .staging/.github/agents/awesome/salesforce-flow.agent.md:markdown [90:36 - 96:23] (7 lines, 65 tokens)
   .staging/.github/agents/awesome/salesforce-visualforce.agent.md:markdown [89:43 - 95:22]
Clone found (markdown)
 - .staging/.github/agents/awesome/sast-sca-security-analyzer.agent.md:markdown [248:21 - 255:51] (8 lines, 112 tokens)
   .staging/.github/skills/audit-integrity/references/self-reflection-quality-gate.md:markdown [14:1 - 14:113]
Clone found (markdown)
 - .staging/.github/agents/awesome/specification.agent.md:markdown [14:1 - 20:79] (7 lines, 136 tokens)
   .staging/.github/skills/create-specification/SKILL.md:markdown [14:1 - 20:79]
Clone found (markdown)
 - .staging/.github/agents/awesome/specification.agent.md:markdown [22:68 - 114:28] (93 lines, 216 tokens)
   .staging/.github/skills/create-specification/SKILL.md:markdown [20:78 - 112:28]
Clone found (markdown)
 - .staging/.github/agents/awesome/specification.agent.md:markdown [24:124 - 128:4] (105 lines, 250 tokens)
   .staging/.github/skills/update-specification/SKILL.md:markdown [22:119 - 127:4]
Clone found (markdown)
 - .staging/.github/agents/awesome/specification.agent.md:markdown [28:53 - 116:8] (89 lines, 103 tokens)
   .staging/.github/skills/create-specification/SKILL.md:markdown [26:53 - 114:12]
Clone found (markdown)
 - .staging/.github/agents/awesome/specification.agent.md:markdown [31:1 - 114:28] (84 lines, 1122 tokens)
   .staging/.github/skills/create-specification/SKILL.md:markdown [29:1 - 112:28]
Clone found (markdown)
 - .staging/.github/agents/awesome/specification.agent.md:markdown [31:1 - 117:110] (87 lines, 1127 tokens)
   .staging/.github/skills/update-specification/SKILL.md:markdown [29:1 - 115:110]
Clone found (markdown)
 - .staging/.github/agents/awesome/specification.agent.md:markdown [120:1 - 128:4] (9 lines, 77 tokens)
   .staging/.github/skills/create-specification/SKILL.md:markdown [118:1 - 127:4]
Clone found (swift)
 - .staging/.github/agents/awesome/swift-mcp-expert.agent.md:swift [70:1 - 78:2] (9 lines, 74 tokens)
   .staging/.github/instructions/awesome-copilot/swift-mcp-server.instructions.md:swift [17:1 - 25:2]
Clone found (markdown)
 - .staging/.github/agents/awesome/task-planner.agent.md:markdown [219:36 - 230:9] (12 lines, 119 tokens)
   .staging/.github/agents/awesome/task-planner.agent.md:markdown [234:36 - 244:53]
Clone found (markdown)
 - .staging/.github/agents/awesome/wg-code-alchemist.agent.md:markdown [37:1 - 42:40] (6 lines, 84 tokens)
   .staging/.github/agents/awesome/wg-code-sentinel.agent.md:markdown [34:1 - 38:40]
Clone found (markdown)
 - .staging/.github/agents/bug-fix-teammate.agent.md:markdown [28:1 - 36:2] (9 lines, 143 tokens)
   egolint/.agents/agents/bug-fix-teammate/AGENT.md:markdown [43:2 - 51:2]
Clone found (markdown)
 - .staging/.github/agents/cleanup-specialist.agent.md:markdown [26:1 - 34:2] (9 lines, 124 tokens)
   egolint/.agents/agents/cleanup-specialist/AGENT.md:markdown [41:2 - 49:2]
Clone found (markdown)
 - .staging/.github/agents/github-issue-creator.agent.md:markdown [27:1 - 33:73] (7 lines, 140 tokens)
   egolint/.agents/agents/github-issue-creator/AGENT.md:markdown [41:2 - 47:73]
Clone found (markdown)
 - .staging/.github/agents/implementation-planner.agent.md:markdown [27:1 - 33:53] (7 lines, 121 tokens)
   egolint/.agents/agents/implementation-planner/AGENT.md:markdown [42:2 - 48:53]
Clone found (markdown)
 - .staging/.github/agents/specfile-creator.agent.md:markdown [27:1 - 32:120] (6 lines, 128 tokens)
   egolint/.agents/agents/specfile-creator/AGENT.md:markdown [42:2 - 47:120]
Clone found (markdown)
 - .staging/.github/agents/test-specialist.agent.md:markdown [27:1 - 35:2] (9 lines, 147 tokens)
   egolint/.agents/agents/test-specialist/AGENT.md:markdown [42:2 - 50:2]
Clone found (text)
 - .staging/.github/instructions/awesome-copilot/ai-prompt-engineering-safety-best-practices.instructions.md:text [181:177 - 191:211] (11 lines, 70 tokens)
   .staging/.github/instructions/awesome-copilot/ai-prompt-engineering-safety-best-practices.instructions.md:text [770:14 - 775:211]
Clone found (markdown)
 - .staging/.github/instructions/awesome-copilot/aspnet-rest-apis.instructions.md:markdown [25:61 - 31:4] (7 lines, 138 tokens)
   .staging/.github/instructions/awesome-copilot/csharp.instructions.md:markdown [36:42 - 42:4]
Clone found (markdown)
 - .staging/.github/instructions/awesome-copilot/aspnet-rest-apis.instructions.md:markdown [47:1 - 87:11] (41 lines, 601 tokens)
   .staging/.github/instructions/awesome-copilot/csharp.instructions.md:markdown [48:1 - 88:11]
Clone found (markdown)
 - .staging/.github/instructions/awesome-copilot/aspnet-rest-apis.instructions.md:markdown [89:95 - 107:31] (19 lines, 253 tokens)
   .staging/.github/instructions/awesome-copilot/csharp.instructions.md:markdown [93:79 - 111:31]
Clone found (json)
 - .staging/.github/instructions/awesome-copilot/azure-logic-apps-power-automate.instructions.md:json [249:1 - 277:2] (29 lines, 80 tokens)
   .staging/.github/instructions/awesome-copilot/azure-logic-apps-power-automate.instructions.md:json [353:1 - 383:2]
Clone found (json)
 - .staging/.github/instructions/awesome-copilot/azure-logic-apps-power-automate.instructions.md:json [645:1 - 659:11] (15 lines, 58 tokens)
   .staging/.github/instructions/awesome-copilot/azure-logic-apps-power-automate.instructions.md:json [957:1 - 971:11]
Clone found (json)
 - .staging/.github/instructions/awesome-copilot/azure-logic-apps-power-automate.instructions.md:json [866:1 - 879:9] (14 lines, 52 tokens)
   .staging/.github/instructions/awesome-copilot/azure-logic-apps-power-automate.instructions.md:json [1318:1 - 1331:9]
Clone found (markdown)
 - .staging/.github/instructions/awesome-copilot/azure-verified-modules-terraform.instructions.md:markdown [29:1 - 44:3] (16 lines, 218 tokens)
   .staging/.github/skills/import-infrastructure-as-code/SKILL.md:markdown [109:1 - 123:3]
Clone found (markdown)
 - .staging/.github/instructions/awesome-copilot/blazor.instructions.md:markdown [3:1 - 11:3] (9 lines, 68 tokens)
   .staging/.github/instructions/awesome-copilot/oqtane.instructions.md:markdown [3:1 - 11:3]
Clone found (markdown)
 - .staging/.github/instructions/awesome-copilot/blazor.instructions.md:markdown [10:12 - 26:50] (17 lines, 238 tokens)
   .staging/.github/instructions/awesome-copilot/oqtane.instructions.md:markdown [11:13 - 28:50]
Clone found (markdown)
 - .staging/.github/instructions/awesome-copilot/blazor.instructions.md:markdown [12:83 - 20:4] (9 lines, 74 tokens)
   .staging/.github/instructions/awesome-copilot/csharp.instructions.md:markdown [16:86 - 24:4]
Clone found (markdown)
 - .staging/.github/instructions/awesome-copilot/blazor.instructions.md:markdown [12:83 - 20:4] (9 lines, 74 tokens)
   .staging/.github/instructions/awesome-copilot/dotnet-maui.instructions.md:markdown [13:74 - 21:4]
Clone found (markdown)
 - .staging/.github/instructions/awesome-copilot/blazor.instructions.md:markdown [30:65 - 52:3] (23 lines, 417 tokens)
   .staging/.github/instructions/awesome-copilot/oqtane.instructions.md:markdown [43:56 - 65:3]
Clone found (markdown)
 - .staging/.github/instructions/awesome-copilot/blazor.instructions.md:markdown [52:64 - 58:7] (7 lines, 125 tokens)
   .staging/.github/instructions/awesome-copilot/oqtane.instructions.md:markdown [66:34 - 72:7]
Clone found (markdown)
 - .staging/.github/instructions/awesome-copilot/blazor.instructions.md:markdown [54:142 - 61:4] (8 lines, 82 tokens)
   .staging/.github/instructions/awesome-copilot/dotnet-maui.instructions.md:markdown [85:126 - 92:4]
Clone found (markdown)
 - .staging/.github/instructions/awesome-copilot/coldfusion-cfc.instructions.md:markdown [8:1 - 14:2] (7 lines, 86 tokens)
   .staging/.github/instructions/awesome-copilot/coldfusion-cfm.instructions.md:markdown [8:1 - 13:2]
Clone found (markdown)
 - .staging/.github/instructions/awesome-copilot/containerization-docker-best-practices.instructions.md:markdown [143:41 - 156:36] (14 lines, 326 tokens)
   .staging/.github/instructions/awesome-copilot/containerization-docker-best-practices.instructions.md:markdown [174:41 - 217:7]
Clone found (markdown)
 - .staging/.github/instructions/awesome-copilot/containerization-docker-best-practices.instructions.md:markdown [143:41 - 155:7] (13 lines, 274 tokens)
   .staging/.github/instructions/awesome-copilot/containerization-docker-best-practices.instructions.md:markdown [229:37 - 245:7]
Clone found (markdown)
 - .staging/.github/instructions/awesome-copilot/containerization-docker-best-practices.instructions.md:markdown [143:41 - 156:4] (14 lines, 294 tokens)
   .staging/.github/instructions/awesome-copilot/containerization-docker-best-practices.instructions.md:markdown [257:31 - 275:7]
Clone found (markdown)
 - .staging/.github/instructions/awesome-copilot/containerization-docker-best-practices.instructions.md:markdown [143:41 - 154:18] (12 lines, 268 tokens)
   .staging/.github/instructions/awesome-copilot/containerization-docker-best-practices.instructions.md:markdown [301:49 - 316:4]
Clone found (markdown)
 - .staging/.github/instructions/awesome-copilot/containerization-docker-best-practices.instructions.md:markdown [143:36 - 156:15] (14 lines, 310 tokens)
   .staging/.github/instructions/awesome-copilot/containerization-docker-best-practices.instructions.md:markdown [330:29 - 345:7]
Clone found (markdown)
 - .staging/.github/instructions/awesome-copilot/containerization-docker-best-practices.instructions.md:markdown [143:37 - 153:32] (11 lines, 242 tokens)
   .staging/.github/instructions/awesome-copilot/containerization-docker-best-practices.instructions.md:markdown [357:38 - 369:7]
Clone found (markdown)
 - .staging/.github/instructions/awesome-copilot/containerization-docker-best-practices.instructions.md:markdown [143:41 - 153:16] (11 lines, 222 tokens)
   .staging/.github/instructions/awesome-copilot/containerization-docker-best-practices.instructions.md:markdown [381:37 - 394:10]
Clone found (markdown)
 - .staging/.github/instructions/awesome-copilot/containerization-docker-best-practices.instructions.md:markdown [143:40 - 150:9] (8 lines, 168 tokens)
   .staging/.github/instructions/awesome-copilot/containerization-docker-best-practices.instructions.md:markdown [406:38 - 415:10]
Clone found (markdown)
 - .staging/.github/instructions/awesome-copilot/containerization-docker-best-practices.instructions.md:markdown [143:41 - 153:14] (11 lines, 220 tokens)
   .staging/.github/instructions/awesome-copilot/containerization-docker-best-practices.instructions.md:markdown [449:38 - 459:10]
Clone found (markdown)
 - .staging/.github/instructions/awesome-copilot/containerization-docker-best-practices.instructions.md:markdown [143:41 - 158:12] (16 lines, 376 tokens)
   .staging/.github/instructions/awesome-copilot/containerization-docker-best-practices.instructions.md:markdown [471:40 - 482:14]
Clone found (markdown)
 - .staging/.github/instructions/awesome-copilot/containerization-docker-best-practices.instructions.md:markdown [143:41 - 151:31] (9 lines, 206 tokens)
   .staging/.github/instructions/awesome-copilot/containerization-docker-best-practices.instructions.md:markdown [523:32 - 533:10]
Clone found (markdown)
 - .staging/.github/instructions/awesome-copilot/containerization-docker-best-practices.instructions.md:markdown [143:36 - 151:21] (9 lines, 201 tokens)
   .staging/.github/instructions/awesome-copilot/containerization-docker-best-practices.instructions.md:markdown [571:37 - 591:10]
Clone found (markdown)
 - .staging/.github/instructions/awesome-copilot/containerization-docker-best-practices.instructions.md:markdown [143:41 - 155:7] (13 lines, 274 tokens)
   .staging/.github/instructions/awesome-copilot/github-actions-ci-cd-best-practices.instructions.md:markdown [116:47 - 131:10]
Clone found (markdown)
 - .staging/.github/instructions/awesome-copilot/containerization-docker-best-practices.instructions.md:markdown [143:41 - 165:84] (23 lines, 671 tokens)
   .staging/.github/instructions/awesome-copilot/springboot-4-migration.instructions.md:markdown [897:50 - 922:5]
Clone found (markdown)
 - .staging/.github/instructions/awesome-copilot/containerization-docker-best-practices.instructions.md:markdown [143:41 - 157:21] (15 lines, 358 tokens)
   .staging/.github/skills/quality-playbook/SKILL.md:markdown [1223:84 - 1238:4]
Clone found (markdown)
 - .staging/.github/instructions/awesome-copilot/containerization-docker-best-practices.instructions.md:markdown [174:40 - 198:6] (25 lines, 218 tokens)
   .staging/.github/instructions/awesome-copilot/containerization-docker-best-practices.instructions.md:markdown [545:32 - 559:10]
Clone found (markdown)
 - .staging/.github/instructions/awesome-copilot/containerization-docker-best-practices.instructions.md:markdown [301:48 - 312:21] (12 lines, 193 tokens)
   .staging/.github/instructions/awesome-copilot/containerization-docker-best-practices.instructions.md:markdown [427:36 - 436:10]
Clone found (markdown)
 - .staging/.github/instructions/awesome-copilot/containerization-docker-best-practices.instructions.md:markdown [301:48 - 312:40] (12 lines, 212 tokens)
   .staging/.github/instructions/awesome-copilot/containerization-docker-best-practices.instructions.md:markdown [496:43 - 511:10]
Clone found (markdown)
 - .staging/.github/instructions/awesome-copilot/containerization-docker-best-practices.instructions.md:markdown [449:34 - 462:22] (14 lines, 419 tokens)
   .staging/.github/instructions/awesome-copilot/containerization-docker-best-practices.instructions.md:markdown [603:31 - 631:4]
Clone found (markdown)
 - .staging/.github/instructions/awesome-copilot/containerization-docker-best-practices.instructions.md:markdown [471:38 - 485:20] (15 lines, 461 tokens)
   .staging/.github/instructions/awesome-copilot/springboot-4-migration.instructions.md:markdown [1326:46 - 1341:11]
Clone found (markdown)
 - .staging/.github/instructions/awesome-copilot/containerization-docker-best-practices.instructions.md:markdown [523:29 - 560:11] (38 lines, 1410 tokens)
   .staging/.github/instructions/awesome-copilot/github-actions-ci-cd-best-practices.instructions.md:markdown [41:52 - 87:12]
Clone found (markdown)
 - .staging/.github/instructions/awesome-copilot/containerization-docker-best-practices.instructions.md:markdown [545:31 - 562:90] (18 lines, 443 tokens)
   .staging/.github/instructions/awesome-copilot/github-actions-ci-cd-best-practices.instructions.md:markdown [153:27 - 169:10]
Clone found (markdown)
 - .staging/.github/instructions/awesome-copilot/convert-jpa-to-spring-data-cosmos.instructions.md:markdown [356:1 - 370:16] (15 lines, 171 tokens)
   .staging/.github/instructions/awesome-copilot/convert-jpa-to-spring-data-cosmos.instructions.md:markdown [427:1 - 441:16]
Clone found (markdown)
 - .staging/.github/instructions/awesome-copilot/convert-jpa-to-spring-data-cosmos.instructions.md:markdown [371:1 - 427:10] (57 lines, 907 tokens)
   .staging/.github/instructions/awesome-copilot/convert-jpa-to-spring-data-cosmos.instructions.md:markdown [441:1 - 497:10]
Clone found (markdown)
 - .staging/.github/instructions/awesome-copilot/convert-jpa-to-spring-data-cosmos.instructions.md:markdown [556:1 - 568:4] (13 lines, 216 tokens)
   .staging/.github/instructions/awesome-copilot/convert-jpa-to-spring-data-cosmos.instructions.md:markdown [568:1 - 579:4]
Clone found (csharp)
 - .staging/.github/instructions/awesome-copilot/copilot-sdk-csharp.instructions.md:csharp [97:1 - 129:55] (33 lines, 94 tokens)
   .staging/.github/instructions/awesome-copilot/copilot-sdk-csharp.instructions.md:csharp [500:1 - 516:55]
Clone found (csharp)
 - .staging/.github/instructions/awesome-copilot/copilot-sdk-csharp.instructions.md:csharp [256:1 - 282:34] (27 lines, 52 tokens)
   .staging/.github/instructions/awesome-copilot/copilot-sdk-csharp.instructions.md:csharp [290:1 - 302:34]
Clone found (markdown)
 - .staging/.github/instructions/awesome-copilot/copilot-sdk-csharp.instructions.md:markdown [264:1 - 273:49] (10 lines, 78 tokens)
   .staging/.github/instructions/awesome-copilot/copilot-sdk-nodejs.instructions.md:markdown [310:1 - 320:49]
Clone found (markdown)
 - .staging/.github/instructions/awesome-copilot/copilot-sdk-csharp.instructions.md:markdown [264:1 - 275:10] (12 lines, 79 tokens)
   .staging/.github/instructions/awesome-copilot/copilot-sdk-python.instructions.md:markdown [325:1 - 337:10]
Clone found (go)
 - .staging/.github/instructions/awesome-copilot/copilot-sdk-go.instructions.md:go [279:10 - 309:14] (31 lines, 51 tokens)
   .staging/.github/instructions/awesome-copilot/copilot-sdk-go.instructions.md:go [315:2 - 327:14]
Clone found (go)
 - .staging/.github/instructions/awesome-copilot/copilot-sdk-go.instructions.md:go [447:56 - 464:61] (18 lines, 67 tokens)
   .staging/.github/instructions/awesome-copilot/copilot-sdk-go.instructions.md:go [493:40 - 521:61]
Clone found (java)
 - .staging/.github/instructions/awesome-copilot/copilot-sdk-java.instructions.md:java [706:1 - 736:13] (31 lines, 73 tokens)
   .staging/.github/instructions/awesome-copilot/copilot-sdk-java.instructions.md:java [739:1 - 752:13]
Clone found (markdown)
 - .staging/.github/instructions/awesome-copilot/copilot-sdk-java.instructions.md:markdown [57:1 - 64:65] (8 lines, 72 tokens)
   .staging/.github/instructions/awesome-copilot/copilot-sdk-nodejs.instructions.md:markdown [39:1 - 46:65]
Clone found (markdown)
 - .staging/.github/instructions/awesome-copilot/copilot-sdk-nodejs.instructions.md:markdown [235:1 - 241:25] (7 lines, 53 tokens)
   .staging/.github/instructions/awesome-copilot/copilot-sdk-python.instructions.md:markdown [236:1 - 242:25]
Clone found (typescript)
 - .staging/.github/instructions/awesome-copilot/copilot-sdk-nodejs.instructions.md:typescript [130:1 - 139:25] (10 lines, 67 tokens)
   .staging/.github/instructions/awesome-copilot/copilot-sdk-nodejs.instructions.md:typescript [570:5 - 579:29]
Clone found (csharp)
 - .staging/.github/instructions/awesome-copilot/csharp-mcp-server.instructions.md:csharp [50:12 - 61:21] (12 lines, 50 tokens)
   .staging/.github/skills/dotnet-mcp-builder/references/transport-stdio.md:csharp [34:34 - 44:21]
Clone found (markdown)
 - .staging/.github/instructions/awesome-copilot/csharp.instructions.md:markdown [12:1 - 18:4] (7 lines, 107 tokens)
   .staging/.github/instructions/awesome-copilot/springboot.instructions.md:markdown [8:1 - 15:4]
Clone found (python)
 - .staging/.github/instructions/awesome-copilot/dataverse-python-authentication-security.instructions.md:python [98:1 - 107:2] (10 lines, 52 tokens)
   .staging/.github/instructions/awesome-copilot/dataverse-python-authentication-security.instructions.md:python [208:1 - 217:2]
Clone found (python)
 - .staging/.github/instructions/awesome-copilot/dataverse-python-best-practices.instructions.md:python [455:1 - 469:27] (15 lines, 53 tokens)
   .staging/.github/instructions/awesome-copilot/dataverse-python-file-operations.instructions.md:python [19:1 - 36:27]
Clone found (python)
 - .staging/.github/instructions/awesome-copilot/dataverse-python-testing-debugging.instructions.md:python [167:1 - 172:30] (6 lines, 52 tokens)
   .staging/.github/instructions/awesome-copilot/dataverse-python-testing-debugging.instructions.md:python [425:1 - 430:30]
Clone found (markdown)
 - .staging/.github/instructions/awesome-copilot/github-actions-ci-cd-best-practices.instructions.md:markdown [116:46 - 123:28] (8 lines, 117 tokens)
   .staging/.github/skills/dependabot/SKILL.md:markdown [430:27 - 436:3]
Clone found (markup)
 - .staging/.github/instructions/awesome-copilot/java-17-to-java-21-upgrade.instructions.md:markup [335:20 - 348:10] (14 lines, 92 tokens)
   .staging/.github/instructions/awesome-copilot/java-21-to-java-25-upgrade.instructions.md:markup [234:20 - 247:10]
Clone found (markdown)
 - .staging/.github/instructions/awesome-copilot/joyride-user-project.instructions.md:markdown [25:1 - 35:27] (11 lines, 210 tokens)
   .staging/.github/instructions/awesome-copilot/joyride-workspace-automation.instructions.md:markdown [21:1 - 31:27]
Clone found (markdown)
 - .staging/.github/instructions/awesome-copilot/joyride-user-project.instructions.md:markdown [37:46 - 47:105] (11 lines, 212 tokens)
   .staging/.github/instructions/awesome-copilot/joyride-workspace-automation.instructions.md:markdown [33:166 - 43:105]
Clone found (markup)
 - .staging/.github/instructions/awesome-copilot/lwc.instructions.md:markup [368:19 - 373:16] (6 lines, 51 tokens)
   .staging/.github/instructions/awesome-copilot/lwc.instructions.md:markup [388:29 - 393:16]
Clone found (markdown)
 - .staging/.github/instructions/awesome-copilot/markdown-gfm.instructions.md:markdown [10:1 - 16:2] (7 lines, 125 tokens)
   .staging/.github/instructions/awesome-copilot/markdown.instructions.md:markdown [10:1 - 15:2]
Clone found (markdown)
 - .staging/.github/instructions/awesome-copilot/markdown-gfm.instructions.md:markdown [34:269 - 39:172] (6 lines, 151 tokens)
   .staging/.github/instructions/awesome-copilot/markdown.instructions.md:markdown [28:86 - 33:172]
Clone found (markdown)
 - .staging/.github/instructions/awesome-copilot/markdown-gfm.instructions.md:markdown [40:170 - 45:5] (6 lines, 78 tokens)
   .staging/.github/instructions/awesome-copilot/markdown.instructions.md:markdown [33:311 - 38:5]
Clone found (markdown)
 - .staging/.github/instructions/awesome-copilot/markdown-gfm.instructions.md:markdown [56:116 - 63:7] (8 lines, 124 tokens)
   .staging/.github/instructions/awesome-copilot/markdown.instructions.md:markdown [44:149 - 51:7]
Clone found (markdown)
 - .staging/.github/instructions/awesome-copilot/pcf-canvas-apps.instructions.md:markdown [98:388 - 104:126] (7 lines, 58 tokens)
   .staging/.github/instructions/awesome-copilot/pcf-model-driven-apps.instructions.md:markdown [45:107 - 51:126]
Clone found (markdown)
 - .staging/.github/instructions/awesome-copilot/playwright-dotnet.instructions.md:markdown [13:194 - 19:5] (7 lines, 93 tokens)
   .staging/.github/instructions/awesome-copilot/playwright-typescript.instructions.md:markdown [10:190 - 16:5]
Clone found (markdown)
 - .staging/.github/instructions/awesome-copilot/playwright-dotnet.instructions.md:markdown [88:1 - 101:47] (14 lines, 218 tokens)
   .staging/.github/instructions/awesome-copilot/playwright-typescript.instructions.md:markdown [74:1 - 86:47]
Clone found (rust)
 - .staging/.github/instructions/awesome-copilot/rust-mcp-server.instructions.md:rust [532:34 - 538:51] (7 lines, 84 tokens)
   .staging/.github/skills/rust-mcp-server-generator/SKILL.md:rust [445:29 - 451:51]
Clone found (rust)
 - .staging/.github/instructions/awesome-copilot/rust-mcp-server.instructions.md:rust [624:1 - 639:2] (16 lines, 113 tokens)
   .staging/.github/skills/rust-mcp-server-generator/SKILL.md:rust [353:1 - 368:5]
Clone found (toml)
 - .staging/.github/instructions/awesome-copilot/rust-mcp-server.instructions.md:toml [19:1 - 24:27] (6 lines, 66 tokens)
   .staging/.github/skills/rust-mcp-server-generator/SKILL.md:toml [58:1 - 63:27]
Clone found (markup)
 - .staging/.github/instructions/awesome-copilot/scala-spark.instructions.md:markup [36:32 - 42:27] (7 lines, 63 tokens)
   .staging/.github/instructions/awesome-copilot/scala-spark.instructions.md:markup [42:31 - 48:27]
Clone found (markup)
 - .staging/.github/instructions/awesome-copilot/scala-spark.instructions.md:markup [36:32 - 42:27] (7 lines, 63 tokens)
   .staging/.github/instructions/awesome-copilot/scala-spark.instructions.md:markup [48:33 - 54:27]
Clone found (markdown)
 - .staging/.github/instructions/awesome-copilot/springboot-4-migration.instructions.md:markdown [897:48 - 907:30] (11 lines, 258 tokens)
   .staging/.github/instructions/awesome-copilot/springboot-4-migration.instructions.md:markdown [1273:32 - 1282:6]
Clone found (markdown)
 - .staging/.github/instructions/awesome-copilot/springboot-4-migration.instructions.md:markdown [926:4 - 935:44] (10 lines, 249 tokens)
   .staging/.github/instructions/awesome-copilot/springboot-4-migration.instructions.md:markdown [1062:20 - 1081:5]
Clone found (markdown)
 - .staging/.github/instructions/awesome-copilot/springboot-4-migration.instructions.md:markdown [926:9 - 951:14] (26 lines, 771 tokens)
   .staging/.github/instructions/awesome-copilot/springboot-4-migration.instructions.md:markdown [1130:29 - 1164:5]
Clone found (markdown)
 - .staging/.github/instructions/awesome-copilot/springboot-4-migration.instructions.md:markdown [971:49 - 980:55] (10 lines, 216 tokens)
   .staging/.github/skills/phoenix-cli/references/axial-coding.md:markdown [156:517 - 166:4]
Clone found (markdown)
 - .staging/.github/instructions/awesome-copilot/springboot-4-migration.instructions.md:markdown [971:49 - 981:20] (11 lines, 270 tokens)
   .staging/.github/skills/quality-playbook/SKILL.md:markdown [2321:47 - 2335:3]
Clone found (markdown)
 - .staging/.github/instructions/awesome-copilot/springboot-4-migration.instructions.md:markdown [997:120 - 1043:46] (47 lines, 1511 tokens)
   .staging/.github/instructions/awesome-copilot/springboot-4-migration.instructions.md:markdown [1298:75 - 1326:19]
Clone found (markdown)
 - .staging/.github/instructions/awesome-copilot/springboot-4-migration.instructions.md:markdown [1008:1 - 1033:39] (26 lines, 777 tokens)
   .staging/.github/instructions/awesome-copilot/springboot-4-migration.instructions.md:markdown [1366:1 - 1404:6]
Clone found (markdown)
 - .staging/.github/instructions/awesome-copilot/springboot-4-migration.instructions.md:markdown [1008:1 - 1013:48] (6 lines, 226 tokens)
   .staging/.github/instructions/awesome-copilot/springboot-4-migration.instructions.md:markdown [1406:1 - 1421:4]
Clone found (markdown)
 - .staging/.github/instructions/awesome-copilot/springboot-4-migration.instructions.md:markdown [1024:91 - 1042:5] (19 lines, 430 tokens)
   .staging/.github/skills/quality-playbook/SKILL.md:markdown [307:44 - 322:2]
Clone found (markdown)
 - .staging/.github/instructions/awesome-copilot/springboot-4-migration.instructions.md:markdown [1168:13 - 1186:11] (19 lines, 579 tokens)
   .staging/.github/instructions/awesome-copilot/springboot-4-migration.instructions.md:markdown [1195:19 - 1216:6]
Clone found (markdown)
 - .staging/.github/instructions/awesome-copilot/springboot-4-migration.instructions.md:markdown [1168:22 - 1180:12] (13 lines, 336 tokens)
   .staging/.github/instructions/awesome-copilot/springboot-4-migration.instructions.md:markdown [1282:38 - 1294:4]
Clone found (markdown)
 - .staging/.github/instructions/awesome-copilot/springboot-4-migration.instructions.md:markdown [1218:92 - 1234:35] (17 lines, 578 tokens)
   .staging/.github/skills/quality-playbook/SKILL.md:markdown [2461:270 - 2492:3]
Clone found (swift)
 - .staging/.github/instructions/awesome-copilot/swift-mcp-server.instructions.md:swift [295:1 - 302:64] (8 lines, 56 tokens)
   .staging/.github/skills/swift-mcp-server-generator/SKILL.md:swift [63:1 - 70:64]
Clone found (markdown)
 - .staging/.github/instructions/awesome-copilot/tasksync.instructions.md:markdown [253:5 - 259:28] (7 lines, 63 tokens)
   .staging/.github/instructions/awesome-copilot/tasksync.instructions.md:markdown [412:1 - 417:28]
Clone found (markdown)
 - .staging/.github/instructions/awesome-copilot/tasksync.instructions.md:markdown [265:3 - 272:30] (8 lines, 79 tokens)
   .staging/.github/instructions/awesome-copilot/tasksync.instructions.md:markdown [422:1 - 428:30]
Clone found (markdown)
 - .staging/.github/instructions/awesome-copilot/tasksync.instructions.md:markdown [276:3 - 282:57] (7 lines, 63 tokens)
   .staging/.github/instructions/awesome-copilot/tasksync.instructions.md:markdown [431:1 - 436:57]
Clone found (markdown)
 - .staging/.github/instructions/awesome-copilot/tasksync.instructions.md:markdown [284:1 - 293:36] (10 lines, 139 tokens)
   .staging/.github/instructions/awesome-copilot/tasksync.instructions.md:markdown [437:1 - 445:36]
Clone found (markdown)
 - .staging/.github/instructions/awesome-copilot/tasksync.instructions.md:markdown [302:5 - 315:11] (14 lines, 74 tokens)
   .staging/.github/instructions/awesome-copilot/tasksync.instructions.md:markdown [453:1 - 465:11]
Clone found (markdown)
 - .staging/.github/instructions/awesome-copilot/tasksync.instructions.md:markdown [327:1 - 339:11] (13 lines, 81 tokens)
   .staging/.github/instructions/awesome-copilot/tasksync.instructions.md:markdown [475:1 - 485:11]
Clone found (markdown)
 - .staging/.github/instructions/awesome-copilot/tasksync.instructions.md:markdown [351:1 - 394:40] (44 lines, 298 tokens)
   .staging/.github/instructions/awesome-copilot/tasksync.instructions.md:markdown [495:1 - 534:40]
Clone found (markdown)
 - .staging/.github/instructions/awesome-copilot/tasksync.instructions.md:markdown [396:1 - 403:87] (8 lines, 228 tokens)
   .staging/.github/instructions/awesome-copilot/tasksync.instructions.md:markdown [535:1 - 542:87]
Clone found (markdown)
 - .staging/.github/instructions/awesome-copilot/terraform-azure.instructions.md:markdown [182:26 - 187:36] (6 lines, 141 tokens)
   .staging/.github/skills/quality-playbook/SKILL.md:markdown [2183:73 - 2190:2]
Clone found (json)
 - .staging/.github/instructions/awesome-copilot/typespec-m365-copilot.instructions.md:json [331:1 - 342:19] (12 lines, 55 tokens)
   .staging/.github/skills/typespec-api-operations/SKILL.md:json [57:1 - 68:19]
Clone found (markdown)
 - .staging/.github/instructions/awesome-copilot/typespec-m365-copilot.instructions.md:markdown [295:26 - 324:6] (30 lines, 757 tokens)
   .staging/.github/skills/web-design-reviewer/SKILL.md:markdown [231:25 - 274:4]
Clone found (markdown)
 - .staging/.github/instructions/awesome-copilot/typespec-m365-copilot.instructions.md:markdown [329:28 - 338:19] (10 lines, 181 tokens)
   .staging/.github/instructions/awesome-copilot/typespec-m365-copilot.instructions.md:markdown [384:15 - 401:7]
Clone found (markdown)
 - .staging/.github/instructions/awesome-copilot/typespec-m365-copilot.instructions.md:markdown [329:27 - 343:15] (15 lines, 313 tokens)
   .staging/.github/instructions/awesome-copilot/wordpress.instructions.md:markdown [120:16 - 139:2]
Clone found (markdown)
 - .staging/.github/instructions/awesome-copilot/wordpress.instructions.md:markdown [39:26 - 44:15] (6 lines, 92 tokens)
   .staging/.github/skills/dependabot/SKILL.md:markdown [259:17 - 267:6]
Clone found (javascript)
 - .staging/.github/scripts/update-readme.mjs [165:49 - 178:12] (14 lines, 62 tokens)
   .staging/.github/scripts/update-readme.mjs [197:31 - 206:8]
Clone found (txt)
 - .staging/.github/skills/appinsights-instrumentation/LICENSE.txt [1:1 - 21:9] (21 lines, 351 tokens)
   .staging/.github/skills/azure-resource-visualizer/LICENSE.txt [1:1 - 21:9]
Clone found (txt)
 - .staging/.github/skills/appinsights-instrumentation/LICENSE.txt [1:1 - 21:9] (21 lines, 351 tokens)
   .staging/.github/skills/azure-role-selector/LICENSE.txt [1:1 - 21:9]
Clone found (txt)
 - .staging/.github/skills/appinsights-instrumentation/LICENSE.txt [3:41 - 12:75] (10 lines, 168 tokens)
   .staging/.github/skills/winmd-api-search/LICENSE.txt [3:57 - 12:75]
Clone found (txt)
 - .staging/.github/skills/appinsights-instrumentation/LICENSE.txt [5:1 - 21:9] (17 lines, 336 tokens)
   LICENSES/MIT.txt [5:1 - 21:9]
Clone found (txt)
 - .staging/.github/skills/appinsights-instrumentation/LICENSE.txt [13:1 - 20:74] (8 lines, 164 tokens)
   .staging/.github/skills/winmd-api-search/LICENSE.txt [13:5 - 20:74]
Clone found (markdown)
 - .staging/.github/skills/appinsights-instrumentation/references/ASPNETCORE.md:markdown [19:262 - 27:297] (9 lines, 157 tokens)
   .staging/.github/skills/appinsights-instrumentation/references/NODEJS.md:markdown [20:237 - 28:297]
Clone found (markdown)
 - .staging/.github/skills/appinsights-instrumentation/references/NODEJS.md:markdown [16:1 - 28:369] (13 lines, 311 tokens)
   .staging/.github/skills/appinsights-instrumentation/references/PYTHON.md:markdown [23:1 - 35:369]
Clone found (markdown)
 - .staging/.github/skills/arch-linux-triage/SKILL.md:markdown [22:35 - 31:23] (10 lines, 82 tokens)
   .staging/.github/skills/centos-linux-triage/SKILL.md:markdown [22:35 - 31:23]
Clone found (markdown)
 - .staging/.github/skills/arch-linux-triage/SKILL.md:markdown [22:56 - 31:23] (10 lines, 78 tokens)
   .staging/.github/skills/debian-linux-triage/SKILL.md:markdown [22:47 - 31:23]
Clone found (markdown)
 - .staging/.github/skills/arize-ai-provider-integration/SKILL.md:markdown [23:1 - 31:3] (9 lines, 226 tokens)
   .staging/.github/skills/arize-annotation/SKILL.md:markdown [20:1 - 28:3]
Clone found (markdown)
 - .staging/.github/skills/arize-ai-provider-integration/SKILL.md:markdown [23:1 - 31:3] (9 lines, 226 tokens)
   .staging/.github/skills/arize-dataset/SKILL.md:markdown [23:1 - 31:3]
Clone found (markdown)
 - .staging/.github/skills/arize-ai-provider-integration/SKILL.md:markdown [23:1 - 31:149] (9 lines, 273 tokens)
   .staging/.github/skills/arize-prompt-optimization/SKILL.md:markdown [53:1 - 62:3]
Clone found (markdown)
 - .staging/.github/skills/arize-ai-provider-integration/SKILL.md:markdown [253:76 - 262:74] (10 lines, 96 tokens)
   .staging/.github/skills/arize-annotation/SKILL.md:markdown [270:83 - 279:74]
Clone found (markdown)
 - .staging/.github/skills/arize-ai-provider-integration/SKILL.md:markdown [255:1 - 262:91] (8 lines, 103 tokens)
   .staging/.github/skills/arize-evaluator/SKILL.md:markdown [560:1 - 568:4]
Clone found (markdown)
 - .staging/.github/skills/arize-ai-provider-integration/SKILL.md:markdown [257:1 - 262:32] (6 lines, 75 tokens)
   .staging/.github/skills/arize-dataset/SKILL.md:markdown [359:1 - 364:32]
Clone found (markdown)
 - .staging/.github/skills/arize-ai-provider-integration/SKILL.md:markdown [257:1 - 262:4] (6 lines, 64 tokens)
   .staging/.github/skills/arize-prompt-optimization/SKILL.md:markdown [445:1 - 450:4]
Clone found (markdown)
 - .staging/.github/skills/arize-ai-provider-integration/SKILL.md:markdown [257:1 - 262:4] (6 lines, 64 tokens)
   .staging/.github/skills/arize-trace/SKILL.md:markdown [393:1 - 398:4]
Clone found (bash)
 - .staging/.github/skills/arize-ai-provider-integration/references/ax-profiles.md:bash [10:1 - 90:57] (81 lines, 163 tokens)
   .staging/.github/skills/arize-annotation/references/ax-profiles.md:bash [10:1 - 90:57]
Clone found (bash)
 - .staging/.github/skills/arize-ai-provider-integration/references/ax-profiles.md:bash [10:1 - 90:57] (81 lines, 163 tokens)
   .staging/.github/skills/arize-dataset/references/ax-profiles.md:bash [10:1 - 90:57]
Clone found (bash)
 - .staging/.github/skills/arize-ai-provider-integration/references/ax-profiles.md:bash [10:1 - 90:57] (81 lines, 163 tokens)
   .staging/.github/skills/arize-evaluator/references/ax-profiles.md:bash [10:1 - 90:57]
Clone found (bash)
 - .staging/.github/skills/arize-ai-provider-integration/references/ax-profiles.md:bash [10:1 - 90:57] (81 lines, 163 tokens)
   .staging/.github/skills/arize-experiment/references/ax-profiles.md:bash [10:1 - 90:57]
Clone found (bash)
 - .staging/.github/skills/arize-ai-provider-integration/references/ax-profiles.md:bash [10:1 - 90:57] (81 lines, 163 tokens)
   .staging/.github/skills/arize-instrumentation/references/ax-profiles.md:bash [10:1 - 90:57]
Clone found (bash)
 - .staging/.github/skills/arize-ai-provider-integration/references/ax-profiles.md:bash [10:1 - 90:57] (81 lines, 163 tokens)
   .staging/.github/skills/arize-prompt-optimization/references/ax-profiles.md:bash [10:1 - 90:57]
Clone found (bash)
 - .staging/.github/skills/arize-ai-provider-integration/references/ax-profiles.md:bash [10:1 - 90:57] (81 lines, 163 tokens)
   .staging/.github/skills/arize-trace/references/ax-profiles.md:bash [10:1 - 90:57]
Clone found (markdown)
 - .staging/.github/skills/arize-ai-provider-integration/references/ax-profiles.md:markdown [1:1 - 115:87] (115 lines, 1320 tokens)
   .staging/.github/skills/arize-annotation/references/ax-profiles.md:markdown [1:1 - 115:87]
Clone found (markdown)
 - .staging/.github/skills/arize-ai-provider-integration/references/ax-profiles.md:markdown [1:1 - 115:87] (115 lines, 1320 tokens)
   .staging/.github/skills/arize-dataset/references/ax-profiles.md:markdown [1:1 - 115:87]
Clone found (markdown)
 - .staging/.github/skills/arize-ai-provider-integration/references/ax-profiles.md:markdown [1:1 - 115:87] (115 lines, 1320 tokens)
   .staging/.github/skills/arize-evaluator/references/ax-profiles.md:markdown [1:1 - 115:87]
Clone found (markdown)
 - .staging/.github/skills/arize-ai-provider-integration/references/ax-profiles.md:markdown [1:1 - 115:87] (115 lines, 1320 tokens)
   .staging/.github/skills/arize-experiment/references/ax-profiles.md:markdown [1:1 - 115:87]
Clone found (markdown)
 - .staging/.github/skills/arize-ai-provider-integration/references/ax-profiles.md:markdown [1:1 - 70:34] (70 lines, 649 tokens)
   .staging/.github/skills/arize-instrumentation/references/ax-profiles.md:markdown [1:1 - 70:34]
Clone found (markdown)
 - .staging/.github/skills/arize-ai-provider-integration/references/ax-profiles.md:markdown [1:1 - 115:87] (115 lines, 1320 tokens)
   .staging/.github/skills/arize-prompt-optimization/references/ax-profiles.md:markdown [1:1 - 115:87]
Clone found (markdown)
 - .staging/.github/skills/arize-ai-provider-integration/references/ax-profiles.md:markdown [1:1 - 115:87] (115 lines, 1320 tokens)
   .staging/.github/skills/arize-trace/references/ax-profiles.md:markdown [1:1 - 115:87]
Clone found (markdown)
 - .staging/.github/skills/arize-ai-provider-integration/references/ax-profiles.md:markdown [72:1 - 115:87] (44 lines, 670 tokens)
   .staging/.github/skills/arize-instrumentation/references/ax-profiles.md:markdown [72:1 - 115:87]
Clone found (markdown)
 - .staging/.github/skills/arize-ai-provider-integration/references/ax-setup.md:markdown [1:1 - 38:32] (38 lines, 1202 tokens)
   .staging/.github/skills/arize-annotation/references/ax-setup.md:markdown [1:1 - 38:32]
Clone found (markdown)
 - .staging/.github/skills/arize-ai-provider-integration/references/ax-setup.md:markdown [1:1 - 38:32] (38 lines, 1202 tokens)
   .staging/.github/skills/arize-dataset/references/ax-setup.md:markdown [1:1 - 38:32]
Clone found (markdown)
 - .staging/.github/skills/arize-ai-provider-integration/references/ax-setup.md:markdown [1:1 - 38:32] (38 lines, 1202 tokens)
   .staging/.github/skills/arize-evaluator/references/ax-setup.md:markdown [1:1 - 38:32]
Clone found (markdown)
 - .staging/.github/skills/arize-ai-provider-integration/references/ax-setup.md:markdown [1:1 - 38:32] (38 lines, 1202 tokens)
   .staging/.github/skills/arize-experiment/references/ax-setup.md:markdown [1:1 - 38:32]
Clone found (markdown)
 - .staging/.github/skills/arize-ai-provider-integration/references/ax-setup.md:markdown [1:1 - 38:32] (38 lines, 1202 tokens)
   .staging/.github/skills/arize-prompt-optimization/references/ax-setup.md:markdown [1:1 - 38:32]
Clone found (markdown)
 - .staging/.github/skills/arize-ai-provider-integration/references/ax-setup.md:markdown [1:1 - 38:32] (38 lines, 1202 tokens)
   .staging/.github/skills/arize-trace/references/ax-setup.md:markdown [1:1 - 38:32]
Clone found (markdown)
 - .staging/.github/skills/arize-annotation/SKILL.md:markdown [16:315 - 36:211] (21 lines, 417 tokens)
   .staging/.github/skills/arize-evaluator/SKILL.md:markdown [14:168 - 28:2]
Clone found (markdown)
 - .staging/.github/skills/arize-dataset/SKILL.md:markdown [21:153 - 34:31] (14 lines, 373 tokens)
   .staging/.github/skills/arize-experiment/SKILL.md:markdown [21:135 - 33:34]
Clone found (markdown)
 - .staging/.github/skills/arize-dataset/SKILL.md:markdown [21:153 - 32:110] (12 lines, 316 tokens)
   .staging/.github/skills/arize-trace/SKILL.md:markdown [32:179 - 43:3]
Clone found (markdown)
 - .staging/.github/skills/arize-dataset/SKILL.md:markdown [43:1 - 49:4] (7 lines, 65 tokens)
   .staging/.github/skills/arize-dataset/SKILL.md:markdown [63:1 - 69:4]
Clone found (markdown)
 - .staging/.github/skills/arize-dataset/SKILL.md:markdown [43:1 - 51:32] (9 lines, 140 tokens)
   .staging/.github/skills/arize-dataset/SKILL.md:markdown [99:1 - 107:5]
Clone found (markdown)
 - .staging/.github/skills/arize-dataset/SKILL.md:markdown [43:1 - 51:42] (9 lines, 141 tokens)
   .staging/.github/skills/arize-dataset/SKILL.md:markdown [260:1 - 268:6]
Clone found (markdown)
 - .staging/.github/skills/arize-dataset/SKILL.md:markdown [43:1 - 49:6] (7 lines, 67 tokens)
   .staging/.github/skills/arize-experiment/SKILL.md:markdown [44:1 - 50:6]
Clone found (markdown)
 - .staging/.github/skills/arize-dataset/SKILL.md:markdown [43:1 - 49:29] (7 lines, 78 tokens)
   .staging/.github/skills/arize-experiment/SKILL.md:markdown [64:1 - 70:38]
Clone found (markdown)
 - .staging/.github/skills/arize-dataset/SKILL.md:markdown [43:1 - 52:69] (10 lines, 186 tokens)
   .staging/.github/skills/arize-experiment/SKILL.md:markdown [101:1 - 110:6]
Clone found (markdown)
 - .staging/.github/skills/arize-dataset/SKILL.md:markdown [43:1 - 57:6] (15 lines, 240 tokens)
   .staging/.github/skills/arize-experiment/SKILL.md:markdown [187:1 - 199:4]
Clone found (markdown)
 - .staging/.github/skills/arize-dataset/SKILL.md:markdown [43:1 - 49:4] (7 lines, 65 tokens)
   .staging/.github/skills/arize-trace/SKILL.md:markdown [162:1 - 168:4]
Clone found (markdown)
 - .staging/.github/skills/arize-dataset/SKILL.md:markdown [49:54 - 55:8] (7 lines, 142 tokens)
   .staging/.github/skills/arize-experiment/SKILL.md:markdown [50:50 - 56:8]
Clone found (markdown)
 - .staging/.github/skills/arize-dataset/SKILL.md:markdown [69:68 - 78:19] (10 lines, 164 tokens)
   .staging/.github/skills/arize-experiment/SKILL.md:markdown [71:100 - 80:19]
Clone found (markdown)
 - .staging/.github/skills/arize-dataset/SKILL.md:markdown [108:82 - 113:2] (6 lines, 90 tokens)
   .staging/.github/skills/arize-experiment/SKILL.md:markdown [110:71 - 115:2]
Clone found (markdown)
 - .staging/.github/skills/arize-dataset/SKILL.md:markdown [150:1 - 156:4] (7 lines, 66 tokens)
   .staging/.github/skills/arize-dataset/SKILL.md:markdown [219:1 - 225:4]
Clone found (markdown)
 - .staging/.github/skills/arize-dataset/SKILL.md:markdown [150:1 - 156:33] (7 lines, 85 tokens)
   .staging/.github/skills/arize-experiment/SKILL.md:markdown [146:1 - 152:33]
Clone found (markdown)
 - .staging/.github/skills/arize-dataset/SKILL.md:markdown [159:81 - 166:8] (8 lines, 69 tokens)
   .staging/.github/skills/arize-experiment/SKILL.md:markdown [156:47 - 163:8]
Clone found (markdown)
 - .staging/.github/skills/arize-dataset/SKILL.md:markdown [357:120 - 366:4] (10 lines, 130 tokens)
   .staging/.github/skills/arize-experiment/SKILL.md:markdown [397:97 - 406:4]
Clone found (bash)
 - .staging/.github/skills/arize-evaluator/SKILL.md:bash [128:32 - 134:28] (7 lines, 59 tokens)
   .staging/.github/skills/arize-evaluator/SKILL.md:bash [312:34 - 318:28]
Clone found (text)
 - .staging/.github/skills/arize-link/SKILL.md:text [39:100 - 44:53] (6 lines, 51 tokens)
   .staging/.github/skills/arize-link/SKILL.md:text [44:104 - 49:53]
Clone found (markdown)
 - .staging/.github/skills/aspire/references/cli-reference.md:markdown [32:1 - 65:10] (34 lines, 251 tokens)
   ONTOLOGY.md:markdown [51:35 - 52:4]
Clone found (markdown)
 - .staging/.github/skills/aspire/references/polyglot-apis.md:markdown [55:59 - 60:4] (6 lines, 59 tokens)
   .staging/.github/skills/aspire/references/polyglot-apis.md:markdown [93:63 - 98:4]
Clone found (markdown)
 - .staging/.github/skills/aspire/references/polyglot-apis.md:markdown [89:25 - 95:49] (7 lines, 92 tokens)
   .staging/.github/skills/aspire/references/polyglot-apis.md:markdown [104:31 - 110:49]
Clone found (markdown)
 - .staging/.github/skills/aspire/references/polyglot-apis.md:markdown [133:1 - 142:6] (10 lines, 58 tokens)
   .staging/.github/skills/aspire/references/polyglot-apis.md:markdown [179:1 - 187:5]
Clone found (markdown)
 - .staging/.github/skills/aspire/references/polyglot-apis.md:markdown [134:1 - 140:23] (7 lines, 53 tokens)
   .staging/.github/skills/aspire/references/polyglot-apis.md:markdown [156:1 - 162:23]
Clone found (markdown)
 - .staging/.github/skills/aspire/references/polyglot-apis.md:markdown [134:1 - 142:6] (9 lines, 57 tokens)
   .staging/.github/skills/aspire/references/polyglot-apis.md:markdown [197:1 - 204:5]
Clone found (markdown)
 - .staging/.github/skills/aspire/references/polyglot-apis.md:markdown [195:1 - 203:23] (9 lines, 55 tokens)
   .staging/.github/skills/aspire/references/polyglot-apis.md:markdown [212:1 - 220:23]
Clone found (csharp)
 - .staging/.github/skills/aspire/references/testing.md:csharp [47:44 - 55:9] (9 lines, 54 tokens)
   .staging/.github/skills/aspire/references/testing.md:csharp [73:49 - 81:9]
Clone found (csharp)
 - .staging/.github/skills/aspire/references/testing.md:csharp [47:44 - 57:9] (11 lines, 70 tokens)
   .staging/.github/skills/aspire/references/testing.md:csharp [128:41 - 137:13]
Clone found (csharp)
 - .staging/.github/skills/aspire/references/testing.md:csharp [127:16 - 139:16] (13 lines, 95 tokens)
   .staging/.github/skills/aspire/references/testing.md:csharp [152:10 - 164:16]
Clone found (markdown)
 - .staging/.github/skills/aspire/references/troubleshooting.md:markdown [26:64 - 31:30] (6 lines, 115 tokens)
   mantle/ARCHITECTURE.md:markdown [59:112 - 61:3]
Clone found (markdown)
 - .staging/.github/skills/aspire/references/troubleshooting.md:markdown [27:1 - 50:4] (24 lines, 154 tokens)
   .staging/.github/skills/phoenix-cli/references/open-coding.md:markdown [196:24 - 197:3]
Clone found (markdown)
 - .staging/.github/skills/aspire/references/troubleshooting.md:markdown [66:112 - 76:32] (11 lines, 247 tokens)
   ONTOLOGY.md:markdown [63:241 - 65:12]
Clone found (markdown)
 - .staging/.github/skills/aspire/references/troubleshooting.md:markdown [66:112 - 76:25] (11 lines, 240 tokens)
   ONTOLOGY.md:markdown [75:234 - 77:12]
Clone found (markdown)
 - .staging/.github/skills/aspire/references/troubleshooting.md:markdown [111:95 - 119:77] (9 lines, 246 tokens)
   .staging/.github/skills/eval-driven-dev/references/2c-capture-and-verify-trace.md:markdown [22:133 - 27:134]
Clone found (markdown)
 - .staging/.github/skills/aspire/references/troubleshooting.md:markdown [145:115 - 150:33] (6 lines, 211 tokens)
   mantle/README.md:markdown [315:207 - 317:4]
Clone found (markdown)
 - .staging/.github/skills/autoresearch/SKILL.md:markdown [124:53 - 131:16] (8 lines, 135 tokens)
   DESIGN_SYSTEM.md:markdown [51:132 - 53:3]
Clone found (markdown)
 - .staging/.github/skills/az-cost-optimize/SKILL.md:markdown [15:1 - 20:22] (6 lines, 60 tokens)
   .staging/.github/skills/azure-resource-health-diagnose/SKILL.md:markdown [14:1 - 19:22]
Clone found (python)
 - .staging/.github/skills/azure-architecture-autopilot/scripts/generator.py [1004:1 - 1009:11] (6 lines, 89 tokens)
   .staging/.github/skills/azure-architecture-autopilot/scripts/generator.py [1736:1 - 1741:11]
Clone found (python)
 - .staging/.github/skills/azure-architecture-autopilot/scripts/generator.py [1533:83 - 1541:13] (9 lines, 99 tokens)
   .staging/.github/skills/azure-architecture-autopilot/scripts/generator.py [1615:71 - 1623:13]
Clone found (python)
 - .staging/.github/skills/azure-architecture-autopilot/scripts/generator.py [1540:33 - 1546:21] (7 lines, 108 tokens)
   .staging/.github/skills/azure-architecture-autopilot/scripts/generator.py [1554:30 - 1560:21]
Clone found (python)
 - .staging/.github/skills/azure-architecture-autopilot/scripts/generator.py [1540:33 - 1546:21] (7 lines, 108 tokens)
   .staging/.github/skills/azure-architecture-autopilot/scripts/generator.py [1570:29 - 1576:21]
Clone found (python)
 - .staging/.github/skills/azure-architecture-autopilot/scripts/generator.py [1546:110 - 1552:21] (7 lines, 104 tokens)
   .staging/.github/skills/azure-architecture-autopilot/scripts/generator.py [1561:50 - 1567:21]
Clone found (python)
 - .staging/.github/skills/azure-architecture-autopilot/scripts/generator.py [1546:110 - 1552:21] (7 lines, 104 tokens)
   .staging/.github/skills/azure-architecture-autopilot/scripts/generator.py [1577:85 - 1583:21]
Clone found (python)
 - .staging/.github/skills/azure-architecture-autopilot/scripts/generator.py [1566:56 - 1571:13] (6 lines, 73 tokens)
   .staging/.github/skills/azure-architecture-autopilot/scripts/generator.py [1646:97 - 1651:13]
Clone found (python)
 - .staging/.github/skills/azure-architecture-autopilot/scripts/generator.py [1582:56 - 1587:13] (6 lines, 71 tokens)
   .staging/.github/skills/azure-architecture-autopilot/scripts/generator.py [1661:97 - 1666:13]
Clone found (python)
 - .staging/.github/skills/azure-architecture-autopilot/scripts/generator.py [1598:50 - 1604:11] (7 lines, 69 tokens)
   .staging/.github/skills/azure-architecture-autopilot/scripts/generator.py [1676:94 - 1682:11]
Clone found (python)
 - .staging/.github/skills/azure-architecture-autopilot/scripts/generator.py [1628:110 - 1633:21] (6 lines, 89 tokens)
   .staging/.github/skills/azure-architecture-autopilot/scripts/generator.py [1642:50 - 1647:21]
Clone found (python)
 - .staging/.github/skills/azure-architecture-autopilot/scripts/generator.py [1628:110 - 1633:21] (6 lines, 89 tokens)
   .staging/.github/skills/azure-architecture-autopilot/scripts/generator.py [1657:85 - 1662:21]
Clone found (python)
 - .staging/.github/skills/azure-architecture-autopilot/scripts/generator.py [1636:87 - 1641:21] (6 lines, 91 tokens)
   .staging/.github/skills/azure-architecture-autopilot/scripts/generator.py [1651:88 - 1656:21]
Clone found (python)
 - .staging/.github/skills/azure-architecture-autopilot/scripts/generator.py [1961:1 - 1968:8] (8 lines, 152 tokens)
   .staging/.github/skills/azure-architecture-autopilot/scripts/generator.py [2028:1 - 2034:8]
Clone found (python)
 - .staging/.github/skills/azure-architecture-autopilot/scripts/generator.py [1969:1 - 1978:7] (10 lines, 258 tokens)
   .staging/.github/skills/azure-architecture-autopilot/scripts/generator.py [2035:1 - 2044:7]
Clone found (python)
 - .staging/.github/skills/azure-architecture-autopilot/scripts/generator.py [1969:1 - 1980:31] (12 lines, 267 tokens)
   .staging/.github/skills/azure-architecture-autopilot/scripts/generator.py [2399:1 - 2411:6]
Clone found (python)
 - .staging/.github/skills/azure-architecture-autopilot/scripts/generator.py [1986:36 - 1991:9] (6 lines, 97 tokens)
   .staging/.github/skills/azure-architecture-autopilot/scripts/generator.py [2352:39 - 2357:9]
Clone found (python)
 - .staging/.github/skills/azure-architecture-autopilot/scripts/generator.py [1986:36 - 1991:9] (6 lines, 97 tokens)
   .staging/.github/skills/azure-architecture-autopilot/scripts/generator.py [2412:39 - 2417:9]
Clone found (python)
 - .staging/.github/skills/azure-architecture-autopilot/scripts/generator.py [1991:1 - 2001:53] (11 lines, 283 tokens)
   .staging/.github/skills/azure-architecture-autopilot/scripts/generator.py [2358:1 - 2367:53]
Clone found (python)
 - .staging/.github/skills/azure-architecture-autopilot/scripts/generator.py [1991:43 - 1996:19] (6 lines, 122 tokens)
   .staging/.github/skills/azure-architecture-autopilot/scripts/generator.py [2416:40 - 2421:19]
Clone found (python)
 - .staging/.github/skills/azure-architecture-autopilot/scripts/generator.py [2005:33 - 2011:53] (7 lines, 170 tokens)
   .staging/.github/skills/azure-architecture-autopilot/scripts/generator.py [2371:34 - 2377:53]
Clone found (python)
 - .staging/.github/skills/azure-architecture-autopilot/scripts/generator.py [2005:39 - 2010:15] (6 lines, 135 tokens)
   .staging/.github/skills/azure-architecture-autopilot/scripts/generator.py [2438:57 - 2443:15]
Clone found (python)
 - .staging/.github/skills/azure-architecture-autopilot/scripts/generator.py [2015:35 - 2026:6] (12 lines, 130 tokens)
   .staging/.github/skills/azure-architecture-autopilot/scripts/generator.py [2381:36 - 2391:6]
Clone found (python)
 - .staging/.github/skills/azure-architecture-autopilot/scripts/generator.py [2027:1 - 2034:5] (8 lines, 169 tokens)
   .staging/.github/skills/azure-architecture-autopilot/scripts/generator.py [2392:1 - 2399:5]
Clone found (python)
 - .staging/.github/skills/azure-architecture-autopilot/scripts/generator.py [2204:38 - 2211:11] (8 lines, 151 tokens)
   .staging/.github/skills/azure-architecture-autopilot/scripts/generator.py [2226:38 - 2233:11]
Clone found (python)
 - .staging/.github/skills/azure-architecture-autopilot/scripts/generator.py [2212:52 - 2218:11] (7 lines, 62 tokens)
   .staging/.github/skills/azure-architecture-autopilot/scripts/generator.py [2234:52 - 2240:11]
Clone found (markdown)
 - .staging/.github/skills/azure-deployment-preflight/references/VALIDATION-COMMANDS.md:markdown [73:1 - 80:6] (8 lines, 52 tokens)
   .staging/.github/skills/azure-deployment-preflight/references/VALIDATION-COMMANDS.md:markdown [135:1 - 142:6]
Clone found (markdown)
 - .staging/.github/skills/azure-deployment-preflight/references/VALIDATION-COMMANDS.md:markdown [73:1 - 81:4] (9 lines, 77 tokens)
   .staging/.github/skills/azure-deployment-preflight/references/VALIDATION-COMMANDS.md:markdown [163:1 - 171:6]
Clone found (markdown)
 - .staging/.github/skills/azure-deployment-preflight/references/VALIDATION-COMMANDS.md:markdown [134:1 - 143:49] (10 lines, 100 tokens)
   .staging/.github/skills/azure-deployment-preflight/references/VALIDATION-COMMANDS.md:markdown [180:1 - 189:49]
Clone found (bash)
 - .staging/.github/skills/azure-devops-cli/references/org-and-security.md:bash [297:1 - 302:21] (6 lines, 60 tokens)
   .staging/.github/skills/azure-devops-cli/references/org-and-security.md:bash [305:1 - 310:21]
Clone found (bash)
 - .staging/.github/skills/azure-devops-cli/references/org-and-security.md:bash [297:37 - 302:38] (6 lines, 52 tokens)
   .staging/.github/skills/azure-devops-cli/references/org-and-security.md:bash [317:36 - 322:38]
Clone found (bash)
 - .staging/.github/skills/azure-devops-cli/references/workflows-and-patterns.md:bash [130:1 - 136:5] (7 lines, 76 tokens)
   .staging/.github/skills/azure-devops-cli/references/workflows-and-patterns.md:bash [303:1 - 309:5]
Clone found (txt)
 - .staging/.github/skills/batch-files/assets/executable.txt [23:1 - 28:2] (6 lines, 157 tokens)
   .staging/.github/skills/batch-files/assets/task.txt [81:1 - 85:2]
Clone found (txt)
 - .staging/.github/skills/batch-files/assets/executable.txt [116:1 - 122:2] (7 lines, 161 tokens)
   .staging/.github/skills/batch-files/assets/task.txt [109:1 - 115:2]
Clone found (txt)
 - .staging/.github/skills/batch-files/assets/executable.txt [123:1 - 128:28] (6 lines, 65 tokens)
   .staging/.github/skills/batch-files/assets/library.txt [158:1 - 163:28]
Clone found (txt)
 - .staging/.github/skills/batch-files/assets/executable.txt [128:44 - 142:2] (15 lines, 53 tokens)
   .staging/.github/skills/batch-files/assets/library.txt [163:43 - 177:2]
Clone found (txt)
 - .staging/.github/skills/batch-files/assets/executable.txt [128:44 - 142:2] (15 lines, 53 tokens)
   .staging/.github/skills/batch-files/assets/task.txt [133:44 - 147:2]
Clone found (txt)
 - .staging/.github/skills/batch-files/assets/executable.txt [148:1 - 154:2] (7 lines, 172 tokens)
   .staging/.github/skills/batch-files/assets/library.txt [174:1 - 180:2]
Clone found (markdown)
 - .staging/.github/skills/boost-prompt/SKILL.md:markdown [8:55 - 13:97] (6 lines, 101 tokens)
   .staging/.github/skills/first-ask/SKILL.md:markdown [11:66 - 16:97]
Clone found (markdown)
 - .staging/.github/skills/breakdown-plan/SKILL.md:markdown [33:82 - 39:104] (7 lines, 129 tokens)
   .staging/.github/skills/breakdown-test/SKILL.md:markdown [29:42 - 35:104]
Clone found (markdown)
 - .staging/.github/skills/centos-linux-triage/SKILL.md:markdown [19:79 - 31:23] (13 lines, 128 tokens)
   .staging/.github/skills/fedora-linux-triage/SKILL.md:markdown [19:81 - 31:23]
Clone found (markdown)
 - .staging/.github/skills/cli-mastery/references/module-4-agents.md:markdown [20:21 - 25:32] (6 lines, 60 tokens)
   .staging/.github/skills/dependabot/SKILL.md:markdown [378:19 - 382:4]
Clone found (markdown)
 - .staging/.github/skills/cli-mastery/references/module-4-agents.md:markdown [20:19 - 40:91] (21 lines, 491 tokens)
   .staging/.github/skills/phoenix-cli/references/axial-coding.md:markdown [42:17 - 63:4]
Clone found (python)
 - .staging/.github/skills/code-tour/scripts/generate_from_docs.py [258:1 - 263:9] (6 lines, 67 tokens)
   .staging/.github/skills/code-tour/scripts/validate_tour.py [317:1 - 322:9]
Clone found (yaml)
 - .staging/.github/skills/codeql/SKILL.md:yaml [124:1 - 130:43] (7 lines, 66 tokens)
   .staging/.github/skills/codeql/references/compiled-languages.md:yaml [207:1 - 213:43]
Clone found (markdown)
 - .staging/.github/skills/codeql/references/compiled-languages.md:markdown [17:1 - 23:3] (7 lines, 51 tokens)
   .staging/.github/skills/codeql/references/compiled-languages.md:markdown [57:1 - 63:3]
Clone found (yaml)
 - .staging/.github/skills/codeql/references/compiled-languages.md:yaml [190:1 - 199:25] (10 lines, 61 tokens)
   .staging/.github/skills/codeql/references/workflow-configuration.md:yaml [158:1 - 167:25]
Clone found (markdown)
 - .staging/.github/skills/codeql/references/sarif-output.md:markdown [244:1 - 251:3] (8 lines, 97 tokens)
   .staging/.github/skills/codeql/references/troubleshooting.md:markdown [224:1 - 231:3]
Clone found (markdown)
 - .staging/.github/skills/containerize-aspnet-framework/SKILL.md:markdown [14:134 - 22:4] (9 lines, 184 tokens)
   .staging/.github/skills/containerize-aspnetcore/SKILL.md:markdown [16:122 - 24:4]
Clone found (markdown)
 - .staging/.github/skills/containerize-aspnet-framework/SKILL.md:markdown [26:41 - 36:33] (11 lines, 185 tokens)
   .staging/.github/skills/containerize-aspnetcore/SKILL.md:markdown [28:82 - 38:33]
Clone found (markdown)
 - .staging/.github/skills/containerize-aspnet-framework/SKILL.md:markdown [43:49 - 50:50] (8 lines, 103 tokens)
   .staging/.github/skills/containerize-aspnetcore/SKILL.md:markdown [45:62 - 52:50]
Clone found (markdown)
 - .staging/.github/skills/containerize-aspnet-framework/SKILL.md:markdown [70:37 - 78:37] (9 lines, 109 tokens)
   .staging/.github/skills/containerize-aspnetcore/SKILL.md:markdown [69:52 - 77:37]
Clone found (markdown)
 - .staging/.github/skills/containerize-aspnet-framework/SKILL.md:markdown [78:24 - 100:48] (23 lines, 240 tokens)
   .staging/.github/skills/containerize-aspnetcore/SKILL.md:markdown [80:40 - 102:48]
Clone found (markdown)
 - .staging/.github/skills/containerize-aspnet-framework/SKILL.md:markdown [104:76 - 112:23] (9 lines, 102 tokens)
   .staging/.github/skills/containerize-aspnetcore/SKILL.md:markdown [106:91 - 114:23]
Clone found (markdown)
 - .staging/.github/skills/containerize-aspnet-framework/SKILL.md:markdown [176:1 - 189:72] (14 lines, 98 tokens)
   .staging/.github/skills/containerize-aspnetcore/SKILL.md:markdown [148:1 - 161:72]
Clone found (markdown)
 - .staging/.github/skills/containerize-aspnet-framework/SKILL.md:markdown [202:1 - 212:25] (11 lines, 74 tokens)
   .staging/.github/skills/containerize-aspnetcore/SKILL.md:markdown [174:1 - 184:25]
Clone found (markdown)
 - .staging/.github/skills/containerize-aspnet-framework/SKILL.md:markdown [229:69 - 235:27] (7 lines, 75 tokens)
   .staging/.github/skills/containerize-aspnetcore/SKILL.md:markdown [200:68 - 206:27]
Clone found (markdown)
 - .staging/.github/skills/containerize-aspnet-framework/SKILL.md:markdown [230:1 - 242:4] (13 lines, 105 tokens)
   .staging/.github/skills/containerize-aspnetcore/SKILL.md:markdown [201:1 - 213:4]
Clone found (markdown)
 - .staging/.github/skills/containerize-aspnet-framework/SKILL.md:markdown [400:1 - 406:2] (7 lines, 78 tokens)
   .staging/.github/skills/containerize-aspnetcore/SKILL.md:markdown [379:1 - 384:2]
Clone found (text)
 - .staging/.github/skills/containerize-aspnetcore/SKILL.md:text [222:47 - 227:5] (6 lines, 61 tokens)
   .staging/.github/skills/containerize-aspnetcore/SKILL.md:text [266:51 - 271:5]
Clone found (markdown)
 - .staging/.github/skills/convert-plaintext-to-md/SKILL.md:markdown [254:1 - 259:8] (6 lines, 57 tokens)
   .staging/.github/skills/convert-plaintext-to-md/SKILL.md:markdown [280:1 - 285:8]
Clone found (markdown)
 - .staging/.github/skills/copilot-cli-quickstart/SKILL.md:markdown [443:1 - 451:79] (9 lines, 207 tokens)
   .staging/.github/skills/copilot-cli-quickstart/SKILL.md:markdown [481:1 - 494:4]
Clone found (markdown)
 - .staging/.github/skills/copilot-cli-quickstart/SKILL.md:markdown [443:1 - 462:25] (20 lines, 380 tokens)
   .staging/.github/skills/copilot-cli-quickstart/SKILL.md:markdown [517:1 - 530:5]
Clone found (markdown)
 - .staging/.github/skills/copilot-cli-quickstart/SKILL.md:markdown [443:1 - 458:43] (16 lines, 327 tokens)
   .staging/.github/skills/copilot-cli-quickstart/SKILL.md:markdown [551:1 - 564:5]
Clone found (markdown)
 - .staging/.github/skills/copilot-cli-quickstart/SKILL.md:markdown [443:10 - 460:2] (18 lines, 325 tokens)
   mantle/audits/mantle-holistic-polish-20260806T124442Z.md:markdown [268:10 - 283:3]
Clone found (markdown)
 - .staging/.github/skills/copilot-cli-quickstart/SKILL.md:markdown [515:60 - 525:61] (11 lines, 302 tokens)
   .staging/.github/skills/copilot-cli-quickstart/SKILL.md:markdown [584:60 - 597:4]
Clone found (markdown)
 - .staging/.github/skills/copilot-cli-quickstart/SKILL.md:markdown [584:59 - 597:32] (14 lines, 331 tokens)
   .staging/.github/skills/copilot-cli-quickstart/SKILL.md:markdown [622:68 - 637:4]
Clone found (markdown)
 - .staging/.github/skills/copilot-cli-quickstart/SKILL.md:markdown [639:17 - 657:32] (19 lines, 575 tokens)
   .staging/.github/skills/copilot-cli-quickstart/SKILL.md:markdown [662:14 - 684:4]
Clone found (powershell)
 - .staging/.github/skills/copilot-pr-autopilot/scripts/01-request-review.ps1 [96:31 - 101:2] (6 lines, 56 tokens)
   .staging/.github/skills/copilot-pr-autopilot/scripts/01-request-review.ps1 [134:44 - 139:5]
Clone found (powershell)
 - .staging/.github/skills/copilot-pr-autopilot/scripts/02-check-review-status.ps1 [90:1 - 99:2] (10 lines, 79 tokens)
   .staging/.github/skills/copilot-pr-autopilot/scripts/09-review-round.ps1 [49:1 - 58:2]
Clone found (powershell)
 - .staging/.github/skills/copilot-pr-autopilot/scripts/02-check-review-status.ps1 [136:1 - 142:67] (7 lines, 55 tokens)
   .staging/.github/skills/copilot-pr-autopilot/scripts/10-cleanup-outdated.ps1 [85:1 - 91:2]
Clone found (powershell)
 - .staging/.github/skills/copilot-pr-autopilot/scripts/03-list-open-threads.ps1 [50:1 - 62:11] (13 lines, 106 tokens)
   .staging/.github/skills/copilot-pr-autopilot/scripts/10-cleanup-outdated.ps1 [91:1 - 103:11]
Clone found (powershell)
 - .staging/.github/skills/copilot-pr-autopilot/scripts/03-list-open-threads.ps1 [69:13 - 84:55] (16 lines, 124 tokens)
   .staging/.github/skills/copilot-pr-autopilot/scripts/10-cleanup-outdated.ps1 [121:38 - 136:55]
Clone found (powershell)
 - .staging/.github/skills/copilot-pr-autopilot/scripts/03-list-open-threads.ps1 [85:1 - 90:26] (6 lines, 78 tokens)
   .staging/.github/skills/copilot-pr-autopilot/scripts/10-cleanup-outdated.ps1 [137:1 - 142:26]
Clone found (python)
 - .staging/.github/skills/copilot-sdk/SKILL.md:python [74:1 - 80:28] (7 lines, 50 tokens)
   .staging/.github/skills/copilot-sdk/SKILL.md:python [180:1 - 186:28]
Clone found (python)
 - .staging/.github/skills/copilot-sdk/SKILL.md:python [74:1 - 82:14] (9 lines, 56 tokens)
   .staging/.github/skills/copilot-sdk/SKILL.md:python [317:1 - 324:27]
Clone found (python)
 - .staging/.github/skills/copilot-sdk/SKILL.md:python [198:66 - 311:5] (114 lines, 113 tokens)
   .staging/.github/skills/copilot-sdk/SKILL.md:python [337:5 - 497:5]
Clone found (python)
 - .staging/.github/skills/copilot-sdk/SKILL.md:python [315:21 - 335:5] (21 lines, 133 tokens)
   .staging/.github/skills/copilot-sdk/SKILL.md:python [500:28 - 520:5]
Clone found (typescript)
 - .staging/.github/skills/copilot-sdk/SKILL.md:typescript [267:9 - 286:4] (20 lines, 145 tokens)
   .staging/.github/skills/copilot-sdk/SKILL.md:typescript [435:9 - 454:4]
Clone found (markdown)
 - .staging/.github/skills/create-implementation-plan/SKILL.md:markdown [10:81 - 62:53] (53 lines, 793 tokens)
   .staging/.github/skills/update-implementation-plan/SKILL.md:markdown [10:117 - 62:53]
Clone found (markdown)
 - .staging/.github/skills/create-implementation-plan/SKILL.md:markdown [124:22 - 131:3] (8 lines, 64 tokens)
   .staging/.github/skills/update-implementation-plan/SKILL.md:markdown [96:22 - 103:3]
Clone found (markdown)
 - .staging/.github/skills/create-implementation-plan/SKILL.md:markdown [130:35 - 141:3] (12 lines, 179 tokens)
   .staging/.github/skills/update-implementation-plan/SKILL.md:markdown [102:35 - 113:3]
Clone found (markdown)
 - .staging/.github/skills/create-implementation-plan/SKILL.md:markdown [140:35 - 148:124] (9 lines, 156 tokens)
   .staging/.github/skills/update-implementation-plan/SKILL.md:markdown [112:35 - 120:124]
Clone found (markdown)
 - .staging/.github/skills/create-llms/SKILL.md:markdown [53:32 - 108:13] (56 lines, 562 tokens)
   .staging/.github/skills/update-llms/SKILL.md:markdown [47:42 - 96:13]
Clone found (markdown)
 - .staging/.github/skills/create-llms/SKILL.md:markdown [136:23 - 164:4] (29 lines, 223 tokens)
   .staging/.github/skills/update-llms/SKILL.md:markdown [121:28 - 146:4]
Clone found (txt)
 - .staging/.github/skills/create-llms/SKILL.md:txt [167:1 - 197:76] (31 lines, 316 tokens)
   .staging/.github/skills/update-llms/SKILL.md:txt [173:1 - 203:76]
Clone found (markdown)
 - .staging/.github/skills/create-specification/SKILL.md:markdown [8:75 - 22:119] (15 lines, 285 tokens)
   .staging/.github/skills/update-specification/SKILL.md:markdown [8:123 - 22:119]
Clone found (markdown)
 - .staging/.github/skills/create-spring-boot-java-project/SKILL.md:markdown [6:26 - 31:43] (26 lines, 237 tokens)
   .staging/.github/skills/create-spring-boot-kotlin-project/SKILL.md:markdown [6:28 - 31:43]
Clone found (markdown)
 - .staging/.github/skills/create-spring-boot-java-project/SKILL.md:markdown [86:1 - 104:10] (19 lines, 50 tokens)
   .staging/.github/skills/create-spring-boot-kotlin-project/SKILL.md:markdown [78:1 - 96:10]
Clone found (markdown)
 - .staging/.github/skills/create-spring-boot-java-project/SKILL.md:markdown [131:1 - 145:51] (15 lines, 219 tokens)
   .staging/.github/skills/create-spring-boot-kotlin-project/SKILL.md:markdown [121:1 - 135:51]
Clone found (properties)
 - .staging/.github/skills/create-spring-boot-java-project/SKILL.md:properties [89:1 - 107:3] (19 lines, 72 tokens)
   .staging/.github/skills/create-spring-boot-kotlin-project/SKILL.md:properties [81:1 - 99:3]
Clone found (properties)
 - .staging/.github/skills/create-spring-boot-java-project/SKILL.md:properties [114:43 - 126:34] (13 lines, 63 tokens)
   .staging/.github/skills/create-spring-boot-kotlin-project/SKILL.md:properties [106:34 - 118:34]
Clone found (markdown)
 - .staging/.github/skills/csharp-nunit/SKILL.md:markdown [8:62 - 13:13] (6 lines, 53 tokens)
   .staging/.github/skills/csharp-tunit/SKILL.md:markdown [8:62 - 13:13]
Clone found (markdown)
 - .staging/.github/skills/csharp-nunit/SKILL.md:markdown [8:62 - 13:37] (6 lines, 62 tokens)
   .staging/.github/skills/csharp-xunit/SKILL.md:markdown [8:62 - 13:37]
Clone found (markdown)
 - .staging/.github/skills/csharp-nunit/SKILL.md:markdown [13:65 - 19:3] (7 lines, 72 tokens)
   .staging/.github/skills/csharp-xunit/SKILL.md:markdown [13:73 - 19:3]
Clone found (markdown)
 - .staging/.github/skills/csharp-nunit/SKILL.md:markdown [27:1 - 38:9] (12 lines, 116 tokens)
   .staging/.github/skills/csharp-xunit/SKILL.md:markdown [27:1 - 38:9]
Clone found (markdown)
 - .staging/.github/skills/csharp-nunit/SKILL.md:markdown [59:1 - 66:7] (8 lines, 68 tokens)
   .staging/.github/skills/csharp-xunit/SKILL.md:markdown [58:1 - 65:7]
Clone found (python)
 - .staging/.github/skills/datanalysis-credit-risk/references/analysis.py [366:8 - 372:5] (7 lines, 69 tokens)
   .staging/.github/skills/datanalysis-credit-risk/references/analysis.py [372:17 - 378:5]
Clone found (python)
 - .staging/.github/skills/datanalysis-credit-risk/references/analysis.py [550:1 - 569:87] (20 lines, 197 tokens)
   .staging/.github/skills/datanalysis-credit-risk/references/analysis.py [901:1 - 920:87]
Clone found (python)
 - .staging/.github/skills/datanalysis-credit-risk/references/analysis.py [572:1 - 578:54] (7 lines, 81 tokens)
   .staging/.github/skills/datanalysis-credit-risk/references/analysis.py [923:1 - 929:54]
Clone found (python)
 - .staging/.github/skills/datanalysis-credit-risk/references/analysis.py [578:132 - 584:54] (7 lines, 56 tokens)
   .staging/.github/skills/datanalysis-credit-risk/references/analysis.py [929:198 - 935:54]
Clone found (python)
 - .staging/.github/skills/datanalysis-credit-risk/references/analysis.py [733:53 - 738:17] (6 lines, 51 tokens)
   .staging/.github/skills/datanalysis-credit-risk/references/analysis.py [784:63 - 789:17]
Clone found (markdown)
 - .staging/.github/skills/dependabot/SKILL.md:markdown [99:83 - 106:11] (8 lines, 83 tokens)
   mantle/audits/mantle-holistic-polish-20260806T124442Z.md:markdown [346:90 - 352:2]
Clone found (markdown)
 - .staging/.github/skills/dependabot/SKILL.md:markdown [149:12 - 160:17] (12 lines, 179 tokens)
   .staging/.github/skills/github-actions-runtime-upgrade-conventions/SKILL.md:markdown [32:11 - 40:2]
Clone found (markdown)
 - .staging/.github/skills/dependabot/SKILL.md:markdown [206:1 - 212:39] (7 lines, 82 tokens)
   .staging/.github/skills/dependabot/references/dependabot-yml-reference.md:markdown [208:1 - 214:39]
Clone found (markdown)
 - .staging/.github/skills/dependabot/SKILL.md:markdown [249:86 - 254:25] (6 lines, 61 tokens)
   .staging/.github/skills/dependabot/references/dependabot-yml-reference.md:markdown [226:15 - 232:6]
Clone found (markdown)
 - .staging/.github/skills/dependabot/SKILL.md:markdown [249:86 - 256:5] (8 lines, 120 tokens)
   .staging/.github/skills/dependabot/references/dependabot-yml-reference.md:markdown [281:30 - 287:48]
Clone found (markdown)
 - .staging/.github/skills/dependabot/SKILL.md:markdown [249:86 - 254:19] (6 lines, 55 tokens)
   mantle/CONTRIBUTING.md:markdown [14:40 - 14:95]
Clone found (markdown)
 - .staging/.github/skills/dependabot/SKILL.md:markdown [335:30 - 348:5] (14 lines, 216 tokens)
   .staging/.github/skills/dependabot/SKILL.md:markdown [394:20 - 410:4]
Clone found (markdown)
 - .staging/.github/skills/dependabot/SKILL.md:markdown [436:38 - 443:22] (8 lines, 248 tokens)
   .staging/.github/skills/phoenix-cli/references/axial-coding.md:markdown [93:52 - 99:3]
Clone found (markdown)
 - .staging/.github/skills/dependabot/references/dependabot-yml-reference.md:markdown [100:64 - 118:11] (19 lines, 220 tokens)
   .staging/.github/skills/dependabot/references/dependabot-yml-reference.md:markdown [124:59 - 138:5]
Clone found (markdown)
 - .staging/.github/skills/dependabot/references/dependabot-yml-reference.md:markdown [100:64 - 107:18] (8 lines, 87 tokens)
   .staging/.github/skills/dependabot/references/dependabot-yml-reference.md:markdown [162:78 - 170:6]
Clone found (markdown)
 - .staging/.github/skills/dependabot/references/dependabot-yml-reference.md:markdown [100:64 - 116:25] (17 lines, 189 tokens)
   .staging/.github/skills/dependabot/references/dependabot-yml-reference.md:markdown [178:125 - 189:7]
Clone found (markdown)
 - .staging/.github/skills/dependabot/references/dependabot-yml-reference.md:markdown [100:65 - 114:33] (15 lines, 162 tokens)
   .staging/.github/skills/dependabot/references/dependabot-yml-reference.md:markdown [269:78 - 281:6]
Clone found (markdown)
 - .staging/.github/skills/dependabot/references/dependabot-yml-reference.md:markdown [157:49 - 162:4] (6 lines, 97 tokens)
   .staging/.github/skills/dependabot/references/dependabot-yml-reference.md:markdown [172:46 - 177:4]
Clone found (markdown)
 - .staging/.github/skills/dependabot/references/dependabot-yml-reference.md:markdown [226:14 - 237:69] (12 lines, 258 tokens)
   .staging/.github/skills/dependabot/references/dependabot-yml-reference.md:markdown [232:19 - 241:6]
Clone found (markdown)
 - .staging/.github/skills/dependabot/references/dependabot-yml-reference.md:markdown [226:14 - 234:8] (9 lines, 84 tokens)
   .staging/.github/skills/dependabot/references/dependabot-yml-reference.md:markdown [241:29 - 248:6]
Clone found (markdown)
 - .staging/.github/skills/dependabot/references/dependabot-yml-reference.md:markdown [325:36 - 342:12] (18 lines, 329 tokens)
   .staging/.github/skills/quality-playbook/SKILL.md:markdown [421:122 - 431:5]
Clone found (yaml)
 - .staging/.github/skills/dependabot/references/example-configs.md:yaml [38:1 - 44:41] (7 lines, 51 tokens)
   .staging/.github/skills/dependabot/references/example-configs.md:yaml [272:1 - 278:41]
Clone found (markup)
 - .staging/.github/skills/draw-io-diagram-generator/SKILL.md:markup [74:23 - 81:37] (8 lines, 97 tokens)
   .staging/.github/skills/draw-io-diagram-generator/references/drawio-xml-schema.md:markup [344:21 - 351:37]
Clone found (markdown)
 - .staging/.github/skills/draw-io-diagram-generator/references/shape-libraries.md:markdown [81:14 - 86:3] (6 lines, 68 tokens)
   .staging/.github/skills/draw-io-diagram-generator/references/shape-libraries.md:markdown [142:14 - 147:3]
Clone found (markdown)
 - .staging/.github/skills/drawio/SKILL.md:markdown [39:2 - 44:12] (6 lines, 57 tokens)
   .staging/.github/skills/md-to-docx/SKILL.md:markdown [22:1 - 27:12]
Clone found (markdown)
 - .staging/.github/skills/eval-driven-dev/references/2b-implement-runnable.md:markdown [46:87 - 52:3] (7 lines, 159 tokens)
   .staging/.github/skills/eval-driven-dev/references/2c-capture-and-verify-trace.md:markdown [23:87 - 29:2]
Clone found (python)
 - .staging/.github/skills/eval-driven-dev/references/2b-implement-runnable.md:python [61:1 - 67:41] (7 lines, 56 tokens)
   .staging/.github/skills/eval-driven-dev/references/wrap-api.md:python [71:1 - 77:41]
Clone found (python)
 - .staging/.github/skills/eval-driven-dev/references/2b-implement-runnable.md:python [62:1 - 70:15] (9 lines, 53 tokens)
   .staging/.github/skills/eval-driven-dev/references/runnable-examples/fastapi-web-server.md:python [75:1 - 83:15]
Clone found (python)
 - .staging/.github/skills/eval-driven-dev/references/2b-implement-runnable.md:python [108:1 - 114:48] (7 lines, 60 tokens)
   .staging/.github/skills/eval-driven-dev/references/wrap-api.md:python [107:1 - 113:48]
Clone found (python)
 - .staging/.github/skills/eval-driven-dev/references/3-define-evaluators.md:python [92:1 - 97:16] (6 lines, 58 tokens)
   .staging/.github/skills/eval-driven-dev/references/testing-api.md:python [145:1 - 150:16]
Clone found (python)
 - .staging/.github/skills/eval-driven-dev/references/3-define-evaluators.md:python [92:1 - 99:5] (8 lines, 60 tokens)
   .staging/.github/skills/eval-driven-dev/references/testing-api.md:python [160:1 - 167:5]
Clone found (text)
 - .staging/.github/skills/eval-driven-dev/references/4-build-dataset.md:text [295:1 - 301:74] (7 lines, 163 tokens)
   .staging/.github/skills/eval-driven-dev/references/testing-api.md:text [38:1 - 44:74]
Clone found (markdown)
 - .staging/.github/skills/eval-driven-dev/references/evaluators.md:markdown [131:54 - 140:6] (10 lines, 63 tokens)
   .staging/.github/skills/eval-driven-dev/references/evaluators.md:markdown [212:36 - 221:6]
Clone found (python)
 - .staging/.github/skills/eval-driven-dev/references/runnable-examples/fastapi-web-server.md:python [31:85 - 37:36] (7 lines, 70 tokens)
   .staging/.github/skills/eval-driven-dev/references/runnable-examples/fastapi-web-server.md:python [112:74 - 118:36]
Clone found (python)
 - .staging/.github/skills/eval-driven-dev/references/runnable-examples/fastapi-web-server.md:python [103:1 - 111:9] (9 lines, 57 tokens)
   .staging/.github/skills/eval-driven-dev/references/wrap-api.md:python [126:1 - 134:9]
Clone found (python)
 - .staging/.github/skills/eval-driven-dev/references/runnable-examples/fastapi-web-server.md:python [112:1 - 118:36] (7 lines, 84 tokens)
   .staging/.github/skills/eval-driven-dev/references/wrap-api.md:python [134:1 - 140:36]
Clone found (markdown)
 - .staging/.github/skills/excalidraw-diagram-generator/SKILL.md:markdown [389:78 - 395:6] (7 lines, 70 tokens)
   .staging/.github/skills/excalidraw-diagram-generator/SKILL.md:markdown [409:112 - 415:6]
Clone found (markdown)
 - .staging/.github/skills/excalidraw-diagram-generator/references/element-types.md:markdown [29:1 - 39:5] (11 lines, 53 tokens)
   .staging/.github/skills/excalidraw-diagram-generator/references/element-types.md:markdown [82:1 - 92:5]
Clone found (markdown)
 - .staging/.github/skills/excalidraw-diagram-generator/references/element-types.md:markdown [32:1 - 39:5] (8 lines, 50 tokens)
   .staging/.github/skills/excalidraw-diagram-generator/references/element-types.md:markdown [278:1 - 285:5]
Clone found (markdown)
 - .staging/.github/skills/excalidraw-diagram-generator/scripts/README.md:markdown [119:1 - 124:38] (6 lines, 68 tokens)
   .staging/.github/skills/excalidraw-diagram-generator/scripts/README.md:markdown [169:1 - 174:15]
Clone found (python)
 - .staging/.github/skills/excalidraw-diagram-generator/scripts/add-arrow.py [33:1 - 69:5] (37 lines, 270 tokens)
   .staging/.github/skills/excalidraw-diagram-generator/scripts/add-icon-to-diagram.py [180:1 - 216:5]
Clone found (python)
 - .staging/.github/skills/excalidraw-diagram-generator/scripts/add-arrow.py [70:1 - 77:6] (8 lines, 58 tokens)
   .staging/.github/skills/excalidraw-diagram-generator/scripts/add-arrow.py [186:1 - 193:6]
Clone found (python)
 - .staging/.github/skills/excalidraw-diagram-generator/scripts/add-arrow.py [82:1 - 88:35] (7 lines, 69 tokens)
   .staging/.github/skills/excalidraw-diagram-generator/scripts/add-arrow.py [199:1 - 205:35]
Clone found (python)
 - .staging/.github/skills/excalidraw-diagram-generator/scripts/add-arrow.py [224:108 - 231:12] (8 lines, 55 tokens)
   .staging/.github/skills/excalidraw-diagram-generator/scripts/add-icon-to-diagram.py [320:114 - 327:12]
Clone found (python)
 - .staging/.github/skills/excalidraw-diagram-generator/scripts/add-arrow.py [281:60 - 305:5] (25 lines, 179 tokens)
   .staging/.github/skills/excalidraw-diagram-generator/scripts/add-icon-to-diagram.py [368:71 - 392:5]
Clone found (python)
 - .staging/.github/skills/eyeball/tools/eyeball.py [708:1 - 714:47] (7 lines, 61 tokens)
   .staging/.github/skills/eyeball/tools/eyeball.py [750:1 - 756:47]
Clone found (markdown)
 - .staging/.github/skills/finnish-humanizer/SKILL.md:markdown [80:64 - 85:2] (6 lines, 66 tokens)
   .staging/.github/skills/finnish-humanizer/references/patterns.md:markdown [74:74 - 79:6]
Clone found (markdown)
 - .staging/.github/skills/flowstudio-power-automate-build/SKILL.md:markdown [32:1 - 39:60] (8 lines, 90 tokens)
   .staging/.github/skills/flowstudio-power-automate-debug/SKILL.md:markdown [27:1 - 34:60]
Clone found (markdown)
 - .staging/.github/skills/flowstudio-power-automate-build/SKILL.md:markdown [39:65 - 67:59] (29 lines, 79 tokens)
   .staging/.github/skills/flowstudio-power-automate-debug/SKILL.md:markdown [34:70 - 62:59]
Clone found (python)
 - .staging/.github/skills/flowstudio-power-automate-build/SKILL.md:python [48:1 - 69:25] (22 lines, 243 tokens)
   .staging/.github/skills/flowstudio-power-automate-debug/SKILL.md:python [43:1 - 64:25]
Clone found (python)
 - .staging/.github/skills/flowstudio-power-automate-build/SKILL.md:python [57:40 - 67:5] (11 lines, 113 tokens)
   .staging/.github/skills/flowstudio-power-automate-mcp/SKILL.md:python [147:36 - 157:5]
Clone found (json)
 - .staging/.github/skills/flowstudio-power-automate-build/references/action-patterns-connectors.md:json [439:21 - 450:19] (12 lines, 61 tokens)
   .staging/.github/skills/flowstudio-power-automate-build/references/action-patterns-connectors.md:json [467:21 - 478:19]
Clone found (json)
 - .staging/.github/skills/flowstudio-power-automate-build/references/trigger-types.md:json [140:1 - 153:2] (14 lines, 63 tokens)
   .staging/.github/skills/flowstudio-power-automate-build/references/trigger-types.md:json [170:1 - 183:2]
Clone found (markdown)
 - .staging/.github/skills/flowstudio-power-automate-debug/SKILL.md:markdown [17:46 - 23:2] (7 lines, 66 tokens)
   .staging/.github/skills/flowstudio-power-automate-mcp/SKILL.md:markdown [19:34 - 25:2]
Clone found (markdown)
 - .staging/.github/skills/flowstudio-power-automate-governance/SKILL.md:markdown [27:77 - 35:20] (9 lines, 134 tokens)
   .staging/.github/skills/flowstudio-power-automate-monitoring/SKILL.md:markdown [16:56 - 24:20]
Clone found (markdown)
 - .staging/.github/skills/flowstudio-power-automate-mcp/SKILL.md:markdown [55:1 - 62:10] (8 lines, 96 tokens)
   .staging/.github/skills/flowstudio-power-automate-mcp/references/tool-reference.md:markdown [11:1 - 18:10]
Clone found (markdown)
 - .staging/.github/skills/from-the-other-side-anitta/SKILL.md:markdown [84:56 - 91:34] (8 lines, 64 tokens)
   .staging/.github/skills/from-the-other-side-quinn/SKILL.md:markdown [57:62 - 64:34]
Clone found (markdown)
 - .staging/.github/skills/from-the-other-side-anitta/SKILL.md:markdown [84:56 - 107:8] (24 lines, 239 tokens)
   .staging/.github/skills/from-the-other-side-wiggins/SKILL.md:markdown [44:64 - 65:4]
Clone found (markdown)
 - .staging/.github/skills/from-the-other-side-anitta/SKILL.md:markdown [91:34 - 98:64] (8 lines, 95 tokens)
   .staging/.github/skills/from-the-other-side-quinn/SKILL.md:markdown [64:42 - 71:64]
Clone found (javascript)
 - .staging/.github/skills/game-engine/assets/2d-platform-game.md:javascript [235:63 - 246:63] (12 lines, 93 tokens)
   .staging/.github/skills/game-engine/assets/2d-platform-game.md:javascript [1454:55 - 1463:63]
Clone found (javascript)
 - .staging/.github/skills/game-engine/assets/2d-platform-game.md:javascript [268:54 - 280:34] (13 lines, 61 tokens)
   .staging/.github/skills/game-engine/assets/2d-platform-game.md:javascript [703:29 - 716:34]
Clone found (javascript)
 - .staging/.github/skills/game-engine/assets/2d-platform-game.md:javascript [268:54 - 324:32] (57 lines, 174 tokens)
   .staging/.github/skills/game-engine/assets/2d-platform-game.md:javascript [1567:24 - 1593:11]
Clone found (javascript)
 - .staging/.github/skills/game-engine/assets/2d-platform-game.md:javascript [316:46 - 324:34] (9 lines, 53 tokens)
   .staging/.github/skills/game-engine/assets/2d-platform-game.md:javascript [402:56 - 413:34]
Clone found (javascript)
 - .staging/.github/skills/game-engine/assets/2d-platform-game.md:javascript [316:47 - 343:37] (28 lines, 69 tokens)
   .staging/.github/skills/game-engine/assets/2d-platform-game.md:javascript [1590:37 - 1597:15]
Clone found (javascript)
 - .staging/.github/skills/game-engine/assets/2d-platform-game.md:javascript [317:2 - 343:14] (27 lines, 63 tokens)
   .staging/.github/skills/game-engine/assets/2d-platform-game.md:javascript [1022:62 - 1036:41]
Clone found (javascript)
 - .staging/.github/skills/game-engine/assets/2d-platform-game.md:javascript [325:1 - 350:8] (26 lines, 63 tokens)
   .staging/.github/skills/game-engine/assets/2d-platform-game.md:javascript [375:1 - 399:8]
Clone found (javascript)
 - .staging/.github/skills/game-engine/assets/2d-platform-game.md:javascript [341:28 - 368:13] (28 lines, 84 tokens)
   .staging/.github/skills/game-engine/assets/2d-platform-game.md:javascript [1300:32 - 1310:47]
Clone found (javascript)
 - .staging/.github/skills/game-engine/assets/2d-platform-game.md:javascript [374:5 - 402:58] (29 lines, 79 tokens)
   .staging/.github/skills/game-engine/assets/2d-platform-game.md:javascript [434:5 - 464:58]
Clone found (javascript)
 - .staging/.github/skills/game-engine/assets/2d-platform-game.md:javascript [425:18 - 434:6] (10 lines, 74 tokens)
   .staging/.github/skills/game-engine/assets/2d-platform-game.md:javascript [506:23 - 515:6]
Clone found (javascript)
 - .staging/.github/skills/game-engine/assets/2d-platform-game.md:javascript [428:5 - 456:51] (29 lines, 85 tokens)
   .staging/.github/skills/game-engine/assets/2d-platform-game.md:javascript [896:5 - 907:3]
Clone found (javascript)
 - .staging/.github/skills/game-engine/assets/2d-platform-game.md:javascript [550:1 - 562:3] (13 lines, 57 tokens)
   .staging/.github/skills/game-engine/assets/2d-platform-game.md:javascript [1668:1 - 1677:3]
Clone found (javascript)
 - .staging/.github/skills/game-engine/assets/2d-platform-game.md:javascript [578:55 - 595:48] (18 lines, 77 tokens)
   .staging/.github/skills/game-engine/assets/2d-platform-game.md:javascript [641:2 - 658:48]
Clone found (javascript)
 - .staging/.github/skills/game-engine/assets/2d-platform-game.md:javascript [595:46 - 609:3] (15 lines, 97 tokens)
   .staging/.github/skills/game-engine/assets/2d-platform-game.md:javascript [1603:41 - 1614:3]
Clone found (javascript)
 - .staging/.github/skills/game-engine/assets/2d-platform-game.md:javascript [677:56 - 692:45] (16 lines, 67 tokens)
   .staging/.github/skills/game-engine/assets/2d-platform-game.md:javascript [1120:54 - 1132:45]
Clone found (javascript)
 - .staging/.github/skills/game-engine/assets/2d-platform-game.md:javascript [689:5 - 714:38] (26 lines, 166 tokens)
   .staging/.github/skills/game-engine/assets/2d-platform-game.md:javascript [1548:5 - 1574:11]
Clone found (javascript)
 - .staging/.github/skills/game-engine/assets/2d-platform-game.md:javascript [692:21 - 698:10] (7 lines, 52 tokens)
   .staging/.github/skills/game-engine/assets/2d-platform-game.md:javascript [1133:23 - 1141:10]
Clone found (javascript)
 - .staging/.github/skills/game-engine/assets/2d-platform-game.md:javascript [744:29 - 749:37] (6 lines, 69 tokens)
   .staging/.github/skills/game-engine/assets/2d-platform-game.md:javascript [1619:36 - 1623:37]
Clone found (javascript)
 - .staging/.github/skills/game-engine/assets/2d-platform-game.md:javascript [759:29 - 781:7] (23 lines, 121 tokens)
   .staging/.github/skills/game-engine/assets/2d-platform-game.md:javascript [1191:1 - 1207:7]
Clone found (javascript)
 - .staging/.github/skills/game-engine/assets/2d-platform-game.md:javascript [759:29 - 797:55] (39 lines, 199 tokens)
   .staging/.github/skills/game-engine/assets/2d-platform-game.md:javascript [1677:1 - 1711:11]
Clone found (javascript)
 - .staging/.github/skills/game-engine/assets/2d-platform-game.md:javascript [791:23 - 801:3] (11 lines, 86 tokens)
   .staging/.github/skills/game-engine/assets/2d-platform-game.md:javascript [1089:55 - 1099:3]
Clone found (javascript)
 - .staging/.github/skills/game-engine/assets/2d-platform-game.md:javascript [800:13 - 840:11] (41 lines, 112 tokens)
   .staging/.github/skills/game-engine/assets/2d-platform-game.md:javascript [1715:52 - 1735:11]
Clone found (javascript)
 - .staging/.github/skills/game-engine/assets/2d-platform-game.md:javascript [862:1 - 893:11] (32 lines, 111 tokens)
   .staging/.github/skills/game-engine/assets/2d-platform-game.md:javascript [1750:1 - 1768:11]
Clone found (javascript)
 - .staging/.github/skills/game-engine/assets/2d-platform-game.md:javascript [884:12 - 932:25] (49 lines, 149 tokens)
   .staging/.github/skills/game-engine/assets/2d-platform-game.md:javascript [1647:16 - 1673:49]
Clone found (javascript)
 - .staging/.github/skills/game-engine/assets/2d-platform-game.md:javascript [990:21 - 1006:3] (17 lines, 50 tokens)
   .staging/.github/skills/game-engine/assets/2d-platform-game.md:javascript [1704:5 - 1716:3]
Clone found (javascript)
 - .staging/.github/skills/game-engine/assets/2d-platform-game.md:javascript [1036:40 - 1055:11] (20 lines, 71 tokens)
   .staging/.github/skills/game-engine/assets/2d-platform-game.md:javascript [1597:45 - 1606:11]
Clone found (javascript)
 - .staging/.github/skills/game-engine/assets/2d-platform-game.md:javascript [1042:41 - 1077:11] (36 lines, 123 tokens)
   .staging/.github/skills/game-engine/assets/2d-platform-game.md:javascript [1774:12 - 1801:11]
Clone found (javascript)
 - .staging/.github/skills/game-engine/assets/2d-platform-game.md:javascript [1068:16 - 1098:14] (31 lines, 174 tokens)
   .staging/.github/skills/game-engine/assets/2d-platform-game.md:javascript [1509:22 - 1535:14]
Clone found (javascript)
 - .staging/.github/skills/game-engine/assets/2d-platform-game.md:javascript [1148:24 - 1173:3] (26 lines, 194 tokens)
   .staging/.github/skills/game-engine/assets/2d-platform-game.md:javascript [1625:42 - 1648:3]
Clone found (javascript)
 - .staging/.github/skills/game-engine/assets/2d-platform-game.md:javascript [1185:1 - 1191:3] (7 lines, 71 tokens)
   .staging/.github/skills/game-engine/assets/2d-platform-game.md:javascript [1342:5 - 1348:7]
Clone found (javascript)
 - .staging/.github/skills/game-engine/assets/2d-platform-game.md:javascript [1218:1 - 1247:11] (30 lines, 115 tokens)
   .staging/.github/skills/game-engine/assets/2d-platform-game.md:javascript [1733:1 - 1756:11]
Clone found (javascript)
 - .staging/.github/skills/game-engine/assets/2d-platform-game.md:javascript [1244:55 - 1266:11] (23 lines, 67 tokens)
   .staging/.github/skills/game-engine/assets/2d-platform-game.md:javascript [1765:6 - 1781:11]
Clone found (javascript)
 - .staging/.github/skills/game-engine/assets/2d-platform-game.md:javascript [1284:41 - 1314:3] (31 lines, 108 tokens)
   .staging/.github/skills/game-engine/assets/2d-platform-game.md:javascript [1424:15 - 1443:3]
Clone found (javascript)
 - .staging/.github/skills/game-engine/assets/2d-platform-game.md:javascript [1304:30 - 1316:6] (13 lines, 65 tokens)
   .staging/.github/skills/game-engine/assets/2d-platform-game.md:javascript [1434:30 - 1449:10]
Clone found (javascript)
 - .staging/.github/skills/game-engine/assets/2d-platform-game.md:javascript [1332:55 - 1356:3] (25 lines, 126 tokens)
   .staging/.github/skills/game-engine/assets/2d-platform-game.md:javascript [1485:58 - 1510:3]
Clone found (javascript)
 - .staging/.github/skills/game-engine/assets/2d-platform-game.md:javascript [1355:22 - 1368:3] (14 lines, 62 tokens)
   .staging/.github/skills/game-engine/assets/2d-platform-game.md:javascript [1819:34 - 1830:3]
Clone found (javascript)
 - .staging/.github/skills/game-engine/assets/paddle-game-template.md:javascript [229:49 - 243:2] (15 lines, 50 tokens)
   .staging/.github/skills/game-engine/assets/paddle-game-template.md:javascript [255:12 - 263:2]
Clone found (javascript)
 - .staging/.github/skills/game-engine/assets/paddle-game-template.md:javascript [259:19 - 267:14] (9 lines, 55 tokens)
   .staging/.github/skills/game-engine/assets/paddle-game-template.md:javascript [364:27 - 372:14]
Clone found (javascript)
 - .staging/.github/skills/game-engine/assets/paddle-game-template.md:javascript [292:22 - 304:2] (13 lines, 50 tokens)
   .staging/.github/skills/game-engine/assets/paddle-game-template.md:javascript [360:12 - 368:2]
Clone found (javascript)
 - .staging/.github/skills/game-engine/assets/paddle-game-template.md:javascript [331:1 - 338:2] (8 lines, 50 tokens)
   .staging/.github/skills/game-engine/assets/paddle-game-template.md:javascript [375:3 - 382:4]
Clone found (javascript)
 - .staging/.github/skills/game-engine/assets/paddle-game-template.md:javascript [337:11 - 360:13] (24 lines, 56 tokens)
   .staging/.github/skills/game-engine/assets/paddle-game-template.md:javascript [474:37 - 492:13]
Clone found (javascript)
 - .staging/.github/skills/game-engine/assets/paddle-game-template.md:javascript [338:1 - 365:16] (28 lines, 88 tokens)
   .staging/.github/skills/game-engine/assets/paddle-game-template.md:javascript [600:1 - 626:25]
Clone found (javascript)
 - .staging/.github/skills/game-engine/assets/paddle-game-template.md:javascript [362:1 - 370:9] (9 lines, 50 tokens)
   .staging/.github/skills/game-engine/assets/paddle-game-template.md:javascript [520:1 - 528:9]
Clone found (javascript)
 - .staging/.github/skills/game-engine/assets/paddle-game-template.md:javascript [372:11 - 382:4] (11 lines, 53 tokens)
   .staging/.github/skills/game-engine/assets/paddle-game-template.md:javascript [539:13 - 546:4]
Clone found (javascript)
 - .staging/.github/skills/game-engine/assets/paddle-game-template.md:javascript [429:1 - 461:2] (33 lines, 124 tokens)
   .staging/.github/skills/game-engine/assets/paddle-game-template.md:javascript [498:1 - 518:2]
Clone found (javascript)
 - .staging/.github/skills/game-engine/assets/paddle-game-template.md:javascript [430:24 - 505:7] (76 lines, 271 tokens)
   .staging/.github/skills/game-engine/assets/paddle-game-template.md:javascript [627:17 - 675:13]
Clone found (javascript)
 - .staging/.github/skills/game-engine/assets/paddle-game-template.md:javascript [438:1 - 492:13] (55 lines, 211 tokens)
   .staging/.github/skills/game-engine/assets/paddle-game-template.md:javascript [819:1 - 854:9]
Clone found (javascript)
 - .staging/.github/skills/game-engine/assets/paddle-game-template.md:javascript [474:36 - 501:36] (28 lines, 95 tokens)
   .staging/.github/skills/game-engine/assets/paddle-game-template.md:javascript [778:14 - 801:18]
Clone found (javascript)
 - .staging/.github/skills/game-engine/assets/paddle-game-template.md:javascript [546:3 - 556:2] (11 lines, 53 tokens)
   .staging/.github/skills/game-engine/assets/paddle-game-template.md:javascript [686:3 - 697:2]
Clone found (javascript)
 - .staging/.github/skills/game-engine/assets/paddle-game-template.md:javascript [586:1 - 600:2] (15 lines, 70 tokens)
   .staging/.github/skills/game-engine/assets/paddle-game-template.md:javascript [675:3 - 686:4]
Clone found (javascript)
 - .staging/.github/skills/game-engine/assets/paddle-game-template.md:javascript [665:50 - 713:6] (49 lines, 167 tokens)
   .staging/.github/skills/game-engine/assets/paddle-game-template.md:javascript [872:14 - 915:6]
Clone found (javascript)
 - .staging/.github/skills/game-engine/assets/paddle-game-template.md:javascript [671:13 - 681:13] (11 lines, 52 tokens)
   .staging/.github/skills/game-engine/assets/paddle-game-template.md:javascript [1168:57 - 1182:11]
Clone found (javascript)
 - .staging/.github/skills/game-engine/assets/paddle-game-template.md:javascript [699:33 - 738:2] (40 lines, 100 tokens)
   .staging/.github/skills/game-engine/assets/paddle-game-template.md:javascript [801:17 - 817:2]
Clone found (javascript)
 - .staging/.github/skills/game-engine/assets/paddle-game-template.md:javascript [719:27 - 736:32] (18 lines, 61 tokens)
   .staging/.github/skills/game-engine/assets/paddle-game-template.md:javascript [901:33 - 919:32]
Clone found (javascript)
 - .staging/.github/skills/game-engine/assets/paddle-game-template.md:javascript [738:1 - 778:16] (41 lines, 160 tokens)
   .staging/.github/skills/game-engine/assets/paddle-game-template.md:javascript [852:1 - 874:16]
Clone found (javascript)
 - .staging/.github/skills/game-engine/assets/paddle-game-template.md:javascript [748:43 - 760:2] (13 lines, 92 tokens)
   .staging/.github/skills/game-engine/assets/paddle-game-template.md:javascript [967:36 - 979:4]
Clone found (javascript)
 - .staging/.github/skills/game-engine/assets/paddle-game-template.md:javascript [921:1 - 941:24] (21 lines, 98 tokens)
   .staging/.github/skills/game-engine/assets/paddle-game-template.md:javascript [1046:1 - 1066:24]
Clone found (markup)
 - .staging/.github/skills/game-engine/assets/paddle-game-template.md:markup [26:35 - 43:7] (18 lines, 92 tokens)
   .staging/.github/skills/game-engine/assets/paddle-game-template.md:markup [1255:28 - 1272:7]
Clone found (haxe)
 - .staging/.github/skills/game-engine/assets/simple-2d-engine.md:haxe [156:1 - 161:3] (6 lines, 53 tokens)
   .staging/.github/skills/game-engine/assets/simple-2d-engine.md:haxe [298:1 - 302:3]
Clone found (txt)
 - .staging/.github/skills/geofeed-tuner/references/rfc8805.txt [30:27 - 35:58] (6 lines, 84 tokens)
   .staging/.github/skills/geofeed-tuner/references/rfc8805.txt [126:14 - 131:58]
Clone found (markup)
 - .staging/.github/skills/geofeed-tuner/scripts/templates/index.html [303:27 - 310:24] (8 lines, 60 tokens)
   .staging/.github/skills/geofeed-tuner/scripts/templates/index.html [612:28 - 619:24]
Clone found (markup)
 - .staging/.github/skills/geofeed-tuner/scripts/templates/index.html [1214:38 - 1227:13] (14 lines, 89 tokens)
   .staging/.github/skills/geofeed-tuner/scripts/templates/index.html [1343:51 - 1356:13]
Clone found (markup)
 - .staging/.github/skills/geofeed-tuner/scripts/templates/index.html [1432:1 - 1440:67] (9 lines, 62 tokens)
   .staging/.github/skills/geofeed-tuner/scripts/templates/index.html [1447:1 - 1455:67]
Clone found (markup)
 - .staging/.github/skills/geofeed-tuner/scripts/templates/index.html [1669:46 - 1676:34] (8 lines, 54 tokens)
   .staging/.github/skills/geofeed-tuner/scripts/templates/index.html [1757:95 - 1764:34]
Clone found (markup)
 - .staging/.github/skills/geofeed-tuner/scripts/templates/index.html [2260:34 - 2266:18] (7 lines, 58 tokens)
   .staging/.github/skills/geofeed-tuner/scripts/templates/index.html [2276:45 - 2282:18]
Clone found (bash)
 - .staging/.github/skills/github-issues/references/issue-fields.md:bash [26:1 - 45:49] (20 lines, 64 tokens)
   .staging/.github/skills/github-issues/references/issue-fields.md:bash [49:1 - 59:3]
Clone found (markdown)
 - .staging/.github/skills/go-mcp-server-generator/SKILL.md:markdown [267:2 - 275:39] (9 lines, 56 tokens)
   .staging/.github/skills/kotlin-mcp-server-generator/SKILL.md:markdown [335:37 - 343:39]
Clone found (markdown)
 - .staging/.github/skills/gtm-developer-ecosystem/SKILL.md:markdown [58:1 - 64:5] (7 lines, 67 tokens)
   .staging/.github/skills/gtm-partnership-architecture/SKILL.md:markdown [137:1 - 143:5]
Clone found (java)
 - .staging/.github/skills/java-refactoring-extract-method/SKILL.md:java [35:70 - 56:13] (22 lines, 191 tokens)
   .staging/.github/skills/java-refactoring-extract-method/SKILL.md:java [56:56 - 77:13]
Clone found (markdown)
 - .staging/.github/skills/java-refactoring-extract-method/SKILL.md:markdown [87:23 - 92:43] (6 lines, 77 tokens)
   .staging/.github/skills/java-refactoring-remove-parameter/SKILL.md:markdown [70:25 - 75:43]
Clone found (java)
 - .staging/.github/skills/java-refactoring-remove-parameter/SKILL.md:java [16:97 - 21:79] (6 lines, 56 tokens)
   .staging/.github/skills/java-refactoring-remove-parameter/SKILL.md:java [35:80 - 40:79]
Clone found (java)
 - .staging/.github/skills/java-refactoring-remove-parameter/SKILL.md:java [21:88 - 28:99] (8 lines, 72 tokens)
   .staging/.github/skills/java-refactoring-remove-parameter/SKILL.md:java [40:79 - 47:99]
Clone found (markdown)
 - .staging/.github/skills/java-springboot/SKILL.md:markdown [27:78 - 32:5] (6 lines, 64 tokens)
   .staging/.github/skills/kotlin-springboot/SKILL.md:markdown [28:76 - 33:5]
Clone found (markdown)
 - .staging/.github/skills/legacy-circuit-mockups/references/28256-eeprom.md:markdown [13:51 - 23:10] (11 lines, 185 tokens)
   .staging/.github/skills/react-container-presentation-component/references/component-architecture.md:markdown [49:181 - 51:4]
Clone found (markdown)
 - .staging/.github/skills/legacy-circuit-mockups/references/28256-eeprom.md:markdown [44:7 - 53:35] (10 lines, 83 tokens)
   .staging/.github/skills/legacy-circuit-mockups/references/6C62256.md:markdown [45:7 - 54:35]
Clone found (markdown)
 - .staging/.github/skills/legacy-circuit-mockups/references/28256-eeprom.md:markdown [55:1 - 68:5] (14 lines, 56 tokens)
   .staging/.github/skills/legacy-circuit-mockups/references/6C62256.md:markdown [56:1 - 69:5]
Clone found (mermaid)
 - .staging/.github/skills/legacy-circuit-mockups/references/555.md:mermaid [65:1 - 72:36] (8 lines, 114 tokens)
   .staging/.github/skills/legacy-circuit-mockups/references/connecting-electronic-components.md:mermaid [186:1 - 193:36]
Clone found (mermaid)
 - .staging/.github/skills/legacy-circuit-mockups/references/555.md:mermaid [147:48 - 162:9] (16 lines, 63 tokens)
   .staging/.github/skills/legacy-circuit-mockups/references/555.md:mermaid [293:45 - 308:9]
Clone found (mermaid)
 - .staging/.github/skills/legacy-circuit-mockups/references/555.md:mermaid [147:48 - 163:12] (17 lines, 70 tokens)
   .staging/.github/skills/legacy-circuit-mockups/references/555.md:mermaid [481:41 - 497:12]
Clone found (mermaid)
 - .staging/.github/skills/legacy-circuit-mockups/references/555.md:mermaid [147:48 - 164:9] (18 lines, 73 tokens)
   .staging/.github/skills/legacy-circuit-mockups/references/555.md:mermaid [554:41 - 571:9]
Clone found (mermaid)
 - .staging/.github/skills/legacy-circuit-mockups/references/555.md:mermaid [149:1 - 161:9] (13 lines, 52 tokens)
   .staging/.github/skills/legacy-circuit-mockups/references/555.md:mermaid [634:1 - 646:9]
Clone found (mermaid)
 - .staging/.github/skills/legacy-circuit-mockups/references/555.md:mermaid [164:16 - 176:13] (13 lines, 69 tokens)
   .staging/.github/skills/legacy-circuit-mockups/references/555.md:mermaid [497:16 - 509:13]
Clone found (mermaid)
 - .staging/.github/skills/legacy-circuit-mockups/references/555.md:mermaid [181:1 - 187:11] (7 lines, 56 tokens)
   .staging/.github/skills/legacy-circuit-mockups/references/555.md:mermaid [669:1 - 675:11]
Clone found (mermaid)
 - .staging/.github/skills/legacy-circuit-mockups/references/555.md:mermaid [310:28 - 324:5] (15 lines, 83 tokens)
   .staging/.github/skills/legacy-circuit-mockups/references/555.md:mermaid [570:16 - 584:5]
Clone found (text)
 - .staging/.github/skills/legacy-circuit-mockups/references/555.md:text [746:1 - 764:122] (19 lines, 290 tokens)
   .staging/.github/skills/legacy-circuit-mockups/references/connecting-electronic-components.md:text [109:1 - 127:122]
Clone found (markdown)
 - .staging/.github/skills/legacy-circuit-mockups/references/6522.md:markdown [12:1 - 24:3] (13 lines, 198 tokens)
   ONTOLOGY.md:markdown [89:25 - 90:12]
Clone found (markdown)
 - .staging/.github/skills/legacy-circuit-mockups/references/connecting-electronic-components.md:markdown [20:40 - 30:11] (11 lines, 91 tokens)
   .staging/.github/skills/legacy-circuit-mockups/references/connecting-electronic-components.md:markdown [42:43 - 52:11]
Clone found (markdown)
 - .staging/.github/skills/legacy-circuit-mockups/references/connecting-electronic-components.md:markdown [200:60 - 210:15] (11 lines, 239 tokens)
   .staging/.github/skills/legacy-circuit-mockups/references/connecting-electronic-components.md:markdown [224:59 - 234:15]
Clone found (markdown)
 - .staging/.github/skills/legacy-circuit-mockups/references/connecting-electronic-components.md:markdown [200:66 - 210:15] (11 lines, 236 tokens)
   .staging/.github/skills/legacy-circuit-mockups/references/connecting-electronic-components.md:markdown [289:64 - 299:15]
Clone found (markdown)
 - .staging/.github/skills/legacy-circuit-mockups/references/connecting-electronic-components.md:markdown [210:29 - 218:67] (9 lines, 293 tokens)
   .staging/.github/skills/legacy-circuit-mockups/references/connecting-electronic-components.md:markdown [234:28 - 242:67]
Clone found (go)
 - .staging/.github/skills/markdown-to-html/SKILL.md:go [500:1 - 511:2] (12 lines, 59 tokens)
   .staging/.github/skills/markdown-to-html/references/gomarkdown.md:go [20:1 - 31:2]
Clone found (go)
 - .staging/.github/skills/markdown-to-html/SKILL.md:go [545:1 - 550:2] (6 lines, 55 tokens)
   .staging/.github/skills/markdown-to-html/references/gomarkdown.md:go [157:1 - 162:2]
Clone found (markdown)
 - .staging/.github/skills/markdown-to-html/SKILL.md:markdown [373:1 - 378:14] (6 lines, 54 tokens)
   .staging/.github/skills/markdown-to-html/SKILL.md:markdown [593:1 - 598:14]
Clone found (toml)
 - .staging/.github/skills/markdown-to-html/SKILL.md:toml [840:1 - 849:22] (10 lines, 59 tokens)
   .staging/.github/skills/markdown-to-html/references/hugo.md:toml [146:1 - 155:22]
Clone found (markdown)
 - .staging/.github/skills/markdown-to-html/references/collapsed-sections-to-html.md:markdown [8:9 - 22:11] (15 lines, 82 tokens)
   .staging/.github/skills/markdown-to-html/references/collapsed-sections-to-html.md:markdown [57:14 - 71:11]
Clone found (markdown)
 - .staging/.github/skills/markdown-to-html/references/collapsed-sections-to-html.md:markdown [8:1 - 16:43] (9 lines, 67 tokens)
   .staging/.github/skills/markdown-to-html/references/collapsed-sections.md:markdown [14:1 - 22:43]
Clone found (markup)
 - .staging/.github/skills/markdown-to-html/references/collapsed-sections-to-html.md:markup [30:9 - 77:2] (48 lines, 113 tokens)
   .staging/.github/skills/markdown-to-html/references/collapsed-sections-to-html.md:markup [77:14 - 110:2]
Clone found (markdown)
 - .staging/.github/skills/markdown-to-html/references/tables-to-html.md:markdown [9:1 - 145:25] (137 lines, 323 tokens)
   .staging/.github/skills/markdown-to-html/references/tables.md:markdown [11:1 - 64:25]
Clone found (markup)
 - .staging/.github/skills/markdown-to-html/references/tables-to-html.md:markup [33:1 - 59:8] (27 lines, 65 tokens)
   .staging/.github/skills/markdown-to-html/references/tables-to-html.md:markup [65:1 - 93:8]
Clone found (markup)
 - .staging/.github/skills/markdown-to-html/references/writing-mathematical-expressions-to-html.md:markup [119:18 - 132:15] (14 lines, 85 tokens)
   .staging/.github/skills/markdown-to-html/references/writing-mathematical-expressions-to-html.md:markup [137:13 - 150:15]
Clone found (text)
 - .staging/.github/skills/markdown-to-html/references/writing-mathematical-expressions-to-html.md:text [202:16 - 215:13] (14 lines, 85 tokens)
   .staging/.github/skills/markdown-to-html/references/writing-mathematical-expressions-to-html.md:text [220:11 - 233:13]
Clone found (text)
 - .staging/.github/skills/mcp-create-adaptive-cards/SKILL.md:text [38:1 - 50:21] (13 lines, 59 tokens)
   .staging/.github/skills/mcp-create-adaptive-cards/SKILL.md:text [389:1 - 401:21]
Clone found (text)
 - .staging/.github/skills/mcp-create-adaptive-cards/SKILL.md:text [118:1 - 131:24] (14 lines, 54 tokens)
   .staging/.github/skills/mcp-create-adaptive-cards/SKILL.md:text [153:1 - 166:24]
Clone found (markdown)
 - .staging/.github/skills/memory-merger/SKILL.md:markdown [10:98 - 23:4] (14 lines, 193 tokens)
   .staging/.github/skills/remember/SKILL.md:markdown [8:263 - 21:4]
Clone found (markdown)
 - .staging/.github/skills/microsoft-agent-framework/SKILL.md:markdown [10:315 - 16:85] (7 lines, 74 tokens)
   .staging/.github/skills/semantic-kernel/SKILL.md:markdown [10:117 - 16:85]
Clone found (markdown)
 - .staging/.github/skills/microsoft-agent-framework/SKILL.md:markdown [16:91 - 23:12] (8 lines, 227 tokens)
   .staging/.github/skills/semantic-kernel/SKILL.md:markdown [16:82 - 23:12]
Clone found (markdown)
 - .staging/.github/skills/microsoft-agent-framework/SKILL.md:markdown [45:84 - 51:21] (7 lines, 59 tokens)
   .staging/.github/skills/semantic-kernel/SKILL.md:markdown [37:72 - 43:21]
Clone found (markdown)
 - .staging/.github/skills/microsoft-agent-framework/SKILL.md:markdown [51:39 - 64:29] (14 lines, 168 tokens)
   .staging/.github/skills/semantic-kernel/SKILL.md:markdown [43:36 - 56:29]
Clone found (markdown)
 - .staging/.github/skills/microsoft-agent-framework/references/dotnet.md:markdown [1:28 - 7:22] (7 lines, 51 tokens)
   .staging/.github/skills/semantic-kernel/references/dotnet.md:markdown [1:18 - 7:22]
Clone found (markdown)
 - .staging/.github/skills/microsoft-code-reference/SKILL.md:markdown [85:1 - 99:90] (15 lines, 168 tokens)
   .staging/.github/skills/microsoft-docs/SKILL.md:markdown [29:1 - 43:90]
Clone found (markdown)
 - .staging/.github/skills/microsoft-code-reference/SKILL.md:markdown [91:1 - 97:63] (7 lines, 125 tokens)
   .staging/.github/skills/microsoft-skill-creator/SKILL.md:markdown [51:1 - 57:63]
Clone found (markdown)
 - .staging/.github/skills/microsoft-skill-creator/SKILL.md:markdown [241:72 - 249:119] (9 lines, 170 tokens)
   .staging/.github/skills/microsoft-skill-creator/references/skill-templates.md:markdown [7:204 - 15:119]
Clone found (python)
 - .staging/.github/skills/mini-context-graph/scripts/tools/documents_store.py [22:1 - 27:86] (6 lines, 54 tokens)
   .staging/.github/skills/mini-context-graph/scripts/tools/graph_store.py [16:1 - 21:86]
Clone found (python)
 - .staging/.github/skills/mini-context-graph/scripts/tools/documents_store.py [22:1 - 27:86] (6 lines, 54 tokens)
   .staging/.github/skills/mini-context-graph/scripts/tools/index_store.py [15:1 - 20:86]
Clone found (python)
 - .staging/.github/skills/mini-context-graph/scripts/tools/index_store.py [14:1 - 20:86] (7 lines, 57 tokens)
   .staging/.github/skills/mini-context-graph/scripts/tools/ontology_store.py [14:1 - 20:86]
Clone found (markdown)
 - .staging/.github/skills/msstore-cli/SKILL.md:markdown [236:1 - 248:5] (13 lines, 106 tokens)
   .staging/.github/skills/msstore-cli/SKILL.md:markdown [286:1 - 298:5]
Clone found (markdown)
 - .staging/.github/skills/msstore-cli/SKILL.md:markdown [282:54 - 298:5] (17 lines, 109 tokens)
   .staging/.github/skills/msstore-cli/SKILL.md:markdown [317:46 - 333:5]
Clone found (csharp)
 - .staging/.github/skills/mvvm-toolkit-di/SKILL.md:csharp [38:1 - 48:9] (11 lines, 58 tokens)
   .staging/.github/skills/mvvm-toolkit/references/end-to-end-walkthrough.md:csharp [203:1 - 213:9]
Clone found (csharp)
 - .staging/.github/skills/mvvm-toolkit-di/SKILL.md:csharp [40:38 - 65:2] (26 lines, 190 tokens)
   .staging/.github/skills/mvvm-toolkit-di/references/dependency-injection.md:csharp [17:35 - 42:2]
Clone found (csharp)
 - .staging/.github/skills/mvvm-toolkit-di/SKILL.md:csharp [58:54 - 84:5] (27 lines, 61 tokens)
   .staging/.github/skills/mvvm-toolkit/references/end-to-end-walkthrough.md:csharp [228:52 - 245:8]
Clone found (csharp)
 - .staging/.github/skills/mvvm-toolkit-di/SKILL.md:csharp [97:1 - 133:41] (37 lines, 98 tokens)
   .staging/.github/skills/mvvm-toolkit-di/references/dependency-injection.md:csharp [88:1 - 125:41]
Clone found (csharp)
 - .staging/.github/skills/mvvm-toolkit-di/SKILL.md:csharp [135:44 - 202:23] (68 lines, 172 tokens)
   .staging/.github/skills/mvvm-toolkit-di/references/dependency-injection.md:csharp [127:48 - 194:23]
Clone found (csharp)
 - .staging/.github/skills/mvvm-toolkit-di/SKILL.md:csharp [202:24 - 249:61] (48 lines, 190 tokens)
   .staging/.github/skills/mvvm-toolkit-di/references/dependency-injection.md:csharp [195:1 - 249:61]
Clone found (markdown)
 - .staging/.github/skills/mvvm-toolkit-di/SKILL.md:markdown [88:1 - 117:57] (30 lines, 76 tokens)
   .staging/.github/skills/mvvm-toolkit-di/references/dependency-injection.md:markdown [79:1 - 108:57]
Clone found (markdown)
 - .staging/.github/skills/mvvm-toolkit-di/SKILL.md:markdown [122:1 - 130:66] (9 lines, 194 tokens)
   .staging/.github/skills/mvvm-toolkit-di/references/dependency-injection.md:markdown [114:1 - 122:66]
Clone found (markdown)
 - .staging/.github/skills/mvvm-toolkit-di/SKILL.md:markdown [143:1 - 159:25] (17 lines, 52 tokens)
   .staging/.github/skills/mvvm-toolkit-di/references/dependency-injection.md:markdown [135:5 - 151:25]
Clone found (csharp)
 - .staging/.github/skills/mvvm-toolkit-messenger/SKILL.md:csharp [62:1 - 105:77] (44 lines, 142 tokens)
   .staging/.github/skills/mvvm-toolkit-messenger/references/messenger-patterns.md:csharp [45:1 - 92:77]
Clone found (csharp)
 - .staging/.github/skills/mvvm-toolkit-messenger/SKILL.md:csharp [119:30 - 141:66] (23 lines, 76 tokens)
   .staging/.github/skills/mvvm-toolkit-messenger/references/messenger-patterns.md:csharp [107:31 - 129:66]
Clone found (csharp)
 - .staging/.github/skills/mvvm-toolkit-messenger/SKILL.md:csharp [162:1 - 179:5] (18 lines, 97 tokens)
   .staging/.github/skills/mvvm-toolkit-messenger/references/messenger-patterns.md:csharp [154:1 - 171:5]
Clone found (csharp)
 - .staging/.github/skills/mvvm-toolkit-messenger/SKILL.md:csharp [180:30 - 193:52] (14 lines, 52 tokens)
   .staging/.github/skills/mvvm-toolkit-messenger/references/messenger-patterns.md:csharp [172:35 - 186:52]
Clone found (markdown)
 - .staging/.github/skills/mvvm-toolkit-messenger/SKILL.md:markdown [78:67 - 102:4] (25 lines, 79 tokens)
   .staging/.github/skills/mvvm-toolkit-messenger/references/messenger-patterns.md:markdown [64:57 - 89:4]
Clone found (markdown)
 - .staging/.github/skills/mvvm-toolkit-messenger/SKILL.md:markdown [157:1 - 174:22] (18 lines, 55 tokens)
   .staging/.github/skills/mvvm-toolkit-messenger/references/messenger-patterns.md:markdown [149:1 - 166:22]
Clone found (markdown)
 - .staging/.github/skills/mvvm-toolkit-messenger/SKILL.md:markdown [233:26 - 239:23] (7 lines, 55 tokens)
   .staging/.github/skills/mvvm-toolkit-messenger/references/messenger-patterns.md:markdown [208:27 - 214:23]
Clone found (csharp)
 - .staging/.github/skills/mvvm-toolkit/SKILL.md:csharp [141:1 - 148:5] (8 lines, 51 tokens)
   .staging/.github/skills/mvvm-toolkit/references/relaycommand-cookbook.md:csharp [60:1 - 77:5]
Clone found (csharp)
 - .staging/.github/skills/mvvm-toolkit/SKILL.md:csharp [152:1 - 186:8] (35 lines, 61 tokens)
   .staging/.github/skills/mvvm-toolkit/references/source-generators.md:csharp [115:1 - 135:8]
Clone found (csharp)
 - .staging/.github/skills/mvvm-toolkit/SKILL.md:csharp [186:14 - 196:27] (11 lines, 66 tokens)
   .staging/.github/skills/mvvm-toolkit/references/source-generators.md:csharp [135:7 - 145:27]
Clone found (csharp)
 - .staging/.github/skills/mvvm-toolkit/SKILL.md:csharp [247:1 - 256:18] (10 lines, 57 tokens)
   .staging/.github/skills/mvvm-toolkit/references/end-to-end-walkthrough.md:csharp [159:1 - 168:18]
Clone found (markdown)
 - .staging/.github/skills/namecheap/references/namecheap-api.md:markdown [35:33 - 41:4] (7 lines, 63 tokens)
   .staging/.github/skills/namecheap/references/namecheap-api.md:markdown [66:114 - 72:4]
Clone found (markdown)
 - .staging/.github/skills/namecheap/references/namecheap-api.md:markdown [35:33 - 44:19] (10 lines, 148 tokens)
   .staging/.github/skills/namecheap/references/namecheap-api.md:markdown [92:35 - 104:26]
Clone found (markdown)
 - .staging/.github/skills/namecheap/references/namecheap-api.md:markdown [35:33 - 41:35] (7 lines, 78 tokens)
   .staging/.github/skills/namecheap/references/namecheap-api.md:markdown [122:95 - 128:37]
Clone found (markdown)
 - .staging/.github/skills/namecheap/references/namecheap-api.md:markdown [35:33 - 41:64] (7 lines, 93 tokens)
   .staging/.github/skills/namecheap/references/namecheap-api.md:markdown [226:75 - 232:64]
Clone found (markdown)
 - .staging/.github/skills/namecheap/references/namecheap-api.md:markdown [35:33 - 43:3] (9 lines, 116 tokens)
   .staging/.github/skills/namecheap/references/namecheap-api.md:markdown [278:27 - 286:47]
Clone found (markdown)
 - .staging/.github/skills/namecheap/references/namecheap-api.md:markdown [37:1 - 42:15] (6 lines, 97 tokens)
   .staging/.github/skills/namecheap/references/namecheap-api.md:markdown [154:1 - 159:35]
Clone found (markdown)
 - .staging/.github/skills/namecheap/references/namecheap-api.md:markdown [66:113 - 73:3] (8 lines, 102 tokens)
   .staging/.github/skills/namecheap/references/namecheap-api.md:markdown [175:67 - 183:4]
Clone found (markdown)
 - .staging/.github/skills/namecheap/references/namecheap-api.md:markdown [70:14 - 79:57] (10 lines, 134 tokens)
   .staging/.github/skills/namecheap/references/namecheap-api.md:markdown [96:14 - 105:58]
Clone found (markdown)
 - .staging/.github/skills/namecheap/references/namecheap-api.md:markdown [92:22 - 98:4] (7 lines, 69 tokens)
   .staging/.github/skills/namecheap/references/namecheap-api.md:markdown [201:31 - 207:4]
Clone found (markdown)
 - .staging/.github/skills/namecheap/references/namecheap-api.md:markdown [92:22 - 99:3] (8 lines, 107 tokens)
   .staging/.github/skills/namecheap/references/namecheap-api.md:markdown [253:41 - 261:4]
Clone found (markdown)
 - .staging/.github/skills/namecheap/references/namecheap-api.md:markdown [278:8 - 286:47] (9 lines, 122 tokens)
   .staging/.github/skills/namecheap/references/namecheap-api.md:markdown [302:23 - 310:47]
Clone found (markdown)
 - .staging/.github/skills/namecheap/references/namecheap-api.md:markdown [278:8 - 286:47] (9 lines, 122 tokens)
   .staging/.github/skills/namecheap/references/namecheap-api.md:markdown [330:26 - 338:47]
Clone found (text)
 - .staging/.github/skills/napkin/SKILL.md:text [56:1 - 62:50] (7 lines, 73 tokens)
   .staging/.github/skills/napkin/SKILL.md:text [130:1 - 136:50]
Clone found (markup)
 - .staging/.github/skills/napkin/assets/napkin.html [1188:14 - 1193:5] (6 lines, 56 tokens)
   .staging/.github/skills/napkin/assets/napkin.html [1200:14 - 1205:5]
Clone found (markup)
 - .staging/.github/skills/napkin/assets/napkin.html [1188:1 - 1193:25] (6 lines, 64 tokens)
   .staging/.github/skills/napkin/assets/napkin.html [1216:1 - 1221:19]
Clone found (markup)
 - .staging/.github/skills/napkin/assets/napkin.html [1205:28 - 1214:3] (10 lines, 50 tokens)
   .staging/.github/skills/napkin/assets/napkin.html [1221:28 - 1230:3]
Clone found (text)
 - .staging/.github/skills/noob-mode/SKILL.md:text [60:42 - 65:22] (6 lines, 57 tokens)
   .staging/.github/skills/noob-mode/references/examples.md:text [21:45 - 26:22]
Clone found (markdown)
 - .staging/.github/skills/pdftk-server/references/download.md:markdown [39:1 - 45:51] (7 lines, 183 tokens)
   .staging/.github/skills/pdftk-server/references/pdftk-server-license.md:markdown [9:1 - 15:51]
Clone found (markdown)
 - .staging/.github/skills/pdftk-server/references/third-party-materials.md:markdown [7:81 - 13:55] (7 lines, 342 tokens)
   .staging/.github/skills/pdftk-server/references/third-party-materials.md:markdown [37:221 - 43:55]
Clone found (text)
 - .staging/.github/skills/penpot-uiux-design/references/component-patterns.md:text [140:31 - 151:103] (12 lines, 67 tokens)
   .staging/.github/skills/penpot-uiux-design/references/component-patterns.md:text [185:25 - 200:103]
Clone found (text)
 - .staging/.github/skills/penpot-uiux-design/references/component-patterns.md:text [185:22 - 201:14] (17 lines, 74 tokens)
   .staging/.github/skills/penpot-uiux-design/references/component-patterns.md:text [209:4 - 229:4]
Clone found (text)
 - .staging/.github/skills/penpot-uiux-design/references/component-patterns.md:text [185:10 - 201:14] (17 lines, 78 tokens)
   .staging/.github/skills/penpot-uiux-design/references/component-patterns.md:text [237:4 - 290:4]
Clone found (text)
 - .staging/.github/skills/penpot-uiux-design/references/component-patterns.md:text [209:1 - 228:109] (20 lines, 71 tokens)
   .staging/.github/skills/penpot-uiux-design/references/platform-guidelines.md:text [27:1 - 60:4]
Clone found (text)
 - .staging/.github/skills/penpot-uiux-design/references/component-patterns.md:text [209:1 - 228:112] (20 lines, 72 tokens)
   .staging/.github/skills/penpot-uiux-design/references/platform-guidelines.md:text [62:1 - 75:5]
Clone found (text)
 - .staging/.github/skills/penpot-uiux-design/references/component-patterns.md:text [209:1 - 229:5] (21 lines, 76 tokens)
   .staging/.github/skills/penpot-uiux-design/references/platform-guidelines.md:text [76:1 - 142:22]
Clone found (text)
 - .staging/.github/skills/penpot-uiux-design/references/component-patterns.md:text [236:41 - 290:41] (55 lines, 81 tokens)
   .staging/.github/skills/penpot-uiux-design/references/component-patterns.md:text [299:41 - 328:5]
Clone found (text)
 - .staging/.github/skills/penpot-uiux-design/references/platform-guidelines.md:text [61:45 - 75:5] (15 lines, 74 tokens)
   .staging/.github/skills/penpot-uiux-design/references/platform-guidelines.md:text [143:45 - 157:5]
Clone found (bash)
 - .staging/.github/skills/phoenix-cli/references/axial-coding.md:bash [132:1 - 165:7] (34 lines, 144 tokens)
   .staging/.github/skills/phoenix-cli/references/open-coding.md:bash [178:1 - 239:7]
Clone found (markdown)
 - .staging/.github/skills/phoenix-cli/references/axial-coding.md:markdown [42:10 - 53:24] (12 lines, 288 tokens)
   .staging/.github/skills/phoenix-cli/references/axial-coding.md:markdown [170:16 - 181:8]
Clone found (markdown)
 - .staging/.github/skills/phoenix-cli/references/axial-coding.md:markdown [110:20 - 124:132] (15 lines, 579 tokens)
   .staging/.github/skills/quality-playbook/SKILL.md:markdown [583:90 - 610:4]
Clone found (markdown)
 - .staging/.github/skills/phoenix-cli/references/axial-coding.md:markdown [110:16 - 124:125] (15 lines, 576 tokens)
   .staging/.github/skills/quality-playbook/SKILL.md:markdown [2526:50 - 2551:7]
Clone found (markdown)
 - .staging/.github/skills/phoenix-cli/references/axial-coding.md:markdown [163:28 - 168:2] (6 lines, 50 tokens)
   .staging/.github/skills/quality-playbook/SKILL.md:markdown [1282:112 - 1286:2]
Clone found (yaml)
 - .staging/.github/skills/phoenix-cli/references/axial-coding.md:yaml [59:1 - 178:48] (120 lines, 71 tokens)
   .staging/.github/skills/phoenix-evals/references/axial-coding.md:yaml [29:1 - 73:48]
Clone found (python)
 - .staging/.github/skills/phoenix-evals/references/common-mistakes-python.md:python [169:1 - 176:2] (8 lines, 60 tokens)
   .staging/.github/skills/phoenix-evals/references/evaluators-code-python.md:python [71:1 - 78:2]
Clone found (typescript)
 - .staging/.github/skills/phoenix-evals/references/error-analysis.md:typescript [48:93 - 94:9] (47 lines, 59 tokens)
   .staging/.github/skills/phoenix-evals/references/observe-tracing-setup.md:typescript [70:2 - 123:9]
Clone found (python)
 - .staging/.github/skills/phoenix-evals/references/evaluators-code-python.md:python [10:1 - 16:2] (7 lines, 52 tokens)
   .staging/.github/skills/phoenix-evals/references/fundamentals.md:python [45:1 - 55:5]
Clone found (markdown)
 - .staging/.github/skills/phoenix-evals/references/experiments-running-python.md:markdown [70:1 - 76:104] (7 lines, 128 tokens)
   .staging/.github/skills/phoenix-evals/references/experiments-running-typescript.md:markdown [74:1 - 80:104]
Clone found (markdown)
 - .staging/.github/skills/phoenix-evals/references/experiments-running-python.md:markdown [83:1 - 97:39] (15 lines, 241 tokens)
   .staging/.github/skills/phoenix-evals/references/experiments-running-typescript.md:markdown [87:1 - 101:39]
Clone found (markdown)
 - .staging/.github/skills/phoenix-evals/references/experiments-synthetic-python.md:markdown [15:1 - 20:64] (6 lines, 53 tokens)
   .staging/.github/skills/phoenix-evals/references/experiments-synthetic-typescript.md:markdown [15:1 - 20:64]
Clone found (markdown)
 - .staging/.github/skills/phoenix-evals/references/experiments-synthetic-python.md:markdown [48:1 - 54:55] (7 lines, 66 tokens)
   .staging/.github/skills/phoenix-evals/references/experiments-synthetic-typescript.md:markdown [56:1 - 62:55]
Clone found (markdown)
 - .staging/.github/skills/phoenix-evals/references/experiments-synthetic-python.md:markdown [56:1 - 70:42] (15 lines, 181 tokens)
   .staging/.github/skills/phoenix-evals/references/experiments-synthetic-typescript.md:markdown [72:1 - 86:42]
Clone found (markdown)
 - .staging/.github/skills/phoenix-evals/references/observe-sampling-python.md:markdown [49:1 - 60:69] (12 lines, 121 tokens)
   .staging/.github/skills/phoenix-evals/references/observe-sampling-typescript.md:markdown [136:1 - 147:69]
Clone found (markdown)
 - .staging/.github/skills/phoenix-tracing/references/annotations-python.md:markdown [56:1 - 62:175] (7 lines, 154 tokens)
   .staging/.github/skills/phoenix-tracing/references/annotations-typescript.md:markdown [32:1 - 38:175]
Clone found (typescript)
 - .staging/.github/skills/phoenix-tracing/references/instrumentation-auto-typescript.md:typescript [27:1 - 35:67] (9 lines, 56 tokens)
   .staging/.github/skills/phoenix-tracing/references/setup-typescript.md:typescript [60:1 - 68:67]
Clone found (markdown)
 - .staging/.github/skills/phoenix-tracing/references/instrumentation-manual-python.md:markdown [145:1 - 150:16] (6 lines, 73 tokens)
   .staging/.github/skills/phoenix-tracing/references/instrumentation-manual-typescript.md:markdown [136:1 - 141:16]
Clone found (markdown)
 - .staging/.github/skills/phoenix-tracing/references/production-python.md:markdown [1:44 - 15:142] (15 lines, 153 tokens)
   .staging/.github/skills/phoenix-tracing/references/production-typescript.md:markdown [1:48 - 15:142]
Clone found (typescript)
 - .staging/.github/skills/phoenix-tracing/references/production-typescript.md:typescript [23:2 - 46:4] (24 lines, 74 tokens)
   .staging/.github/skills/phoenix-tracing/references/setup-typescript.md:typescript [94:21 - 118:4]
Clone found (markdown)
 - .staging/.github/skills/phoenix-tracing/references/projects-python.md:markdown [1:36 - 17:4] (17 lines, 86 tokens)
   .staging/.github/skills/phoenix-tracing/references/projects-typescript.md:markdown [1:40 - 17:4]
Clone found (markdown)
 - .staging/.github/skills/phoenix-tracing/references/span-embedding.md:markdown [5:102 - 11:48] (7 lines, 90 tokens)
   .staging/.github/skills/phoenix-tracing/references/span-evaluator.md:markdown [5:113 - 11:48]
Clone found (markdown)
 - .staging/.github/skills/phoenix-tracing/references/span-embedding.md:markdown [5:102 - 11:48] (7 lines, 90 tokens)
   .staging/.github/skills/phoenix-tracing/references/span-guardrail.md:markdown [5:104 - 11:48]
Clone found (markdown)
 - .staging/.github/skills/phoenix-tracing/references/span-embedding.md:markdown [5:102 - 11:48] (7 lines, 90 tokens)
   .staging/.github/skills/phoenix-tracing/references/span-reranker.md:markdown [5:96 - 11:48]
Clone found (markdown)
 - .staging/.github/skills/phoenix-tracing/references/span-embedding.md:markdown [5:95 - 11:48] (7 lines, 92 tokens)
   .staging/.github/skills/phoenix-tracing/references/span-retriever.md:markdown [5:109 - 11:48]
Clone found (markdown)
 - .staging/.github/skills/phoenix-tracing/references/span-evaluator.md:markdown [11:59 - 17:42] (7 lines, 77 tokens)
   .staging/.github/skills/phoenix-tracing/references/span-guardrail.md:markdown [11:59 - 17:42]
Clone found (markdown)
 - .staging/.github/skills/php-mcp-server-generator/SKILL.md:markdown [8:118 - 14:34] (7 lines, 53 tokens)
   .staging/.github/skills/rust-mcp-server-generator/SKILL.md:markdown [8:123 - 14:34]
Clone found (python)
 - .staging/.github/skills/publish-to-pages/scripts/convert-pdf.py [101:1 - 110:10] (10 lines, 108 tokens)
   .staging/.github/skills/publish-to-pages/scripts/convert-pptx.py [281:1 - 290:10]
Clone found (python)
 - .staging/.github/skills/publish-to-pages/scripts/convert-pdf.py [113:77 - 146:9] (34 lines, 611 tokens)
   .staging/.github/skills/publish-to-pages/scripts/convert-pptx.py [302:1 - 335:9]
Clone found (text)
 - .staging/.github/skills/python-pypi-package-builder/SKILL.md:text [323:1 - 330:56] (8 lines, 80 tokens)
   .staging/.github/skills/python-pypi-package-builder/references/pyproject-toml.md:text [297:1 - 304:56]
Clone found (text)
 - .staging/.github/skills/python-pypi-package-builder/SKILL.md:text [331:43 - 341:30] (11 lines, 58 tokens)
   .staging/.github/skills/python-pypi-package-builder/references/pyproject-toml.md:text [305:43 - 315:30]
Clone found (python)
 - .staging/.github/skills/python-pypi-package-builder/references/architecture-patterns.md:python [86:9 - 91:48] (6 lines, 56 tokens)
   .staging/.github/skills/python-pypi-package-builder/references/library-patterns.md:python [541:15 - 546:48]
Clone found (python)
 - .staging/.github/skills/python-pypi-package-builder/references/architecture-patterns.md:python [286:5 - 294:9] (9 lines, 77 tokens)
   .staging/.github/skills/python-pypi-package-builder/references/architecture-patterns.md:python [350:11 - 358:9]
Clone found (python)
 - .staging/.github/skills/python-pypi-package-builder/references/architecture-patterns.md:python [301:19 - 315:5] (15 lines, 114 tokens)
   .staging/.github/skills/python-pypi-package-builder/references/architecture-patterns.md:python [358:25 - 372:5]
Clone found (yaml)
 - .staging/.github/skills/python-pypi-package-builder/references/ci-publishing.md:yaml [148:1 - 156:23] (9 lines, 52 tokens)
   .staging/.github/skills/python-pypi-package-builder/references/release-governance.md:yaml [320:1 - 328:23]
Clone found (python)
 - .staging/.github/skills/python-pypi-package-builder/references/community-docs.md:python [92:32 - 102:37] (11 lines, 107 tokens)
   .staging/.github/skills/python-pypi-package-builder/references/library-patterns.md:python [313:41 - 323:37]
Clone found (text)
 - .staging/.github/skills/python-pypi-package-builder/references/community-docs.md:text [255:61 - 264:5] (10 lines, 67 tokens)
   .staging/.github/skills/python-pypi-package-builder/references/community-docs.md:text [357:61 - 366:5]
Clone found (python)
 - .staging/.github/skills/python-pypi-package-builder/references/library-patterns.md:python [305:18 - 321:18] (17 lines, 112 tokens)
   .staging/.github/skills/python-pypi-package-builder/scripts/scaffold.py [281:11 - 297:18]
Clone found (python)
 - .staging/.github/skills/python-pypi-package-builder/references/library-patterns.md:python [321:30 - 353:9] (33 lines, 213 tokens)
   .staging/.github/skills/python-pypi-package-builder/scripts/scaffold.py [297:23 - 329:9]
Clone found (python)
 - .staging/.github/skills/python-pypi-package-builder/references/library-patterns.md:python [506:1 - 519:12] (14 lines, 120 tokens)
   .staging/.github/skills/python-pypi-package-builder/scripts/scaffold.py [352:1 - 365:12]
Clone found (python)
 - .staging/.github/skills/python-pypi-package-builder/references/library-patterns.md:python [534:87 - 558:39] (25 lines, 299 tokens)
   .staging/.github/skills/python-pypi-package-builder/scripts/scaffold.py [380:64 - 404:39]
Clone found (python)
 - .staging/.github/skills/python-pypi-package-builder/references/library-patterns.md:python [542:13 - 567:33] (26 lines, 210 tokens)
   .staging/.github/skills/python-pypi-package-builder/scripts/scaffold.py [388:13 - 405:3]
Clone found (python)
 - .staging/.github/skills/python-pypi-package-builder/references/testing-quality.md:python [25:1 - 35:6] (11 lines, 57 tokens)
   .staging/.github/skills/python-pypi-package-builder/scripts/scaffold.py [416:1 - 426:6]
Clone found (python)
 - .staging/.github/skills/python-pypi-package-builder/references/testing-quality.md:python [92:29 - 100:46] (9 lines, 56 tokens)
   .staging/.github/skills/python-pypi-package-builder/scripts/scaffold.py [461:37 - 469:46]
Clone found (python)
 - .staging/.github/skills/python-pypi-package-builder/references/testing-quality.md:python [107:36 - 116:11] (10 lines, 61 tokens)
   .staging/.github/skills/python-pypi-package-builder/scripts/scaffold.py [476:44 - 485:11]
Clone found (python)
 - .staging/.github/skills/python-pypi-package-builder/references/testing-quality.md:python [126:48 - 131:44] (6 lines, 65 tokens)
   .staging/.github/skills/python-pypi-package-builder/scripts/scaffold.py [485:56 - 490:44]
Clone found (yaml)
 - .staging/.github/skills/python-pypi-package-builder/references/testing-quality.md:yaml [237:1 - 242:19] (6 lines, 63 tokens)
   .staging/.github/skills/python-pypi-package-builder/references/tooling-ruff.md:yaml [167:1 - 172:19]
Clone found (python)
 - .staging/.github/skills/python-pypi-package-builder/scripts/scaffold.py [65:1 - 72:13] (8 lines, 59 tokens)
   .staging/.github/skills/python-pypi-package-builder/scripts/scaffold.py [183:1 - 190:13]
Clone found (markdown)
 - .staging/.github/skills/quality-playbook/SKILL.md:markdown [1223:63 - 1244:14] (22 lines, 530 tokens)
   .staging/.github/skills/quality-playbook/SKILL.md:markdown [2150:63 - 2166:62]
Clone found (markdown)
 - .staging/.github/skills/quality-playbook/SKILL.md:markdown [1223:63 - 1244:648] (22 lines, 1162 tokens)
   .staging/.github/skills/quality-playbook/SKILL.md:markdown [2354:63 - 2388:56]
Clone found (markdown)
 - .staging/.github/skills/quality-playbook/SKILL.md:markdown [1223:63 - 1244:256] (22 lines, 770 tokens)
   .staging/.github/skills/quality-playbook/SKILL.md:markdown [2390:74 - 2412:56]
Clone found (markdown)
 - .staging/.github/skills/quality-playbook/SKILL.md:markdown [1533:236 - 1538:5] (6 lines, 138 tokens)
   .staging/.github/skills/quality-playbook/references/review_protocols.md:markdown [142:97 - 147:6]
Clone found (markdown)
 - .staging/.github/skills/quality-playbook/SKILL.md:markdown [2194:66 - 2199:34] (6 lines, 139 tokens)
   .staging/.github/skills/quality-playbook/SKILL.md:markdown [2212:2 - 2217:6]
Clone found (markdown)
 - .staging/.github/skills/quality-playbook/SKILL.md:markdown [2194:71 - 2199:396] (6 lines, 494 tokens)
   .staging/.github/skills/quality-playbook/SKILL.md:markdown [2257:25 - 2267:4]
Clone found (markdown)
 - .staging/.github/skills/quality-playbook/SKILL.md:markdown [2210:447 - 2217:24] (8 lines, 159 tokens)
   .staging/.github/skills/quality-playbook/SKILL.md:markdown [2276:343 - 2283:8]
Clone found (markdown)
 - .staging/.github/skills/quality-playbook/agents/quality-playbook-claude.agent.md:markdown [23:41 - 45:25] (23 lines, 364 tokens)
   .staging/.github/skills/quality-playbook/agents/quality-playbook.agent.md:markdown [13:102 - 35:25]
Clone found (markdown)
 - .staging/.github/skills/quality-playbook/agents/quality-playbook-claude.agent.md:markdown [51:1 - 56:61] (6 lines, 107 tokens)
   .staging/.github/skills/quality-playbook/agents/quality-playbook.agent.md:markdown [41:1 - 46:61]
Clone found (python)
 - .staging/.github/skills/quality-playbook/quality_gate.py [189:1 - 197:9] (9 lines, 127 tokens)
   .staging/.github/skills/quality-playbook/quality_gate.py [219:1 - 227:9]
Clone found (python)
 - .staging/.github/skills/quality-playbook/quality_gate.py [2033:1 - 2039:5] (7 lines, 50 tokens)
   .staging/.github/skills/quality-playbook/quality_gate.py [2760:1 - 2766:5]
Clone found (python)
 - .staging/.github/skills/quality-playbook/quality_gate.py [2661:31 - 2670:9] (10 lines, 64 tokens)
   .staging/.github/skills/quality-playbook/quality_gate.py [2714:66 - 2723:9]
Clone found (python)
 - .staging/.github/skills/quality-playbook/quality_gate.py [2663:58 - 2671:13] (9 lines, 52 tokens)
   .staging/.github/skills/quality-playbook/quality_gate.py [2760:50 - 2768:13]
Clone found (python)
 - .staging/.github/skills/quality-playbook/quality_gate.py [2675:1 - 2681:9] (7 lines, 63 tokens)
   .staging/.github/skills/quality-playbook/quality_gate.py [2724:1 - 2730:9]
Clone found (python)
 - .staging/.github/skills/quality-playbook/quality_gate.py [3039:20 - 3049:9] (11 lines, 78 tokens)
   .staging/.github/skills/quality-playbook/quality_gate.py [3091:27 - 3101:9]
Clone found (jsx)
 - .staging/.github/skills/react18-lifecycle-patterns/references/componentWillMount.md:jsx [57:21 - 62:9] (6 lines, 60 tokens)
   .staging/.github/skills/react18-lifecycle-patterns/references/componentWillMount.md:jsx [76:20 - 82:4]
Clone found (jsx)
 - .staging/.github/skills/react18-lifecycle-patterns/references/componentWillReceiveProps.md:jsx [27:29 - 38:44] (12 lines, 52 tokens)
   .staging/.github/skills/react18-lifecycle-patterns/references/componentWillReceiveProps.md:jsx [43:30 - 56:44]
Clone found (jsx)
 - .staging/.github/skills/react19-concurrent-patterns/references/react19-actions.md:jsx [216:5 - 227:27] (12 lines, 65 tokens)
   .staging/.github/skills/react19-concurrent-patterns/references/react19-actions.md:jsx [280:11 - 291:27]
Clone found (jsx)
 - .staging/.github/skills/react19-concurrent-patterns/references/react19-suspense.md:jsx [64:37 - 89:9] (26 lines, 54 tokens)
   .staging/.github/skills/react19-concurrent-patterns/references/react19-suspense.md:jsx [148:4 - 171:9]
Clone found (jsx)
 - .staging/.github/skills/react19-concurrent-patterns/references/react19-suspense.md:jsx [197:1 - 215:38] (19 lines, 63 tokens)
   .staging/.github/skills/react19-concurrent-patterns/references/react19-suspense.md:jsx [258:1 - 272:38]
Clone found (jsx)
 - .staging/.github/skills/react19-concurrent-patterns/references/react19-suspense.md:jsx [305:21 - 313:11] (9 lines, 54 tokens)
   .staging/.github/skills/react19-concurrent-patterns/references/react19-use.md:jsx [36:13 - 44:11]
Clone found (jsx)
 - .staging/.github/skills/react19-source-patterns/references/api-migrations.md:jsx [139:27 - 147:2] (9 lines, 59 tokens)
   .staging/.github/skills/react19-source-patterns/references/api-migrations.md:jsx [161:31 - 169:2]
Clone found (jsx)
 - .staging/.github/skills/react19-source-patterns/references/api-migrations.md:jsx [149:1 - 160:9] (12 lines, 58 tokens)
   .staging/.github/skills/react19-source-patterns/references/api-migrations.md:jsx [171:1 - 192:9]
Clone found (jsx)
 - .staging/.github/skills/react19-source-patterns/references/api-migrations.md:jsx [365:59 - 396:42] (32 lines, 66 tokens)
   .staging/.github/skills/react19-source-patterns/references/api-migrations.md:jsx [405:6 - 426:42]
Clone found (markdown)
 - .staging/.github/skills/refactor/SKILL.md:markdown [627:89 - 633:55] (7 lines, 175 tokens)
   mantle/ARCHITECTURE.md:markdown [20:171 - 22:4]
Clone found (markdown)
 - .staging/.github/skills/reviewing-oracle-to-postgres-migration/references/oracle-parentheses-from-clause.md:markdown [119:19 - 125:7] (7 lines, 58 tokens)
   .staging/.github/skills/reviewing-oracle-to-postgres-migration/references/oracle-to-postgres-to-char-numeric.md:markdown [126:20 - 132:7]
Clone found (python)
 - .staging/.github/skills/screen-recording/SKILL.md:python [40:1 - 45:9] (6 lines, 68 tokens)
   .staging/.github/skills/ui-screenshots/SKILL.md:python [34:1 - 38:9]
Clone found (markdown)
 - .staging/.github/skills/setup-my-iq/assets/templates/team.md:markdown [17:100 - 23:4] (7 lines, 90 tokens)
   .staging/.github/skills/setup-my-iq/assets/templates/team.md:markdown [29:59 - 35:4]
Clone found (markdown)
 - .staging/.github/skills/setup-my-iq/assets/templates/team.md:markdown [20:15 - 25:2] (6 lines, 58 tokens)
   .staging/.github/skills/setup-my-iq/assets/templates/team.md:markdown [32:15 - 37:2]
Clone found (markdown)
 - .staging/.github/skills/setup-my-iq/assets/templates/tools-systems-and-config.md:markdown [38:31 - 47:18] (10 lines, 108 tokens)
   .staging/.github/skills/setup-my-iq/assets/templates/tools-systems-and-config.md:markdown [79:31 - 88:18]
Clone found (hlsl)
 - .staging/.github/skills/slang-shader-engineer/references/slang-documentation-full.md:hlsl [428:1 - 459:48] (32 lines, 63 tokens)
   .staging/.github/skills/slang-shader-engineer/references/slang-documentation-full.md:hlsl [466:1 - 480:48]
Clone found (markup)
 - .staging/.github/skills/spring-boot-testing/SKILL.md:markup [176:22 - 183:6] (8 lines, 55 tokens)
   .staging/.github/skills/spring-boot-testing/references/test-slices-overview.md:markup [177:16 - 184:6]
Clone found (java)
 - .staging/.github/skills/spring-boot-testing/references/datajpatest.md:java [8:1 - 21:43] (14 lines, 72 tokens)
   .staging/.github/skills/spring-boot-testing/references/testcontainers-jdbc.md:java [156:1 - 169:43]
Clone found (java)
 - .staging/.github/skills/spring-boot-testing/references/datajpatest.md:java [11:26 - 36:2] (26 lines, 54 tokens)
   .staging/.github/skills/spring-boot-testing/references/testcontainers-jdbc.md:java [32:34 - 57:2]
Clone found (java)
 - .staging/.github/skills/spring-boot-testing/references/datajpatest.md:java [92:30 - 97:3] (6 lines, 50 tokens)
   .staging/.github/skills/spring-boot-testing/references/datajpatest.md:java [112:25 - 117:3]
Clone found (java)
 - .staging/.github/skills/spring-boot-testing/references/mockmvc-tester.md:java [45:1 - 50:27] (6 lines, 50 tokens)
   .staging/.github/skills/spring-boot-testing/references/mockmvc-tester.md:java [84:1 - 89:27]
Clone found (java)
 - .staging/.github/skills/spring-boot-testing/references/mockmvc-tester.md:java [221:54 - 234:6] (14 lines, 54 tokens)
   .staging/.github/skills/spring-boot-testing/references/webmvctest.md:java [80:50 - 93:6]
Clone found (java)
 - .staging/.github/skills/spring-boot-testing/references/resttestclient.md:java [38:1 - 47:21] (10 lines, 54 tokens)
   .staging/.github/skills/spring-boot-testing/references/resttestclient.md:java [259:1 - 268:21]
Clone found (bash)
 - .staging/.github/skills/sql-server-table-reconciliation/SKILL.md:bash [62:1 - 67:14] (6 lines, 70 tokens)
   .staging/.github/skills/sql-server-table-reconciliation/SKILL.md:bash [75:1 - 80:14]
Clone found (python)
 - .staging/.github/skills/sql-server-table-reconciliation/scripts/reconcile.py [273:1 - 285:9] (13 lines, 121 tokens)
   .staging/.github/skills/sql-server-table-reconciliation/scripts/reconcile.py [291:1 - 303:9]
Clone found (markdown)
 - .staging/.github/skills/suggest-awesome-github-copilot-agents/SKILL.md:markdown [28:29 - 37:46] (10 lines, 137 tokens)
   .staging/.github/skills/suggest-awesome-github-copilot-instructions/SKILL.md:markdown [29:35 - 37:46]
Clone found (markdown)
 - .staging/.github/skills/suggest-awesome-github-copilot-agents/SKILL.md:markdown [29:1 - 40:30] (12 lines, 173 tokens)
   .staging/.github/skills/suggest-awesome-github-copilot-skills/SKILL.md:markdown [31:1 - 40:50]
Clone found (markdown)
 - .staging/.github/skills/suggest-awesome-github-copilot-agents/SKILL.md:markdown [40:43 - 47:36] (8 lines, 50 tokens)
   .staging/.github/skills/suggest-awesome-github-copilot-skills/SKILL.md:markdown [42:54 - 48:36]
Clone found (markdown)
 - .staging/.github/skills/suggest-awesome-github-copilot-agents/SKILL.md:markdown [91:1 - 101:15] (11 lines, 62 tokens)
   .staging/.github/skills/suggest-awesome-github-copilot-instructions/SKILL.md:markdown [107:1 - 117:15]
Clone found (markdown)
 - .staging/.github/skills/suggest-awesome-github-copilot-agents/SKILL.md:markdown [91:1 - 101:15] (11 lines, 62 tokens)
   .staging/.github/skills/suggest-awesome-github-copilot-skills/SKILL.md:markdown [114:1 - 124:15]
Clone found (markdown)
 - .staging/.github/skills/suggest-awesome-github-copilot-agents/SKILL.md:markdown [101:21 - 106:39] (6 lines, 95 tokens)
   .staging/.github/skills/suggest-awesome-github-copilot-instructions/SKILL.md:markdown [117:27 - 122:39]
Clone found (swift)
 - .staging/.github/skills/swift-mcp-server-generator/SKILL.md:swift [505:33 - 511:44] (7 lines, 62 tokens)
   .staging/.github/skills/swift-mcp-server-generator/SKILL.md:swift [527:37 - 533:44]
Clone found (mermaid)
 - .staging/.github/skills/threat-model-analyst/references/diagram-conventions.md:mermaid [212:1 - 221:5] (10 lines, 151 tokens)
   .staging/.github/skills/threat-model-analyst/references/diagram-conventions.md:mermaid [235:1 - 243:5]
Clone found (mermaid)
 - .staging/.github/skills/threat-model-analyst/references/diagram-conventions.md:mermaid [214:21 - 219:9] (6 lines, 96 tokens)
   .staging/.github/skills/threat-model-analyst/references/diagram-conventions.md:mermaid [328:21 - 333:9]
Clone found (mermaid)
 - .staging/.github/skills/threat-model-analyst/references/diagram-conventions.md:mermaid [229:19 - 237:14] (9 lines, 71 tokens)
   .staging/.github/skills/threat-model-analyst/references/diagram-conventions.md:mermaid [263:18 - 328:14]
Clone found (mermaid)
 - .staging/.github/skills/threat-model-analyst/references/diagram-conventions.md:mermaid [229:59 - 243:9] (15 lines, 163 tokens)
   .staging/.github/skills/threat-model-analyst/references/diagram-conventions.md:mermaid [351:58 - 365:5]
Clone found (text)
 - .staging/.github/skills/threat-model-analyst/references/diagram-conventions.md:text [177:17 - 191:9] (15 lines, 76 tokens)
   .staging/.github/skills/threat-model-analyst/references/diagram-conventions.md:text [281:17 - 296:6]
Clone found (markdown)
 - .staging/.github/skills/threat-model-analyst/references/incremental-orchestrator.md:markdown [267:25 - 467:15] (201 lines, 64 tokens)
   .staging/.github/skills/threat-model-analyst/references/skeletons/skeleton-assessment.md:markdown [105:52 - 112:15]
Clone found (markdown)
 - .staging/.github/skills/threat-model-analyst/references/incremental-orchestrator.md:markdown [472:11 - 477:3] (6 lines, 51 tokens)
   .staging/.github/skills/threat-model-analyst/references/incremental-orchestrator.md:markdown [482:12 - 487:3]
Clone found (markdown)
 - .staging/.github/skills/threat-model-analyst/references/incremental-orchestrator.md:markdown [476:12 - 482:5] (7 lines, 56 tokens)
   .staging/.github/skills/threat-model-analyst/references/incremental-orchestrator.md:markdown [487:26 - 493:5]
Clone found (markup)
 - .staging/.github/skills/threat-model-analyst/references/incremental-orchestrator.md:markup [535:48 - 540:28] (6 lines, 51 tokens)
   .staging/.github/skills/threat-model-analyst/references/skeletons/skeleton-incremental-html.md:markup [20:65 - 25:28]
Clone found (markup)
 - .staging/.github/skills/threat-model-analyst/references/incremental-orchestrator.md:markup [580:87 - 592:5] (13 lines, 143 tokens)
   .staging/.github/skills/threat-model-analyst/references/skeletons/skeleton-incremental-html.md:markup [85:6 - 101:5]
Clone found (markdown)
 - .staging/.github/skills/threat-model-analyst/references/output-formats.md:markdown [97:60 - 102:2] (6 lines, 84 tokens)
   .staging/.github/skills/threat-model-analyst/references/skeletons/skeleton-architecture.md:markdown [116:126 - 122:2]
Clone found (markdown)
 - .staging/.github/skills/threat-model-analyst/references/output-formats.md:markdown [207:1 - 215:258] (9 lines, 338 tokens)
   .staging/.github/skills/threat-model-analyst/references/skeletons/skeleton-stride-analysis.md:markdown [15:1 - 23:258]
Clone found (markdown)
 - .staging/.github/skills/threat-model-analyst/references/output-formats.md:markdown [212:44 - 434:2] (223 lines, 242 tokens)
   .staging/.github/skills/threat-model-analyst/references/skeletons/skeleton-stride-analysis.md:markdown [20:44 - 25:2]
Clone found (markdown)
 - .staging/.github/skills/threat-model-analyst/references/output-formats.md:markdown [484:1 - 492:4] (9 lines, 190 tokens)
   .staging/.github/skills/threat-model-analyst/references/skeletons/skeleton-assessment.md:markdown [13:1 - 21:4]
Clone found (markdown)
 - .staging/.github/skills/threat-model-analyst/references/output-formats.md:markdown [492:95 - 508:2] (17 lines, 70 tokens)
   .staging/.github/skills/threat-model-analyst/references/skeletons/skeleton-assessment.md:markdown [20:76 - 23:2]
Clone found (markdown)
 - .staging/.github/skills/threat-model-analyst/references/output-formats.md:markdown [571:1 - 576:12] (6 lines, 61 tokens)
   .staging/.github/skills/threat-model-analyst/references/skeletons/skeleton-assessment.md:markdown [154:1 - 159:12]
Clone found (markdown)
 - .staging/.github/skills/threat-model-analyst/references/output-formats.md:markdown [611:1 - 620:18] (10 lines, 115 tokens)
   .staging/.github/skills/threat-model-analyst/references/skeletons/skeleton-assessment.md:markdown [188:1 - 197:18]
Clone found (markdown)
 - .staging/.github/skills/threat-model-analyst/references/skeletons/skeleton-assessment.md:markdown [117:11 - 122:3] (6 lines, 53 tokens)
   .staging/.github/skills/threat-model-analyst/references/skeletons/skeleton-assessment.md:markdown [125:12 - 130:3]
Clone found (text)
 - .staging/.github/skills/threat-model-analyst/references/skeletons/skeleton-dfd.md:text [11:1 - 16:6] (6 lines, 127 tokens)
   .staging/.github/skills/threat-model-analyst/references/skeletons/skeleton-summary-dfd.md:text [12:1 - 18:6]
Clone found (markdown)
 - .staging/.github/skills/threat-model-analyst/references/skeletons/skeleton-findings.md:markdown [17:127 - 23:30] (7 lines, 63 tokens)
   .staging/.github/skills/threat-model-analyst/references/skeletons/skeleton-findings.md:markdown [78:65 - 84:30]
Clone found (markdown)
 - .staging/.github/skills/threat-model-analyst/references/skeletons/skeleton-findings.md:markdown [17:127 - 31:13] (15 lines, 296 tokens)
   .staging/.github/skills/threat-model-analyst/references/skeletons/skeleton-findings.md:markdown [122:38 - 158:32]
Clone found (typescript)
 - .staging/.github/skills/unit-test-vue-pinia/SKILL.md:typescript [39:1 - 89:19] (51 lines, 101 tokens)
   .staging/.github/skills/unit-test-vue-pinia/references/pinia-patterns.md:typescript [12:1 - 50:24]
Clone found (typescript)
 - .staging/.github/skills/unit-test-vue-pinia/SKILL.md:typescript [95:2 - 119:15] (25 lines, 67 tokens)
   .staging/.github/skills/unit-test-vue-pinia/references/pinia-patterns.md:typescript [66:48 - 90:15]
Clone found (powershell)
 - .staging/.github/skills/winmd-api-search/scripts/Invoke-WinMdQuery.ps1 [279:1 - 296:9] (18 lines, 190 tokens)
   .staging/.github/skills/winmd-api-search/scripts/Invoke-WinMdQuery.ps1 [460:1 - 477:9]
Clone found (csharp)
 - .staging/.github/skills/winmd-api-search/scripts/cache-generator/Program.cs [436:1 - 443:53] (8 lines, 75 tokens)
   .staging/.github/skills/winmd-api-search/scripts/cache-generator/Program.cs [571:1 - 578:53]
Clone found (csharp)
 - .staging/.github/skills/winmd-api-search/scripts/cache-generator/Program.cs [436:1 - 443:53] (8 lines, 75 tokens)
   .staging/.github/skills/winmd-api-search/scripts/cache-generator/Program.cs [654:1 - 661:53]
Clone found (markdown)
 - .staging/.github/skills2/flutter-engineering/references/ai-providers.md:markdown [1:1 - 214:33] (214 lines, 601 tokens)
   .staging/.github/skills2/flutter/ai-providers.md:markdown [1:1 - 214:33]
Clone found (markdown)
 - .staging/.github/skills2/flutter-engineering/references/ai-providers.md:markdown [217:3 - 301:31] (85 lines, 306 tokens)
   .staging/.github/skills2/flutter/ai-providers.md:markdown [217:3 - 301:31]
Clone found (markdown)
 - .staging/.github/skills2/flutter-engineering/references/architecture.md:markdown [1:1 - 331:31] (331 lines, 1013 tokens)
   .staging/.github/skills2/flutter/architecture.md:markdown [1:1 - 331:31]
Clone found (markdown)
 - .staging/.github/skills2/flutter-engineering/references/design-system.md:markdown [1:1 - 391:13] (391 lines, 1140 tokens)
   .staging/.github/skills2/flutter/design-system.md:markdown [1:1 - 391:13]
Clone found (markdown)
 - .staging/.github/skills2/flutter-engineering/references/localization.md:markdown [1:1 - 233:15] (233 lines, 815 tokens)
   .staging/.github/skills2/flutter/localization.md:markdown [1:1 - 233:15]
Clone found (markdown)
 - .staging/.github/skills2/flutter-engineering/references/notifications.md:markdown [1:1 - 289:17] (289 lines, 931 tokens)
   .staging/.github/skills2/flutter/notifications.md:markdown [1:1 - 289:17]
Clone found (markdown)
 - .staging/.github/skills2/flutter-engineering/references/offline-first.md:markdown [1:1 - 255:26] (255 lines, 823 tokens)
   .staging/.github/skills2/flutter/offline-first.md:markdown [1:1 - 255:26]
Clone found (markdown)
 - .staging/.github/skills2/flutter-engineering/references/offline-first.md:markdown [258:3 - 304:35] (47 lines, 162 tokens)
   .staging/.github/skills2/flutter/offline-first.md:markdown [258:3 - 304:35]
Clone found (markdown)
 - .staging/.github/skills2/flutter-engineering/references/routing.md:markdown [1:1 - 316:27] (316 lines, 1059 tokens)
   .staging/.github/skills2/flutter/routing.md:markdown [1:1 - 316:27]
Clone found (markdown)
 - .staging/.github/skills2/flutter-engineering/references/state-management.md:markdown [1:1 - 322:56] (322 lines, 944 tokens)
   .staging/.github/skills2/flutter/state-management.md:markdown [1:1 - 322:56]
Clone found (markdown)
 - .staging/.github/skills2/flutter-engineering/references/testing.md:markdown [1:1 - 306:19] (306 lines, 986 tokens)
   .staging/.github/skills2/flutter/testing.md:markdown [1:1 - 306:19]
Clone found (markdown)
 - .staging/.github/skills2/repository-cleanup/SKILL.md:markdown [16:1 - 21:33] (6 lines, 60 tokens)
   egolint/.agents/skills/quality/repository-cleanup/references/classification-checklist.md:markdown [5:1 - 10:33]
Clone found (yaml)
 - .staging/.github/workflows/build-website.yml [20:1 - 41:15] (22 lines, 137 tokens)
   .staging/.github/workflows/deploy-website.yml [24:1 - 45:15]
Clone found (yaml)
 - .staging/.github/workflows/cli-for-beginners-sync.lock.yml [73:1 - 104:38] (32 lines, 443 tokens)
   .staging/.github/workflows/duplicate-resource-detector.lock.yml [72:1 - 103:38]
Clone found (yaml)
 - .staging/.github/workflows/cli-for-beginners-sync.lock.yml [73:1 - 104:38] (32 lines, 443 tokens)
   .staging/.github/workflows/learning-hub-updater.lock.yml [73:1 - 104:38]
Clone found (yaml)
 - .staging/.github/workflows/cli-for-beginners-sync.lock.yml [73:1 - 104:38] (32 lines, 443 tokens)
   .staging/.github/workflows/resource-staleness-report.lock.yml [72:1 - 103:38]
Clone found (yaml)
 - .staging/.github/workflows/cli-for-beginners-sync.lock.yml [75:1 - 83:7] (9 lines, 62 tokens)
   .staging/.github/workflows/codeowner-update.lock.yml [72:1 - 80:7]
Clone found (yaml)
 - .staging/.github/workflows/cli-for-beginners-sync.lock.yml [75:1 - 116:11] (42 lines, 559 tokens)
   .staging/.github/workflows/pr-duplicate-check.lock.yml [72:1 - 106:38]
Clone found (yaml)
 - .staging/.github/workflows/cli-for-beginners-sync.lock.yml [83:1 - 94:100] (12 lines, 272 tokens)
   .staging/.github/workflows/codeowner-update.lock.yml [81:1 - 92:100]
Clone found (yaml)
 - .staging/.github/workflows/cli-for-beginners-sync.lock.yml [94:97 - 102:11] (9 lines, 77 tokens)
   .staging/.github/workflows/cli-for-beginners-sync.lock.yml [413:104 - 421:11]
Clone found (yaml)
 - .staging/.github/workflows/cli-for-beginners-sync.lock.yml [94:97 - 114:72] (21 lines, 214 tokens)
   .staging/.github/workflows/cli-for-beginners-sync.lock.yml [1047:62 - 1063:15]
Clone found (yaml)
 - .staging/.github/workflows/cli-for-beginners-sync.lock.yml [94:97 - 133:93] (40 lines, 361 tokens)
   .staging/.github/workflows/cli-for-beginners-sync.lock.yml [1291:72 - 1321:15]
Clone found (yaml)
 - .staging/.github/workflows/cli-for-beginners-sync.lock.yml [94:97 - 133:93] (40 lines, 361 tokens)
   .staging/.github/workflows/cli-for-beginners-sync.lock.yml [1560:101 - 1590:15]
Clone found (yaml)
 - .staging/.github/workflows/cli-for-beginners-sync.lock.yml [94:97 - 102:42] (9 lines, 88 tokens)
   .staging/.github/workflows/codeowner-update.lock.yml [94:47 - 102:31]
Clone found (yaml)
 - .staging/.github/workflows/cli-for-beginners-sync.lock.yml [94:97 - 101:38] (8 lines, 76 tokens)
   .staging/.github/workflows/codeowner-update.lock.yml [1542:55 - 1549:38]
Clone found (yaml)
 - .staging/.github/workflows/cli-for-beginners-sync.lock.yml [95:1 - 114:100] (20 lines, 213 tokens)
   .staging/.github/workflows/cli-for-beginners-sync.lock.yml [1657:1 - 1672:24]
Clone found (yaml)
 - .staging/.github/workflows/cli-for-beginners-sync.lock.yml [102:80 - 109:15] (8 lines, 74 tokens)
   .staging/.github/workflows/cli-for-beginners-sync.lock.yml [422:118 - 429:15]
Clone found (yaml)
 - .staging/.github/workflows/cli-for-beginners-sync.lock.yml [105:104 - 118:37] (14 lines, 106 tokens)
   .staging/.github/workflows/codeowner-update.lock.yml [107:98 - 120:37]
Clone found (yaml)
 - .staging/.github/workflows/cli-for-beginners-sync.lock.yml [105:104 - 118:37] (14 lines, 106 tokens)
   .staging/.github/workflows/duplicate-resource-detector.lock.yml [104:109 - 117:37]
Clone found (yaml)
 - .staging/.github/workflows/cli-for-beginners-sync.lock.yml [105:104 - 118:37] (14 lines, 106 tokens)
   .staging/.github/workflows/learning-hub-updater.lock.yml [105:102 - 118:37]
Clone found (yaml)
 - .staging/.github/workflows/cli-for-beginners-sync.lock.yml [105:104 - 118:37] (14 lines, 106 tokens)
   .staging/.github/workflows/pr-duplicate-check.lock.yml [107:100 - 120:37]
Clone found (yaml)
 - .staging/.github/workflows/cli-for-beginners-sync.lock.yml [105:104 - 118:37] (14 lines, 106 tokens)
   .staging/.github/workflows/resource-staleness-report.lock.yml [104:107 - 117:37]
Clone found (yaml)
 - .staging/.github/workflows/cli-for-beginners-sync.lock.yml [119:1 - 141:39] (23 lines, 212 tokens)
   .staging/.github/workflows/codeowner-update.lock.yml [121:1 - 143:39]
Clone found (yaml)
 - .staging/.github/workflows/cli-for-beginners-sync.lock.yml [119:1 - 141:39] (23 lines, 212 tokens)
   .staging/.github/workflows/duplicate-resource-detector.lock.yml [118:1 - 140:39]
Clone found (yaml)
 - .staging/.github/workflows/cli-for-beginners-sync.lock.yml [119:1 - 141:39] (23 lines, 212 tokens)
   .staging/.github/workflows/learning-hub-updater.lock.yml [119:1 - 141:39]
Clone found (yaml)
 - .staging/.github/workflows/cli-for-beginners-sync.lock.yml [119:1 - 141:39] (23 lines, 212 tokens)
   .staging/.github/workflows/pr-duplicate-check.lock.yml [121:1 - 143:39]
Clone found (yaml)
 - .staging/.github/workflows/cli-for-beginners-sync.lock.yml [119:1 - 141:39] (23 lines, 212 tokens)
   .staging/.github/workflows/resource-staleness-report.lock.yml [118:1 - 140:39]
Clone found (yaml)
 - .staging/.github/workflows/cli-for-beginners-sync.lock.yml [128:1 - 133:38] (6 lines, 72 tokens)
   .staging/.github/workflows/cli-for-beginners-sync.lock.yml [656:1 - 661:38]
Clone found (yaml)
 - .staging/.github/workflows/cli-for-beginners-sync.lock.yml [128:1 - 133:38] (6 lines, 72 tokens)
   .staging/.github/workflows/cli-for-beginners-sync.lock.yml [879:1 - 884:38]
Clone found (yaml)
 - .staging/.github/workflows/cli-for-beginners-sync.lock.yml [128:1 - 133:38] (6 lines, 72 tokens)
   .staging/.github/workflows/cli-for-beginners-sync.lock.yml [930:1 - 935:38]
Clone found (yaml)
 - .staging/.github/workflows/cli-for-beginners-sync.lock.yml [128:1 - 133:38] (6 lines, 72 tokens)
   .staging/.github/workflows/cli-for-beginners-sync.lock.yml [955:1 - 960:38]
Clone found (yaml)
 - .staging/.github/workflows/cli-for-beginners-sync.lock.yml [129:1 - 135:8] (7 lines, 74 tokens)
   .staging/.github/workflows/cli-for-beginners-sync.lock.yml [1478:1 - 1484:15]
Clone found (yaml)
 - .staging/.github/workflows/cli-for-beginners-sync.lock.yml [138:1 - 144:15] (7 lines, 88 tokens)
   .staging/.github/workflows/cli-for-beginners-sync.lock.yml [1123:1 - 1129:15]
Clone found (yaml)
 - .staging/.github/workflows/cli-for-beginners-sync.lock.yml [142:67 - 164:32] (23 lines, 304 tokens)
   .staging/.github/workflows/codeowner-update.lock.yml [144:63 - 166:32]
Clone found (yaml)
 - .staging/.github/workflows/cli-for-beginners-sync.lock.yml [142:67 - 164:32] (23 lines, 304 tokens)
   .staging/.github/workflows/duplicate-resource-detector.lock.yml [141:73 - 163:32]
Clone found (yaml)
 - .staging/.github/workflows/cli-for-beginners-sync.lock.yml [142:67 - 164:32] (23 lines, 304 tokens)
   .staging/.github/workflows/learning-hub-updater.lock.yml [142:66 - 164:32]
Clone found (yaml)
 - .staging/.github/workflows/cli-for-beginners-sync.lock.yml [142:67 - 164:32] (23 lines, 304 tokens)
   .staging/.github/workflows/pr-duplicate-check.lock.yml [144:64 - 166:32]
Clone found (yaml)
 - .staging/.github/workflows/cli-for-beginners-sync.lock.yml [142:67 - 164:32] (23 lines, 304 tokens)
   .staging/.github/workflows/resource-staleness-report.lock.yml [141:71 - 163:32]
Clone found (yaml)
 - .staging/.github/workflows/cli-for-beginners-sync.lock.yml [151:113 - 157:38] (7 lines, 77 tokens)
   .staging/.github/workflows/cli-for-beginners-sync.lock.yml [171:92 - 177:38]
Clone found (yaml)
 - .staging/.github/workflows/cli-for-beginners-sync.lock.yml [152:1 - 157:38] (6 lines, 74 tokens)
   .staging/.github/workflows/codeowner-update.lock.yml [1561:1 - 1566:38]
Clone found (yaml)
 - .staging/.github/workflows/cli-for-beginners-sync.lock.yml [166:1 - 205:32] (40 lines, 367 tokens)
   .staging/.github/workflows/codeowner-update.lock.yml [168:1 - 207:32]
Clone found (yaml)
 - .staging/.github/workflows/cli-for-beginners-sync.lock.yml [166:1 - 205:32] (40 lines, 367 tokens)
   .staging/.github/workflows/duplicate-resource-detector.lock.yml [165:1 - 204:32]
Clone found (yaml)
 - .staging/.github/workflows/cli-for-beginners-sync.lock.yml [166:1 - 205:32] (40 lines, 367 tokens)
   .staging/.github/workflows/learning-hub-updater.lock.yml [166:1 - 205:32]
Clone found (yaml)
 - .staging/.github/workflows/cli-for-beginners-sync.lock.yml [166:1 - 205:32] (40 lines, 367 tokens)
   .staging/.github/workflows/pr-duplicate-check.lock.yml [168:1 - 207:32]
Clone found (yaml)
 - .staging/.github/workflows/cli-for-beginners-sync.lock.yml [166:1 - 205:32] (40 lines, 367 tokens)
   .staging/.github/workflows/resource-staleness-report.lock.yml [165:1 - 204:32]
Clone found (yaml)
 - .staging/.github/workflows/cli-for-beginners-sync.lock.yml [206:1 - 223:15] (18 lines, 182 tokens)
   .staging/.github/workflows/codeowner-update.lock.yml [208:1 - 225:15]
Clone found (yaml)
 - .staging/.github/workflows/cli-for-beginners-sync.lock.yml [206:1 - 242:18] (37 lines, 669 tokens)
   .staging/.github/workflows/duplicate-resource-detector.lock.yml [205:1 - 241:18]
Clone found (yaml)
 - .staging/.github/workflows/cli-for-beginners-sync.lock.yml [206:1 - 242:18] (37 lines, 669 tokens)
   .staging/.github/workflows/learning-hub-updater.lock.yml [206:1 - 242:18]
Clone found (yaml)
 - .staging/.github/workflows/cli-for-beginners-sync.lock.yml [206:1 - 252:38] (47 lines, 717 tokens)
   .staging/.github/workflows/pr-duplicate-check.lock.yml [208:1 - 248:11]
Clone found (yaml)
 - .staging/.github/workflows/cli-for-beginners-sync.lock.yml [206:1 - 242:18] (37 lines, 669 tokens)
   .staging/.github/workflows/resource-staleness-report.lock.yml [205:1 - 241:18]
Clone found (yaml)
 - .staging/.github/workflows/cli-for-beginners-sync.lock.yml [221:98 - 235:11] (15 lines, 442 tokens)
   .staging/.github/workflows/codeowner-update.lock.yml [234:89 - 248:11]
Clone found (yaml)
 - .staging/.github/workflows/cli-for-beginners-sync.lock.yml [230:1 - 237:58] (8 lines, 373 tokens)
   .staging/.github/workflows/cli-for-beginners-sync.lock.yml [313:1 - 320:58]
Clone found (yaml)
 - .staging/.github/workflows/cli-for-beginners-sync.lock.yml [230:1 - 250:11] (21 lines, 420 tokens)
   .staging/.github/workflows/codeowner-update.lock.yml [332:1 - 342:11]
Clone found (yaml)
 - .staging/.github/workflows/cli-for-beginners-sync.lock.yml [234:47 - 242:18] (9 lines, 64 tokens)
   .staging/.github/workflows/pr-duplicate-check.lock.yml [248:87 - 256:18]
Clone found (yaml)
 - .staging/.github/workflows/cli-for-beginners-sync.lock.yml [260:1 - 288:11] (29 lines, 226 tokens)
   .staging/.github/workflows/codeowner-update.lock.yml [275:1 - 303:11]
Clone found (yaml)
 - .staging/.github/workflows/cli-for-beginners-sync.lock.yml [260:1 - 288:11] (29 lines, 226 tokens)
   .staging/.github/workflows/duplicate-resource-detector.lock.yml [255:1 - 283:11]
Clone found (yaml)
 - .staging/.github/workflows/cli-for-beginners-sync.lock.yml [260:1 - 288:11] (29 lines, 226 tokens)
   .staging/.github/workflows/learning-hub-updater.lock.yml [259:1 - 287:11]
Clone found (yaml)
 - .staging/.github/workflows/cli-for-beginners-sync.lock.yml [260:1 - 288:11] (29 lines, 226 tokens)
   .staging/.github/workflows/pr-duplicate-check.lock.yml [270:1 - 298:11]
Clone found (yaml)
 - .staging/.github/workflows/cli-for-beginners-sync.lock.yml [260:1 - 288:11] (29 lines, 226 tokens)
   .staging/.github/workflows/resource-staleness-report.lock.yml [255:1 - 283:11]
Clone found (yaml)
 - .staging/.github/workflows/cli-for-beginners-sync.lock.yml [294:1 - 299:37] (6 lines, 61 tokens)
   .staging/.github/workflows/codeowner-update.lock.yml [312:1 - 317:37]
Clone found (yaml)
 - .staging/.github/workflows/cli-for-beginners-sync.lock.yml [294:1 - 377:22] (84 lines, 1061 tokens)
   .staging/.github/workflows/duplicate-resource-detector.lock.yml [289:1 - 372:19]
Clone found (yaml)
 - .staging/.github/workflows/cli-for-beginners-sync.lock.yml [294:1 - 388:34] (95 lines, 1139 tokens)
   .staging/.github/workflows/learning-hub-updater.lock.yml [293:1 - 386:36]
Clone found (yaml)
 - .staging/.github/workflows/cli-for-beginners-sync.lock.yml [294:1 - 300:9] (7 lines, 62 tokens)
   .staging/.github/workflows/pr-duplicate-check.lock.yml [304:1 - 310:11]
Clone found (yaml)
 - .staging/.github/workflows/cli-for-beginners-sync.lock.yml [294:1 - 388:34] (95 lines, 1139 tokens)
   .staging/.github/workflows/resource-staleness-report.lock.yml [289:1 - 382:36]
Clone found (yaml)
 - .staging/.github/workflows/cli-for-beginners-sync.lock.yml [322:1 - 333:17] (12 lines, 94 tokens)
   .staging/.github/workflows/codeowner-update.lock.yml [345:1 - 356:17]
Clone found (yaml)
 - .staging/.github/workflows/cli-for-beginners-sync.lock.yml [336:1 - 341:17] (6 lines, 51 tokens)
   .staging/.github/workflows/codeowner-update.lock.yml [356:1 - 361:17]
Clone found (yaml)
 - .staging/.github/workflows/cli-for-beginners-sync.lock.yml [345:1 - 382:30] (38 lines, 323 tokens)
   .staging/.github/workflows/codeowner-update.lock.yml [369:1 - 406:30]
Clone found (yaml)
 - .staging/.github/workflows/cli-for-beginners-sync.lock.yml [345:1 - 383:5] (39 lines, 324 tokens)
   .staging/.github/workflows/pr-duplicate-check.lock.yml [354:1 - 392:7]
Clone found (yaml)
 - .staging/.github/workflows/cli-for-beginners-sync.lock.yml [383:1 - 393:36] (11 lines, 83 tokens)
   .staging/.github/workflows/duplicate-resource-detector.lock.yml [373:1 - 383:36]
Clone found (yaml)
 - .staging/.github/workflows/cli-for-beginners-sync.lock.yml [386:1 - 393:36] (8 lines, 70 tokens)
   .staging/.github/workflows/codeowner-update.lock.yml [409:1 - 416:36]
Clone found (yaml)
 - .staging/.github/workflows/cli-for-beginners-sync.lock.yml [394:1 - 399:7] (6 lines, 102 tokens)
   .staging/.github/workflows/codeowner-update.lock.yml [417:1 - 422:7]
Clone found (yaml)
 - .staging/.github/workflows/cli-for-beginners-sync.lock.yml [394:1 - 421:65] (28 lines, 564 tokens)
   .staging/.github/workflows/duplicate-resource-detector.lock.yml [384:1 - 412:38]
Clone found (yaml)
 - .staging/.github/workflows/cli-for-beginners-sync.lock.yml [394:1 - 421:65] (28 lines, 564 tokens)
   .staging/.github/workflows/learning-hub-updater.lock.yml [387:1 - 415:38]
Clone found (yaml)
 - .staging/.github/workflows/cli-for-beginners-sync.lock.yml [394:1 - 421:65] (28 lines, 564 tokens)
   .staging/.github/workflows/pr-duplicate-check.lock.yml [401:1 - 429:38]
Clone found (yaml)
 - .staging/.github/workflows/cli-for-beginners-sync.lock.yml [394:1 - 421:65] (28 lines, 564 tokens)
   .staging/.github/workflows/resource-staleness-report.lock.yml [383:1 - 411:38]
Clone found (yaml)
 - .staging/.github/workflows/cli-for-beginners-sync.lock.yml [400:107 - 424:38] (25 lines, 466 tokens)
   .staging/.github/workflows/codeowner-update.lock.yml [421:75 - 445:38]
Clone found (yaml)
 - .staging/.github/workflows/cli-for-beginners-sync.lock.yml [425:104 - 447:7] (23 lines, 171 tokens)
   .staging/.github/workflows/codeowner-update.lock.yml [446:98 - 468:7]
Clone found (yaml)
 - .staging/.github/workflows/cli-for-beginners-sync.lock.yml [425:104 - 520:112] (96 lines, 994 tokens)
   .staging/.github/workflows/duplicate-resource-detector.lock.yml [413:109 - 498:67]
Clone found (yaml)
 - .staging/.github/workflows/cli-for-beginners-sync.lock.yml [425:104 - 520:112] (96 lines, 994 tokens)
   .staging/.github/workflows/learning-hub-updater.lock.yml [416:102 - 501:67]
Clone found (yaml)
 - .staging/.github/workflows/cli-for-beginners-sync.lock.yml [425:104 - 437:15] (13 lines, 82 tokens)
   .staging/.github/workflows/pr-duplicate-check.lock.yml [430:100 - 442:15]
Clone found (yaml)
 - .staging/.github/workflows/cli-for-beginners-sync.lock.yml [425:104 - 520:112] (96 lines, 994 tokens)
   .staging/.github/workflows/resource-staleness-report.lock.yml [412:107 - 497:67]
Clone found (yaml)
 - .staging/.github/workflows/cli-for-beginners-sync.lock.yml [441:1 - 448:13] (8 lines, 69 tokens)
   .staging/.github/workflows/pr-duplicate-check.lock.yml [442:1 - 448:15]
Clone found (yaml)
 - .staging/.github/workflows/cli-for-beginners-sync.lock.yml [463:1 - 469:15] (7 lines, 69 tokens)
   .staging/.github/workflows/cli-for-beginners-sync.lock.yml [858:1 - 864:15]
Clone found (yaml)
 - .staging/.github/workflows/cli-for-beginners-sync.lock.yml [463:1 - 526:67] (64 lines, 824 tokens)
   .staging/.github/workflows/codeowner-update.lock.yml [468:1 - 531:67]
Clone found (yaml)
 - .staging/.github/workflows/cli-for-beginners-sync.lock.yml [469:1 - 526:67] (58 lines, 761 tokens)
   .staging/.github/workflows/pr-duplicate-check.lock.yml [448:1 - 505:67]
Clone found (yaml)
 - .staging/.github/workflows/cli-for-beginners-sync.lock.yml [483:1 - 489:15] (7 lines, 60 tokens)
   .staging/.github/workflows/cli-for-beginners-sync.lock.yml [1394:1 - 1400:15]
Clone found (yaml)
 - .staging/.github/workflows/cli-for-beginners-sync.lock.yml [535:1 - 786:9] (252 lines, 1731 tokens)
   .staging/.github/workflows/learning-hub-updater.lock.yml [510:1 - 761:9]
Clone found (yaml)
 - .staging/.github/workflows/cli-for-beginners-sync.lock.yml [541:1 - 703:18] (163 lines, 1134 tokens)
   .staging/.github/workflows/codeowner-update.lock.yml [569:1 - 731:18]
Clone found (yaml)
 - .staging/.github/workflows/cli-for-beginners-sync.lock.yml [573:1 - 703:18] (131 lines, 971 tokens)
   .staging/.github/workflows/duplicate-resource-detector.lock.yml [541:1 - 671:18]
Clone found (yaml)
 - .staging/.github/workflows/cli-for-beginners-sync.lock.yml [579:1 - 703:18] (125 lines, 940 tokens)
   .staging/.github/workflows/pr-duplicate-check.lock.yml [539:1 - 663:18]
Clone found (yaml)
 - .staging/.github/workflows/cli-for-beginners-sync.lock.yml [655:13 - 660:57] (6 lines, 55 tokens)
   .staging/.github/workflows/cli-for-beginners-sync.lock.yml [768:79 - 773:57]
Clone found (yaml)
 - .staging/.github/workflows/cli-for-beginners-sync.lock.yml [703:55 - 713:38] (11 lines, 57 tokens)
   .staging/.github/workflows/codeowner-update.lock.yml [731:55 - 741:38]
Clone found (yaml)
 - .staging/.github/workflows/cli-for-beginners-sync.lock.yml [703:55 - 713:38] (11 lines, 57 tokens)
   .staging/.github/workflows/duplicate-resource-detector.lock.yml [671:55 - 681:38]
Clone found (yaml)
 - .staging/.github/workflows/cli-for-beginners-sync.lock.yml [703:55 - 713:38] (11 lines, 57 tokens)
   .staging/.github/workflows/pr-duplicate-check.lock.yml [663:55 - 673:38]
Clone found (yaml)
 - .staging/.github/workflows/cli-for-beginners-sync.lock.yml [714:1 - 761:11] (48 lines, 243 tokens)
   .staging/.github/workflows/codeowner-update.lock.yml [742:1 - 789:11]
Clone found (yaml)
 - .staging/.github/workflows/cli-for-beginners-sync.lock.yml [714:1 - 761:11] (48 lines, 243 tokens)
   .staging/.github/workflows/duplicate-resource-detector.lock.yml [682:1 - 729:11]
Clone found (yaml)
 - .staging/.github/workflows/cli-for-beginners-sync.lock.yml [714:1 - 761:11] (48 lines, 243 tokens)
   .staging/.github/workflows/pr-duplicate-check.lock.yml [674:1 - 721:11]
Clone found (yaml)
 - .staging/.github/workflows/cli-for-beginners-sync.lock.yml [762:1 - 822:879] (61 lines, 910 tokens)
   .staging/.github/workflows/codeowner-update.lock.yml [790:1 - 850:879]
Clone found (yaml)
 - .staging/.github/workflows/cli-for-beginners-sync.lock.yml [762:1 - 1016:28] (255 lines, 3105 tokens)
   .staging/.github/workflows/duplicate-resource-detector.lock.yml [730:1 - 983:17]
Clone found (yaml)
 - .staging/.github/workflows/cli-for-beginners-sync.lock.yml [762:1 - 858:15] (97 lines, 1390 tokens)
   .staging/.github/workflows/pr-duplicate-check.lock.yml [722:1 - 818:15]
Clone found (yaml)
 - .staging/.github/workflows/cli-for-beginners-sync.lock.yml [785:1 - 794:11] (10 lines, 70 tokens)
   .staging/.github/workflows/cli-for-beginners-sync.lock.yml [1404:1 - 1413:11]
Clone found (yaml)
 - .staging/.github/workflows/cli-for-beginners-sync.lock.yml [786:1 - 822:879] (37 lines, 642 tokens)
   .staging/.github/workflows/learning-hub-updater.lock.yml [789:1 - 825:879]
Clone found (yaml)
 - .staging/.github/workflows/cli-for-beginners-sync.lock.yml [801:5332 - 811:13] (11 lines, 90 tokens)
   .staging/.github/workflows/cli-for-beginners-sync.lock.yml [1419:847 - 1429:13]
Clone found (yaml)
 - .staging/.github/workflows/cli-for-beginners-sync.lock.yml [812:1 - 821:431] (10 lines, 136 tokens)
   .staging/.github/workflows/cli-for-beginners-sync.lock.yml [1432:1 - 1441:431]
Clone found (yaml)
 - .staging/.github/workflows/cli-for-beginners-sync.lock.yml [822:1151 - 978:15] (157 lines, 1804 tokens)
   .staging/.github/workflows/codeowner-update.lock.yml [850:1116 - 1006:15]
Clone found (yaml)
 - .staging/.github/workflows/cli-for-beginners-sync.lock.yml [822:1151 - 907:34] (86 lines, 1025 tokens)
   .staging/.github/workflows/learning-hub-updater.lock.yml [825:2038 - 910:34]
Clone found (yaml)
 - .staging/.github/workflows/cli-for-beginners-sync.lock.yml [823:1 - 828:35] (6 lines, 52 tokens)
   .staging/.github/workflows/cli-for-beginners-sync.lock.yml [1443:1 - 1448:35]
Clone found (yaml)
 - .staging/.github/workflows/cli-for-beginners-sync.lock.yml [835:1 - 841:11] (7 lines, 53 tokens)
   .staging/.github/workflows/cli-for-beginners-sync.lock.yml [1454:1 - 1460:11]
Clone found (yaml)
 - .staging/.github/workflows/cli-for-beginners-sync.lock.yml [841:131 - 853:15] (13 lines, 198 tokens)
   .staging/.github/workflows/cli-for-beginners-sync.lock.yml [1459:47 - 1471:15]
Clone found (yaml)
 - .staging/.github/workflows/cli-for-beginners-sync.lock.yml [864:1 - 1017:17] (154 lines, 1664 tokens)
   .staging/.github/workflows/pr-duplicate-check.lock.yml [818:1 - 970:20]
Clone found (yaml)
 - .staging/.github/workflows/cli-for-beginners-sync.lock.yml [908:1 - 1018:17] (111 lines, 1188 tokens)
   .staging/.github/workflows/learning-hub-updater.lock.yml [911:1 - 1022:14]
Clone found (yaml)
 - .staging/.github/workflows/cli-for-beginners-sync.lock.yml [909:45 - 914:38] (6 lines, 61 tokens)
   .staging/.github/workflows/cli-for-beginners-sync.lock.yml [1377:55 - 1382:38]
Clone found (yaml)
 - .staging/.github/workflows/cli-for-beginners-sync.lock.yml [909:45 - 920:31] (12 lines, 116 tokens)
   .staging/.github/workflows/codeowner-update.lock.yml [321:79 - 332:11]
Clone found (yaml)
 - .staging/.github/workflows/cli-for-beginners-sync.lock.yml [909:45 - 958:19] (50 lines, 506 tokens)
   .staging/.github/workflows/pr-duplicate-check.lock.yml [310:87 - 329:58]
Clone found (yaml)
 - .staging/.github/workflows/cli-for-beginners-sync.lock.yml [952:41 - 960:38] (9 lines, 90 tokens)
   .staging/.github/workflows/cli-for-beginners-sync.lock.yml [962:32 - 970:38]
Clone found (yaml)
 - .staging/.github/workflows/cli-for-beginners-sync.lock.yml [996:1 - 1027:21] (32 lines, 307 tokens)
   .staging/.github/workflows/codeowner-update.lock.yml [1006:1 - 1037:21]
Clone found (yaml)
 - .staging/.github/workflows/cli-for-beginners-sync.lock.yml [1029:1 - 1038:14] (10 lines, 109 tokens)
   .staging/.github/workflows/codeowner-update.lock.yml [1038:1 - 1047:14]
Clone found (yaml)
 - .staging/.github/workflows/cli-for-beginners-sync.lock.yml [1039:1 - 1063:8] (25 lines, 313 tokens)
   .staging/.github/workflows/codeowner-update.lock.yml [1048:1 - 1072:15]
Clone found (yaml)
 - .staging/.github/workflows/cli-for-beginners-sync.lock.yml [1039:1 - 1063:13] (25 lines, 315 tokens)
   .staging/.github/workflows/duplicate-resource-detector.lock.yml [987:1 - 1011:15]
Clone found (yaml)
 - .staging/.github/workflows/cli-for-beginners-sync.lock.yml [1039:1 - 1063:13] (25 lines, 315 tokens)
   .staging/.github/workflows/learning-hub-updater.lock.yml [1023:1 - 1047:15]
Clone found (yaml)
 - .staging/.github/workflows/cli-for-beginners-sync.lock.yml [1039:1 - 1063:13] (25 lines, 315 tokens)
   .staging/.github/workflows/pr-duplicate-check.lock.yml [974:1 - 998:15]
Clone found (yaml)
 - .staging/.github/workflows/cli-for-beginners-sync.lock.yml [1039:1 - 1063:13] (25 lines, 315 tokens)
   .staging/.github/workflows/resource-staleness-report.lock.yml [986:1 - 1010:15]
Clone found (yaml)
 - .staging/.github/workflows/cli-for-beginners-sync.lock.yml [1059:104 - 1126:39] (68 lines, 1763 tokens)
   .staging/.github/workflows/codeowner-update.lock.yml [1068:98 - 1135:39]
Clone found (yaml)
 - .staging/.github/workflows/cli-for-beginners-sync.lock.yml [1059:104 - 1126:39] (68 lines, 1763 tokens)
   .staging/.github/workflows/duplicate-resource-detector.lock.yml [1007:109 - 1074:39]
Clone found (yaml)
 - .staging/.github/workflows/cli-for-beginners-sync.lock.yml [1059:104 - 1126:39] (68 lines, 1763 tokens)
   .staging/.github/workflows/learning-hub-updater.lock.yml [1043:102 - 1110:39]
Clone found (yaml)
 - .staging/.github/workflows/cli-for-beginners-sync.lock.yml [1059:104 - 1126:39] (68 lines, 1763 tokens)
   .staging/.github/workflows/pr-duplicate-check.lock.yml [994:100 - 1061:39]
Clone found (yaml)
 - .staging/.github/workflows/cli-for-beginners-sync.lock.yml [1059:104 - 1126:39] (68 lines, 1763 tokens)
   .staging/.github/workflows/resource-staleness-report.lock.yml [1006:107 - 1073:39]
Clone found (yaml)
 - .staging/.github/workflows/cli-for-beginners-sync.lock.yml [1127:67 - 1147:39] (21 lines, 223 tokens)
   .staging/.github/workflows/codeowner-update.lock.yml [1136:63 - 1156:39]
Clone found (yaml)
 - .staging/.github/workflows/cli-for-beginners-sync.lock.yml [1127:67 - 1147:39] (21 lines, 223 tokens)
   .staging/.github/workflows/duplicate-resource-detector.lock.yml [1075:73 - 1095:39]
Clone found (yaml)
 - .staging/.github/workflows/cli-for-beginners-sync.lock.yml [1127:67 - 1147:39] (21 lines, 223 tokens)
   .staging/.github/workflows/learning-hub-updater.lock.yml [1111:66 - 1131:39]
Clone found (yaml)
 - .staging/.github/workflows/cli-for-beginners-sync.lock.yml [1127:67 - 1147:39] (21 lines, 223 tokens)
   .staging/.github/workflows/pr-duplicate-check.lock.yml [1062:64 - 1082:39]
Clone found (yaml)
 - .staging/.github/workflows/cli-for-beginners-sync.lock.yml [1127:67 - 1147:39] (21 lines, 223 tokens)
   .staging/.github/workflows/resource-staleness-report.lock.yml [1074:71 - 1094:39]
Clone found (yaml)
 - .staging/.github/workflows/cli-for-beginners-sync.lock.yml [1147:58 - 1165:32] (19 lines, 207 tokens)
   .staging/.github/workflows/codeowner-update.lock.yml [1156:54 - 1174:32]
Clone found (yaml)
 - .staging/.github/workflows/cli-for-beginners-sync.lock.yml [1147:58 - 1165:32] (19 lines, 207 tokens)
   .staging/.github/workflows/duplicate-resource-detector.lock.yml [1095:64 - 1113:32]
Clone found (yaml)
 - .staging/.github/workflows/cli-for-beginners-sync.lock.yml [1147:58 - 1165:32] (19 lines, 207 tokens)
   .staging/.github/workflows/learning-hub-updater.lock.yml [1131:57 - 1149:32]
Clone found (yaml)
 - .staging/.github/workflows/cli-for-beginners-sync.lock.yml [1147:58 - 1165:32] (19 lines, 207 tokens)
   .staging/.github/workflows/pr-duplicate-check.lock.yml [1082:55 - 1100:32]
Clone found (yaml)
 - .staging/.github/workflows/cli-for-beginners-sync.lock.yml [1147:58 - 1165:32] (19 lines, 207 tokens)
   .staging/.github/workflows/resource-staleness-report.lock.yml [1094:62 - 1112:32]
Clone found (yaml)
 - .staging/.github/workflows/cli-for-beginners-sync.lock.yml [1167:1 - 1173:30] (7 lines, 119 tokens)
   .staging/.github/workflows/codeowner-update.lock.yml [1176:1 - 1182:30]
Clone found (yaml)
 - .staging/.github/workflows/cli-for-beginners-sync.lock.yml [1167:1 - 1173:30] (7 lines, 119 tokens)
   .staging/.github/workflows/duplicate-resource-detector.lock.yml [1115:1 - 1121:30]
Clone found (yaml)
 - .staging/.github/workflows/cli-for-beginners-sync.lock.yml [1167:1 - 1173:30] (7 lines, 119 tokens)
   .staging/.github/workflows/learning-hub-updater.lock.yml [1151:1 - 1157:30]
Clone found (yaml)
 - .staging/.github/workflows/cli-for-beginners-sync.lock.yml [1167:1 - 1173:30] (7 lines, 119 tokens)
   .staging/.github/workflows/resource-staleness-report.lock.yml [1114:1 - 1120:30]
Clone found (yaml)
 - .staging/.github/workflows/cli-for-beginners-sync.lock.yml [1174:1 - 1179:38] (6 lines, 81 tokens)
   .staging/.github/workflows/cli-for-beginners-sync.lock.yml [1191:1 - 1196:38]
Clone found (yaml)
 - .staging/.github/workflows/cli-for-beginners-sync.lock.yml [1174:1 - 1179:38] (6 lines, 81 tokens)
   .staging/.github/workflows/cli-for-beginners-sync.lock.yml [1206:1 - 1211:38]
Clone found (yaml)
 - .staging/.github/workflows/cli-for-beginners-sync.lock.yml [1174:1 - 1186:32] (13 lines, 152 tokens)
   .staging/.github/workflows/codeowner-update.lock.yml [1183:1 - 1195:32]
Clone found (yaml)
 - .staging/.github/workflows/cli-for-beginners-sync.lock.yml [1174:1 - 1187:36] (14 lines, 155 tokens)
   .staging/.github/workflows/codeowner-update.lock.yml [1215:1 - 1228:32]
Clone found (yaml)
 - .staging/.github/workflows/cli-for-beginners-sync.lock.yml [1174:1 - 1288:49] (115 lines, 1396 tokens)
   .staging/.github/workflows/codeowner-update.lock.yml [1274:1 - 1381:26]
Clone found (yaml)
 - .staging/.github/workflows/cli-for-beginners-sync.lock.yml [1174:1 - 1186:32] (13 lines, 152 tokens)
   .staging/.github/workflows/duplicate-resource-detector.lock.yml [1122:1 - 1134:32]
Clone found (yaml)
 - .staging/.github/workflows/cli-for-beginners-sync.lock.yml [1174:1 - 1187:36] (14 lines, 155 tokens)
   .staging/.github/workflows/duplicate-resource-detector.lock.yml [1154:1 - 1167:32]
Clone found (yaml)
 - .staging/.github/workflows/cli-for-beginners-sync.lock.yml [1174:1 - 1188:75] (15 lines, 183 tokens)
   .staging/.github/workflows/duplicate-resource-detector.lock.yml [1551:1 - 1566:36]
Clone found (yaml)
 - .staging/.github/workflows/cli-for-beginners-sync.lock.yml [1174:1 - 1186:32] (13 lines, 152 tokens)
   .staging/.github/workflows/learning-hub-updater.lock.yml [1158:1 - 1170:32]
Clone found (yaml)
 - .staging/.github/workflows/cli-for-beginners-sync.lock.yml [1174:1 - 1187:36] (14 lines, 155 tokens)
   .staging/.github/workflows/learning-hub-updater.lock.yml [1190:1 - 1203:32]
Clone found (yaml)
 - .staging/.github/workflows/cli-for-beginners-sync.lock.yml [1174:1 - 1186:32] (13 lines, 152 tokens)
   .staging/.github/workflows/pr-duplicate-check.lock.yml [1109:1 - 1121:32]
Clone found (yaml)
 - .staging/.github/workflows/cli-for-beginners-sync.lock.yml [1174:1 - 1187:36] (14 lines, 155 tokens)
   .staging/.github/workflows/pr-duplicate-check.lock.yml [1141:1 - 1154:32]
Clone found (yaml)
 - .staging/.github/workflows/cli-for-beginners-sync.lock.yml [1174:1 - 1188:75] (15 lines, 183 tokens)
   .staging/.github/workflows/pr-duplicate-check.lock.yml [1575:1 - 1590:36]
Clone found (yaml)
 - .staging/.github/workflows/cli-for-beginners-sync.lock.yml [1174:1 - 1186:32] (13 lines, 152 tokens)
   .staging/.github/workflows/resource-staleness-report.lock.yml [1121:1 - 1133:32]
Clone found (yaml)
 - .staging/.github/workflows/cli-for-beginners-sync.lock.yml [1174:1 - 1187:36] (14 lines, 155 tokens)
   .staging/.github/workflows/resource-staleness-report.lock.yml [1153:1 - 1166:32]
Clone found (yaml)
 - .staging/.github/workflows/cli-for-beginners-sync.lock.yml [1174:1 - 1188:75] (15 lines, 183 tokens)
   .staging/.github/workflows/resource-staleness-report.lock.yml [1550:1 - 1565:36]
Clone found (yaml)
 - .staging/.github/workflows/cli-for-beginners-sync.lock.yml [1183:1 - 1189:89] (7 lines, 108 tokens)
   .staging/.github/workflows/cli-for-beginners-sync.lock.yml [1231:1 - 1238:11]
Clone found (yaml)
 - .staging/.github/workflows/cli-for-beginners-sync.lock.yml [1188:1 - 1204:32] (17 lines, 233 tokens)
   .staging/.github/workflows/codeowner-update.lock.yml [1197:1 - 1213:32]
Clone found (yaml)
 - .staging/.github/workflows/cli-for-beginners-sync.lock.yml [1188:1 - 1204:32] (17 lines, 233 tokens)
   .staging/.github/workflows/duplicate-resource-detector.lock.yml [1136:1 - 1152:32]
Clone found (yaml)
 - .staging/.github/workflows/cli-for-beginners-sync.lock.yml [1188:1 - 1204:32] (17 lines, 233 tokens)
   .staging/.github/workflows/learning-hub-updater.lock.yml [1172:1 - 1188:32]
Clone found (yaml)
 - .staging/.github/workflows/cli-for-beginners-sync.lock.yml [1188:1 - 1204:32] (17 lines, 233 tokens)
   .staging/.github/workflows/pr-duplicate-check.lock.yml [1123:1 - 1139:32]
Clone found (yaml)
 - .staging/.github/workflows/cli-for-beginners-sync.lock.yml [1188:1 - 1204:32] (17 lines, 233 tokens)
   .staging/.github/workflows/resource-staleness-report.lock.yml [1135:1 - 1151:32]
Clone found (yaml)
 - .staging/.github/workflows/cli-for-beginners-sync.lock.yml [1190:79 - 1196:38] (7 lines, 84 tokens)
   .staging/.github/workflows/cli-for-beginners-sync.lock.yml [1267:118 - 1273:38]
Clone found (yaml)
 - .staging/.github/workflows/cli-for-beginners-sync.lock.yml [1190:79 - 1196:38] (7 lines, 84 tokens)
   .staging/.github/workflows/cli-for-beginners-sync.lock.yml [1628:69 - 1634:38]
Clone found (yaml)
 - .staging/.github/workflows/cli-for-beginners-sync.lock.yml [1203:42 - 1211:38] (9 lines, 94 tokens)
   .staging/.github/workflows/cli-for-beginners-sync.lock.yml [1218:47 - 1226:38]
Clone found (yaml)
 - .staging/.github/workflows/cli-for-beginners-sync.lock.yml [1239:1 - 1264:38] (26 lines, 380 tokens)
   .staging/.github/workflows/codeowner-update.lock.yml [1248:1 - 1273:38]
Clone found (yaml)
 - .staging/.github/workflows/cli-for-beginners-sync.lock.yml [1239:1 - 1253:11] (15 lines, 230 tokens)
   .staging/.github/workflows/duplicate-resource-detector.lock.yml [1187:1 - 1201:11]
Clone found (yaml)
 - .staging/.github/workflows/cli-for-beginners-sync.lock.yml [1239:1 - 1371:8] (133 lines, 1778 tokens)
   .staging/.github/workflows/learning-hub-updater.lock.yml [1223:1 - 1356:26]
Clone found (yaml)
 - .staging/.github/workflows/cli-for-beginners-sync.lock.yml [1239:1 - 1368:11] (130 lines, 1742 tokens)
   .staging/.github/workflows/pr-duplicate-check.lock.yml [1174:1 - 1305:26]
Clone found (yaml)
 - .staging/.github/workflows/cli-for-beginners-sync.lock.yml [1239:1 - 1368:11] (130 lines, 1742 tokens)
   .staging/.github/workflows/resource-staleness-report.lock.yml [1186:1 - 1317:26]
Clone found (yaml)
 - .staging/.github/workflows/cli-for-beginners-sync.lock.yml [1255:1 - 1371:8] (117 lines, 1513 tokens)
   .staging/.github/workflows/duplicate-resource-detector.lock.yml [1201:1 - 1318:26]
Clone found (yaml)
 - .staging/.github/workflows/cli-for-beginners-sync.lock.yml [1377:1 - 1524:3] (148 lines, 1980 tokens)
   .staging/.github/workflows/codeowner-update.lock.yml [1383:1 - 1530:3]
Clone found (yaml)
 - .staging/.github/workflows/cli-for-beginners-sync.lock.yml [1377:1 - 1532:17] (156 lines, 2051 tokens)
   .staging/.github/workflows/duplicate-resource-detector.lock.yml [1320:1 - 1475:17]
Clone found (yaml)
 - .staging/.github/workflows/cli-for-beginners-sync.lock.yml [1377:1 - 1540:33] (164 lines, 2132 tokens)
   .staging/.github/workflows/learning-hub-updater.lock.yml [1358:1 - 1521:33]
Clone found (yaml)
 - .staging/.github/workflows/cli-for-beginners-sync.lock.yml [1377:1 - 1525:5] (149 lines, 1983 tokens)
   .staging/.github/workflows/pr-duplicate-check.lock.yml [1307:1 - 1455:5]
Clone found (yaml)
 - .staging/.github/workflows/cli-for-beginners-sync.lock.yml [1377:1 - 1539:69] (163 lines, 2125 tokens)
   .staging/.github/workflows/resource-staleness-report.lock.yml [1319:1 - 1481:33]
Clone found (yaml)
 - .staging/.github/workflows/cli-for-beginners-sync.lock.yml [1524:1 - 1540:33] (17 lines, 153 tokens)
   .staging/.github/workflows/codeowner-update.lock.yml [1569:1 - 1585:33]
Clone found (yaml)
 - .staging/.github/workflows/cli-for-beginners-sync.lock.yml [1533:1 - 1540:33] (8 lines, 80 tokens)
   .staging/.github/workflows/pr-duplicate-check.lock.yml [1499:1 - 1506:33]
Clone found (yaml)
 - .staging/.github/workflows/cli-for-beginners-sync.lock.yml [1534:20 - 1540:33] (7 lines, 71 tokens)
   .staging/.github/workflows/duplicate-resource-detector.lock.yml [1476:13 - 1482:33]
Clone found (yaml)
 - .staging/.github/workflows/cli-for-beginners-sync.lock.yml [1541:1 - 1549:26] (9 lines, 118 tokens)
   .staging/.github/workflows/codeowner-update.lock.yml [1586:1 - 1594:26]
Clone found (yaml)
 - .staging/.github/workflows/cli-for-beginners-sync.lock.yml [1541:1 - 1549:26] (9 lines, 118 tokens)
   .staging/.github/workflows/duplicate-resource-detector.lock.yml [1483:1 - 1491:26]
Clone found (yaml)
 - .staging/.github/workflows/cli-for-beginners-sync.lock.yml [1541:1 - 1549:26] (9 lines, 118 tokens)
   .staging/.github/workflows/learning-hub-updater.lock.yml [1522:1 - 1530:26]
Clone found (yaml)
 - .staging/.github/workflows/cli-for-beginners-sync.lock.yml [1541:1 - 1549:26] (9 lines, 118 tokens)
   .staging/.github/workflows/pr-duplicate-check.lock.yml [1507:1 - 1515:26]
Clone found (yaml)
 - .staging/.github/workflows/cli-for-beginners-sync.lock.yml [1541:1 - 1549:26] (9 lines, 118 tokens)
   .staging/.github/workflows/resource-staleness-report.lock.yml [1482:1 - 1490:26]
Clone found (yaml)
 - .staging/.github/workflows/cli-for-beginners-sync.lock.yml [1552:1 - 1557:7] (6 lines, 76 tokens)
   .staging/.github/workflows/duplicate-resource-detector.lock.yml [1494:1 - 1499:7]
Clone found (yaml)
 - .staging/.github/workflows/cli-for-beginners-sync.lock.yml [1552:1 - 1624:32] (73 lines, 890 tokens)
   .staging/.github/workflows/learning-hub-updater.lock.yml [1533:1 - 1605:34]
Clone found (yaml)
 - .staging/.github/workflows/cli-for-beginners-sync.lock.yml [1552:1 - 1603:27] (52 lines, 666 tokens)
   .staging/.github/workflows/resource-staleness-report.lock.yml [1493:1 - 1549:46]
Clone found (yaml)
 - .staging/.github/workflows/cli-for-beginners-sync.lock.yml [1554:96 - 1626:48] (73 lines, 885 tokens)
   .staging/.github/workflows/codeowner-update.lock.yml [1601:70 - 1674:46]
Clone found (yaml)
 - .staging/.github/workflows/cli-for-beginners-sync.lock.yml [1558:76 - 1590:13] (33 lines, 395 tokens)
   .staging/.github/workflows/duplicate-resource-detector.lock.yml [1500:82 - 1532:15]
Clone found (yaml)
 - .staging/.github/workflows/cli-for-beginners-sync.lock.yml [1558:76 - 1603:27] (46 lines, 558 tokens)
   .staging/.github/workflows/pr-duplicate-check.lock.yml [1524:96 - 1574:46]
Clone found (yaml)
 - .staging/.github/workflows/cli-for-beginners-sync.lock.yml [1609:1 - 1627:46] (19 lines, 169 tokens)
   .staging/.github/workflows/duplicate-resource-detector.lock.yml [1532:1 - 1550:46]
Clone found (yaml)
 - .staging/.github/workflows/cli-for-beginners-sync.lock.yml [1628:1 - 1644:36] (17 lines, 197 tokens)
   .staging/.github/workflows/codeowner-update.lock.yml [1675:1 - 1691:36]
Clone found (yaml)
 - .staging/.github/workflows/cli-for-beginners-sync.lock.yml [1628:1 - 1644:36] (17 lines, 197 tokens)
   .staging/.github/workflows/learning-hub-updater.lock.yml [1609:1 - 1625:36]
Clone found (yaml)
 - .staging/.github/workflows/codeowner-update.lock.yml [104:80 - 111:15] (8 lines, 70 tokens)
   .staging/.github/workflows/codeowner-update.lock.yml [443:118 - 450:15]
Clone found (yaml)
 - .staging/.github/workflows/codeowner-update.lock.yml [104:80 - 111:15] (8 lines, 70 tokens)
   .staging/.github/workflows/codeowner-update.lock.yml [1549:35 - 1556:15]
Clone found (yaml)
 - .staging/.github/workflows/codeowner-update.lock.yml [140:1 - 146:15] (7 lines, 88 tokens)
   .staging/.github/workflows/codeowner-update.lock.yml [1132:1 - 1138:15]
Clone found (yaml)
 - .staging/.github/workflows/codeowner-update.lock.yml [320:57 - 326:13] (7 lines, 67 tokens)
   .staging/.github/workflows/codeowner-update.lock.yml [343:99 - 349:13]
Clone found (yaml)
 - .staging/.github/workflows/codeowner-update.lock.yml [344:79 - 361:17] (18 lines, 147 tokens)
   .staging/.github/workflows/pr-duplicate-check.lock.yml [331:99 - 348:17]
Clone found (yaml)
 - .staging/.github/workflows/codeowner-update.lock.yml [408:1 - 416:36] (9 lines, 77 tokens)
   .staging/.github/workflows/pr-duplicate-check.lock.yml [392:1 - 400:36]
Clone found (yaml)
 - .staging/.github/workflows/codeowner-update.lock.yml [541:1 - 569:15] (29 lines, 128 tokens)
   .staging/.github/workflows/pr-duplicate-check.lock.yml [514:1 - 542:15]
Clone found (yaml)
 - .staging/.github/workflows/codeowner-update.lock.yml [1192:1 - 1199:33] (8 lines, 111 tokens)
   .staging/.github/workflows/codeowner-update.lock.yml [1240:1 - 1247:30]
Clone found (yaml)
 - .staging/.github/workflows/codeowner-update.lock.yml [1212:42 - 1229:37] (18 lines, 172 tokens)
   .staging/.github/workflows/codeowner-update.lock.yml [1227:47 - 1243:32]
Clone found (yaml)
 - .staging/.github/workflows/codeowner-update.lock.yml [1534:1 - 1551:38] (18 lines, 226 tokens)
   .staging/.github/workflows/pr-duplicate-check.lock.yml [1455:1 - 1472:38]
Clone found (yaml)
 - .staging/.github/workflows/codeowner-update.lock.yml [1552:98 - 1578:20] (27 lines, 234 tokens)
   .staging/.github/workflows/pr-duplicate-check.lock.yml [1473:100 - 1499:20]
Clone found (yaml)
 - .staging/.github/workflows/codeowner-update.lock.yml [1597:1 - 1604:7] (8 lines, 112 tokens)
   .staging/.github/workflows/pr-duplicate-check.lock.yml [1518:1 - 1525:7]
Clone found (yaml)
 - .staging/.github/workflows/duplicate-resource-detector.lock.yml [101:80 - 108:15] (8 lines, 72 tokens)
   .staging/.github/workflows/duplicate-resource-detector.lock.yml [410:118 - 417:15]
Clone found (yaml)
 - .staging/.github/workflows/duplicate-resource-detector.lock.yml [137:1 - 143:15] (7 lines, 88 tokens)
   .staging/.github/workflows/duplicate-resource-detector.lock.yml [1071:1 - 1077:15]
Clone found (yaml)
 - .staging/.github/workflows/duplicate-resource-detector.lock.yml [507:1 - 986:14] (480 lines, 4556 tokens)
   .staging/.github/workflows/resource-staleness-report.lock.yml [506:1 - 985:14]
Clone found (yaml)
 - .staging/.github/workflows/duplicate-resource-detector.lock.yml [1131:1 - 1138:33] (8 lines, 111 tokens)
   .staging/.github/workflows/duplicate-resource-detector.lock.yml [1179:1 - 1186:30]
Clone found (yaml)
 - .staging/.github/workflows/duplicate-resource-detector.lock.yml [1151:42 - 1168:37] (18 lines, 172 tokens)
   .staging/.github/workflows/duplicate-resource-detector.lock.yml [1166:47 - 1182:32]
Clone found (yaml)
 - .staging/.github/workflows/learning-hub-updater.lock.yml [102:80 - 109:15] (8 lines, 72 tokens)
   .staging/.github/workflows/learning-hub-updater.lock.yml [413:118 - 420:15]
Clone found (yaml)
 - .staging/.github/workflows/learning-hub-updater.lock.yml [138:1 - 144:15] (7 lines, 88 tokens)
   .staging/.github/workflows/learning-hub-updater.lock.yml [1107:1 - 1113:15]
Clone found (yaml)
 - .staging/.github/workflows/learning-hub-updater.lock.yml [1167:1 - 1174:33] (8 lines, 111 tokens)
   .staging/.github/workflows/learning-hub-updater.lock.yml [1215:1 - 1222:30]
Clone found (yaml)
 - .staging/.github/workflows/learning-hub-updater.lock.yml [1187:42 - 1204:37] (18 lines, 172 tokens)
   .staging/.github/workflows/learning-hub-updater.lock.yml [1202:47 - 1218:32]
Clone found (yaml)
 - .staging/.github/workflows/pr-duplicate-check.lock.yml [104:80 - 111:15] (8 lines, 72 tokens)
   .staging/.github/workflows/pr-duplicate-check.lock.yml [427:118 - 434:15]
Clone found (yaml)
 - .staging/.github/workflows/pr-duplicate-check.lock.yml [104:80 - 111:15] (8 lines, 72 tokens)
   .staging/.github/workflows/pr-duplicate-check.lock.yml [1470:35 - 1477:15]
Clone found (yaml)
 - .staging/.github/workflows/pr-duplicate-check.lock.yml [140:1 - 146:15] (7 lines, 88 tokens)
   .staging/.github/workflows/pr-duplicate-check.lock.yml [1058:1 - 1064:15]
Clone found (yaml)
 - .staging/.github/workflows/pr-duplicate-check.lock.yml [1118:1 - 1125:33] (8 lines, 111 tokens)
   .staging/.github/workflows/pr-duplicate-check.lock.yml [1166:1 - 1173:30]
Clone found (yaml)
 - .staging/.github/workflows/pr-duplicate-check.lock.yml [1138:42 - 1155:37] (18 lines, 172 tokens)
   .staging/.github/workflows/pr-duplicate-check.lock.yml [1153:47 - 1169:32]
Clone found (yaml)
 - .staging/.github/workflows/pr-risk-scan-comment.yml [73:1 - 80:44] (8 lines, 72 tokens)
   .staging/.github/workflows/skill-check-comment.yml [200:1 - 207:44]
Clone found (yaml)
 - .staging/.github/workflows/pr-risk-scan-comment.yml [80:64 - 89:45] (10 lines, 74 tokens)
   .staging/.github/workflows/skill-check-comment.yml [207:50 - 216:45]
Clone found (yaml)
 - .staging/.github/workflows/pr-risk-scan-comment.yml [89:54 - 97:27] (9 lines, 68 tokens)
   .staging/.github/workflows/skill-check-comment.yml [216:44 - 224:27]
Clone found (yaml)
 - .staging/.github/workflows/resource-staleness-report.lock.yml [101:80 - 108:15] (8 lines, 72 tokens)
   .staging/.github/workflows/resource-staleness-report.lock.yml [409:118 - 416:15]
Clone found (yaml)
 - .staging/.github/workflows/resource-staleness-report.lock.yml [137:1 - 143:15] (7 lines, 88 tokens)
   .staging/.github/workflows/resource-staleness-report.lock.yml [1070:1 - 1076:15]
Clone found (yaml)
 - .staging/.github/workflows/resource-staleness-report.lock.yml [1130:1 - 1137:33] (8 lines, 111 tokens)
   .staging/.github/workflows/resource-staleness-report.lock.yml [1178:1 - 1185:30]
Clone found (yaml)
 - .staging/.github/workflows/resource-staleness-report.lock.yml [1150:42 - 1167:37] (18 lines, 172 tokens)
   .staging/.github/workflows/resource-staleness-report.lock.yml [1165:47 - 1181:32]
Clone found (markdown)
 - .staging/.opencode/commands/speckit.analyze.md:markdown [3:1 - 16:37] (14 lines, 60 tokens)
   .staging/.opencode/commands/speckit.clarify.md:markdown [3:1 - 16:37]
Clone found (markdown)
 - .staging/.opencode/commands/speckit.analyze.md:markdown [3:1 - 16:37] (14 lines, 60 tokens)
   .staging/.opencode/commands/speckit.constitution.md:markdown [3:1 - 16:37]
Clone found (markdown)
 - .staging/.opencode/commands/speckit.analyze.md:markdown [3:1 - 16:37] (14 lines, 60 tokens)
   .staging/.opencode/commands/speckit.plan.md:markdown [3:1 - 16:37]
Clone found (markdown)
 - .staging/.opencode/commands/speckit.analyze.md:markdown [3:1 - 16:37] (14 lines, 60 tokens)
   .staging/.opencode/commands/speckit.specify.md:markdown [3:1 - 16:37]
Clone found (markdown)
 - .staging/.opencode/commands/speckit.analyze.md:markdown [3:1 - 16:37] (14 lines, 60 tokens)
   .staging/.opencode/commands/speckit.tasks.md:markdown [3:1 - 16:37]
Clone found (markdown)
 - .staging/.opencode/commands/speckit.analyze.md:markdown [3:1 - 16:45] (14 lines, 61 tokens)
   .staging/.opencode/commands/speckit.taskstoissues.md:markdown [3:1 - 16:42]
Clone found (markdown)
 - .staging/.opencode/commands/speckit.analyze.md:markdown [4:1 - 16:37] (13 lines, 59 tokens)
   .staging/.opencode/commands/speckit.implement.md:markdown [4:1 - 16:37]
Clone found (markdown)
 - .staging/.opencode/commands/speckit.analyze.md:markdown [6:1 - 16:37] (11 lines, 58 tokens)
   .staging/.opencode/commands/speckit.checklist.md:markdown [27:1 - 37:37]
Clone found (markdown)
 - .staging/.opencode/commands/speckit.analyze.md:markdown [19:77 - 31:16] (13 lines, 267 tokens)
   .staging/.opencode/commands/speckit.analyze.md:markdown [209:76 - 221:16]
Clone found (markdown)
 - .staging/.opencode/commands/speckit.analyze.md:markdown [19:77 - 48:70] (30 lines, 405 tokens)
   .staging/.opencode/commands/speckit.checklist.md:markdown [40:79 - 69:70]
Clone found (markdown)
 - .staging/.opencode/commands/speckit.analyze.md:markdown [19:77 - 51:3] (33 lines, 413 tokens)
   .staging/.opencode/commands/speckit.checklist.md:markdown [342:78 - 372:88]
Clone found (markdown)
 - .staging/.opencode/commands/speckit.analyze.md:markdown [19:77 - 48:70] (30 lines, 405 tokens)
   .staging/.opencode/commands/speckit.clarify.md:markdown [19:77 - 48:70]
Clone found (markdown)
 - .staging/.opencode/commands/speckit.analyze.md:markdown [19:77 - 51:3] (33 lines, 413 tokens)
   .staging/.opencode/commands/speckit.clarify.md:markdown [224:76 - 254:88]
Clone found (markdown)
 - .staging/.opencode/commands/speckit.analyze.md:markdown [19:77 - 53:8] (35 lines, 448 tokens)
   .staging/.opencode/commands/speckit.constitution.md:markdown [19:82 - 53:11]
Clone found (markdown)
 - .staging/.opencode/commands/speckit.analyze.md:markdown [19:77 - 48:5] (30 lines, 381 tokens)
   .staging/.opencode/commands/speckit.implement.md:markdown [19:79 - 47:5]
Clone found (markdown)
 - .staging/.opencode/commands/speckit.analyze.md:markdown [19:77 - 55:10] (37 lines, 450 tokens)
   .staging/.opencode/commands/speckit.plan.md:markdown [19:74 - 55:4]
Clone found (markdown)
 - .staging/.opencode/commands/speckit.analyze.md:markdown [19:77 - 53:8] (35 lines, 448 tokens)
   .staging/.opencode/commands/speckit.specify.md:markdown [19:77 - 53:11]
Clone found (markdown)
 - .staging/.opencode/commands/speckit.analyze.md:markdown [19:77 - 55:89] (37 lines, 468 tokens)
   .staging/.opencode/commands/speckit.tasks.md:markdown [19:75 - 55:42]
Clone found (markdown)
 - .staging/.opencode/commands/speckit.analyze.md:markdown [19:77 - 59:23] (41 lines, 552 tokens)
   .staging/.opencode/commands/speckit.taskstoissues.md:markdown [19:83 - 56:4]
Clone found (markdown)
 - .staging/.opencode/commands/speckit.analyze.md:markdown [19:77 - 51:3] (33 lines, 413 tokens)
   .staging/.opencode/commands/speckit.taskstoissues.md:markdown [76:82 - 106:88]
Clone found (markdown)
 - .staging/.opencode/commands/speckit.analyze.md:markdown [31:20 - 44:17] (14 lines, 84 tokens)
   .staging/.opencode/commands/speckit.analyze.md:markdown [221:16 - 234:17]
Clone found (markdown)
 - .staging/.opencode/commands/speckit.clarify.md:markdown [44:25 - 55:5] (12 lines, 92 tokens)
   .staging/.opencode/commands/speckit.constitution.md:markdown [44:25 - 55:4]
Clone found (markdown)
 - .staging/.opencode/commands/speckit.clarify.md:markdown [48:1 - 53:11] (6 lines, 68 tokens)
   .staging/.opencode/commands/speckit.implement.md:markdown [48:1 - 53:11]
Clone found (markdown)
 - .staging/.opencode/commands/speckit.plan.md:markdown [71:76 - 101:91] (31 lines, 418 tokens)
   .staging/.opencode/commands/speckit.specify.md:markdown [238:79 - 268:91]
Clone found (markdown)
 - .staging/.opencode/commands/speckit.plan.md:markdown [71:76 - 101:91] (31 lines, 418 tokens)
   .staging/.opencode/commands/speckit.tasks.md:markdown [95:77 - 125:91]
Clone found (bash)
 - .staging/.specify/scripts/bash/common.sh [364:1 - 377:21] (14 lines, 189 tokens)
   .staging/.specify/scripts/bash/common.sh [452:1 - 465:21]
Clone found (markdown)
 - .staging/.specify/templates/spec-template.md:markdown [23:47 - 29:69] (7 lines, 71 tokens)
   .staging/.specify/templates/spec-template.md:markdown [38:47 - 44:69]
Clone found (markdown)
 - .staging/.specify/templates/spec-template.md:markdown [23:47 - 33:57] (11 lines, 120 tokens)
   .staging/.specify/templates/spec-template.md:markdown [52:47 - 64:4]
Clone found (markdown)
 - .staging/.specify/templates/spec-template.md:markdown [42:12 - 52:2] (11 lines, 98 tokens)
   .staging/.specify/templates/spec-template.md:markdown [56:12 - 66:2]
Clone found (markdown)
 - .staging/.specify/templates/tasks-template.md:markdown [102:49 - 108:26] (7 lines, 63 tokens)
   .staging/.specify/templates/tasks-template.md:markdown [124:49 - 130:26]
Clone found (json)
 - .staging/.vscode/extensions.json [1:1 - 62:2] (62 lines, 187 tokens)
   .staging/.vscode2/extensions.json [1:1 - 62:2]
Clone found (json)
 - .staging/.vscode/launch.json [1:1 - 26:2] (26 lines, 116 tokens)
   .staging/.vscode2/launch.json [1:1 - 26:2]
Clone found (json)
 - .staging/.vscode/settings.json [1:1 - 575:2] (575 lines, 3051 tokens)
   .staging/.vscode2/settings.json [1:1 - 575:2]
Clone found (json)
 - .staging/.vscode/tasks.json [1:1 - 86:2] (86 lines, 396 tokens)
   .staging/.vscode2/tasks.json [1:1 - 86:2]
Clone found (markdown)
 - .staging/devenvironment/.devcontainer/features/devtools/README.md:markdown [11:1 - 18:4] (8 lines, 72 tokens)
   .staging/devenvironment/.devcontainer/features/docker-proxy/README.md:markdown [15:1 - 22:4]
Clone found (yaml)
 - .staging/devenvironment/compose/docker-compose.yml [18:1 - 38:11] (21 lines, 77 tokens)
   .staging/devenvironment/compose/docker-compose2.yml [23:1 - 43:11]
Clone found (yaml)
 - .staging/devenvironment/compose/docker-compose.yml [48:36 - 59:51] (12 lines, 56 tokens)
   .staging/devenvironment/compose/docker-compose2.yml [53:11 - 64:51]
Clone found (yaml)
 - .staging/devenvironment/compose/docker-compose.yml [48:47 - 57:16] (10 lines, 54 tokens)
   .staging/devenvironment/realm/ui/universal.base.yml [38:22 - 47:16]
Clone found (yaml)
 - .staging/devenvironment/containers/caddy/caddy copy.yml [1:1 - 54:33] (54 lines, 288 tokens)
   .staging/devenvironment/containers/caddy/caddy.yml [1:1 - 54:33]
Clone found (python)
 - .staging/devenvironment/containers/services/api/src/app/api/routes/maps.py [181:45 - 187:53] (7 lines, 87 tokens)
   .staging/devenvironment/containers/services/api/src/app/api/routes/maps.py [201:45 - 207:53]
Clone found (python)
 - .staging/devenvironment/containers/services/api/src/app/api/routes/messages.py [65:36 - 71:13] (7 lines, 57 tokens)
   .staging/devenvironment/containers/services/api/src/app/api/routes/messages.py [78:43 - 84:13]
Clone found (python)
 - .staging/devenvironment/containers/services/api/src/app/api/routes/messages.py [107:59 - 113:53] (7 lines, 89 tokens)
   .staging/devenvironment/containers/services/api/src/app/api/routes/messages.py [126:50 - 132:53]
Clone found (python)
 - .staging/devenvironment/containers/services/api/src/app/api/routes/messages.py [107:59 - 113:53] (7 lines, 89 tokens)
   .staging/devenvironment/containers/services/api/src/app/api/routes/messages.py [146:64 - 152:53]
Clone found (python)
 - .staging/devenvironment/containers/services/api/src/app/db/entities/map.py [18:10 - 30:6] (13 lines, 101 tokens)
   .staging/devenvironment/containers/services/api/src/app/db/entities/message.py [12:12 - 25:6]
Clone found (python)
 - .staging/devenvironment/containers/services/api/src/app/extensions/csp_middleware.py [19:39 - 25:15] (7 lines, 51 tokens)
   .staging/devenvironment/containers/services/api/src/app/extensions/powered_by_middleware.py [15:51 - 21:15]
Clone found (python)
 - .staging/devenvironment/containers/services/api/src/app/infrastructure/maps/dao.py [41:46 - 46:15] (6 lines, 54 tokens)
   .staging/devenvironment/containers/services/api/src/app/infrastructure/maps/dao.py [48:76 - 53:15]
Clone found (python)
 - .staging/devenvironment/containers/services/api/tests/api/test_middleware.py [85:79 - 95:16] (11 lines, 69 tokens)
   .staging/devenvironment/containers/services/api/tests/api/test_middleware.py [99:79 - 109:16]
Clone found (python)
 - .staging/devenvironment/containers/services/api/tests/api/test_middleware.py [85:79 - 95:16] (11 lines, 69 tokens)
   .staging/devenvironment/containers/services/api/tests/api/test_middleware.py [151:72 - 161:16]
Clone found (python)
 - .staging/devenvironment/containers/services/api/tests/services/test_map_service.py [43:43 - 48:33] (6 lines, 50 tokens)
   .staging/devenvironment/containers/services/api/tests/services/test_map_service.py [57:43 - 62:33]
Clone found (json)
 - .staging/devenvironment/containers/services/keycloak/realms/development-realm.json [755:40 - 776:49] (22 lines, 128 tokens)
   .staging/devenvironment/containers/services/keycloak/realms/development-realm.json [800:48 - 821:49]
Clone found (json)
 - .staging/devenvironment/containers/services/keycloak/realms/development-realm.json [763:28 - 776:17] (14 lines, 74 tokens)
   .staging/devenvironment/containers/services/keycloak/realms/development-realm.json [1046:31 - 1059:17]
Clone found (json)
 - .staging/devenvironment/containers/services/keycloak/realms/development-realm.json [777:1 - 798:19] (22 lines, 77 tokens)
   .staging/devenvironment/containers/services/keycloak/realms/development-realm.json [918:1 - 939:19]
Clone found (json)
 - .staging/devenvironment/containers/services/keycloak/realms/development-realm.json [779:38 - 798:19] (20 lines, 62 tokens)
   .staging/devenvironment/containers/services/keycloak/realms/development-realm.json [878:37 - 897:19]
Clone found (json)
 - .staging/devenvironment/containers/services/keycloak/realms/development-realm.json [780:43 - 798:19] (19 lines, 56 tokens)
   .staging/devenvironment/containers/services/keycloak/realms/development-realm.json [836:14 - 854:19]
Clone found (json)
 - .staging/devenvironment/containers/services/keycloak/realms/development-realm.json [834:32 - 852:10] (19 lines, 54 tokens)
   .staging/devenvironment/containers/services/keycloak/realms/development-realm.json [1081:21 - 1099:10]
Clone found (json)
 - .staging/devenvironment/containers/services/keycloak/realms/development-realm.json [899:39 - 939:19] (41 lines, 186 tokens)
   .staging/devenvironment/containers/services/keycloak/realms/development-realm.json [996:49 - 1036:19]
Clone found (json)
 - .staging/devenvironment/containers/services/keycloak/realms/development-realm.json [1068:65 - 1082:18] (15 lines, 75 tokens)
   .staging/devenvironment/containers/services/keycloak/realms/development-realm.json [1319:65 - 1333:18]
Clone found (json)
 - .staging/devenvironment/containers/services/keycloak/realms/development-realm.json [1291:39 - 1301:39] (11 lines, 58 tokens)
   .staging/devenvironment/containers/services/keycloak/realms/development-realm.json [1764:34 - 1774:39]
Clone found (json)
 - .staging/devenvironment/containers/services/keycloak/realms/development-realm.json [1986:62 - 1998:34] (13 lines, 63 tokens)
   .staging/devenvironment/containers/services/keycloak/realms/development-realm.json [2212:65 - 2224:34]
Clone found (json)
 - .staging/devenvironment/containers/services/keycloak/realms/development-realm.json [2005:49 - 2020:38] (16 lines, 76 tokens)
   .staging/devenvironment/containers/services/keycloak/realms/development-realm.json [2057:54 - 2072:38]
Clone found (json)
 - .staging/devenvironment/containers/services/keycloak/realms/development-realm.json [2005:49 - 2030:19] (26 lines, 120 tokens)
   .staging/devenvironment/containers/services/keycloak/realms/development-realm.json [2109:60 - 2134:19]
Clone found (json)
 - .staging/devenvironment/containers/services/keycloak/realms/development-realm.json [2006:93 - 2020:38] (15 lines, 70 tokens)
   .staging/devenvironment/containers/services/keycloak/realms/development-realm.json [2032:102 - 2046:38]
Clone found (json)
 - .staging/devenvironment/containers/services/keycloak/realms/development-realm.json [2006:93 - 2020:38] (15 lines, 70 tokens)
   .staging/devenvironment/containers/services/keycloak/realms/development-realm.json [2084:113 - 2098:38]
Clone found (json)
 - .staging/devenvironment/containers/services/keycloak/realms/development-realm.json [2006:93 - 2020:38] (15 lines, 70 tokens)
   .staging/devenvironment/containers/services/keycloak/realms/development-realm.json [2179:108 - 2193:38]
Clone found (json)
 - .staging/devenvironment/containers/services/keycloak/realms/development-realm.json [2142:56 - 2154:34] (13 lines, 63 tokens)
   .staging/devenvironment/containers/services/keycloak/realms/development-realm.json [2409:58 - 2421:34]
Clone found (json)
 - .staging/devenvironment/containers/services/keycloak/realms/development-realm.json [2238:66 - 2250:34] (13 lines, 63 tokens)
   .staging/devenvironment/containers/services/keycloak/realms/development-realm.json [2443:67 - 2455:34]
Clone found (bash)
 - .staging/devenvironment/containers/services/keycloak/scripts/create-roles.sh [21:1 - 33:2] (13 lines, 53 tokens)
   .staging/devenvironment/containers/services/keycloak/scripts/create-test-users.sh [21:1 - 33:2]
Clone found (toml)
 - .staging/devenvironment/realm/pyproject.toml [30:1 - 43:21] (14 lines, 51 tokens)
   .staging/devenvironment/realm/pyproject.toml [269:1 - 282:21]
Clone found (toml)
 - .staging/devenvironment/realm/pyproject.toml [51:1 - 67:33] (17 lines, 53 tokens)
   .staging/devenvironment/realm/pyproject.toml [302:1 - 318:33]
Clone found (typescript)
 - .staging/react-template/universal/apps/ui/src/api/user.ts [14:37 - 22:92] (9 lines, 51 tokens)
   .staging/react-template/universal/apps/ui/src/utils/request.ts [32:32 - 40:92]
Clone found (typescript)
 - .staging/react-template/universal/apps/ui/src/api/user.ts [25:59 - 36:23] (12 lines, 55 tokens)
   .staging/react-template/universal/apps/ui/src/utils/request.ts [43:58 - 52:23]
Clone found (typescript)
 - .staging/react-template/universal/apps/ui/src/components/kepler/Map/Map.types.ts [1:22 - 11:53] (11 lines, 92 tokens)
   .staging/react-template/universal/apps/ui/src/pages/HomePage/HomePage.types.ts [1:27 - 11:53]
Clone found (markdown)
 - .staging/specs2/architecture/domain/ontology.spec.md:markdown [21:152 - 31:76] (11 lines, 52 tokens)
   .staging/specs2/architecture/domain/personal-model.spec.md:markdown [28:67 - 38:76]
Clone found (markdown)
 - .staging/specs2/architecture/domain/ontology.spec.md:markdown [21:152 - 37:16] (17 lines, 75 tokens)
   .staging/specs2/architecture/experience/design-system.spec.md:markdown [29:59 - 46:17]
Clone found (markdown)
 - .staging/specs2/architecture/domain/ontology.spec.md:markdown [21:152 - 37:16] (17 lines, 75 tokens)
   .staging/specs2/architecture/experience/design.spec.md:markdown [29:28 - 46:17]
Clone found (markdown)
 - .staging/specs2/architecture/domain/ontology.spec.md:markdown [21:152 - 37:16] (17 lines, 75 tokens)
   .staging/specs2/architecture/foundation/architecture.spec.md:markdown [30:8 - 47:17]
Clone found (markdown)
 - .staging/specs2/architecture/domain/ontology.spec.md:markdown [21:152 - 37:16] (17 lines, 75 tokens)
   .staging/specs2/architecture/foundation/foundations.spec.md:markdown [29:65 - 46:17]
Clone found (markdown)
 - .staging/specs2/architecture/domain/ontology.spec.md:markdown [21:152 - 37:16] (17 lines, 75 tokens)
   .staging/specs2/architecture/foundation/roadmap.spec.md:markdown [29:63 - 46:17]
Clone found (markdown)
 - .staging/specs2/architecture/domain/ontology.spec.md:markdown [21:152 - 37:16] (17 lines, 75 tokens)
   .staging/specs2/architecture/foundation/system.spec.md:markdown [28:46 - 45:17]
Clone found (markdown)
 - .staging/specs2/architecture/domain/ontology.spec.md:markdown [21:152 - 37:16] (17 lines, 75 tokens)
   .staging/specs2/architecture/identity/principles.spec.md:markdown [31:7 - 48:17]
Clone found (markdown)
 - .staging/specs2/architecture/domain/ontology.spec.md:markdown [21:152 - 37:16] (17 lines, 75 tokens)
   .staging/specs2/architecture/identity/purpose.spec.md:markdown [29:35 - 46:17]
Clone found (markdown)
 - .staging/specs2/architecture/domain/ontology.spec.md:markdown [21:152 - 37:16] (17 lines, 75 tokens)
   .staging/specs2/architecture/meta/epistemology.spec.md:markdown [31:48 - 48:17]
Clone found (markdown)
 - .staging/specs2/architecture/domain/ontology.spec.md:markdown [21:152 - 37:16] (17 lines, 75 tokens)
   .staging/specs2/architecture/meta/meta.spec.md:markdown [27:68 - 44:17]
Clone found (markdown)
 - .staging/specs2/architecture/domain/ontology.spec.md:markdown [23:1 - 37:16] (15 lines, 74 tokens)
   .staging/specs2/architecture/governance/decisions.spec.md:markdown [30:1 - 45:17]
Clone found (markdown)
 - .staging/specs2/architecture/domain/ontology.spec.md:markdown [23:1 - 37:16] (15 lines, 74 tokens)
   .staging/specs2/architecture/identity/manifesto.spec.md:markdown [33:1 - 48:17]
Clone found (markdown)
 - .staging/specs2/architecture/domain/ontology.spec.md:markdown [264:36 - 272:31] (9 lines, 65 tokens)
   .staging/specs2/architecture/identity/principles.spec.md:markdown [297:53 - 305:31]
Clone found (markdown)
 - .staging/specs2/architecture/domain/ontology.spec.md:markdown [265:50 - 272:38] (8 lines, 51 tokens)
   .staging/specs2/architecture/domain/personal-model.spec.md:markdown [302:54 - 309:38]
Clone found (markdown)
 - .staging/specs2/architecture/domain/ontology.spec.md:markdown [265:50 - 273:31] (9 lines, 69 tokens)
   .staging/specs2/architecture/experience/design.spec.md:markdown [292:59 - 300:31]
Clone found (markdown)
 - .staging/specs2/architecture/domain/ontology.spec.md:markdown [265:33 - 273:18] (9 lines, 71 tokens)
   .staging/specs2/architecture/foundation/system.spec.md:markdown [301:38 - 309:31]
Clone found (markdown)
 - .staging/specs2/architecture/domain/personal-model.spec.md:markdown [301:72 - 309:38] (9 lines, 65 tokens)
   .staging/specs2/architecture/foundation/foundations.spec.md:markdown [278:58 - 286:42]
Clone found (markdown)
 - .staging/specs2/architecture/domain/personal-model.spec.md:markdown [302:15 - 309:31] (8 lines, 57 tokens)
   .staging/specs2/architecture/foundation/architecture.spec.md:markdown [299:19 - 306:31]
Clone found (markdown)
 - .staging/specs2/architecture/experience/design-system.spec.md:markdown [29:45 - 46:17] (18 lines, 76 tokens)
   .staging/specs2/architecture/identity/pillars.spec.md:markdown [31:1 - 48:17]
Clone found (markdown)
 - .staging/specs2/architecture/experience/design-system.spec.md:markdown [29:44 - 46:17] (18 lines, 77 tokens)
   .staging/specs2/architecture/identity/vision.spec.md:markdown [28:56 - 45:17]
Clone found (markdown)
 - .staging/specs2/architecture/foundation/architecture.spec.md:markdown [30:1 - 47:17] (18 lines, 76 tokens)
   .staging/specs2/architecture/foundation/methodology.spec.md:markdown [28:28 - 45:17]
Clone found (markdown)
 - .staging/specs2/architecture/foundation/architecture.spec.md:markdown [86:71 - 96:43] (11 lines, 69 tokens)
   egolint/.agents/specs/architecture/foundation/architecture.spec.md:markdown [99:73 - 109:43]
Clone found (markdown)
 - .staging/specs2/architecture/foundation/methodology.spec.md:markdown [226:9 - 240:3] (15 lines, 56 tokens)
   .staging/specs2/architecture/identity/manifesto.spec.md:markdown [220:18 - 234:3]
Clone found (markdown)
 - .staging/specs2/architecture/foundation/roadmap.spec.md:markdown [145:1 - 154:4] (10 lines, 50 tokens)
   egolint/.agents/specs/architecture/foundation/architecture.spec.md:markdown [168:1 - 177:4]
Clone found (markdown)
 - .staging/specs2/architecture/foundation/roadmap.spec.md:markdown [145:1 - 154:20] (10 lines, 54 tokens)
   egolint/.agents/specs/architecture/foundation/roadmap.spec.md:markdown [153:1 - 162:20]
Clone found (markdown)
 - .staging/specs2/architecture/foundation/roadmap.spec.md:markdown [226:1 - 233:20] (8 lines, 50 tokens)
   egolint/.agents/specs/architecture/foundation/roadmap.spec.md:markdown [227:1 - 234:20]
Clone found (markdown)
 - .staging/specs2/architecture/foundation/roadmap.spec.md:markdown [289:10 - 297:31] (9 lines, 63 tokens)
   .staging/specs2/architecture/identity/purpose.spec.md:markdown [288:21 - 296:31]
Clone found (markdown)
 - .staging/specs2/architecture/foundation/system.spec.md:markdown [13:1 - 20:44] (8 lines, 54 tokens)
   egolint/.agents/specs/architecture/foundation/system.spec.md:markdown [28:1 - 35:44]
Clone found (markdown)
 - .staging/specs2/architecture/foundation/system.spec.md:markdown [149:1 - 159:13] (11 lines, 53 tokens)
   egolint/.agents/specs/architecture/foundation/system.spec.md:markdown [165:1 - 175:13]
Clone found (markdown)
 - .staging/specs2/architecture/foundation/system.spec.md:markdown [184:60 - 192:32] (9 lines, 72 tokens)
   egolint/.agents/specs/architecture/foundation/system.spec.md:markdown [198:60 - 206:32]
Clone found (markdown)
 - .staging/specs2/architecture/foundation/system.spec.md:markdown [233:1 - 244:3] (12 lines, 60 tokens)
   egolint/.agents/specs/architecture/foundation/system.spec.md:markdown [237:1 - 248:3]
Clone found (markdown)
 - .staging/specs2/architecture/governance/decisions.spec.md:markdown [284:62 - 292:42] (9 lines, 65 tokens)
   .staging/specs2/architecture/meta/ai-constitution.spec.md:markdown [295:76 - 303:42]
Clone found (markdown)
 - .staging/specs2/architecture/identity/manifesto.spec.md:markdown [281:63 - 290:40] (10 lines, 83 tokens)
   .staging/specs2/architecture/identity/pillars.spec.md:markdown [290:53 - 299:40]
Clone found (markdown)
 - .staging/specs2/architecture/identity/manifesto.spec.md:markdown [281:63 - 291:42] (11 lines, 101 tokens)
   .staging/specs2/architecture/identity/principles.spec.md:markdown [298:62 - 308:40]
Clone found (markdown)
 - .staging/specs2/architecture/identity/pillars.spec.md:markdown [224:48 - 235:18] (12 lines, 53 tokens)
   .staging/specs2/architecture/meta/ai-constitution.spec.md:markdown [230:64 - 241:18]
Clone found (markdown)
 - .staging/specs2/architecture/identity/pillars.spec.md:markdown [290:30 - 298:40] (9 lines, 71 tokens)
   .staging/specs2/architecture/identity/vision.spec.md:markdown [285:33 - 293:40]
Clone found (markdown)
 - .staging/specs2/architecture/identity/principles.spec.md:markdown [31:1 - 48:17] (18 lines, 76 tokens)
   .staging/specs2/architecture/meta/ai-constitution.spec.md:markdown [33:1 - 50:17]
Clone found (markdown)
 - .staging/specs2/artifact-agent.spec.md:markdown [6:33 - 17:13] (12 lines, 80 tokens)
   .staging/specs2/artifact-documentation.spec.md:markdown [6:41 - 17:13]
Clone found (markdown)
 - .staging/specs2/artifact-agent.spec.md:markdown [6:33 - 17:16] (12 lines, 82 tokens)
   .staging/specs2/artifact-domain.spec.md:markdown [6:34 - 17:15]
Clone found (markdown)
 - .staging/specs2/artifact-agent.spec.md:markdown [6:33 - 17:16] (12 lines, 82 tokens)
   .staging/specs2/artifact-practice.spec.md:markdown [6:36 - 17:15]
Clone found (markdown)
 - .staging/specs2/artifact-agent.spec.md:markdown [6:33 - 17:16] (12 lines, 82 tokens)
   .staging/specs2/artifact-research.spec.md:markdown [6:36 - 17:15]
Clone found (markdown)
 - .staging/specs2/artifact-agent.spec.md:markdown [6:33 - 17:16] (12 lines, 82 tokens)
   .staging/specs2/artifact-schema.spec.md:markdown [6:34 - 17:15]
Clone found (markdown)
 - .staging/specs2/artifact-agent.spec.md:markdown [6:33 - 17:16] (12 lines, 82 tokens)
   .staging/specs2/artifact-specification.spec.md:markdown [6:41 - 17:15]
Clone found (markdown)
 - .staging/specs2/artifact-agent.spec.md:markdown [191:83 - 199:3] (9 lines, 50 tokens)
   .staging/specs2/artifact-domain.spec.md:markdown [149:68 - 157:3]
Clone found (markdown)
 - .staging/specs2/artifact-agent.spec.md:markdown [214:74 - 222:10] (9 lines, 61 tokens)
   .staging/specs2/artifact-documentation.spec.md:markdown [218:84 - 226:10]
Clone found (markdown)
 - .staging/specs2/artifact-agent.spec.md:markdown [214:97 - 222:10] (9 lines, 55 tokens)
   .staging/specs2/artifact-domain.spec.md:markdown [169:75 - 177:10]
Clone found (markdown)
 - .staging/specs2/artifact-agent.spec.md:markdown [214:97 - 222:10] (9 lines, 55 tokens)
   .staging/specs2/artifact-research.spec.md:markdown [187:82 - 195:10]
Clone found (markdown)
 - .staging/specs2/artifact-agent.spec.md:markdown [214:55 - 222:10] (9 lines, 66 tokens)
   .staging/specs2/artifact-schema.spec.md:markdown [189:62 - 197:10]
Clone found (markdown)
 - .staging/specs2/artifact-agent.spec.md:markdown [214:97 - 222:10] (9 lines, 55 tokens)
   .staging/specs2/artifact-specification.spec.md:markdown [210:82 - 218:10]
Clone found (markdown)
 - .staging/specs2/artifact-domain.spec.md:markdown [29:57 - 36:22] (8 lines, 52 tokens)
   .staging/specs2/domain-framework.spec.md:markdown [29:79 - 36:22]
Clone found (markdown)
 - .staging/specs2/artifact-domain.spec.md:markdown [144:19 - 149:44] (6 lines, 62 tokens)
   .staging/specs2/artifact-practice.spec.md:markdown [159:21 - 164:44]
Clone found (markdown)
 - .staging/specs2/artifact-domain.spec.md:markdown [149:50 - 157:29] (9 lines, 65 tokens)
   .staging/specs2/artifact-practice.spec.md:markdown [164:52 - 172:29]
Clone found (markdown)
 - .staging/specs2/artifact-domain.spec.md:markdown [149:60 - 157:45] (9 lines, 66 tokens)
   .staging/specs2/artifact-specification.spec.md:markdown [188:52 - 196:39]
Clone found (markdown)
 - .staging/specs2/artifact-domain.spec.md:markdown [157:35 - 166:7] (10 lines, 96 tokens)
   .staging/specs2/artifact-practice.spec.md:markdown [172:37 - 181:7]
Clone found (markdown)
 - .staging/specs2/artifact-domain.spec.md:markdown [168:32 - 177:10] (10 lines, 95 tokens)
   .staging/specs2/artifact-practice.spec.md:markdown [183:30 - 192:10]
Clone found (markdown)
 - .staging/specs2/artifact-practice.spec.md:markdown [29:59 - 36:22] (8 lines, 53 tokens)
   .staging/specs2/practice-framework.spec.md:markdown [29:67 - 36:22]
Clone found (markdown)
 - .staging/specs2/auditor.spec.md:markdown [379:1 - 401:4] (23 lines, 71 tokens)
   egolint/.agents/skills/quality/audit-repository/templates/AUDIT.template.md:markdown [18:1 - 40:4]
Clone found (markdown)
 - .staging/specs2/build-pipeline.spec.md:markdown [6:33 - 17:12] (12 lines, 80 tokens)
   .staging/specs2/design-system.spec.md:markdown [6:32 - 17:12]
Clone found (markdown)
 - .staging/specs2/build-pipeline.spec.md:markdown [6:33 - 17:12] (12 lines, 80 tokens)
   .staging/specs2/domain-framework.spec.md:markdown [6:35 - 17:12]
Clone found (markdown)
 - .staging/specs2/build-pipeline.spec.md:markdown [6:33 - 17:15] (12 lines, 82 tokens)
   .staging/specs2/flutter-application-foundation.spec.md:markdown [6:49 - 17:22]
Clone found (markdown)
 - .staging/specs2/build-pipeline.spec.md:markdown [6:33 - 17:12] (12 lines, 80 tokens)
   .staging/specs2/offline-first-storage.spec.md:markdown [6:40 - 17:12]
Clone found (markdown)
 - .staging/specs2/build-pipeline.spec.md:markdown [6:33 - 17:12] (12 lines, 80 tokens)
   .staging/specs2/routing-navigation.spec.md:markdown [6:37 - 17:12]
Clone found (markdown)
 - .staging/specs2/build-pipeline.spec.md:markdown [6:33 - 17:12] (12 lines, 80 tokens)
   .staging/specs2/testing-strategy.spec.md:markdown [6:35 - 17:12]
Clone found (markdown)
 - .staging/specs2/domain-framework.spec.md:markdown [6:25 - 17:8] (12 lines, 80 tokens)
   .staging/specs2/insight-framework.spec.md:markdown [6:26 - 17:8]
Clone found (markdown)
 - .staging/specs2/domain-framework.spec.md:markdown [6:25 - 17:12] (12 lines, 82 tokens)
   .staging/specs2/practice-framework.spec.md:markdown [6:27 - 17:12]
Clone found (markdown)
 - .staging/specs2/insight-framework.spec.md:markdown [199:1 - 206:28] (8 lines, 67 tokens)
   .staging/specs2/practice-framework.spec.md:markdown [192:1 - 199:28]
Clone found (yaml)
 - .staging/tasks/agents.yml [23:15 - 28:16] (6 lines, 60 tokens)
   .staging/tasks/agents.yml [32:23 - 37:16]
Clone found (txt)
 - .staging/vite.corpus.txt [2:6 - 19:11] (18 lines, 190 tokens)
   .staging/vite.corpus.txt [44:4 - 48:30]
Clone found (txt)
 - .staging/vite.corpus.txt [2:43 - 44:28] (43 lines, 407 tokens)
   .staging/vite.corpus.txt [48:36 - 90:28]
Clone found (txt)
 - .staging/vite.corpus.txt [2:43 - 95:38] (94 lines, 1225 tokens)
   .staging/vite.corpus.txt [435:46 - 587:14]
Clone found (txt)
 - .staging/vite.corpus.txt [2:43 - 28:24] (27 lines, 224 tokens)
   .staging/vite.corpus.txt [665:19 - 691:24]
Clone found (txt)
 - .staging/vite.corpus.txt [2:43 - 38:24] (37 lines, 295 tokens)
   .staging/vite.corpus.txt [1733:48 - 1760:23]
Clone found (txt)
 - .staging/vite.corpus.txt [22:7 - 31:44] (10 lines, 50 tokens)
   .staging/vite.corpus.txt [1821:21 - 1830:44]
Clone found (txt)
 - .staging/vite.corpus.txt [29:1 - 44:11] (16 lines, 177 tokens)
   .staging/vite.corpus.txt [692:1 - 707:11]
Clone found (txt)
 - .staging/vite.corpus.txt [48:6 - 62:15] (15 lines, 184 tokens)
   .staging/vite.corpus.txt [90:4 - 94:13]
Clone found (txt)
 - .staging/vite.corpus.txt [94:6 - 112:7] (19 lines, 188 tokens)
   .staging/vite.corpus.txt [121:4 - 125:19]
Clone found (txt)
 - .staging/vite.corpus.txt [94:13 - 121:17] (28 lines, 306 tokens)
   .staging/vite.corpus.txt [1243:31 - 1270:23]
Clone found (txt)
 - .staging/vite.corpus.txt [94:24 - 121:11] (28 lines, 300 tokens)
   .staging/vite.corpus.txt [2184:13 - 2211:11]
Clone found (txt)
 - .staging/vite.corpus.txt [125:6 - 132:57] (8 lines, 180 tokens)
   .staging/vite.corpus.txt [338:4 - 342:19]
Clone found (txt)
 - .staging/vite.corpus.txt [281:1 - 338:17] (58 lines, 343 tokens)
   .staging/vite.corpus.txt [590:1 - 647:17]
Clone found (txt)
 - .staging/vite.corpus.txt [342:6 - 350:48] (9 lines, 180 tokens)
   .staging/vite.corpus.txt [351:4 - 355:19]
Clone found (txt)
 - .staging/vite.corpus.txt [342:13 - 351:30] (10 lines, 220 tokens)
   .staging/vite.corpus.txt [1274:31 - 1283:35]
Clone found (txt)
 - .staging/vite.corpus.txt [355:6 - 375:16] (21 lines, 184 tokens)
   .staging/vite.corpus.txt [395:4 - 399:28]
Clone found (txt)
 - .staging/vite.corpus.txt [355:13 - 395:33] (41 lines, 379 tokens)
   .staging/vite.corpus.txt [1287:31 - 1327:35]
Clone found (txt)
 - .staging/vite.corpus.txt [389:8 - 395:26] (7 lines, 107 tokens)
   .staging/vite.corpus.txt [425:19 - 431:26]
Clone found (txt)
 - .staging/vite.corpus.txt [399:6 - 419:15] (21 lines, 182 tokens)
   .staging/vite.corpus.txt [431:4 - 435:19]
Clone found (txt)
 - .staging/vite.corpus.txt [399:13 - 431:37] (33 lines, 337 tokens)
   .staging/vite.corpus.txt [1331:31 - 1363:44]
Clone found (txt)
 - .staging/vite.corpus.txt [435:6 - 442:55] (8 lines, 184 tokens)
   .staging/vite.corpus.txt [647:4 - 651:13]
Clone found (txt)
 - .staging/vite.corpus.txt [435:13 - 647:31] (213 lines, 1593 tokens)
   .staging/vite.corpus.txt [1367:31 - 1579:35]
Clone found (txt)
 - .staging/vite.corpus.txt [651:6 - 660:40] (10 lines, 178 tokens)
   .staging/vite.corpus.txt [661:4 - 665:13]
Clone found (txt)
 - .staging/vite.corpus.txt [665:6 - 679:15] (15 lines, 176 tokens)
   .staging/vite.corpus.txt [707:4 - 711:13]
Clone found (txt)
 - .staging/vite.corpus.txt [711:6 - 726:3] (16 lines, 184 tokens)
   .staging/vite.corpus.txt [745:4 - 749:13]
Clone found (txt)
 - .staging/vite.corpus.txt [740:30 - 745:11] (6 lines, 98 tokens)
   .staging/vite.corpus.txt [782:14 - 787:11]
Clone found (txt)
 - .staging/vite.corpus.txt [740:36 - 745:24] (6 lines, 99 tokens)
   .staging/vite.corpus.txt [824:28 - 829:22]
Clone found (txt)
 - .staging/vite.corpus.txt [740:36 - 745:11] (6 lines, 95 tokens)
   .staging/vite.corpus.txt [1044:66 - 1049:11]
Clone found (txt)
 - .staging/vite.corpus.txt [749:6 - 763:3] (15 lines, 186 tokens)
   .staging/vite.corpus.txt [787:4 - 791:24]
Clone found (txt)
 - .staging/vite.corpus.txt [791:6 - 808:17] (18 lines, 184 tokens)
   .staging/vite.corpus.txt [829:4 - 833:17]
Clone found (txt)
 - .staging/vite.corpus.txt [833:6 - 846:11] (14 lines, 178 tokens)
   .staging/vite.corpus.txt [899:4 - 903:13]
Clone found (txt)
 - .staging/vite.corpus.txt [903:6 - 914:61] (12 lines, 178 tokens)
   .staging/vite.corpus.txt [948:4 - 952:13]
Clone found (txt)
 - .staging/vite.corpus.txt [952:6 - 967:10] (16 lines, 180 tokens)
   .staging/vite.corpus.txt [978:4 - 982:13]
Clone found (txt)
 - .staging/vite.corpus.txt [973:44 - 978:11] (6 lines, 94 tokens)
   .staging/vite.corpus.txt [2238:8 - 2243:11]
Clone found (txt)
 - .staging/vite.corpus.txt [982:6 - 997:25] (16 lines, 178 tokens)
   .staging/vite.corpus.txt [1049:4 - 1053:13]
Clone found (txt)
 - .staging/vite.corpus.txt [1053:6 - 1065:46] (13 lines, 180 tokens)
   .staging/vite.corpus.txt [1089:4 - 1093:13]
Clone found (txt)
 - .staging/vite.corpus.txt [1093:6 - 1104:42] (12 lines, 186 tokens)
   .staging/vite.corpus.txt [1239:4 - 1243:25]
Clone found (txt)
 - .staging/vite.corpus.txt [1093:33 - 1239:32] (147 lines, 1175 tokens)
   .staging/vite.corpus.txt [1583:30 - 1729:29]
Clone found (txt)
 - .staging/vite.corpus.txt [1093:51 - 1109:44] (17 lines, 218 tokens)
   .staging/vite.corpus.txt [1895:28 - 1911:44]
Clone found (txt)
 - .staging/vite.corpus.txt [1093:34 - 1239:22] (147 lines, 1171 tokens)
   .staging/vite.corpus.txt [2034:13 - 2180:20]
Clone found (txt)
 - .staging/vite.corpus.txt [1111:44 - 1128:48] (18 lines, 196 tokens)
   .staging/vite.corpus.txt [1911:43 - 1928:48]
Clone found (txt)
 - .staging/vite.corpus.txt [1138:1 - 1155:9] (18 lines, 119 tokens)
   .staging/vite.corpus.txt [1932:1 - 1949:9]
Clone found (txt)
 - .staging/vite.corpus.txt [1167:1 - 1182:9] (16 lines, 103 tokens)
   .staging/vite.corpus.txt [1957:1 - 1974:9]
Clone found (txt)
 - .staging/vite.corpus.txt [1197:1 - 1239:11] (43 lines, 282 tokens)
   .staging/vite.corpus.txt [1986:1 - 2030:11]
Clone found (txt)
 - .staging/vite.corpus.txt [1243:6 - 1262:5] (20 lines, 196 tokens)
   .staging/vite.corpus.txt [1270:4 - 1274:37]
Clone found (txt)
 - .staging/vite.corpus.txt [1274:6 - 1282:52] (9 lines, 188 tokens)
   .staging/vite.corpus.txt [1283:4 - 1287:37]
Clone found (txt)
 - .staging/vite.corpus.txt [1287:6 - 1307:23] (21 lines, 192 tokens)
   .staging/vite.corpus.txt [1327:4 - 1331:46]
Clone found (txt)
 - .staging/vite.corpus.txt [1331:6 - 1351:22] (21 lines, 190 tokens)
   .staging/vite.corpus.txt [1363:4 - 1367:37]
Clone found (txt)
 - .staging/vite.corpus.txt [1367:6 - 1374:59] (8 lines, 192 tokens)
   .staging/vite.corpus.txt [1579:4 - 1583:31]
Clone found (txt)
 - .staging/vite.corpus.txt [1583:6 - 1594:42] (12 lines, 186 tokens)
   .staging/vite.corpus.txt [1729:4 - 1733:25]
Clone found (txt)
 - .staging/vite.corpus.txt [1733:6 - 1751:5] (19 lines, 184 tokens)
   .staging/vite.corpus.txt [1760:4 - 1764:13]
Clone found (txt)
 - .staging/vite.corpus.txt [1733:25 - 1760:11] (28 lines, 300 tokens)
   .staging/vite.corpus.txt [1864:13 - 1891:11]
Clone found (txt)
 - .staging/vite.corpus.txt [1764:6 - 1777:11] (14 lines, 178 tokens)
   .staging/vite.corpus.txt [1787:4 - 1791:13]
Clone found (txt)
 - .staging/vite.corpus.txt [1791:6 - 1801:44] (11 lines, 180 tokens)
   .staging/vite.corpus.txt [1836:4 - 1840:13]
Clone found (txt)
 - .staging/vite.corpus.txt [1840:6 - 1855:46] (16 lines, 184 tokens)
   .staging/vite.corpus.txt [1860:4 - 1864:13]
Clone found (txt)
 - .staging/vite.corpus.txt [1864:6 - 1882:5] (19 lines, 182 tokens)
   .staging/vite.corpus.txt [1891:4 - 1895:13]
Clone found (txt)
 - .staging/vite.corpus.txt [1895:6 - 1906:25] (12 lines, 179 tokens)
   .staging/vite.corpus.txt [2030:4 - 2034:22]
Clone found (txt)
 - .staging/vite.corpus.txt [2034:6 - 2045:24] (12 lines, 180 tokens)
   .staging/vite.corpus.txt [2180:4 - 2184:13]
Clone found (txt)
 - .staging/vite.corpus.txt [2184:6 - 2202:5] (19 lines, 182 tokens)
   .staging/vite.corpus.txt [2211:4 - 2215:13]
Clone found (markdown)
 - DECISIONS.md:markdown [76:1 - 81:14] (6 lines, 51 tokens)
   DECISIONS.md:markdown [121:1 - 126:14]
Clone found (markdown)
 - DECISIONS.md:markdown [76:1 - 81:14] (6 lines, 51 tokens)
   DECISIONS.md:markdown [165:1 - 170:14]
Clone found (markdown)
 - DECISIONS.md:markdown [76:1 - 81:14] (6 lines, 51 tokens)
   DECISIONS.md:markdown [204:1 - 209:14]
Clone found (markdown)
 - DECISIONS.md:markdown [76:1 - 81:14] (6 lines, 51 tokens)
   DECISIONS.md:markdown [245:1 - 250:14]
Clone found (markdown)
 - DECISIONS.md:markdown [76:1 - 81:14] (6 lines, 51 tokens)
   DECISIONS.md:markdown [286:1 - 291:14]
Clone found (toml)
 - beacon/Cargo.toml [7:1 - 14:55] (8 lines, 67 tokens)
   identity/Cargo.toml [7:1 - 14:55]
Clone found (toml)
 - beacon/Cargo.toml [15:1 - 29:34] (15 lines, 87 tokens)
   identity/Cargo.toml [17:1 - 31:34]
Clone found (toml)
 - beacon/Cargo.toml [20:1 - 25:45] (6 lines, 57 tokens)
   egolint/tests/fixtures/clippy/Cargo.toml [10:1 - 15:45]
Clone found (rust)
 - beacon/src/main.rs [331:40 - 336:35] (6 lines, 71 tokens)
   beacon/src/main.rs [354:36 - 359:9]
Clone found (markup)
 - beacon/templates/research-paper/template.html [1:1 - 9:11] (9 lines, 108 tokens)
   research/antidote/templates/template.html [1:1 - 9:11]
Clone found (markup)
 - beacon/templates/research-paper/template.html [22:5 - 27:7] (6 lines, 111 tokens)
   research/antidote/templates/template.html [11:125 - 15:17]
Clone found (markup)
 - beacon/templates/research-paper/template.html [46:5 - 58:11] (13 lines, 303 tokens)
   research/antidote/templates/template.html [17:120 - 29:11]
Clone found (markup)
 - beacon/templates/research-paper/template.html [64:5 - 71:19] (8 lines, 215 tokens)
   research/antidote/templates/template.html [29:144 - 36:19]
Clone found (markup)
 - beacon/templates/research-paper/template.html [75:5 - 96:8] (22 lines, 208 tokens)
   research/antidote/templates/template.html [36:130 - 55:8]
Clone found (latex)
 - beacon/templates/research-paper/template.tex [1:1 - 106:15] (106 lines, 700 tokens)
   research/antidote/templates/template.tex [1:1 - 106:15]
Clone found (markdown)
 - egolint/.agents/agents/AGENT-CONTRACT.md:markdown [22:15 - 28:53] (7 lines, 85 tokens)
   egolint/.agents/skills/SKILL-CONTRACT.md:markdown [20:10 - 26:53]
Clone found (yaml)
 - egolint/.agents/agents/auditor/AGENT.md:yaml [8:1 - 17:7] (10 lines, 59 tokens)
   egolint/.agents/agents/bug-fix-teammate/AGENT.md:yaml [10:1 - 19:7]
Clone found (yaml)
 - egolint/.agents/agents/bug-fix-teammate/AGENT.md:yaml [5:1 - 19:7] (15 lines, 77 tokens)
   egolint/.agents/agents/cleanup-specialist/AGENT.md:yaml [5:1 - 19:7]
Clone found (yaml)
 - egolint/.agents/agents/bug-fix-teammate/AGENT.md:yaml [5:1 - 19:7] (15 lines, 77 tokens)
   egolint/.agents/agents/test-specialist/AGENT.md:yaml [5:1 - 19:7]
Clone found (python)
 - egolint/.agents/agents/build-projections.py [32:1 - 42:48] (11 lines, 59 tokens)
   egolint/.agents/skills/build-distributions.py [44:1 - 54:48]
Clone found (python)
 - egolint/.agents/agents/build-projections.py [152:64 - 166:21] (15 lines, 97 tokens)
   egolint/.agents/skills/build-distributions.py [256:66 - 270:21]
Clone found (yaml)
 - egolint/.agents/agents/github-issue-creator/AGENT.md:yaml [8:1 - 18:7] (11 lines, 63 tokens)
   egolint/.agents/agents/implementation-planner/AGENT.md:yaml [9:1 - 19:7]
Clone found (yaml)
 - egolint/.agents/agents/implementation-planner/AGENT.md:yaml [5:1 - 19:7] (15 lines, 77 tokens)
   egolint/.agents/agents/specfile-creator/AGENT.md:yaml [5:1 - 19:7]
Clone found (python)
 - egolint/.agents/agents/validate-agents.py [14:1 - 24:39] (11 lines, 56 tokens)
   egolint/.agents/skills/validate-skills.py [13:1 - 23:39]
Clone found (yaml)
 - egolint/.agents/skills/SKILL-CONTRACT.md:yaml [96:1 - 107:31] (12 lines, 128 tokens)
   egolint/.agents/skills/architecture/create-purpose-document/SKILL.md:yaml [2:1 - 13:31]
Clone found (markdown)
 - egolint/.agents/skills/architecture/create-ai-constitution-document/SKILL.md:markdown [24:85 - 36:3] (13 lines, 99 tokens)
   egolint/.agents/skills/architecture/create-epistemology-document/SKILL.md:markdown [24:119 - 36:3]
Clone found (markdown)
 - egolint/.agents/skills/architecture/create-ai-constitution-document/SKILL.md:markdown [24:85 - 36:3] (13 lines, 99 tokens)
   egolint/.agents/skills/architecture/create-meta-architecture-document/SKILL.md:markdown [24:88 - 36:3]
Clone found (markdown)
 - egolint/.agents/skills/architecture/create-ai-constitution-document/SKILL.md:markdown [41:1 - 53:14] (13 lines, 79 tokens)
   egolint/.agents/skills/architecture/create-epistemology-document/SKILL.md:markdown [41:1 - 53:14]
Clone found (markdown)
 - egolint/.agents/skills/architecture/create-ai-constitution-document/SKILL.md:markdown [41:1 - 53:4] (13 lines, 77 tokens)
   egolint/.agents/skills/architecture/create-meta-architecture-document/SKILL.md:markdown [41:1 - 53:4]
Clone found (markdown)
 - egolint/.agents/skills/architecture/create-ai-constitution-document/SKILL.md:markdown [66:19 - 90:18] (25 lines, 165 tokens)
   egolint/.agents/skills/architecture/create-epistemology-document/SKILL.md:markdown [66:16 - 90:18]
Clone found (markdown)
 - egolint/.agents/skills/architecture/create-ai-constitution-document/SKILL.md:markdown [66:19 - 75:20] (10 lines, 52 tokens)
   egolint/.agents/skills/architecture/create-manifesto-document/SKILL.md:markdown [61:13 - 70:20]
Clone found (markdown)
 - egolint/.agents/skills/architecture/create-ai-constitution-document/SKILL.md:markdown [66:19 - 90:18] (25 lines, 165 tokens)
   egolint/.agents/skills/architecture/create-meta-architecture-document/SKILL.md:markdown [66:8 - 90:18]
Clone found (markdown)
 - egolint/.agents/skills/architecture/create-ai-constitution-document/SKILL.md:markdown [66:19 - 86:5] (21 lines, 145 tokens)
   egolint/.agents/skills/architecture/create-pillars-document/SKILL.md:markdown [60:11 - 78:15]
Clone found (markdown)
 - egolint/.agents/skills/architecture/create-ai-constitution-document/SKILL.md:markdown [66:19 - 86:5] (21 lines, 145 tokens)
   egolint/.agents/skills/architecture/create-principles-document/SKILL.md:markdown [59:14 - 77:15]
Clone found (markdown)
 - egolint/.agents/skills/architecture/create-ai-constitution-document/SKILL.md:markdown [66:19 - 86:5] (21 lines, 145 tokens)
   egolint/.agents/skills/architecture/create-purpose-document/SKILL.md:markdown [59:11 - 77:15]
Clone found (markdown)
 - egolint/.agents/skills/architecture/create-ai-constitution-document/SKILL.md:markdown [66:19 - 86:5] (21 lines, 145 tokens)
   egolint/.agents/skills/architecture/create-vision-document/SKILL.md:markdown [58:10 - 76:15]
Clone found (markdown)
 - egolint/.agents/skills/architecture/create-ai-constitution-document/SKILL.md:markdown [92:1 - 100:44] (9 lines, 133 tokens)
   egolint/.agents/skills/architecture/create-epistemology-document/SKILL.md:markdown [92:1 - 100:44]
Clone found (markdown)
 - egolint/.agents/skills/architecture/create-ai-constitution-document/SKILL.md:markdown [92:1 - 100:44] (9 lines, 133 tokens)
   egolint/.agents/skills/architecture/create-meta-architecture-document/SKILL.md:markdown [92:1 - 100:44]
Clone found (markdown)
 - egolint/.agents/skills/architecture/create-ai-constitution-document/references/examples-and-antipatterns.md:markdown [5:87 - 18:3] (14 lines, 87 tokens)
   egolint/.agents/skills/architecture/create-epistemology-document/references/examples-and-antipatterns.md:markdown [5:121 - 18:3]
Clone found (markdown)
 - egolint/.agents/skills/architecture/create-ai-constitution-document/references/examples-and-antipatterns.md:markdown [5:87 - 18:3] (14 lines, 87 tokens)
   egolint/.agents/skills/architecture/create-meta-architecture-document/references/examples-and-antipatterns.md:markdown [5:90 - 18:3]
Clone found (markdown)
 - egolint/.agents/skills/architecture/create-ai-constitution-document/references/examples-and-antipatterns.md:markdown [23:1 - 29:49] (7 lines, 98 tokens)
   egolint/.agents/skills/architecture/create-epistemology-document/references/examples-and-antipatterns.md:markdown [23:1 - 29:49]
Clone found (markdown)
 - egolint/.agents/skills/architecture/create-ai-constitution-document/references/examples-and-antipatterns.md:markdown [23:1 - 29:49] (7 lines, 98 tokens)
   egolint/.agents/skills/architecture/create-meta-architecture-document/references/examples-and-antipatterns.md:markdown [23:1 - 29:49]
Clone found (markdown)
 - egolint/.agents/skills/architecture/create-ai-constitution-document/references/validation-checklist.md:markdown [5:36 - 13:7] (9 lines, 71 tokens)
   egolint/.agents/skills/architecture/create-epistemology-document/references/validation-checklist.md:markdown [5:33 - 13:7]
Clone found (markdown)
 - egolint/.agents/skills/architecture/create-ai-constitution-document/references/validation-checklist.md:markdown [5:36 - 13:13] (9 lines, 73 tokens)
   egolint/.agents/skills/architecture/create-meta-architecture-document/references/validation-checklist.md:markdown [5:25 - 13:11]
Clone found (markdown)
 - egolint/.agents/skills/architecture/create-ai-constitution-document/references/validation-checklist.md:markdown [5:36 - 13:13] (9 lines, 73 tokens)
   egolint/.agents/skills/architecture/create-pillars-document/references/validation-checklist.md:markdown [5:28 - 12:12]
Clone found (markdown)
 - egolint/.agents/skills/architecture/create-ai-constitution-document/references/validation-checklist.md:markdown [5:36 - 13:7] (9 lines, 71 tokens)
   egolint/.agents/skills/architecture/create-principles-document/references/validation-checklist.md:markdown [5:31 - 12:7]
Clone found (markdown)
 - egolint/.agents/skills/architecture/create-ai-constitution-document/references/validation-checklist.md:markdown [5:36 - 13:7] (9 lines, 71 tokens)
   egolint/.agents/skills/architecture/create-purpose-document/references/validation-checklist.md:markdown [5:28 - 12:7]
Clone found (markdown)
 - egolint/.agents/skills/architecture/create-ai-constitution-document/references/validation-checklist.md:markdown [5:36 - 13:13] (9 lines, 73 tokens)
   egolint/.agents/skills/architecture/create-vision-document/references/validation-checklist.md:markdown [5:27 - 12:12]
Clone found (markdown)
 - egolint/.agents/skills/architecture/create-ai-constitution-document/references/validation-checklist.md:markdown [13:89 - 38:46] (26 lines, 234 tokens)
   egolint/.agents/skills/architecture/create-epistemology-document/references/validation-checklist.md:markdown [13:123 - 38:46]
Clone found (markdown)
 - egolint/.agents/skills/architecture/create-ai-constitution-document/references/validation-checklist.md:markdown [13:89 - 38:46] (26 lines, 234 tokens)
   egolint/.agents/skills/architecture/create-meta-architecture-document/references/validation-checklist.md:markdown [13:92 - 38:46]
Clone found (markdown)
 - egolint/.agents/skills/architecture/create-ai-constitution-document/references/validation-checklist.md:markdown [20:70 - 27:22] (8 lines, 55 tokens)
   egolint/.agents/skills/architecture/create-manifesto-document/references/validation-checklist.md:markdown [19:63 - 26:22]
Clone found (markdown)
 - egolint/.agents/skills/architecture/create-architecture-document/SKILL.md:markdown [92:80 - 98:67] (7 lines, 52 tokens)
   egolint/.agents/skills/architecture/create-foundations-document/SKILL.md:markdown [91:56 - 97:67]
Clone found (markdown)
 - egolint/.agents/skills/architecture/create-architecture-document/SKILL.md:markdown [92:80 - 98:67] (7 lines, 52 tokens)
   egolint/.agents/skills/architecture/create-methodology-document/SKILL.md:markdown [92:70 - 98:67]
Clone found (markdown)
 - egolint/.agents/skills/architecture/create-architecture-document/SKILL.md:markdown [92:80 - 99:9] (8 lines, 53 tokens)
   egolint/.agents/skills/architecture/create-roadmap-document/SKILL.md:markdown [92:51 - 98:68]
Clone found (markdown)
 - egolint/.agents/skills/architecture/create-architecture-document/SKILL.md:markdown [92:80 - 98:67] (7 lines, 52 tokens)
   egolint/.agents/skills/architecture/create-system-document/SKILL.md:markdown [92:49 - 98:67]
Clone found (markdown)
 - egolint/.agents/skills/architecture/create-design-document/SKILL.md:markdown [25:78 - 50:9] (26 lines, 180 tokens)
   egolint/.agents/skills/architecture/create-design-system-document/SKILL.md:markdown [25:111 - 50:9]
Clone found (markdown)
 - egolint/.agents/skills/architecture/create-design-document/SKILL.md:markdown [64:10 - 87:24] (24 lines, 169 tokens)
   egolint/.agents/skills/architecture/create-design-system-document/SKILL.md:markdown [65:17 - 88:24]
Clone found (markdown)
 - egolint/.agents/skills/architecture/create-design-document/SKILL.md:markdown [89:1 - 97:39] (9 lines, 126 tokens)
   egolint/.agents/skills/architecture/create-design-system-document/SKILL.md:markdown [90:1 - 98:39]
Clone found (markdown)
 - egolint/.agents/skills/architecture/create-design-document/SKILL.md:markdown [89:1 - 94:7] (6 lines, 62 tokens)
   egolint/.agents/skills/architecture/create-ontology-document/SKILL.md:markdown [82:1 - 87:7]
Clone found (markdown)
 - egolint/.agents/skills/architecture/create-design-document/SKILL.md:markdown [89:1 - 97:29] (9 lines, 123 tokens)
   egolint/.agents/skills/architecture/create-personal-model-document/SKILL.md:markdown [82:1 - 90:39]
Clone found (json)
 - egolint/.agents/skills/architecture/create-design-document/evals/evals.json [8:83 - 55:13] (48 lines, 181 tokens)
   egolint/.agents/skills/architecture/create-design-system-document/evals/evals.json [8:90 - 55:13]
Clone found (markdown)
 - egolint/.agents/skills/architecture/create-design-document/references/validation-checklist.md:markdown [5:27 - 12:7] (8 lines, 59 tokens)
   egolint/.agents/skills/architecture/create-design-system-document/references/validation-checklist.md:markdown [5:34 - 12:7]
Clone found (markdown)
 - egolint/.agents/skills/architecture/create-design-document/references/validation-checklist.md:markdown [5:27 - 12:12] (8 lines, 61 tokens)
   egolint/.agents/skills/architecture/create-ontology-document/references/validation-checklist.md:markdown [5:29 - 12:12]
Clone found (markdown)
 - egolint/.agents/skills/architecture/create-design-document/references/validation-checklist.md:markdown [5:27 - 12:12] (8 lines, 61 tokens)
   egolint/.agents/skills/architecture/create-personal-model-document/references/validation-checklist.md:markdown [5:35 - 12:11]
Clone found (markdown)
 - egolint/.agents/skills/architecture/create-design-document/references/validation-checklist.md:markdown [12:82 - 38:52] (27 lines, 270 tokens)
   egolint/.agents/skills/architecture/create-design-system-document/references/validation-checklist.md:markdown [12:115 - 38:52]
Clone found (markdown)
 - egolint/.agents/skills/architecture/create-design-document/references/validation-checklist.md:markdown [22:1 - 27:7] (6 lines, 50 tokens)
   egolint/.agents/skills/architecture/create-ontology-document/references/validation-checklist.md:markdown [14:1 - 19:7]
Clone found (markdown)
 - egolint/.agents/skills/architecture/create-manifesto-document/SKILL.md:markdown [24:72 - 38:3] (15 lines, 86 tokens)
   egolint/.agents/skills/architecture/create-pillars-document/SKILL.md:markdown [24:73 - 38:3]
Clone found (markdown)
 - egolint/.agents/skills/architecture/create-manifesto-document/SKILL.md:markdown [24:72 - 37:3] (14 lines, 81 tokens)
   egolint/.agents/skills/architecture/create-principles-document/SKILL.md:markdown [24:70 - 37:3]
Clone found (markdown)
 - egolint/.agents/skills/architecture/create-manifesto-document/SKILL.md:markdown [24:72 - 35:3] (12 lines, 71 tokens)
   egolint/.agents/skills/architecture/create-purpose-document/SKILL.md:markdown [24:74 - 35:3]
Clone found (markdown)
 - egolint/.agents/skills/architecture/create-manifesto-document/SKILL.md:markdown [24:72 - 36:3] (13 lines, 76 tokens)
   egolint/.agents/skills/architecture/create-vision-document/SKILL.md:markdown [24:72 - 36:3]
Clone found (markdown)
 - egolint/.agents/skills/architecture/create-manifesto-document/SKILL.md:markdown [48:1 - 57:3] (10 lines, 98 tokens)
   egolint/.agents/specs/architecture/identity/manifesto.spec.md:markdown [155:1 - 164:3]
Clone found (markdown)
 - egolint/.agents/skills/architecture/create-manifesto-document/SKILL.md:markdown [79:24 - 89:44] (11 lines, 133 tokens)
   egolint/.agents/skills/architecture/create-pillars-document/SKILL.md:markdown [78:22 - 88:44]
Clone found (markdown)
 - egolint/.agents/skills/architecture/create-manifesto-document/SKILL.md:markdown [79:24 - 89:44] (11 lines, 133 tokens)
   egolint/.agents/skills/architecture/create-principles-document/SKILL.md:markdown [77:25 - 87:44]
Clone found (markdown)
 - egolint/.agents/skills/architecture/create-manifesto-document/SKILL.md:markdown [79:24 - 89:44] (11 lines, 133 tokens)
   egolint/.agents/skills/architecture/create-purpose-document/SKILL.md:markdown [77:22 - 87:44]
Clone found (markdown)
 - egolint/.agents/skills/architecture/create-manifesto-document/SKILL.md:markdown [79:24 - 89:44] (11 lines, 133 tokens)
   egolint/.agents/skills/architecture/create-vision-document/SKILL.md:markdown [76:21 - 86:44]
Clone found (markdown)
 - egolint/.agents/skills/architecture/create-manifesto-document/references/examples-and-antipatterns.md:markdown [5:74 - 18:5] (14 lines, 72 tokens)
   egolint/.agents/skills/architecture/create-pillars-document/references/examples-and-antipatterns.md:markdown [5:75 - 18:5]
Clone found (markdown)
 - egolint/.agents/skills/architecture/create-manifesto-document/references/examples-and-antipatterns.md:markdown [5:74 - 18:5] (14 lines, 72 tokens)
   egolint/.agents/skills/architecture/create-principles-document/references/examples-and-antipatterns.md:markdown [5:72 - 18:5]
Clone found (markdown)
 - egolint/.agents/skills/architecture/create-manifesto-document/references/examples-and-antipatterns.md:markdown [5:74 - 18:5] (14 lines, 72 tokens)
   egolint/.agents/skills/architecture/create-purpose-document/references/examples-and-antipatterns.md:markdown [5:76 - 18:5]
Clone found (markdown)
 - egolint/.agents/skills/architecture/create-manifesto-document/references/examples-and-antipatterns.md:markdown [5:74 - 18:5] (14 lines, 72 tokens)
   egolint/.agents/skills/architecture/create-vision-document/references/examples-and-antipatterns.md:markdown [5:74 - 18:5]
Clone found (markdown)
 - egolint/.agents/skills/architecture/create-manifesto-document/references/examples-and-antipatterns.md:markdown [24:1 - 30:69] (7 lines, 104 tokens)
   egolint/.agents/skills/architecture/create-pillars-document/references/examples-and-antipatterns.md:markdown [24:1 - 30:69]
Clone found (markdown)
 - egolint/.agents/skills/architecture/create-manifesto-document/references/validation-checklist.md:markdown [12:76 - 36:46] (25 lines, 216 tokens)
   egolint/.agents/skills/architecture/create-pillars-document/references/validation-checklist.md:markdown [12:77 - 36:46]
Clone found (markdown)
 - egolint/.agents/skills/architecture/create-manifesto-document/references/validation-checklist.md:markdown [12:76 - 36:46] (25 lines, 216 tokens)
   egolint/.agents/skills/architecture/create-principles-document/references/validation-checklist.md:markdown [12:74 - 36:46]
Clone found (markdown)
 - egolint/.agents/skills/architecture/create-manifesto-document/references/validation-checklist.md:markdown [12:76 - 36:46] (25 lines, 216 tokens)
   egolint/.agents/skills/architecture/create-purpose-document/references/validation-checklist.md:markdown [12:78 - 36:46]
Clone found (markdown)
 - egolint/.agents/skills/architecture/create-manifesto-document/references/validation-checklist.md:markdown [12:76 - 36:46] (25 lines, 216 tokens)
   egolint/.agents/skills/architecture/create-vision-document/references/validation-checklist.md:markdown [12:76 - 36:46]
Clone found (markdown)
 - egolint/.agents/skills/architecture/create-ontology-document/SKILL.md:markdown [24:90 - 43:4] (20 lines, 137 tokens)
   egolint/.agents/skills/architecture/create-personal-model-document/SKILL.md:markdown [24:122 - 43:4]
Clone found (markdown)
 - egolint/.agents/skills/architecture/create-ontology-document/SKILL.md:markdown [57:12 - 80:18] (24 lines, 158 tokens)
   egolint/.agents/skills/architecture/create-personal-model-document/SKILL.md:markdown [57:18 - 80:18]
Clone found (json)
 - egolint/.agents/skills/architecture/create-ontology-document/evals/evals.json [8:76 - 43:13] (36 lines, 134 tokens)
   egolint/.agents/skills/architecture/create-personal-model-document/evals/evals.json [8:82 - 43:13]
Clone found (markdown)
 - egolint/.agents/skills/architecture/create-ontology-document/references/validation-checklist.md:markdown [12:94 - 30:46] (19 lines, 146 tokens)
   egolint/.agents/skills/architecture/create-personal-model-document/references/validation-checklist.md:markdown [12:126 - 30:46]
Clone found (markdown)
 - egolint/.agents/skills/architecture/create-pillars-document/SKILL.md:markdown [47:1 - 56:3] (10 lines, 102 tokens)
   egolint/.agents/specs/architecture/identity/pillars.spec.md:markdown [156:1 - 165:3]
Clone found (markdown)
 - egolint/.agents/skills/architecture/create-pillars-document/references/examples-and-antipatterns.md:markdown [22:26 - 30:69] (9 lines, 105 tokens)
   egolint/.agents/skills/architecture/create-principles-document/references/examples-and-antipatterns.md:markdown [22:39 - 30:69]
Clone found (markdown)
 - egolint/.agents/skills/architecture/create-pillars-document/references/examples-and-antipatterns.md:markdown [22:26 - 30:69] (9 lines, 105 tokens)
   egolint/.agents/skills/architecture/create-purpose-document/references/examples-and-antipatterns.md:markdown [22:64 - 30:69]
Clone found (markdown)
 - egolint/.agents/skills/architecture/create-pillars-document/references/examples-and-antipatterns.md:markdown [22:26 - 30:69] (9 lines, 105 tokens)
   egolint/.agents/skills/architecture/create-vision-document/references/examples-and-antipatterns.md:markdown [22:78 - 30:69]
Clone found (markdown)
 - egolint/.agents/skills/architecture/create-principles-document/SKILL.md:markdown [46:1 - 55:3] (10 lines, 96 tokens)
   egolint/.agents/specs/architecture/identity/principles.spec.md:markdown [152:1 - 161:3]
Clone found (markdown)
 - egolint/.agents/skills/architecture/create-purpose-document/SKILL.md:markdown [46:1 - 55:3] (10 lines, 112 tokens)
   egolint/.agents/specs/architecture/identity/purpose.spec.md:markdown [151:1 - 160:3]
Clone found (markdown)
 - egolint/.agents/skills/architecture/create-vision-document/SKILL.md:markdown [46:1 - 54:3] (9 lines, 100 tokens)
   egolint/.agents/specs/architecture/identity/vision.spec.md:markdown [151:1 - 159:3]
Clone found (markdown)
 - egolint/.agents/skills/authoring/create-specification-file/SKILL.md:markdown [24:82 - 42:4] (19 lines, 76 tokens)
   egolint/.agents/skills/methodology/orchestrate-reflective-development/SKILL.md:markdown [24:92 - 42:4]
Clone found (markdown)
 - egolint/.agents/skills/authoring/create-specification-file/SKILL.md:markdown [24:82 - 42:4] (19 lines, 76 tokens)
   egolint/.agents/skills/publishing/prepare-arxiv-release/SKILL.md:markdown [24:94 - 42:4]
Clone found (markdown)
 - egolint/.agents/skills/authoring/create-specification-file/SKILL.md:markdown [24:82 - 42:11] (19 lines, 78 tokens)
   egolint/.agents/skills/quality/audit-repository/SKILL.md:markdown [24:94 - 42:12]
Clone found (markdown)
 - egolint/.agents/skills/authoring/create-specification-file/SKILL.md:markdown [56:23 - 81:40] (26 lines, 255 tokens)
   egolint/.agents/skills/quality/audit-repository/SKILL.md:markdown [56:40 - 81:40]
Clone found (markdown)
 - egolint/.agents/skills/authoring/create-specification-file/SKILL.md:markdown [58:1 - 77:58] (20 lines, 233 tokens)
   egolint/.agents/skills/methodology/orchestrate-reflective-development/SKILL.md:markdown [58:1 - 77:58]
Clone found (markdown)
 - egolint/.agents/skills/authoring/create-specification-file/SKILL.md:markdown [58:1 - 81:40] (24 lines, 253 tokens)
   egolint/.agents/skills/publishing/prepare-arxiv-release/SKILL.md:markdown [59:1 - 82:40]
Clone found (json)
 - egolint/.agents/skills/authoring/create-specification-file/evals/evals.json [3:39 - 54:13] (52 lines, 203 tokens)
   egolint/.agents/skills/methodology/orchestrate-reflective-development/evals/evals.json [3:48 - 54:13]
Clone found (json)
 - egolint/.agents/skills/authoring/create-specification-file/evals/evals.json [3:39 - 54:13] (52 lines, 203 tokens)
   egolint/.agents/skills/publishing/prepare-arxiv-release/evals/evals.json [3:35 - 54:13]
Clone found (json)
 - egolint/.agents/skills/authoring/create-specification-file/evals/evals.json [3:39 - 54:13] (52 lines, 203 tokens)
   egolint/.agents/skills/quality/audit-repository/evals/evals.json [3:30 - 54:13]
Clone found (markdown)
 - egolint/.agents/skills/authoring/create-specification-file/references/validation-checklist.md:markdown [5:16 - 28:53] (24 lines, 245 tokens)
   egolint/.agents/skills/methodology/orchestrate-reflective-development/references/validation-checklist.md:markdown [5:17 - 28:53]
Clone found (markdown)
 - egolint/.agents/skills/authoring/create-specification-file/references/validation-checklist.md:markdown [5:16 - 28:53] (24 lines, 245 tokens)
   egolint/.agents/skills/publishing/prepare-arxiv-release/references/validation-checklist.md:markdown [5:24 - 28:53]
Clone found (markdown)
 - egolint/.agents/skills/authoring/create-specification-file/references/validation-checklist.md:markdown [5:16 - 28:53] (24 lines, 245 tokens)
   egolint/.agents/skills/quality/audit-repository/references/validation-checklist.md:markdown [5:15 - 28:53]
Clone found (yaml)
 - egolint/.agents/skills/authoring/github-issue-authoring/SKILL.md:yaml [3:249 - 12:31] (10 lines, 56 tokens)
   egolint/.agents/skills/authoring/implementation-planning/SKILL.md:yaml [3:277 - 12:31]
Clone found (yaml)
 - egolint/.agents/skills/authoring/github-issue-authoring/SKILL.md:yaml [3:249 - 12:31] (10 lines, 56 tokens)
   egolint/.agents/skills/authoring/skill-authoring/SKILL.md:yaml [3:275 - 12:31]
Clone found (python)
 - egolint/.agents/skills/build-distributions.py [150:1 - 156:21] (7 lines, 66 tokens)
   egolint/.agents/skills/build-distributions.py [173:1 - 179:21]
Clone found (python)
 - egolint/.agents/skills/build-distributions.py [216:52 - 230:29] (15 lines, 107 tokens)
   egolint/.agents/specs/build-distributions.py [69:41 - 83:29]
Clone found (python)
 - egolint/.agents/skills/build-distributions.py [252:5 - 259:87] (8 lines, 53 tokens)
   egolint/.agents/specs/build-distributions.py [104:98 - 111:87]
Clone found (yaml)
 - egolint/.agents/skills/quality/bug-fixing/SKILL.md:yaml [3:256 - 12:31] (10 lines, 56 tokens)
   egolint/.agents/skills/quality/repository-cleanup/SKILL.md:yaml [3:239 - 12:31]
Clone found (yaml)
 - egolint/.agents/skills/quality/bug-fixing/SKILL.md:yaml [3:256 - 12:31] (10 lines, 56 tokens)
   egolint/.agents/skills/quality/test-engineering/SKILL.md:yaml [3:248 - 12:31]
Clone found (yaml)
 - egolint/.agents/specs/SCHEMA.md:yaml [66:1 - 91:15] (26 lines, 123 tokens)
   egolint/.agents/specs/architecture/foundation/system.spec.md:yaml [2:1 - 27:15]
Clone found (yaml)
 - egolint/.agents/specs/SCHEMA.md:yaml [68:14 - 80:5] (13 lines, 55 tokens)
   egolint/.agents/specs/architecture/foundation/architecture.spec.md:yaml [4:20 - 16:5]
Clone found (yaml)
 - egolint/.agents/specs/SCHEMA.md:yaml [68:14 - 80:5] (13 lines, 55 tokens)
   egolint/.agents/specs/architecture/foundation/foundations.spec.md:yaml [4:19 - 16:5]
Clone found (yaml)
 - egolint/.agents/specs/SCHEMA.md:yaml [68:14 - 80:5] (13 lines, 55 tokens)
   egolint/.agents/specs/architecture/foundation/methodology.spec.md:yaml [4:19 - 16:5]
Clone found (yaml)
 - egolint/.agents/specs/SCHEMA.md:yaml [68:14 - 80:5] (13 lines, 55 tokens)
   egolint/.agents/specs/architecture/foundation/roadmap.spec.md:yaml [4:15 - 16:5]
Clone found (yaml)
 - egolint/.agents/specs/architecture/domain/ontology.spec.md:yaml [4:16 - 16:5] (13 lines, 57 tokens)
   egolint/.agents/specs/architecture/domain/personal-model.spec.md:yaml [4:22 - 16:5]
Clone found (yaml)
 - egolint/.agents/specs/architecture/domain/ontology.spec.md:yaml [4:16 - 15:5] (12 lines, 53 tokens)
   egolint/.agents/specs/architecture/experience/design-system.spec.md:yaml [4:21 - 15:5]
Clone found (yaml)
 - egolint/.agents/specs/architecture/domain/ontology.spec.md:yaml [4:16 - 16:13] (13 lines, 58 tokens)
   egolint/.agents/specs/architecture/experience/design.spec.md:yaml [4:14 - 16:11]
Clone found (yaml)
 - egolint/.agents/specs/architecture/domain/ontology.spec.md:yaml [4:16 - 15:5] (12 lines, 53 tokens)
   egolint/.agents/specs/architecture/governance/decisions.spec.md:yaml [4:17 - 15:5]
Clone found (yaml)
 - egolint/.agents/specs/architecture/domain/ontology.spec.md:yaml [4:16 - 15:5] (12 lines, 53 tokens)
   egolint/.agents/specs/architecture/meta/ai-constitution.spec.md:yaml [4:23 - 15:5]
Clone found (yaml)
 - egolint/.agents/specs/architecture/domain/ontology.spec.md:yaml [4:16 - 16:5] (13 lines, 57 tokens)
   egolint/.agents/specs/architecture/meta/epistemology.spec.md:yaml [4:20 - 16:5]
Clone found (yaml)
 - egolint/.agents/specs/architecture/domain/ontology.spec.md:yaml [4:16 - 16:5] (13 lines, 57 tokens)
   egolint/.agents/specs/architecture/meta/meta.spec.md:yaml [4:12 - 16:5]
Clone found (yaml)
 - egolint/.agents/specs/architecture/experience/design-system.spec.md:yaml [4:43 - 16:12] (13 lines, 54 tokens)
   egolint/.agents/specs/architecture/experience/design.spec.md:yaml [4:36 - 17:3]
Clone found (markdown)
 - egolint/.agents/specs/architecture/foundation/architecture.spec.md:markdown [45:1 - 59:17] (15 lines, 64 tokens)
   egolint/.agents/specs/architecture/foundation/foundations.spec.md:markdown [42:1 - 56:17]
Clone found (markdown)
 - egolint/.agents/specs/architecture/foundation/architecture.spec.md:markdown [172:1 - 180:6] (9 lines, 54 tokens)
   egolint/.agents/specs/architecture/foundation/architecture.spec.md:markdown [245:1 - 253:6]
Clone found (markdown)
 - egolint/.agents/specs/architecture/foundation/architecture.spec.md:markdown [237:25 - 249:4] (13 lines, 50 tokens)
   egolint/.agents/specs/architecture/foundation/methodology.spec.md:markdown [225:8 - 237:4]
Clone found (markdown)
 - egolint/.agents/specs/architecture/foundation/architecture.spec.md:markdown [237:25 - 250:4] (14 lines, 57 tokens)
   egolint/.agents/specs/architecture/foundation/roadmap.spec.md:markdown [221:52 - 234:4]
Clone found (markdown)
 - egolint/.agents/specs/architecture/foundation/foundations.spec.md:markdown [40:76 - 56:17] (17 lines, 65 tokens)
   egolint/.agents/specs/architecture/foundation/methodology.spec.md:markdown [41:62 - 57:17]
Clone found (markdown)
 - egolint/.agents/specs/architecture/foundation/foundations.spec.md:markdown [40:76 - 56:17] (17 lines, 65 tokens)
   egolint/.agents/specs/architecture/foundation/roadmap.spec.md:markdown [40:78 - 56:17]
Clone found (markdown)
 - egolint/.agents/specs/architecture/foundation/foundations.spec.md:markdown [40:76 - 56:17] (17 lines, 65 tokens)
   egolint/.agents/specs/architecture/foundation/system.spec.md:markdown [43:57 - 59:17]
Clone found (markdown)
 - egolint/.agents/specs/architecture/foundation/roadmap.spec.md:markdown [157:1 - 165:6] (9 lines, 54 tokens)
   egolint/.agents/specs/architecture/foundation/roadmap.spec.md:markdown [229:1 - 237:6]
Clone found (markdown)
 - egolint/.agents/specs/architecture/identity/manifesto.spec.md:markdown [42:72 - 49:43] (8 lines, 51 tokens)
   egolint/.agents/specs/architecture/identity/pillars.spec.md:markdown [44:73 - 51:43]
Clone found (markdown)
 - egolint/.agents/specs/architecture/identity/manifesto.spec.md:markdown [42:72 - 49:43] (8 lines, 51 tokens)
   egolint/.agents/specs/architecture/identity/principles.spec.md:markdown [43:70 - 50:43]
Clone found (markdown)
 - egolint/.agents/specs/architecture/identity/manifesto.spec.md:markdown [42:72 - 49:43] (8 lines, 51 tokens)
   egolint/.agents/specs/architecture/identity/purpose.spec.md:markdown [41:74 - 48:43]
Clone found (markdown)
 - egolint/.agents/specs/architecture/identity/manifesto.spec.md:markdown [42:72 - 49:43] (8 lines, 51 tokens)
   egolint/.agents/specs/architecture/identity/vision.spec.md:markdown [42:72 - 49:43]
Clone found (markdown)
 - egolint/.agents/specs/architecture/identity/manifesto.spec.md:markdown [49:52 - 63:2] (15 lines, 115 tokens)
   egolint/.agents/specs/architecture/identity/pillars.spec.md:markdown [51:50 - 65:2]
Clone found (markdown)
 - egolint/.agents/specs/architecture/identity/manifesto.spec.md:markdown [49:52 - 63:2] (15 lines, 115 tokens)
   egolint/.agents/specs/architecture/identity/principles.spec.md:markdown [50:53 - 64:2]
Clone found (markdown)
 - egolint/.agents/specs/architecture/identity/manifesto.spec.md:markdown [49:52 - 63:2] (15 lines, 115 tokens)
   egolint/.agents/specs/architecture/identity/purpose.spec.md:markdown [48:50 - 62:2]
Clone found (markdown)
 - egolint/.agents/specs/architecture/identity/manifesto.spec.md:markdown [49:52 - 63:2] (15 lines, 115 tokens)
   egolint/.agents/specs/architecture/identity/vision.spec.md:markdown [49:49 - 63:2]
Clone found (markdown)
 - egolint/.agents/specs/architecture/identity/manifesto.spec.md:markdown [162:45 - 191:16] (30 lines, 211 tokens)
   egolint/.agents/specs/architecture/identity/pillars.spec.md:markdown [163:36 - 192:16]
Clone found (markdown)
 - egolint/.agents/specs/architecture/identity/manifesto.spec.md:markdown [162:45 - 190:12] (29 lines, 206 tokens)
   egolint/.agents/specs/architecture/identity/principles.spec.md:markdown [159:43 - 187:12]
Clone found (markdown)
 - egolint/.agents/specs/architecture/identity/manifesto.spec.md:markdown [162:45 - 189:3] (28 lines, 198 tokens)
   egolint/.agents/specs/architecture/identity/purpose.spec.md:markdown [158:34 - 185:3]
Clone found (markdown)
 - egolint/.agents/specs/architecture/identity/manifesto.spec.md:markdown [162:45 - 189:13] (28 lines, 201 tokens)
   egolint/.agents/specs/architecture/identity/vision.spec.md:markdown [157:63 - 184:13]
Clone found (markdown)
 - egolint/.agents/specs/architecture/identity/manifesto.spec.md:markdown [230:60 - 241:5] (12 lines, 103 tokens)
   egolint/.agents/specs/architecture/identity/pillars.spec.md:markdown [229:55 - 240:5]
Clone found (markdown)
 - egolint/.agents/specs/architecture/identity/manifesto.spec.md:markdown [230:60 - 241:5] (12 lines, 103 tokens)
   egolint/.agents/specs/architecture/identity/principles.spec.md:markdown [225:44 - 236:5]
Clone found (markdown)
 - egolint/.agents/specs/architecture/identity/manifesto.spec.md:markdown [230:60 - 241:5] (12 lines, 103 tokens)
   egolint/.agents/specs/architecture/identity/purpose.spec.md:markdown [226:58 - 237:5]
Clone found (markdown)
 - egolint/.agents/specs/architecture/identity/manifesto.spec.md:markdown [230:60 - 241:5] (12 lines, 103 tokens)
   egolint/.agents/specs/architecture/identity/vision.spec.md:markdown [224:53 - 235:5]
Clone found (yaml)
 - egolint/.agents/specs/architecture/identity/manifesto.spec.md:yaml [4:17 - 16:5] (13 lines, 57 tokens)
   egolint/.agents/specs/architecture/identity/pillars.spec.md:yaml [4:15 - 16:5]
Clone found (yaml)
 - egolint/.agents/specs/architecture/identity/manifesto.spec.md:yaml [4:17 - 16:5] (13 lines, 57 tokens)
   egolint/.agents/specs/architecture/identity/principles.spec.md:yaml [4:18 - 16:5]
Clone found (yaml)
 - egolint/.agents/specs/architecture/identity/manifesto.spec.md:yaml [4:17 - 16:5] (13 lines, 57 tokens)
   egolint/.agents/specs/architecture/identity/purpose.spec.md:yaml [4:15 - 16:5]
Clone found (yaml)
 - egolint/.agents/specs/architecture/identity/manifesto.spec.md:yaml [4:17 - 16:5] (13 lines, 57 tokens)
   egolint/.agents/specs/architecture/identity/vision.spec.md:yaml [4:14 - 16:5]
Clone found (hcl)
 - egolint/.config/lint/terraform/.tflint.hcl [44:36 - 49:3] (6 lines, 91 tokens)
   egolint/.config/lint/terraform/.tflint.hcl [52:33 - 57:3]
Clone found (yaml)
 - egolint/.config/megalinter/policy.yml [210:1 - 216:54] (7 lines, 60 tokens)
   egolint/.config/megalinter/policy.yml [232:1 - 238:54]
Clone found (json)
 - egolint/.config/megalinter/snapshots/fast.json [7:18 - 26:5] (20 lines, 56 tokens)
   egolint/.config/megalinter/snapshots/holistic.json [33:17 - 52:5]
Clone found (json)
 - egolint/.config/megalinter/snapshots/fast.json [80:25 - 99:5] (20 lines, 56 tokens)
   egolint/.config/megalinter/snapshots/holistic.json [96:28 - 115:5]
Clone found (json)
 - egolint/.config/megalinter/tool-matrix.json [123:1 - 132:13] (10 lines, 53 tokens)
   egolint/.config/megalinter/tool-matrix.json [141:1 - 150:13]
Clone found (json)
 - egolint/.config/megalinter/tool-matrix.json [1850:1 - 1859:13] (10 lines, 53 tokens)
   egolint/.config/megalinter/tool-matrix.json [1868:1 - 1877:13]
Clone found (json)
 - egolint/.config/megalinter/tool-matrix.json [1956:90 - 1967:13] (12 lines, 59 tokens)
   egolint/.config/megalinter/tool-matrix.json [1974:90 - 1985:13]
Clone found (json)
 - egolint/.config/megalinter/tool-matrix.json [1956:90 - 1967:13] (12 lines, 59 tokens)
   egolint/.config/megalinter/tool-matrix.json [1992:90 - 2003:13]
Clone found (json)
 - egolint/.config/megalinter/v10-catalog.json [65:1 - 106:5] (42 lines, 124 tokens)
   egolint/.config/megalinter/v10-catalog.json [2721:1 - 2762:5]
Clone found (json)
 - egolint/.config/megalinter/v10-catalog.json [404:23 - 421:5] (18 lines, 50 tokens)
   egolint/.config/megalinter/v10-catalog.json [2761:43 - 2778:5]
Clone found (json)
 - egolint/.config/megalinter/v10-catalog.json [1146:41 - 1166:5] (21 lines, 59 tokens)
   egolint/.config/megalinter/v10-catalog.json [2833:41 - 2853:5]
Clone found (json)
 - egolint/.config/megalinter/v10-catalog.json [1185:52 - 1202:5] (18 lines, 50 tokens)
   egolint/.config/megalinter/v10-catalog.json [2852:28 - 2869:5]
Clone found (json)
 - egolint/.config/megalinter/v10-catalog.json [1451:49 - 1471:5] (21 lines, 59 tokens)
   egolint/.config/megalinter/v10-catalog.json [2897:26 - 2917:5]
Clone found (json)
 - egolint/.config/megalinter/v10-catalog.json [1728:38 - 1745:5] (18 lines, 50 tokens)
   egolint/.config/megalinter/v10-catalog.json [2916:49 - 2933:5]
Clone found (json)
 - egolint/.config/megalinter/v10-catalog.json [2379:43 - 2411:5] (33 lines, 95 tokens)
   egolint/.config/megalinter/v10-catalog.json [3020:34 - 3052:5]
Clone found (json)
 - egolint/.config/megalinter/v10-catalog.json [3308:42 - 3324:22] (17 lines, 58 tokens)
   egolint/.config/megalinter/v10-catalog.json [3330:31 - 3346:22]
Clone found (json)
 - egolint/.config/megalinter/v10-catalog.json [3328:19 - 3346:22] (19 lines, 72 tokens)
   egolint/.config/megalinter/v10-catalog.json [3350:18 - 3368:22]
Clone found (json)
 - egolint/.config/megalinter/v10-catalog.json [4462:41 - 4479:22] (18 lines, 61 tokens)
   egolint/.config/megalinter/v10-catalog.json [4495:40 - 4512:22]
Clone found (yaml)
 - egolint/.config/security/trivy/trivy-sbom.yaml [39:1 - 84:24] (46 lines, 157 tokens)
   egolint/.config/security/trivy/trivy.yaml [27:1 - 72:24]
Clone found (json)
 - egolint/.config/toolchain/tool-matrix.json [124:25 - 138:11] (15 lines, 51 tokens)
   egolint/.config/toolchain/tool-matrix.json [186:26 - 200:11]
Clone found (json)
 - egolint/.config/toolchain/tool-matrix.json [272:25 - 286:11] (15 lines, 51 tokens)
   egolint/.config/toolchain/tool-matrix.json [494:24 - 508:11]
Clone found (yaml)
 - egolint/.mega-linter.yml [1237:37 - 1249:5] (13 lines, 53 tokens)
   egolint/.mega-linter.yml [1266:32 - 1278:5]
Clone found (toml)
 - egolint/poetry.toml [1:1 - 107:15] (107 lines, 185 tokens)
   poetry.toml [1:1 - 107:15]
Clone found (java)
 - egolint/tests/fixtures/checkstyle/GreetingService.java [27:1 - 34:2] (8 lines, 62 tokens)
   egolint/tests/fixtures/pmd/GreetingService.java [13:1 - 20:2]
Clone found (yaml)
 - mantle/.github/workflows/test.yml [66:1 - 91:34] (26 lines, 248 tokens)
   mantle/.github/workflows/test.yml [115:1 - 140:34]
Clone found (markdown)
 - mantle/audits/mantle-holistic-polish-20260806T124442Z.md:markdown [261:1 - 266:2] (6 lines, 103 tokens)
   mantle/audits/mantle-holistic-polish-20260806T124442Z.md:markdown [304:1 - 309:2]
Clone found (markdown)
 - mantle/audits/mantle-holistic-polish-20260806T124442Z.md:markdown [266:303 - 276:12] (11 lines, 159 tokens)
   mantle/audits/mantle-holistic-polish-20260806T124442Z.md:markdown [309:276 - 318:6]
Clone found (markdown)
 - mantle/audits/mantle-holistic-polish-20260806T124442Z.md:markdown [266:303 - 271:35] (6 lines, 58 tokens)
   mantle/audits/mantle-holistic-polish-20260806T124442Z.md:markdown [352:211 - 359:4]
Clone found (markdown)
 - mantle/audits/mantle-holistic-polish-20260806T124442Z.md:markdown [266:303 - 277:2] (12 lines, 163 tokens)
   mantle/audits/mantle-holistic-polish-20260806T124442Z.md:markdown [383:282 - 393:3]
Clone found (markdown)
 - mantle/audits/mantle-holistic-polish-20260806T124442Z.md:markdown [266:299 - 275:7] (10 lines, 136 tokens)
   mantle/audits/mantle-holistic-polish-20260806T124442Z.md:markdown [415:267 - 426:21]
Clone found (markdown)
 - mantle/audits/mantle-holistic-polish-20260806T124442Z.md:markdown [266:303 - 278:2] (13 lines, 179 tokens)
   mantle/audits/mantle-holistic-polish-20260806T124442Z.md:markdown [448:273 - 461:2]
Clone found (markdown)
 - mantle/audits/mantle-holistic-polish-20260806T124442Z.md:markdown [266:303 - 285:7] (20 lines, 353 tokens)
   mantle/audits/mantle-holistic-polish-20260806T124442Z.md:markdown [519:264 - 537:21]
Clone found (markdown)
 - mantle/audits/mantle-holistic-polish-20260806T124442Z.md:markdown [266:303 - 274:3] (9 lines, 113 tokens)
   mantle/audits/mantle-holistic-polish-20260806T124442Z.md:markdown [561:245 - 572:13]
Clone found (markdown)
 - mantle/audits/mantle-holistic-polish-20260806T124442Z.md:markdown [266:303 - 275:10] (10 lines, 135 tokens)
   mantle/audits/mantle-holistic-polish-20260806T124442Z.md:markdown [695:293 - 707:13]
Clone found (markdown)
 - mantle/audits/mantle-holistic-polish-20260806T124442Z.md:markdown [309:274 - 318:56] (10 lines, 211 tokens)
   mantle/audits/mantle-holistic-polish-20260806T124442Z.md:markdown [609:328 - 623:2]
Clone found (markdown)
 - mantle/audits/mantle-holistic-polish-20260806T124442Z.md:markdown [337:1 - 342:17] (6 lines, 130 tokens)
   mantle/audits/mantle-holistic-polish-20260806T124442Z.md:markdown [406:1 - 411:15]
Clone found (markdown)
 - mantle/audits/mantle-holistic-polish-20260806T124442Z.md:markdown [340:27 - 345:19] (6 lines, 95 tokens)
   mantle/audits/mantle-holistic-polish-20260806T124442Z.md:markdown [440:22 - 445:19]
Clone found (markdown)
 - mantle/audits/mantle-holistic-polish-20260806T124442Z.md:markdown [340:1 - 346:5] (7 lines, 136 tokens)
   mantle/audits/mantle-holistic-polish-20260806T124442Z.md:markdown [513:1 - 519:5]
Clone found (markdown)
 - mantle/audits/mantle-holistic-polish-20260806T124442Z.md:markdown [383:281 - 395:43] (13 lines, 231 tokens)
   mantle/audits/mantle-holistic-polish-20260806T124442Z.md:markdown [643:229 - 654:27]
Clone found (markdown)
 - mantle/audits/mantle-holistic-polish-20260806T124442Z.md:markdown [405:1 - 410:15] (6 lines, 152 tokens)
   mantle/audits/mantle-holistic-polish-20260806T124442Z.md:markdown [585:1 - 590:15]
Clone found (markdown)
 - mantle/audits/mantle-holistic-polish-20260806T124442Z.md:markdown [410:1 - 415:5] (6 lines, 109 tokens)
   mantle/audits/mantle-holistic-polish-20260806T124442Z.md:markdown [478:1 - 483:5]
Clone found (markdown)
 - mantle/audits/mantle-holistic-polish-20260806T124442Z.md:markdown [448:272 - 463:25] (16 lines, 253 tokens)
   mantle/audits/mantle-holistic-polish-20260806T124442Z.md:markdown [485:153 - 495:4]
Clone found (markdown)
 - mantle/audits/mantle-holistic-polish-20260806T124442Z.md:markdown [556:1 - 561:2] (6 lines, 102 tokens)
   mantle/audits/mantle-holistic-polish-20260806T124442Z.md:markdown [604:1 - 609:2]
Clone found (markdown)
 - mantle/audits/mantle-holistic-polish-20260806T124442Z.md:markdown [556:1 - 561:5] (6 lines, 105 tokens)
   mantle/audits/mantle-holistic-polish-20260806T124442Z.md:markdown [690:1 - 695:5]
Clone found (markdown)
 - mantle/audits/mantle-holistic-polish-20260806T124442Z.md:markdown [603:25 - 608:30] (6 lines, 106 tokens)
   mantle/audits/mantle-holistic-polish-20260806T124442Z.md:markdown [666:21 - 671:30]
Clone found (bash)
 - mantle/bin/apt-base [227:4 - 237:18] (11 lines, 58 tokens)
   mantle/bin/ghlabels [217:32 - 227:18]
Clone found (bash)
 - mantle/bin/apt-base [228:1 - 241:2] (14 lines, 67 tokens)
   mantle/bin/shell-banner [105:1 - 118:2]
Clone found (bash)
 - mantle/bin/apt-freeze [62:22 - 67:37] (6 lines, 109 tokens)
   mantle/bin/apt-freeze [441:26 - 447:37]
Clone found (bash)
 - mantle/bin/apt-freeze [149:17 - 163:7] (15 lines, 102 tokens)
   mantle/bin/encrypt-volume [184:25 - 198:7]
Clone found (bash)
 - mantle/bin/apt-freeze [149:10 - 165:4] (17 lines, 109 tokens)
   mantle/bin/ffmpeg-loop [181:15 - 196:5]
Clone found (bash)
 - mantle/bin/apt-freeze [150:27 - 163:4] (14 lines, 82 tokens)
   mantle/bin/brightness [142:4 - 155:4]
Clone found (bash)
 - mantle/bin/apt-freeze [150:21 - 177:26] (28 lines, 142 tokens)
   mantle/bin/freeze-github-release [210:22 - 234:6]
Clone found (bash)
 - mantle/bin/apt-freeze [150:21 - 165:4] (16 lines, 92 tokens)
   mantle/bin/imgcat [150:35 - 164:5]
Clone found (bash)
 - mantle/bin/apt-freeze [150:21 - 171:2] (22 lines, 122 tokens)
   mantle/bin/list-package-versions [173:33 - 194:2]
Clone found (bash)
 - mantle/bin/apt-freeze [150:21 - 165:4] (16 lines, 92 tokens)
   mantle/bin/whats-in-port [147:33 - 161:5]
Clone found (bash)
 - mantle/bin/apt-freeze [151:15 - 171:2] (21 lines, 108 tokens)
   mantle/bin/list-packages [177:28 - 197:2]
Clone found (bash)
 - mantle/bin/apt-freeze [152:26 - 165:4] (14 lines, 58 tokens)
   mantle/bin/generate-tree [118:22 - 130:5]
Clone found (bash)
 - mantle/bin/apt-freeze [153:14 - 170:6] (18 lines, 73 tokens)
   mantle/bin/apt-install [178:14 - 195:6]
Clone found (bash)
 - mantle/bin/apt-freeze [299:1 - 310:2] (12 lines, 67 tokens)
   mantle/bin/apt-freeze [337:1 - 348:2]
Clone found (bash)
 - mantle/bin/apt-install [129:1 - 137:2] (9 lines, 50 tokens)
   mantle/bin/create-corpus [127:1 - 135:2]
Clone found (bash)
 - mantle/bin/apt-install [132:1 - 144:5] (13 lines, 70 tokens)
   mantle/bin/list-fonts [109:1 - 121:5]
Clone found (bash)
 - mantle/bin/apt-install [176:17 - 188:4] (13 lines, 63 tokens)
   mantle/bin/cb [193:33 - 205:4]
Clone found (bash)
 - mantle/bin/apt-install [176:17 - 186:4] (11 lines, 58 tokens)
   mantle/bin/shell-doctor [92:19 - 102:4]
Clone found (bash)
 - mantle/bin/apt-install [177:3 - 190:4] (14 lines, 64 tokens)
   mantle/bin/create-corpus [189:8 - 201:5]
Clone found (bash)
 - mantle/bin/apt-install [177:17 - 188:7] (12 lines, 54 tokens)
   mantle/bin/pkg-install [102:27 - 113:7]
Clone found (bash)
 - mantle/bin/apt-install [177:17 - 190:4] (14 lines, 58 tokens)
   mantle/bin/realpath [99:31 - 111:5]
Clone found (bash)
 - mantle/bin/apt-install [427:1 - 439:2] (13 lines, 51 tokens)
   mantle/bin/pkg-install [244:1 - 256:2]
Clone found (python)
 - mantle/bin/bcrypt-password [24:1 - 32:5] (9 lines, 55 tokens)
   mantle/bin/fake-user-agent [23:1 - 31:5]
Clone found (python)
 - mantle/bin/bcrypt-password [294:1 - 313:29] (20 lines, 152 tokens)
   mantle/bin/fake-user-agent [324:1 - 343:29]
Clone found (python)
 - mantle/bin/bcrypt-password [295:81 - 309:16] (15 lines, 105 tokens)
   mantle/bin/m3u8 [526:80 - 540:16]
Clone found (bash)
 - mantle/bin/brightness [80:39 - 115:2] (36 lines, 152 tokens)
   mantle/bin/list-fonts [79:69 - 114:2]
Clone found (bash)
 - mantle/bin/brightness [88:26 - 115:2] (28 lines, 123 tokens)
   mantle/bin/imgcat [99:54 - 126:2]
Clone found (bash)
 - mantle/bin/brightness [107:1 - 115:2] (9 lines, 50 tokens)
   mantle/bin/list-package-versions [107:1 - 115:2]
Clone found (bash)
 - mantle/bin/brightness [140:17 - 161:6] (22 lines, 114 tokens)
   mantle/bin/nuke-docker [180:10 - 199:18]
Clone found (bash)
 - mantle/bin/brightness [142:1 - 153:4] (12 lines, 78 tokens)
   mantle/bin/github-issues [202:1 - 213:4]
Clone found (bash)
 - mantle/bin/brightness [144:31 - 156:5] (13 lines, 56 tokens)
   mantle/bin/dockerhealth [166:33 - 178:5]
Clone found (bash)
 - mantle/bin/brightness [145:14 - 161:7] (17 lines, 64 tokens)
   mantle/bin/convert-to-ico [119:9 - 135:7]
Clone found (bash)
 - mantle/bin/brightness [494:16 - 501:2] (8 lines, 100 tokens)
   mantle/bin/brightness [501:7 - 508:2]
Clone found (bash)
 - mantle/bin/capitalize-folders [68:1 - 85:2] (18 lines, 50 tokens)
   mantle/bin/ytdlp-channel [93:1 - 110:2]
Clone found (bash)
 - mantle/bin/clearport [179:1 - 193:3] (15 lines, 64 tokens)
   mantle/bin/passwordless-sudo [426:1 - 440:3]
Clone found (bash)
 - mantle/bin/clearport [184:1 - 196:5] (13 lines, 61 tokens)
   mantle/bin/prettyp [182:1 - 194:5]
Clone found (bash)
 - mantle/bin/clearport [227:1 - 233:55] (7 lines, 51 tokens)
   mantle/bin/prettyp [272:1 - 278:75]
Clone found (bash)
 - mantle/bin/clearport [475:1 - 482:2] (8 lines, 83 tokens)
   mantle/bin/harden-system [401:1 - 408:2]
Clone found (bash)
 - mantle/bin/clearport [475:1 - 482:17] (8 lines, 89 tokens)
   mantle/bin/uninstall-google-drive [408:1 - 416:2]
Clone found (bash)
 - mantle/bin/convert-to-ico [99:3 - 106:31] (8 lines, 51 tokens)
   mantle/bin/create-corpus [142:8 - 149:31]
Clone found (bash)
 - mantle/bin/convert-to-ico [117:17 - 130:5] (14 lines, 65 tokens)
   mantle/bin/extract-frames [169:21 - 182:5]
Clone found (bash)
 - mantle/bin/convert-to-ico [118:17 - 130:5] (13 lines, 53 tokens)
   mantle/bin/dockerbak [208:21 - 220:5]
Clone found (bash)
 - mantle/bin/convert-to-ico [205:1 - 215:11] (11 lines, 86 tokens)
   mantle/bin/dlpage [473:1 - 483:11]
Clone found (bash)
 - mantle/bin/convert-to-ico [207:1 - 215:2] (9 lines, 69 tokens)
   mantle/bin/create-corpus [294:1 - 302:2]
Clone found (bash)
 - mantle/bin/convert-to-mp4 [102:8 - 107:5] (6 lines, 52 tokens)
   mantle/bin/rotate-video [227:14 - 232:5]
Clone found (bash)
 - mantle/bin/convert-to-mp4 [145:1 - 182:4] (38 lines, 184 tokens)
   mantle/bin/rotate-video [142:1 - 179:4]
Clone found (bash)
 - mantle/bin/convert-to-mp4 [189:1 - 208:4] (20 lines, 83 tokens)
   mantle/bin/rotate-video [181:1 - 200:4]
Clone found (bash)
 - mantle/bin/convert-to-mp4 [222:1 - 227:27] (6 lines, 70 tokens)
   mantle/bin/rotate-video [248:1 - 253:27]
Clone found (bash)
 - mantle/bin/convert-to-mp4 [269:1 - 276:2] (8 lines, 55 tokens)
   mantle/bin/rotate-video [270:1 - 277:2]
Clone found (bash)
 - mantle/bin/convert-to-mp4 [296:43 - 301:4] (6 lines, 67 tokens)
   mantle/bin/rotate-video [304:26 - 309:4]
Clone found (bash)
 - mantle/bin/convert-to-mp4 [328:35 - 340:10] (13 lines, 58 tokens)
   mantle/bin/rotate-video [342:33 - 354:10]
Clone found (bash)
 - mantle/bin/create-corpus [96:25 - 124:2] (29 lines, 125 tokens)
   mantle/bin/dlpage [111:36 - 139:2]
Clone found (bash)
 - mantle/bin/create-corpus [120:1 - 135:2] (16 lines, 75 tokens)
   mantle/bin/gcloud-vm [192:1 - 207:2]
Clone found (bash)
 - mantle/bin/create-corpus [135:1 - 151:4] (17 lines, 86 tokens)
   mantle/bin/dlpage [154:1 - 170:4]
Clone found (bash)
 - mantle/bin/create-corpus [187:1 - 201:5] (15 lines, 101 tokens)
   mantle/bin/dlpage [230:1 - 244:5]
Clone found (bash)
 - mantle/bin/create-corpus [188:22 - 201:5] (14 lines, 75 tokens)
   mantle/bin/gcloud-vm [482:21 - 495:5]
Clone found (bash)
 - mantle/bin/create-corpus [398:19 - 404:2] (7 lines, 50 tokens)
   mantle/bin/dlpage [435:15 - 441:2]
Clone found (python)
 - mantle/bin/cspell-dicts [97:47 - 102:26] (6 lines, 63 tokens)
   mantle/bin/cspell-dicts [106:47 - 111:26]
Clone found (python)
 - mantle/bin/cspell-dicts [160:1 - 166:9] (7 lines, 53 tokens)
   mantle/bin/cspell-dicts [203:1 - 209:9]
Clone found (python)
 - mantle/bin/cspell-dicts [167:1 - 182:20] (16 lines, 104 tokens)
   mantle/bin/cspell-dicts [209:1 - 224:20]
Clone found (python)
 - mantle/bin/cspell-dicts [849:1 - 855:9] (7 lines, 69 tokens)
   mantle/bin/cspell-dicts [1504:1 - 1510:9]
Clone found (bash)
 - mantle/bin/devcontainer-up [86:1 - 97:3] (12 lines, 57 tokens)
   mantle/bin/system-report [66:1 - 77:3]
Clone found (bash)
 - mantle/bin/devcontainer-up [369:11 - 382:4] (14 lines, 58 tokens)
   mantle/bin/repro-sources-list [147:11 - 160:4]
Clone found (bash)
 - mantle/bin/devcontainer-up [369:11 - 382:26] (14 lines, 63 tokens)
   mantle/bin/telemetry-opt-out [191:14 - 205:4]
Clone found (bash)
 - mantle/bin/devcontainer-up [371:4 - 382:4] (12 lines, 53 tokens)
   mantle/bin/sysinfo [69:31 - 80:4]
Clone found (bash)
 - mantle/bin/dlpage [392:17 - 397:3] (6 lines, 55 tokens)
   mantle/bin/dlsite [321:17 - 326:3]
Clone found (bash)
 - mantle/bin/dlsite [141:1 - 150:2] (10 lines, 60 tokens)
   mantle/bin/ytdlp-channel [117:1 - 126:2]
Clone found (bash)
 - mantle/bin/dlsite [217:1 - 229:5] (13 lines, 57 tokens)
   mantle/bin/ytdlp-channel [174:1 - 186:5]
Clone found (bash)
 - mantle/bin/dlsite [230:9 - 245:4] (16 lines, 58 tokens)
   mantle/bin/ytdlp-channel [184:17 - 199:4]
Clone found (bash)
 - mantle/bin/dlsite [399:1 - 411:4] (13 lines, 106 tokens)
   mantle/bin/ytdlp-channel [304:1 - 315:4]
Clone found (bash)
 - mantle/bin/dlsite [488:21 - 503:2] (16 lines, 53 tokens)
   mantle/bin/ytdlp-channel [399:28 - 414:2]
Clone found (bash)
 - mantle/bin/dockerbak [125:50 - 133:66] (9 lines, 51 tokens)
   mantle/bin/generate-tree [65:50 - 73:66]
Clone found (bash)
 - mantle/bin/dockerbak [125:57 - 134:2] (10 lines, 50 tokens)
   mantle/bin/makepng [91:48 - 100:2]
Clone found (bash)
 - mantle/bin/dockerbak [152:1 - 173:2] (22 lines, 80 tokens)
   mantle/bin/generate-certs [114:1 - 135:2]
Clone found (bash)
 - mantle/bin/dockerbak [152:1 - 173:2] (22 lines, 80 tokens)
   mantle/bin/generate-tree [80:1 - 101:2]
Clone found (bash)
 - mantle/bin/dockerbak [164:1 - 173:2] (10 lines, 51 tokens)
   mantle/bin/dockerhealth [123:1 - 132:2]
Clone found (bash)
 - mantle/bin/dockerhealth [97:15 - 105:2] (9 lines, 59 tokens)
   mantle/bin/generate-pwa-icons [100:15 - 108:2]
Clone found (bash)
 - mantle/bin/dockerhealth [99:1 - 140:5] (42 lines, 156 tokens)
   mantle/bin/ffmpeg-loop [95:1 - 136:5]
Clone found (bash)
 - mantle/bin/dockerhealth [105:1 - 125:40] (21 lines, 52 tokens)
   mantle/bin/extract-frames [112:1 - 132:40]
Clone found (bash)
 - mantle/bin/dockerhealth [108:1 - 132:2] (25 lines, 98 tokens)
   mantle/bin/encrypt-volume [123:1 - 147:2]
Clone found (bash)
 - mantle/bin/dockerhealth [127:1 - 140:5] (14 lines, 71 tokens)
   mantle/bin/generate-pwa-icons [144:1 - 157:5]
Clone found (bash)
 - mantle/bin/dockerhealth [127:1 - 140:5] (14 lines, 71 tokens)
   mantle/bin/remove-pdf-password [119:1 - 132:5]
Clone found (bash)
 - mantle/bin/dockerhealth [163:21 - 184:6] (22 lines, 126 tokens)
   mantle/bin/generate-pwa-icons [190:21 - 212:2]
Clone found (bash)
 - mantle/bin/dockerhealth [164:10 - 184:6] (21 lines, 117 tokens)
   mantle/bin/generate-certs [156:15 - 177:2]
Clone found (bash)
 - mantle/bin/encrypt-volume [114:1 - 143:25] (30 lines, 101 tokens)
   mantle/bin/git-clone-orgs [108:1 - 137:25]
Clone found (bash)
 - mantle/bin/encrypt-volume [183:35 - 198:7] (16 lines, 119 tokens)
   mantle/bin/git-clone-orgs [182:19 - 197:7]
Clone found (bash)
 - mantle/bin/encrypt-volume [183:40 - 208:3] (26 lines, 171 tokens)
   mantle/bin/samba-ports [165:28 - 191:6]
Clone found (bash)
 - mantle/bin/encrypt-volume [435:87 - 442:2] (8 lines, 66 tokens)
   mantle/bin/git-clone-orgs [299:64 - 306:2]
Clone found (bash)
 - mantle/bin/extract-frames [89:70 - 96:15] (8 lines, 54 tokens)
   mantle/bin/ffmpeg-loop [84:44 - 91:15]
Clone found (bash)
 - mantle/bin/extract-frames [96:46 - 106:2] (11 lines, 65 tokens)
   mantle/bin/ffmpeg-loop [91:25 - 101:2]
Clone found (bash)
 - mantle/bin/extract-frames [111:54 - 127:2] (17 lines, 56 tokens)
   mantle/bin/generate-tree [73:45 - 89:2]
Clone found (bash)
 - mantle/bin/extract-frames [111:54 - 147:5] (37 lines, 132 tokens)
   mantle/bin/github-latest-release [101:54 - 137:5]
Clone found (bash)
 - mantle/bin/extract-frames [171:9 - 192:2] (22 lines, 90 tokens)
   mantle/bin/ffmpeg-loop [185:14 - 206:2]
Clone found (bash)
 - mantle/bin/extract-frames [200:1 - 216:2] (17 lines, 75 tokens)
   mantle/bin/ffmpeg-loop [214:1 - 230:2]
Clone found (bash)
 - mantle/bin/extract-frames [200:1 - 216:2] (17 lines, 75 tokens)
   mantle/bin/github-latest-release [357:1 - 373:2]
Clone found (bash)
 - mantle/bin/extract-frames [200:1 - 216:2] (17 lines, 75 tokens)
   mantle/bin/makepng [197:1 - 213:2]
Clone found (bash)
 - mantle/bin/ffmpeg-loop [93:18 - 121:40] (29 lines, 92 tokens)
   mantle/bin/makepng [92:23 - 120:40]
Clone found (bash)
 - mantle/bin/ffmpeg-loop [93:9 - 128:2] (36 lines, 142 tokens)
   mantle/bin/remove-pdf-password [89:23 - 124:2]
Clone found (bash)
 - mantle/bin/ffmpeg-loop [131:1 - 141:5] (11 lines, 51 tokens)
   mantle/bin/makepng [130:1 - 140:5]
Clone found (bash)
 - mantle/bin/ffmpeg-loop [131:1 - 141:5] (11 lines, 51 tokens)
   mantle/bin/remove-pdf-password [127:1 - 137:5]
Clone found (bash)
 - mantle/bin/ffmpeg-loop [180:4 - 196:5] (17 lines, 120 tokens)
   mantle/bin/makepng [171:39 - 187:5]
Clone found (bash)
 - mantle/bin/freeze-github-release [125:1 - 130:90] (6 lines, 75 tokens)
   mantle/bin/github-issues [107:1 - 112:90]
Clone found (bash)
 - mantle/bin/freeze-github-release [134:39 - 149:2] (16 lines, 87 tokens)
   mantle/bin/list-packages [114:62 - 129:2]
Clone found (bash)
 - mantle/bin/freeze-github-release [207:13 - 230:6] (24 lines, 142 tokens)
   mantle/bin/list-fonts [148:15 - 172:2]
Clone found (bash)
 - mantle/bin/freeze-github-release [209:4 - 223:11] (15 lines, 102 tokens)
   mantle/bin/github-latest-release [162:41 - 176:7]
Clone found (bash)
 - mantle/bin/gcloud-vm [820:1 - 826:2] (7 lines, 53 tokens)
   mantle/bin/gcloud-vm [833:1 - 839:2]
Clone found (bash)
 - mantle/bin/generate-certs [41:1 - 47:7] (7 lines, 73 tokens)
   mantle/bin/generate-password [30:1 - 36:9]
Clone found (bash)
 - mantle/bin/generate-certs [80:67 - 143:5] (64 lines, 284 tokens)
   mantle/bin/generate-password [62:62 - 125:5]
Clone found (bash)
 - mantle/bin/generate-certs [107:1 - 123:2] (17 lines, 69 tokens)
   mantle/bin/generate-pwa-icons [121:1 - 137:2]
Clone found (bash)
 - mantle/bin/generate-certs [155:38 - 177:2] (23 lines, 129 tokens)
   mantle/bin/generate-password [130:33 - 152:2]
Clone found (bash)
 - mantle/bin/generate-password [62:47 - 80:25] (19 lines, 100 tokens)
   mantle/bin/generate-pwa-icons [89:19 - 107:25]
Clone found (bash)
 - mantle/bin/generate-tree [40:52 - 46:19] (7 lines, 50 tokens)
   mantle/bin/ghignore [31:54 - 37:19]
Clone found (bash)
 - mantle/bin/generate-tree [66:31 - 101:2] (36 lines, 142 tokens)
   mantle/bin/ghignore [54:41 - 89:2]
Clone found (bash)
 - mantle/bin/generate-tree [117:30 - 130:5] (14 lines, 72 tokens)
   mantle/bin/ghignore [110:4 - 123:5]
Clone found (bash)
 - mantle/bin/ghlabels [130:1 - 135:88] (6 lines, 77 tokens)
   mantle/bin/ghtemplates [93:1 - 98:88]
Clone found (bash)
 - mantle/bin/ghlabels [146:1 - 156:2] (11 lines, 59 tokens)
   mantle/bin/ghtemplates [110:1 - 120:2]
Clone found (bash)
 - mantle/bin/ghlabels [210:4 - 227:5] (18 lines, 112 tokens)
   mantle/bin/ghtemplates [163:41 - 180:5]
Clone found (bash)
 - mantle/bin/ghlabels [217:26 - 231:2] (15 lines, 72 tokens)
   mantle/bin/shell-doctor [93:17 - 107:2]
Clone found (bash)
 - mantle/bin/ghlabels [218:14 - 231:2] (14 lines, 58 tokens)
   mantle/bin/github-issues [205:14 - 218:2]
Clone found (bash)
 - mantle/bin/ghlabels [281:55 - 305:2] (25 lines, 178 tokens)
   mantle/bin/ghtemplates [215:53 - 239:2]
Clone found (bash)
 - mantle/bin/ghprotect [86:1 - 96:2] (11 lines, 53 tokens)
   mantle/bin/git-pr-corpus [97:1 - 107:2]
Clone found (bash)
 - mantle/bin/ghprotect [136:1 - 146:4] (11 lines, 51 tokens)
   mantle/bin/git-pr-corpus [151:1 - 161:4]
Clone found (bash)
 - mantle/bin/ghtemplates [98:28 - 111:25] (14 lines, 82 tokens)
   mantle/bin/github-issues [112:30 - 125:25]
Clone found (bash)
 - mantle/bin/ghtemplates [101:1 - 115:2] (15 lines, 78 tokens)
   mantle/bin/nuke-docker [108:1 - 122:2]
Clone found (bash)
 - mantle/bin/github-issues [108:57 - 123:70] (16 lines, 77 tokens)
   mantle/bin/list-package-versions [91:69 - 106:70]
Clone found (bash)
 - mantle/bin/github-issues [119:1 - 129:2] (11 lines, 63 tokens)
   mantle/bin/realpath [70:1 - 80:2]
Clone found (bash)
 - mantle/bin/github-issues [227:53 - 232:26] (6 lines, 52 tokens)
   mantle/bin/github-latest-release [223:3 - 228:26]
Clone found (bash)
 - mantle/bin/harden-system [404:16 - 411:73] (8 lines, 55 tokens)
   mantle/bin/uninstall-google-drive [411:16 - 418:44]
Clone found (bash)
 - mantle/bin/harden-system [1078:1 - 1094:2] (17 lines, 72 tokens)
   mantle/bin/passwordless-sudo [456:1 - 472:2]
Clone found (bash)
 - mantle/bin/imgcat [235:9 - 240:2] (6 lines, 72 tokens)
   mantle/bin/imgcat [251:32 - 256:2]
Clone found (python)
 - mantle/bin/inject-subtitles [1049:21 - 1059:24] (11 lines, 61 tokens)
   mantle/bin/inject-subtitles [1161:18 - 1171:24]
Clone found (bash)
 - mantle/bin/list-fonts [123:11 - 130:4] (8 lines, 51 tokens)
   mantle/bin/list-packages [143:12 - 150:4]
Clone found (bash)
 - mantle/bin/list-fonts [131:1 - 151:5] (21 lines, 117 tokens)
   mantle/bin/list-packages [150:1 - 170:5]
Clone found (bash)
 - mantle/bin/list-fonts [145:23 - 152:5] (8 lines, 51 tokens)
   mantle/bin/list-package-versions [165:4 - 172:5]
Clone found (bash)
 - mantle/bin/list-fonts [184:1 - 201:14] (18 lines, 135 tokens)
   mantle/bin/list-packages [279:1 - 296:14]
Clone found (bash)
 - mantle/bin/list-fonts [229:1 - 239:11] (11 lines, 58 tokens)
   mantle/bin/list-package-versions [242:1 - 252:11]
Clone found (bash)
 - mantle/bin/list-fonts [302:1 - 313:2] (12 lines, 100 tokens)
   mantle/bin/samba-ports [637:1 - 648:2]
Clone found (bash)
 - mantle/bin/list-fonts [302:1 - 313:2] (12 lines, 100 tokens)
   mantle/bin/whats-in-port [199:1 - 210:2]
Clone found (bash)
 - mantle/bin/list-fonts [431:1 - 438:17] (8 lines, 60 tokens)
   mantle/bin/list-packages [595:1 - 602:17]
Clone found (bash)
 - mantle/bin/list-fonts [514:1 - 530:2] (17 lines, 99 tokens)
   mantle/bin/list-package-versions [405:1 - 422:2]
Clone found (bash)
 - mantle/bin/list-fonts [520:2 - 530:2] (11 lines, 60 tokens)
   mantle/bin/list-packages [653:25 - 663:2]
Clone found (bash)
 - mantle/bin/list-fonts [552:1 - 559:9] (8 lines, 50 tokens)
   mantle/bin/list-package-versions [458:1 - 465:9]
Clone found (bash)
 - mantle/bin/list-package-versions [90:1 - 95:90] (6 lines, 75 tokens)
   mantle/bin/list-packages [109:1 - 114:90]
Clone found (bash)
 - mantle/bin/list-package-versions [314:1 - 326:10] (13 lines, 82 tokens)
   mantle/bin/list-packages [550:1 - 561:10]
Clone found (bash)
 - mantle/bin/list-package-versions [453:1 - 462:14] (10 lines, 72 tokens)
   mantle/bin/list-packages [675:1 - 684:14]
Clone found (bash)
 - mantle/bin/list-packages [99:74 - 129:2] (31 lines, 192 tokens)
   mantle/bin/whats-in-port [91:59 - 121:2]
Clone found (bash)
 - mantle/bin/list-packages [106:64 - 136:4] (31 lines, 177 tokens)
   mantle/bin/samba-ports [109:78 - 136:2]
Clone found (bash)
 - mantle/bin/makepng [171:38 - 197:2] (27 lines, 167 tokens)
   mantle/bin/remove-pdf-password [144:30 - 170:2]
Clone found (bash)
 - mantle/bin/makepng [193:17 - 213:2] (21 lines, 89 tokens)
   mantle/bin/remove-pdf-password [166:26 - 186:2]
Clone found (bash)
 - mantle/bin/makepng [287:1 - 292:2] (6 lines, 53 tokens)
   mantle/bin/remove-pdf-password [211:1 - 216:2]
Clone found (bash)
 - mantle/bin/nuke-docker [191:1 - 203:2] (13 lines, 51 tokens)
   mantle/bin/sysinfo [76:1 - 88:2]
Clone found (bash)
 - mantle/bin/passwordless-sudo [86:1 - 117:2] (32 lines, 108 tokens)
   mantle/bin/textfind [105:1 - 136:2]
Clone found (bash)
 - mantle/bin/passwordless-sudo [475:8 - 480:3] (6 lines, 58 tokens)
   mantle/bin/passwordless-sudo [484:8 - 489:3]
Clone found (python)
 - mantle/bin/pdf-title [94:1 - 105:5] (12 lines, 78 tokens)
   mantle/bin/record-audio [49:1 - 60:5]
Clone found (python)
 - mantle/bin/pdf-title [248:27 - 257:13] (10 lines, 78 tokens)
   mantle/bin/record-audio [267:18 - 276:13]
Clone found (python)
 - mantle/bin/pdf-title [843:1 - 852:29] (10 lines, 68 tokens)
   mantle/bin/record-audio [770:1 - 779:29]
Clone found (bash)
 - mantle/bin/pipes [112:1 - 120:2] (9 lines, 52 tokens)
   mantle/bin/rotate-video [96:1 - 104:2]
Clone found (bash)
 - mantle/bin/prettyp [177:35 - 194:5] (18 lines, 94 tokens)
   mantle/bin/textfind [196:44 - 213:5]
Clone found (bash)
 - mantle/bin/prettyp [322:12 - 328:2] (7 lines, 103 tokens)
   mantle/bin/prettyp [376:10 - 382:2]
Clone found (bash)
 - mantle/bin/prettyp [322:12 - 328:2] (7 lines, 103 tokens)
   mantle/bin/prettyp [422:10 - 428:2]
Clone found (bash)
 - mantle/bin/realpath [175:1 - 183:23] (9 lines, 73 tokens)
   mantle/bin/realpath [211:1 - 219:23]
Clone found (bash)
 - mantle/bin/repro-sources-list [145:1 - 160:4] (16 lines, 68 tokens)
   mantle/bin/system-report [223:1 - 238:4]
Clone found (bash)
 - mantle/bin/shell-banner [64:1 - 73:2] (10 lines, 55 tokens)
   mantle/bin/shell-doctor [70:1 - 79:2]
Clone found (bash)
 - mantle/bin/shell-banner [76:1 - 84:2] (9 lines, 86 tokens)
   mantle/bin/shell-doctor [111:1 - 119:2]
Clone found (bash)
 - mantle/init/init.sh [30:1 - 48:2] (19 lines, 112 tokens)
   mantle/init/load-core.sh [51:1 - 69:2]
Clone found (bash)
 - mantle/install.sh [108:1 - 121:45] (14 lines, 122 tokens)
   mantle/libexec/mantle/commands/version.sh [25:1 - 38:45]
Clone found (bash)
 - mantle/lib/bash/collection.sh [28:23 - 46:2] (19 lines, 103 tokens)
   mantle/lib/bash/collection.sh [121:22 - 139:2]
Clone found (bash)
 - mantle/lib/bash/collection.sh [33:1 - 39:3] (7 lines, 55 tokens)
   mantle/lib/bash/collection.sh [53:1 - 59:3]
Clone found (bash)
 - mantle/lib/bash/collection.sh [33:1 - 39:3] (7 lines, 55 tokens)
   mantle/lib/bash/collection.sh [108:1 - 114:3]
Clone found (bash)
 - mantle/lib/bash/collection.sh [35:1 - 48:73] (14 lines, 70 tokens)
   mantle/lib/bash/collection.sh [128:1 - 141:65]
Clone found (bash)
 - mantle/lib/bash/collection.sh [49:24 - 59:33] (11 lines, 76 tokens)
   mantle/lib/bash/collection.sh [66:25 - 76:34]
Clone found (bash)
 - mantle/lib/bash/collection.sh [49:24 - 62:8] (14 lines, 91 tokens)
   mantle/lib/bash/collection.sh [83:23 - 94:27]
Clone found (bash)
 - mantle/lib/bash/collection.sh [49:24 - 59:22] (11 lines, 73 tokens)
   mantle/lib/bash/collection.sh [142:25 - 152:6]
Clone found (bash)
 - mantle/lib/bash/collection.sh [49:24 - 59:43] (11 lines, 81 tokens)
   mantle/lib/bash/collection.sh [159:23 - 169:43]
Clone found (bash)
 - mantle/lib/bash/collection.sh [72:1 - 78:3] (7 lines, 64 tokens)
   mantle/lib/bash/collection.sh [89:1 - 95:4]
Clone found (bash)
 - mantle/lib/bash/file.sh [54:21 - 61:3] (8 lines, 80 tokens)
   mantle/lib/bash/file.sh [68:22 - 75:3]
Clone found (bash)
 - mantle/lib/core/core.sh [217:1 - 238:8] (22 lines, 137 tokens)
   mantle/lib/core/core.sh [255:1 - 276:8]
Clone found (bash)
 - mantle/lib/extensions/wget.sh [195:52 - 201:5] (7 lines, 51 tokens)
   mantle/lib/extensions/wget.sh [219:55 - 225:5]
Clone found (bash)
 - mantle/lib/install/github.sh [411:1 - 423:5] (13 lines, 51 tokens)
   mantle/lib/install/python-tool.sh [76:1 - 88:5]
Clone found (bash)
 - mantle/lib/modules.sh [40:80 - 55:2] (16 lines, 84 tokens)
   mantle/lib/modules.sh [143:85 - 158:2]
Clone found (bash)
 - mantle/libexec/mantle/installers/addlicense.sh [8:1 - 20:26] (13 lines, 63 tokens)
   mantle/libexec/mantle/installers/asdf.sh [8:1 - 20:26]
Clone found (bash)
 - mantle/libexec/mantle/installers/addlicense.sh [8:1 - 20:26] (13 lines, 63 tokens)
   mantle/libexec/mantle/installers/calibre.sh [8:1 - 20:26]
Clone found (bash)
 - mantle/libexec/mantle/installers/addlicense.sh [8:1 - 20:26] (13 lines, 63 tokens)
   mantle/libexec/mantle/installers/ceres-solver.sh [8:1 - 20:26]
Clone found (bash)
 - mantle/libexec/mantle/installers/addlicense.sh [8:1 - 20:26] (13 lines, 63 tokens)
   mantle/libexec/mantle/installers/crush.sh [8:1 - 20:26]
Clone found (bash)
 - mantle/libexec/mantle/installers/addlicense.sh [8:1 - 18:47] (11 lines, 61 tokens)
   mantle/libexec/mantle/installers/docker-desktop.sh [8:1 - 18:47]
Clone found (bash)
 - mantle/libexec/mantle/installers/addlicense.sh [8:1 - 20:26] (13 lines, 63 tokens)
   mantle/libexec/mantle/installers/dockerfmt.sh [8:1 - 20:26]
Clone found (bash)
 - mantle/libexec/mantle/installers/addlicense.sh [8:1 - 20:26] (13 lines, 63 tokens)
   mantle/libexec/mantle/installers/dust.sh [8:1 - 20:26]
Clone found (bash)
 - mantle/libexec/mantle/installers/addlicense.sh [8:1 - 20:26] (13 lines, 63 tokens)
   mantle/libexec/mantle/installers/e57format.sh [8:1 - 20:26]
Clone found (bash)
 - mantle/libexec/mantle/installers/addlicense.sh [8:1 - 20:26] (13 lines, 63 tokens)
   mantle/libexec/mantle/installers/eza.sh [8:1 - 20:26]
Clone found (bash)
 - mantle/libexec/mantle/installers/addlicense.sh [8:1 - 20:26] (13 lines, 63 tokens)
   mantle/libexec/mantle/installers/git-sim.sh [8:1 - 20:26]
Clone found (bash)
 - mantle/libexec/mantle/installers/addlicense.sh [8:1 - 20:26] (13 lines, 63 tokens)
   mantle/libexec/mantle/installers/gitinspector.sh [8:1 - 20:26]
Clone found (bash)
 - mantle/libexec/mantle/installers/addlicense.sh [8:1 - 18:47] (11 lines, 61 tokens)
   mantle/libexec/mantle/installers/google-fonts.sh [9:1 - 19:47]
Clone found (bash)
 - mantle/libexec/mantle/installers/addlicense.sh [8:1 - 20:26] (13 lines, 63 tokens)
   mantle/libexec/mantle/installers/httpie.sh [8:1 - 20:26]
Clone found (bash)
 - mantle/libexec/mantle/installers/addlicense.sh [8:1 - 18:47] (11 lines, 61 tokens)
   mantle/libexec/mantle/installers/image-optim.sh [8:1 - 18:47]
Clone found (bash)
 - mantle/libexec/mantle/installers/addlicense.sh [8:1 - 20:26] (13 lines, 63 tokens)
   mantle/libexec/mantle/installers/imagemagick.sh [8:1 - 20:26]
Clone found (bash)
 - mantle/libexec/mantle/installers/addlicense.sh [8:1 - 18:47] (11 lines, 61 tokens)
   mantle/libexec/mantle/installers/java.sh [8:1 - 18:47]
Clone found (bash)
 - mantle/libexec/mantle/installers/addlicense.sh [8:1 - 18:47] (11 lines, 61 tokens)
   mantle/libexec/mantle/installers/linuxbrew.sh [9:1 - 19:47]
Clone found (bash)
 - mantle/libexec/mantle/installers/addlicense.sh [8:1 - 20:26] (13 lines, 63 tokens)
   mantle/libexec/mantle/installers/lynis.sh [8:1 - 20:26]
Clone found (bash)
 - mantle/libexec/mantle/installers/addlicense.sh [8:1 - 20:26] (13 lines, 63 tokens)
   mantle/libexec/mantle/installers/mitmproxy.sh [8:1 - 20:26]
Clone found (bash)
 - mantle/libexec/mantle/installers/addlicense.sh [8:1 - 18:47] (11 lines, 61 tokens)
   mantle/libexec/mantle/installers/nerd-fonts.sh [9:1 - 19:47]
Clone found (bash)
 - mantle/libexec/mantle/installers/addlicense.sh [8:1 - 20:26] (13 lines, 63 tokens)
   mantle/libexec/mantle/installers/nfpm.sh [8:1 - 20:26]
Clone found (bash)
 - mantle/libexec/mantle/installers/addlicense.sh [8:1 - 20:26] (13 lines, 63 tokens)
   mantle/libexec/mantle/installers/pdal.sh [8:1 - 20:26]
Clone found (bash)
 - mantle/libexec/mantle/installers/addlicense.sh [8:1 - 18:47] (11 lines, 61 tokens)
   mantle/libexec/mantle/installers/pyenv.sh [9:1 - 19:47]
Clone found (bash)
 - mantle/libexec/mantle/installers/addlicense.sh [8:1 - 20:26] (13 lines, 63 tokens)
   mantle/libexec/mantle/installers/scc.sh [8:1 - 20:26]
Clone found (bash)
 - mantle/libexec/mantle/installers/addlicense.sh [8:1 - 18:47] (11 lines, 61 tokens)
   mantle/libexec/mantle/installers/shdoc.sh [8:1 - 18:47]
Clone found (bash)
 - mantle/libexec/mantle/installers/addlicense.sh [8:1 - 20:26] (13 lines, 63 tokens)
   mantle/libexec/mantle/installers/shfmt.sh [8:1 - 20:26]
Clone found (bash)
 - mantle/libexec/mantle/installers/addlicense.sh [8:1 - 20:26] (13 lines, 63 tokens)
   mantle/libexec/mantle/installers/sqlfluff.sh [8:1 - 20:26]
Clone found (bash)
 - mantle/libexec/mantle/installers/addlicense.sh [8:1 - 18:47] (11 lines, 61 tokens)
   mantle/libexec/mantle/installers/talisman.sh [9:1 - 19:47]
Clone found (bash)
 - mantle/libexec/mantle/installers/addlicense.sh [8:1 - 20:26] (13 lines, 63 tokens)
   mantle/libexec/mantle/installers/taskfile.sh [8:1 - 20:26]
Clone found (bash)
 - mantle/libexec/mantle/installers/addlicense.sh [8:1 - 20:26] (13 lines, 63 tokens)
   mantle/libexec/mantle/installers/terminus.sh [8:1 - 20:26]
Clone found (bash)
 - mantle/libexec/mantle/installers/addlicense.sh [8:1 - 20:26] (13 lines, 63 tokens)
   mantle/libexec/mantle/installers/typos.sh [8:1 - 20:26]
Clone found (bash)
 - mantle/libexec/mantle/installers/addlicense.sh [8:1 - 20:26] (13 lines, 63 tokens)
   mantle/libexec/mantle/installers/vale.sh [8:1 - 20:26]
Clone found (bash)
 - mantle/libexec/mantle/installers/image-optim.sh [42:41 - 52:4] (11 lines, 54 tokens)
   mantle/libexec/mantle/installers/shdoc.sh [32:35 - 42:4]
Clone found (bash)
 - mantle/modules/aliases-network.sh [13:1 - 26:67] (14 lines, 137 tokens)
   mantle/modules/aliases.sh [175:1 - 188:67]
Clone found (bash)
 - mantle/modules/aliases-network.sh [41:1 - 51:2] (11 lines, 120 tokens)
   mantle/modules/aliases.sh [211:1 - 221:2]
Clone found (bash)
 - mantle/modules/aliases-safe.sh [13:1 - 23:72] (11 lines, 65 tokens)
   mantle/modules/aliases.sh [26:1 - 38:72]
Clone found (bash)
 - mantle/modules/aliases-safe.sh [24:1 - 33:68] (10 lines, 61 tokens)
   mantle/modules/aliases.sh [43:1 - 53:68]
Clone found (bash)
 - mantle/modules/aliases-safe.sh [56:1 - 65:2] (10 lines, 61 tokens)
   mantle/modules/aliases.sh [94:1 - 103:2]
Clone found (bash)
 - mantle/modules/aliases-safe.sh [74:1 - 89:67] (16 lines, 148 tokens)
   mantle/modules/aliases.sh [244:1 - 259:67]
Clone found (bash)
 - mantle/modules/aliases-safe.sh [90:1 - 103:2] (14 lines, 150 tokens)
   mantle/modules/aliases.sh [262:1 - 275:2]
Clone found (bash)
 - mantle/modules/aliases-system.sh [13:1 - 37:2] (25 lines, 289 tokens)
   mantle/modules/aliases.sh [351:1 - 380:2]
Clone found (bash)
 - mantle/modules/cache.sh [32:1 - 39:2] (8 lines, 51 tokens)
   mantle/modules/tooling.sh [28:1 - 35:2]
Clone found (bash)
 - mantle/tests/bin/helpers/environment.bash [81:2 - 94:3] (14 lines, 77 tokens)
   mantle/tests/bin/helpers/environment.bash [107:24 - 120:3]
Clone found (python)
 - mindgarden/scripts/garden_agent.py [58:75 - 67:5] (10 lines, 63 tokens)
   mindgarden/scripts/publish_garden.py [85:52 - 94:5]
Clone found (python)
 - mindgarden/tests/test_garden_agent.py [12:1 - 22:14] (11 lines, 57 tokens)
   mindgarden/tests/test_validate_garden.py [8:1 - 18:14]
Clone found (python)
 - mindgarden/tests/test_garden_agent.py [13:1 - 22:14] (10 lines, 54 tokens)
   mindgarden/tests/test_publish_garden.py [8:1 - 17:14]
Clone found (python)
 - mindgarden/tests/test_garden_agent.py [33:1 - 47:5] (15 lines, 79 tokens)
   mindgarden/tests/test_publish_garden.py [24:1 - 38:5]
Clone found (python)
 - mindgarden/tests/test_garden_agent.py [159:68 - 167:13] (9 lines, 64 tokens)
   mindgarden/tests/test_garden_agent.py [179:57 - 186:13]
Clone found (python)
 - mindgarden/tests/test_garden_agent.py [257:58 - 262:13] (6 lines, 57 tokens)
   mindgarden/tests/test_garden_agent.py [272:46 - 277:13]
Clone found (python)
 - mindgarden/tests/test_garden_agent.py [257:58 - 270:45] (14 lines, 125 tokens)
   mindgarden/tests/test_garden_agent.py [288:58 - 301:13]
Clone found (python)
 - mindgarden/tests/test_publish_garden.py [90:1 - 95:48] (6 lines, 53 tokens)
   mindgarden/tests/test_validate_garden.py [71:1 - 76:48]
Clone found (json)
 - tests/fixtures/repository-intelligence-dashboard/osv/summary.json [13:15 - 24:15] (12 lines, 54 tokens)
   tests/fixtures/repository-intelligence-dashboard/scorecard/summary.json [11:16 - 22:15]
Clone found (python)
 - tests/test_repository_intelligence_dashboard.py [308:1 - 313:64] (6 lines, 62 tokens)
   tests/test_repository_intelligence_dashboard.py [323:1 - 328:64]
Clone found (python)
 - tests/test_validate_automation.py [45:53 - 57:32] (13 lines, 66 tokens)
   tests/test_validate_automation.py [108:47 - 120:32]
Clone found (python)
 - tests/test_validate_automation.py [46:9 - 57:32] (12 lines, 56 tokens)
   tests/test_validate_automation.py [64:16 - 75:32]
┌──────────────┬────────────────┬─────────────┬──────────────┬──────────────┬──────────────────┬───────────────────┐
│ Format       │ Files analyzed │ Total lines │ Total tokens │ Clones found │ Duplicated lines │ Duplicated tokens │
├──────────────┼────────────────┼─────────────┼──────────────┼──────────────┼──────────────────┼───────────────────┤
│ apex         │ 4              │ 1594        │ 8033         │ 0            │ 0 (0.00%)        │ 0 (0.00%)         │
├──────────────┼────────────────┼─────────────┼──────────────┼──────────────┼──────────────────┼───────────────────┤
│ bash         │ 398            │ 107873      │ 420880       │ 229          │ 3557 (3.30%)     │ 19271 (4.58%)     │
├──────────────┼────────────────┼─────────────┼──────────────┼──────────────┼──────────────────┼───────────────────┤
│ batch        │ 1              │ 90          │ 97           │ 0            │ 0 (0.00%)        │ 0 (0.00%)         │
├──────────────┼────────────────┼─────────────┼──────────────┼──────────────┼──────────────────┼───────────────────┤
│ bicep        │ 5              │ 1154        │ 1640         │ 0            │ 0 (0.00%)        │ 0 (0.00%)         │
├──────────────┼────────────────┼─────────────┼──────────────┼──────────────┼──────────────────┼───────────────────┤
│ c            │ 2              │ 274         │ 346          │ 0            │ 0 (0.00%)        │ 0 (0.00%)         │
├──────────────┼────────────────┼─────────────┼──────────────┼──────────────┼──────────────────┼───────────────────┤
│ clojure      │ 5              │ 1006        │ 2862         │ 0            │ 0 (0.00%)        │ 0 (0.00%)         │
├──────────────┼────────────────┼─────────────┼──────────────┼──────────────┼──────────────────┼───────────────────┤
│ cpp          │ 4              │ 1550        │ 1658         │ 0            │ 0 (0.00%)        │ 0 (0.00%)         │
├──────────────┼────────────────┼─────────────┼──────────────┼──────────────┼──────────────────┼───────────────────┤
│ csharp       │ 56             │ 14917       │ 43793        │ 22           │ 479 (3.21%)      │ 1936 (4.42%)      │
├──────────────┼────────────────┼─────────────┼──────────────┼──────────────┼──────────────────┼───────────────────┤
│ css          │ 18             │ 5774        │ 17933        │ 0            │ 0 (0.00%)        │ 0 (0.00%)         │
├──────────────┼────────────────┼─────────────┼──────────────┼──────────────┼──────────────────┼───────────────────┤
│ csv          │ 1              │ 5           │ 60           │ 0            │ 0 (0.00%)        │ 0 (0.00%)         │
├──────────────┼────────────────┼─────────────┼──────────────┼──────────────┼──────────────────┼───────────────────┤
│ dart         │ 3              │ 420         │ 478          │ 0            │ 0 (0.00%)        │ 0 (0.00%)         │
├──────────────┼────────────────┼─────────────┼──────────────┼──────────────┼──────────────────┼───────────────────┤
│ diff         │ 3              │ 1322        │ 4406         │ 0            │ 0 (0.00%)        │ 0 (0.00%)         │
├──────────────┼────────────────┼─────────────┼──────────────┼──────────────┼──────────────────┼───────────────────┤
│ editorconfig │ 1              │ 49          │ 63           │ 0            │ 0 (0.00%)        │ 0 (0.00%)         │
├──────────────┼────────────────┼─────────────┼──────────────┼──────────────┼──────────────────┼───────────────────┤
│ gherkin      │ 1              │ 13          │ 155          │ 0            │ 0 (0.00%)        │ 0 (0.00%)         │
├──────────────┼────────────────┼─────────────┼──────────────┼──────────────┼──────────────────┼───────────────────┤
│ glsl         │ 1              │ 449         │ 117          │ 0            │ 0 (0.00%)        │ 0 (0.00%)         │
├──────────────┼────────────────┼─────────────┼──────────────┼──────────────┼──────────────────┼───────────────────┤
│ go           │ 11             │ 3436        │ 7697         │ 4            │ 63 (1.83%)       │ 232 (3.01%)       │
├──────────────┼────────────────┼─────────────┼──────────────┼──────────────┼──────────────────┼───────────────────┤
│ graphql      │ 8              │ 1278        │ 1738         │ 0            │ 0 (0.00%)        │ 0 (0.00%)         │
├──────────────┼────────────────┼─────────────┼──────────────┼──────────────┼──────────────────┼───────────────────┤
│ groovy       │ 2              │ 120         │ 129          │ 0            │ 0 (0.00%)        │ 0 (0.00%)         │
├──────────────┼────────────────┼─────────────┼──────────────┼──────────────┼──────────────────┼───────────────────┤
│ haxe         │ 3              │ 723         │ 3092         │ 1            │ 5 (0.69%)        │ 53 (1.71%)        │
├──────────────┼────────────────┼─────────────┼──────────────┼──────────────┼──────────────────┼───────────────────┤
│ hcl          │ 6              │ 680         │ 1720         │ 1            │ 5 (0.74%)        │ 91 (5.29%)        │
├──────────────┼────────────────┼─────────────┼──────────────┼──────────────┼──────────────────┼───────────────────┤
│ hlsl         │ 2              │ 1401        │ 2883         │ 1            │ 31 (2.21%)       │ 63 (2.19%)        │
├──────────────┼────────────────┼─────────────┼──────────────┼──────────────┼──────────────────┼───────────────────┤
│ http         │ 1              │ 195         │ 180          │ 0            │ 0 (0.00%)        │ 0 (0.00%)         │
├──────────────┼────────────────┼─────────────┼──────────────┼──────────────┼──────────────────┼───────────────────┤
│ ini          │ 7              │ 1818        │ 3571         │ 1            │ 8 (0.44%)        │ 52 (1.46%)        │
├──────────────┼────────────────┼─────────────┼──────────────┼──────────────┼──────────────────┼───────────────────┤
│ java         │ 34             │ 10376       │ 32325        │ 12           │ 152 (1.46%)      │ 843 (2.61%)       │
├──────────────┼────────────────┼─────────────┼──────────────┼──────────────┼──────────────────┼───────────────────┤
│ javascript   │ 64             │ 22736       │ 62404        │ 58           │ 1321 (5.81%)     │ 5555 (8.90%)      │
├──────────────┼────────────────┼─────────────┼──────────────┼──────────────┼──────────────────┼───────────────────┤
│ json         │ 221            │ 70281       │ 209939       │ 60           │ 1788 (2.54%)     │ 8405 (4.00%)      │
├──────────────┼────────────────┼─────────────┼──────────────┼──────────────┼──────────────────┼───────────────────┤
│ jsx          │ 33             │ 6077        │ 18160        │ 12           │ 163 (2.68%)      │ 720 (3.96%)       │
├──────────────┼────────────────┼─────────────┼──────────────┼──────────────┼──────────────────┼───────────────────┤
│ kotlin       │ 9              │ 4037        │ 6546         │ 0            │ 0 (0.00%)        │ 0 (0.00%)         │
├──────────────┼────────────────┼─────────────┼──────────────┼──────────────┼──────────────────┼───────────────────┤
│ kusto        │ 1              │ 542         │ 306          │ 0            │ 0 (0.00%)        │ 0 (0.00%)         │
├──────────────┼────────────────┼─────────────┼──────────────┼──────────────┼──────────────────┼───────────────────┤
│ latex        │ 7              │ 433         │ 4007         │ 1            │ 105 (24.25%)     │ 700 (17.47%)      │
├──────────────┼────────────────┼─────────────┼──────────────┼──────────────┼──────────────────┼───────────────────┤
│ liquid       │ 2              │ 597         │ 835          │ 0            │ 0 (0.00%)        │ 0 (0.00%)         │
├──────────────┼────────────────┼─────────────┼──────────────┼──────────────┼──────────────────┼───────────────────┤
│ makefile     │ 1              │ 399         │ 997          │ 0            │ 0 (0.00%)        │ 0 (0.00%)         │
├──────────────┼────────────────┼─────────────┼──────────────┼──────────────┼──────────────────┼───────────────────┤
│ markdown     │ 1729           │ 345023      │ 4326905      │ 751          │ 13789 (4.00%)    │ 180327 (4.17%)    │
├──────────────┼────────────────┼─────────────┼──────────────┼──────────────┼──────────────────┼───────────────────┤
│ markup       │ 87             │ 28027       │ 96254        │ 25           │ 277 (0.99%)      │ 2408 (2.50%)      │
├──────────────┼────────────────┼─────────────┼──────────────┼──────────────┼──────────────────┼───────────────────┤
│ mermaid      │ 11             │ 2820        │ 5846         │ 12           │ 135 (4.79%)      │ 1061 (18.15%)     │
├──────────────┼────────────────┼─────────────┼──────────────┼──────────────┼──────────────────┼───────────────────┤
│ pascal       │ 1              │ 410         │ 419          │ 0            │ 0 (0.00%)        │ 0 (0.00%)         │
├──────────────┼────────────────┼─────────────┼──────────────┼──────────────┼──────────────────┼───────────────────┤
│ php          │ 9              │ 3948        │ 17117        │ 8            │ 77 (1.95%)       │ 486 (2.84%)       │
├──────────────┼────────────────┼─────────────┼──────────────┼──────────────┼──────────────────┼───────────────────┤
│ plant-uml    │ 1              │ 198         │ 555          │ 0            │ 0 (0.00%)        │ 0 (0.00%)         │
├──────────────┼────────────────┼─────────────┼──────────────┼──────────────┼──────────────────┼───────────────────┤
│ powerquery   │ 2              │ 774         │ 591          │ 0            │ 0 (0.00%)        │ 0 (0.00%)         │
├──────────────┼────────────────┼─────────────┼──────────────┼──────────────┼──────────────────┼───────────────────┤
│ powershell   │ 37             │ 9686        │ 32735        │ 7            │ 69 (0.71%)       │ 688 (2.10%)       │
├──────────────┼────────────────┼─────────────┼──────────────┼──────────────┼──────────────────┼───────────────────┤
│ properties   │ 3              │ 834         │ 520          │ 2            │ 30 (3.60%)       │ 135 (25.96%)      │
├──────────────┼────────────────┼─────────────┼──────────────┼──────────────┼──────────────────┼───────────────────┤
│ protobuf     │ 1              │ 31          │ 99           │ 0            │ 0 (0.00%)        │ 0 (0.00%)         │
├──────────────┼────────────────┼─────────────┼──────────────┼──────────────┼──────────────────┼───────────────────┤
│ python       │ 279            │ 70334       │ 439159       │ 125          │ 1266 (1.80%)     │ 12106 (2.76%)     │
├──────────────┼────────────────┼─────────────┼──────────────┼──────────────┼──────────────────┼───────────────────┤
│ r            │ 2              │ 129         │ 289          │ 0            │ 0 (0.00%)        │ 0 (0.00%)         │
├──────────────┼────────────────┼─────────────┼──────────────┼──────────────┼──────────────────┼───────────────────┤
│ razor        │ 5              │ 726         │ 1887         │ 0            │ 0 (0.00%)        │ 0 (0.00%)         │
├──────────────┼────────────────┼─────────────┼──────────────┼──────────────┼──────────────────┼───────────────────┤
│ regex        │ 3              │ 1747        │ 909          │ 0            │ 0 (0.00%)        │ 0 (0.00%)         │
├──────────────┼────────────────┼─────────────┼──────────────┼──────────────┼──────────────────┼───────────────────┤
│ ruby         │ 5              │ 1948        │ 6943         │ 1            │ 11 (0.56%)       │ 52 (0.75%)        │
├──────────────┼────────────────┼─────────────┼──────────────┼──────────────┼──────────────────┼───────────────────┤
│ rust         │ 15             │ 3712        │ 21193        │ 14           │ 161 (4.34%)      │ 1203 (5.68%)      │
├──────────────┼────────────────┼─────────────┼──────────────┼──────────────┼──────────────────┼───────────────────┤
│ scala        │ 5              │ 1507        │ 6077         │ 0            │ 0 (0.00%)        │ 0 (0.00%)         │
├──────────────┼────────────────┼─────────────┼──────────────┼──────────────┼──────────────────┼───────────────────┤
│ sql          │ 18             │ 2534        │ 6363         │ 0            │ 0 (0.00%)        │ 0 (0.00%)         │
├──────────────┼────────────────┼─────────────┼──────────────┼──────────────┼──────────────────┼───────────────────┤
│ swift        │ 4              │ 1313        │ 6312         │ 3            │ 21 (1.60%)       │ 192 (3.04%)       │
├──────────────┼────────────────┼─────────────┼──────────────┼──────────────┼──────────────────┼───────────────────┤
│ text         │ 414            │ 96544       │ 208120       │ 29           │ 368 (0.38%)      │ 2477 (1.19%)      │
├──────────────┼────────────────┼─────────────┼──────────────┼──────────────┼──────────────────┼───────────────────┤
│ toml         │ 38             │ 6466        │ 13087        │ 8            │ 175 (2.71%)      │ 625 (4.78%)       │
├──────────────┼────────────────┼─────────────┼──────────────┼──────────────┼──────────────────┼───────────────────┤
│ tsx          │ 42             │ 3282        │ 8836         │ 0            │ 0 (0.00%)        │ 0 (0.00%)         │
├──────────────┼────────────────┼─────────────┼──────────────┼──────────────┼──────────────────┼───────────────────┤
│ twig         │ 1              │ 573         │ 429          │ 0            │ 0 (0.00%)        │ 0 (0.00%)         │
├──────────────┼────────────────┼─────────────┼──────────────┼──────────────┼──────────────────┼───────────────────┤
│ txt          │ 18             │ 4435        │ 47964        │ 72           │ 1690 (38.11%)    │ 18397 (38.36%)    │
├──────────────┼────────────────┼─────────────┼──────────────┼──────────────┼──────────────────┼───────────────────┤
│ typescript   │ 80             │ 13750       │ 35187        │ 11           │ 216 (1.57%)      │ 825 (2.34%)       │
├──────────────┼────────────────┼─────────────┼──────────────┼──────────────┼──────────────────┼───────────────────┤
│ vue          │ 3              │ 1190        │ 392          │ 0            │ 0 (0.00%)        │ 0 (0.00%)         │
├──────────────┼────────────────┼─────────────┼──────────────┼──────────────┼──────────────────┼───────────────────┤
│ yaml         │ 556            │ 57636       │ 307422       │ 326          │ 9055 (15.71%)    │ 102890 (33.47%)   │
├──────────────┼────────────────┼─────────────┼──────────────┼──────────────┼──────────────────┼───────────────────┤
│ Total:       │ 4284           │ 921196      │ 6450660      │ 1796         │ 35017 (3.80%)    │ 361793 (5.61%)    │
└──────────────┴────────────────┴─────────────┴──────────────┴──────────────┴──────────────────┴───────────────────┘
Found 1796 clones.
HTML report saved to .reports/megalinter/copy-paste/jscpd-report.html
ERROR: jscpd found too many duplicates (3.8%) over threshold (3.0%)
time: 13.22s

