Results of pyright linter (version 1.1.411)
See documentation on https://megalinter.io/10.0.0/descriptors/python_pyright/
-----------------------------------------------

❌ [ERROR] for workspace /github/workspace
Linter raw log:
.github/actions/generate-lint-infographic/generate_lint_infographic.py
  .github/actions/generate-lint-infographic/generate_lint_infographic.py:64:12 - error: Return type, "dict[Unknown, Unknown]", is partially unknown (reportUnknownVariableType)
  .github/actions/generate-lint-infographic/generate_lint_infographic.py:73:43 - error: Type of "tool" is unknown (reportUnknownVariableType)
  .github/actions/generate-lint-infographic/generate_lint_infographic.py:75:12 - error: Return type, "list[Unknown]", is partially unknown (reportUnknownVariableType)
.github/actions/generate-repository-intelligence-dashboard/generate_repository_intelligence_dashboard.py
  .github/actions/generate-repository-intelligence-dashboard/generate_repository_intelligence_dashboard.py:112:9 - error: Type of "candidate" is unknown (reportUnknownVariableType)
  .github/actions/generate-repository-intelligence-dashboard/generate_repository_intelligence_dashboard.py:115:30 - error: Type of "get" is partially unknown
    Type of "get" is "Overload[(key: Unknown, default: None = None, /) -> (Unknown | None), (key: Unknown, default: Unknown, /) -> Unknown, (key: Unknown, default: _T@get, /) -> (Unknown | _T@get)]" (reportUnknownMemberType)
  .github/actions/generate-repository-intelligence-dashboard/generate_repository_intelligence_dashboard.py:116:30 - error: Type of "get" is partially unknown
    Type of "get" is "Overload[(key: Unknown, default: None = None, /) -> (Unknown | None), (key: Unknown, default: Unknown, /) -> Unknown, (key: Unknown, default: _T@get, /) -> (Unknown | _T@get)]" (reportUnknownMemberType)
  .github/actions/generate-repository-intelligence-dashboard/generate_repository_intelligence_dashboard.py:118:13 - error: Type of "append" is partially unknown
    Type of "append" is "(object: Unknown, /) -> None" (reportUnknownMemberType)
  .github/actions/generate-repository-intelligence-dashboard/generate_repository_intelligence_dashboard.py:119:12 - error: Return type, "list[Unknown]", is partially unknown (reportUnknownVariableType)
  .github/actions/generate-repository-intelligence-dashboard/generate_repository_intelligence_dashboard.py:179:12 - error: Return type, "dict[Unknown, Unknown]", is partially unknown (reportUnknownVariableType)
  .github/actions/generate-repository-intelligence-dashboard/generate_repository_intelligence_dashboard.py:188:9 - error: Type of "severity" is partially unknown
    Type of "severity" is "Unknown | dict[Unknown, Unknown]" (reportUnknownVariableType)
  .github/actions/generate-repository-intelligence-dashboard/generate_repository_intelligence_dashboard.py:188:20 - error: Type of "get" is partially unknown
    Type of "get" is "Overload[(key: Unknown, default: None = None, /) -> (Unknown | None), (key: Unknown, default: Unknown, /) -> Unknown, (key: Unknown, default: _T@get, /) -> (Unknown | _T@get)]" (reportUnknownMemberType)
  .github/actions/generate-repository-intelligence-dashboard/generate_repository_intelligence_dashboard.py:190:47 - error: Type of "get" is partially unknown
    Type of "get" is "Overload[(key: Unknown, default: None = None, /) -> (Unknown | None), (key: Unknown, default: Unknown, /) -> Unknown, (key: Unknown, default: _T@get, /) -> (Unknown | _T@get)]" (reportUnknownMemberType)
  .github/actions/generate-repository-intelligence-dashboard/generate_repository_intelligence_dashboard.py:193:49 - error: Type of "get" is partially unknown
    Type of "get" is "Overload[(key: Unknown, default: None = None, /) -> (Unknown | None), (key: Unknown, default: Unknown, /) -> Unknown, (key: Unknown, default: _T@get, /) -> (Unknown | _T@get)]" (reportUnknownMemberType)
  .github/actions/generate-repository-intelligence-dashboard/generate_repository_intelligence_dashboard.py:196:42 - error: Type of "get" is partially unknown
    Type of "get" is "Overload[(key: Unknown, default: None = None, /) -> (Unknown | None), (key: Unknown, default: Unknown, /) -> Unknown, (key: Unknown, default: _T@get, /) -> (Unknown | _T@get)]" (reportUnknownMemberType)
  .github/actions/generate-repository-intelligence-dashboard/generate_repository_intelligence_dashboard.py:201:21 - error: Argument type is unknown
    Argument corresponds to parameter "object" in function "__new__" (reportUnknownArgumentType)
  .github/actions/generate-repository-intelligence-dashboard/generate_repository_intelligence_dashboard.py:202:21 - error: Type of "key" is unknown (reportUnknownVariableType)
  .github/actions/generate-repository-intelligence-dashboard/generate_repository_intelligence_dashboard.py:202:26 - error: Type of "value" is unknown (reportUnknownVariableType)
  .github/actions/generate-repository-intelligence-dashboard/generate_repository_intelligence_dashboard.py:202:42 - error: Argument type is partially unknown
    Argument corresponds to parameter "iterable" in function "sorted"
    Argument type is "dict_items[Unknown, Unknown]" (reportUnknownArgumentType)
  .github/actions/generate-repository-intelligence-dashboard/generate_repository_intelligence_dashboard.py:214:21 - error: Argument type is unknown
    Argument corresponds to parameter "object" in function "__new__" (reportUnknownArgumentType)
  .github/actions/generate-repository-intelligence-dashboard/generate_repository_intelligence_dashboard.py:215:21 - error: Type of "key" is unknown (reportUnknownVariableType)
  .github/actions/generate-repository-intelligence-dashboard/generate_repository_intelligence_dashboard.py:215:26 - error: Type of "value" is unknown (reportUnknownVariableType)
  .github/actions/generate-repository-intelligence-dashboard/generate_repository_intelligence_dashboard.py:215:42 - error: Argument type is partially unknown
    Argument corresponds to parameter "iterable" in function "sorted"
    Argument type is "dict_items[Unknown, Unknown]" (reportUnknownArgumentType)
  .github/actions/generate-repository-intelligence-dashboard/generate_repository_intelligence_dashboard.py:221:21 - error: Argument type is unknown
    Argument corresponds to parameter "object" in function "__new__" (reportUnknownArgumentType)
  .github/actions/generate-repository-intelligence-dashboard/generate_repository_intelligence_dashboard.py:222:21 - error: Type of "key" is unknown (reportUnknownVariableType)
  .github/actions/generate-repository-intelligence-dashboard/generate_repository_intelligence_dashboard.py:222:26 - error: Type of "value" is unknown (reportUnknownVariableType)
  .github/actions/generate-repository-intelligence-dashboard/generate_repository_intelligence_dashboard.py:222:42 - error: Argument type is partially unknown
    Argument corresponds to parameter "iterable" in function "sorted"
    Argument type is "dict_items[Unknown, Unknown]" (reportUnknownArgumentType)
  .github/actions/generate-repository-intelligence-dashboard/generate_repository_intelligence_dashboard.py:277:13 - error: Argument type is unknown
    Argument corresponds to parameter "object" in function "__new__" (reportUnknownArgumentType)
  .github/actions/generate-repository-intelligence-dashboard/generate_repository_intelligence_dashboard.py:277:43 - error: Type of "key" is unknown (reportUnknownVariableType)
  .github/actions/generate-repository-intelligence-dashboard/generate_repository_intelligence_dashboard.py:277:48 - error: Type of "value" is unknown (reportUnknownVariableType)
  .github/actions/generate-repository-intelligence-dashboard/generate_repository_intelligence_dashboard.py:277:64 - error: Argument type is partially unknown
    Argument corresponds to parameter "iterable" in function "sorted"
    Argument type is "dict_items[Unknown, Unknown]" (reportUnknownArgumentType)
  .github/actions/generate-repository-intelligence-dashboard/generate_repository_intelligence_dashboard.py:358:32 - error: Argument type is partially unknown
    Argument corresponds to parameter "document" in function "validate_report"
    Argument type is "dict[Unknown, Unknown]" (reportUnknownArgumentType)
  .github/actions/generate-repository-intelligence-dashboard/generate_repository_intelligence_dashboard.py:564:39 - error: Type of "get" is partially unknown
    Type of "get" is "Overload[(key: Unknown, default: None = None, /) -> (Unknown | None), (key: Unknown, default: Unknown, /) -> Unknown, (key: Unknown, default: _T@get, /) -> (Unknown | _T@get)]" (reportUnknownMemberType)
  .github/actions/generate-repository-intelligence-dashboard/generate_repository_intelligence_dashboard.py:565:35 - error: Type of "get" is partially unknown
    Type of "get" is "Overload[(key: Unknown, default: None = None, /) -> (Unknown | None), (key: Unknown, default: Unknown, /) -> Unknown, (key: Unknown, default: _T@get, /) -> (Unknown | _T@get)]" (reportUnknownMemberType)
.github/actions/normalize-repository-report/normalize_repository_report.py
  .github/actions/normalize-repository-report/normalize_repository_report.py:57:12 - error: Return type, "dict[Unknown, Unknown]", is partially unknown (reportUnknownVariableType)
  .github/actions/normalize-repository-report/normalize_repository_report.py:195:5 - error: Type of "scan" is partially unknown
    Type of "scan" is "Any | Unknown | None" (reportUnknownVariableType)
  .github/actions/normalize-repository-report/normalize_repository_report.py:195:12 - error: Type of "get" is partially unknown
    Type of "get" is "Overload[(key: Unknown, default: None = None, /) -> (Unknown | None), (key: Unknown, default: Unknown, /) -> Unknown, (key: Unknown, default: _T@get, /) -> (Unknown | _T@get)] | Overload[(key: str, default: None = None, /) -> (Any | None), (key: str, default: Any, /) -> Any, (key: str, default: _T@get, /) -> (Any | _T@get)]" (reportUnknownMemberType)
  .github/actions/normalize-repository-report/normalize_repository_report.py:196:5 - error: Type of "threshold" is partially unknown
    Type of "threshold" is "Any | Unknown | None" (reportUnknownVariableType)
  .github/actions/normalize-repository-report/normalize_repository_report.py:196:17 - error: Type of "get" is partially unknown
    Type of "get" is "Overload[(key: Unknown, default: None = None, /) -> (Unknown | None), (key: Unknown, default: Unknown, /) -> Unknown, (key: Unknown, default: _T@get, /) -> (Unknown | _T@get)] | Overload[(key: str, default: None = None, /) -> (Any | None), (key: str, default: Any, /) -> Any, (key: str, default: _T@get, /) -> (Any | _T@get)]" (reportUnknownMemberType)
  .github/actions/normalize-repository-report/normalize_repository_report.py:199:5 - error: Type of "severity" is partially unknown
    Type of "severity" is "Unknown | None" (reportUnknownVariableType)
  .github/actions/normalize-repository-report/normalize_repository_report.py:199:16 - error: Type of "get" is partially unknown
    Type of "get" is "Overload[(key: Unknown, default: None = None, /) -> (Unknown | None), (key: Unknown, default: Unknown, /) -> Unknown, (key: Unknown, default: _T@get, /) -> (Unknown | _T@get)]" (reportUnknownMemberType)
  .github/actions/normalize-repository-report/normalize_repository_report.py:202:25 - error: Type of "get" is partially unknown
    Type of "get" is "Overload[(key: Unknown, default: None = None, /) -> (Unknown | None), (key: Unknown, default: Unknown, /) -> Unknown, (key: Unknown, default: _T@get, /) -> (Unknown | _T@get)]" (reportUnknownMemberType)
  .github/actions/normalize-repository-report/normalize_repository_report.py:202:25 - error: Argument type is unknown
    Argument corresponds to parameter "x" in function "__new__" (reportUnknownArgumentType)
  .github/actions/normalize-repository-report/normalize_repository_report.py:229:38 - error: Type of "key" is partially unknown
    Type of "key" is "str | Unknown" (reportUnknownVariableType)
  .github/actions/normalize-repository-report/normalize_repository_report.py:229:43 - error: Type of "value" is partially unknown
    Type of "value" is "Any | Unknown" (reportUnknownVariableType)
  .github/actions/normalize-repository-report/normalize_repository_report.py:242:13 - error: Type of "get" is partially unknown
    Type of "get" is "Overload[(key: Unknown, default: None = None, /) -> (Unknown | None), (key: Unknown, default: Unknown, /) -> Unknown, (key: Unknown, default: _T@get, /) -> (Unknown | _T@get)]" (reportUnknownMemberType)
  .github/actions/normalize-repository-report/normalize_repository_report.py:242:13 - error: Argument type is partially unknown
    Argument corresponds to parameter "object" in function "__new__"
    Argument type is "Unknown | None" (reportUnknownArgumentType)
  .github/actions/normalize-repository-report/normalize_repository_report.py:242:34 - error: Type of "get" is partially unknown
    Type of "get" is "Overload[(key: Unknown, default: None = None, /) -> (Unknown | None), (key: Unknown, default: Unknown, /) -> Unknown, (key: Unknown, default: _T@get, /) -> (Unknown | _T@get)]" (reportUnknownMemberType)
  .github/actions/normalize-repository-report/normalize_repository_report.py:242:34 - error: Argument type is unknown
    Argument corresponds to parameter "object" in function "__new__" (reportUnknownArgumentType)
  .github/actions/normalize-repository-report/normalize_repository_report.py:243:13 - error: Type of "tool" is unknown (reportUnknownVariableType)
  .github/actions/normalize-repository-report/normalize_repository_report.py:244:39 - error: Type of "get" is partially unknown
    Type of "get" is "Overload[(key: Unknown, default: None = None, /) -> (Unknown | None), (key: Unknown, default: Unknown, /) -> Unknown, (key: Unknown, default: _T@get, /) -> (Unknown | _T@get)]" (reportUnknownMemberType)
  .github/actions/normalize-repository-report/normalize_repository_report.py:252:9 - error: Type of "linter" is unknown (reportUnknownVariableType)
  .github/actions/normalize-repository-report/normalize_repository_report.py:255:26 - error: Type of "get" is partially unknown
    Type of "get" is "Overload[(key: Unknown, default: None = None, /) -> (Unknown | None), (key: Unknown, default: Unknown, /) -> Unknown, (key: Unknown, default: _T@get, /) -> (Unknown | _T@get)]" (reportUnknownMemberType)
  .github/actions/normalize-repository-report/normalize_repository_report.py:255:26 - error: Argument type is unknown
    Argument corresponds to parameter "object" in function "__new__" (reportUnknownArgumentType)
  .github/actions/normalize-repository-report/normalize_repository_report.py:256:22 - error: Type of "get" is partially unknown
    Type of "get" is "Overload[(key: Unknown, default: None = None, /) -> (Unknown | None), (key: Unknown, default: Unknown, /) -> Unknown, (key: Unknown, default: _T@get, /) -> (Unknown | _T@get)]" (reportUnknownMemberType)
  .github/actions/normalize-repository-report/normalize_repository_report.py:256:22 - error: Argument type is unknown
    Argument corresponds to parameter "object" in function "__new__" (reportUnknownArgumentType)
  .github/actions/normalize-repository-report/normalize_repository_report.py:257:27 - error: Type of "get" is partially unknown
    Type of "get" is "Overload[(key: Unknown, default: None = None, /) -> (Unknown | None), (key: Unknown, default: Unknown, /) -> Unknown, (key: Unknown, default: _T@get, /) -> (Unknown | _T@get)]" (reportUnknownMemberType)
  .github/actions/normalize-repository-report/normalize_repository_report.py:257:27 - error: Argument type is partially unknown
    Argument corresponds to parameter "x" in function "__new__"
    Argument type is "Unknown | Literal[0]" (reportUnknownArgumentType)
  .github/actions/normalize-repository-report/normalize_repository_report.py:257:64 - error: Type of "get" is partially unknown
    Type of "get" is "Overload[(key: Unknown, default: None = None, /) -> (Unknown | None), (key: Unknown, default: Unknown, /) -> Unknown, (key: Unknown, default: _T@get, /) -> (Unknown | _T@get)]" (reportUnknownMemberType)
  .github/actions/normalize-repository-report/normalize_repository_report.py:258:29 - error: Type of "get" is partially unknown
    Type of "get" is "Overload[(key: Unknown, default: None = None, /) -> (Unknown | None), (key: Unknown, default: Unknown, /) -> Unknown, (key: Unknown, default: _T@get, /) -> (Unknown | _T@get)]" (reportUnknownMemberType)
  .github/actions/normalize-repository-report/normalize_repository_report.py:258:29 - error: Argument type is partially unknown
    Argument corresponds to parameter "x" in function "__new__"
    Argument type is "Unknown | Literal[0]" (reportUnknownArgumentType)
  .github/actions/normalize-repository-report/normalize_repository_report.py:296:27 - error: Argument type is partially unknown
    Argument corresponds to parameter "obj" in function "len"
    Argument type is "list[Unknown]" (reportUnknownArgumentType)
  .github/actions/normalize-repository-report/normalize_repository_report.py:317:26 - error: Type of "get" is partially unknown
    Type of "get" is "Overload[(key: Unknown, default: None = None, /) -> (Unknown | None), (key: Unknown, default: Unknown, /) -> Unknown, (key: Unknown, default: _T@get, /) -> (Unknown | _T@get)]" (reportUnknownMemberType)
  .github/actions/normalize-repository-report/normalize_repository_report.py:317:26 - error: Argument type is unknown
    Argument corresponds to parameter "x" in function "__new__" (reportUnknownArgumentType)
  .github/actions/normalize-repository-report/normalize_repository_report.py:342:9 - error: Type of "driver" is unknown (reportUnknownVariableType)
  .github/actions/normalize-repository-report/normalize_repository_report.py:342:18 - error: Type of "get" is partially unknown
    Type of "get" is "Overload[(key: Unknown, default: None = None, /) -> (Unknown | None), (key: Unknown, default: Unknown, /) -> Unknown, (key: Unknown, default: _T@get, /) -> (Unknown | _T@get)]" (reportUnknownMemberType)
  .github/actions/normalize-repository-report/normalize_repository_report.py:342:18 - error: Type of "get" is unknown (reportUnknownMemberType)
  .github/actions/normalize-repository-report/normalize_repository_report.py:343:9 - error: Type of "rules" is partially unknown
    Type of "rules" is "Unknown | list[Unknown]" (reportUnknownVariableType)
  .github/actions/normalize-repository-report/normalize_repository_report.py:343:17 - error: Type of "get" is partially unknown
    Type of "get" is "Overload[(key: Unknown, default: None = None, /) -> (Unknown | None), (key: Unknown, default: Unknown, /) -> Unknown, (key: Unknown, default: _T@get, /) -> (Unknown | _T@get)]" (reportUnknownMemberType)
  .github/actions/normalize-repository-report/normalize_repository_report.py:345:32 - error: Argument type is partially unknown
    Argument corresponds to parameter "obj" in function "len"
    Argument type is "list[Unknown]" (reportUnknownArgumentType)
  .github/actions/normalize-repository-report/normalize_repository_report.py:346:17 - error: Type of "rule" is unknown (reportUnknownVariableType)
  .github/actions/normalize-repository-report/normalize_repository_report.py:347:47 - error: Type of "get" is partially unknown
    Type of "get" is "Overload[(key: Unknown, default: None = None, /) -> (Unknown | None), (key: Unknown, default: Unknown, /) -> Unknown, (key: Unknown, default: _T@get, /) -> (Unknown | _T@get)]" (reportUnknownMemberType)
  .github/actions/normalize-repository-report/normalize_repository_report.py:348:37 - error: Argument type is unknown
    Argument corresponds to parameter "object" in function "__new__" (reportUnknownArgumentType)
  .github/actions/normalize-repository-report/normalize_repository_report.py:349:9 - error: Type of "run_results" is unknown (reportUnknownVariableType)
  .github/actions/normalize-repository-report/normalize_repository_report.py:349:23 - error: Type of "get" is partially unknown
    Type of "get" is "Overload[(key: Unknown, default: None = None, /) -> (Unknown | None), (key: Unknown, default: Unknown, /) -> Unknown, (key: Unknown, default: _T@get, /) -> (Unknown | _T@get)]" (reportUnknownMemberType)
  .github/actions/normalize-repository-report/normalize_repository_report.py:351:28 - error: Argument type is partially unknown
    Argument corresponds to parameter "iterable" in function "extend"
    Argument type is "Generator[dict[Unknown, Unknown], None, None]" (reportUnknownArgumentType)
  .github/actions/normalize-repository-report/normalize_repository_report.py:351:39 - error: Type of "result" is unknown (reportUnknownVariableType)
  .github/actions/normalize-repository-report/normalize_repository_report.py:357:20 - error: Type of "get" is partially unknown
    Type of "get" is "Overload[(key: Unknown, default: None = None, /) -> (Unknown | None), (key: Unknown, default: Unknown, /) -> Unknown, (key: Unknown, default: _T@get, /) -> (Unknown | _T@get)]" (reportUnknownMemberType)
  .github/actions/normalize-repository-report/normalize_repository_report.py:357:20 - error: Argument type is unknown
    Argument corresponds to parameter "object" in function "__new__" (reportUnknownArgumentType)
  .github/actions/normalize-repository-report/normalize_repository_report.py:388:12 - error: Type of "get" is partially unknown
    Type of "get" is "Overload[(key: Unknown, default: None = None, /) -> (Unknown | None), (key: Unknown, default: Unknown, /) -> Unknown, (key: Unknown, default: _T@get, /) -> (Unknown | _T@get)]" (reportUnknownMemberType)
  .github/actions/normalize-repository-report/normalize_repository_report.py:388:12 - error: Argument type is unknown
    Argument corresponds to parameter "object" in function "__new__" (reportUnknownArgumentType)
  .github/actions/normalize-repository-report/normalize_repository_report.py:390:8 - error: Type of "get" is partially unknown
    Type of "get" is "Overload[(key: Unknown, default: None = None, /) -> (Unknown | None), (key: Unknown, default: Unknown, /) -> Unknown, (key: Unknown, default: _T@get, /) -> (Unknown | _T@get)]" (reportUnknownMemberType)
  .github/actions/normalize-repository-report/normalize_repository_report.py:418:62 - error: Type of "get" is partially unknown
    Type of "get" is "Overload[(key: Unknown, default: None = None, /) -> (Unknown | None), (key: Unknown, default: Unknown, /) -> Unknown, (key: Unknown, default: _T@get, /) -> (Unknown | _T@get)]" (reportUnknownMemberType)
  .github/actions/normalize-repository-report/normalize_repository_report.py:420:25 - error: Argument type is unknown
    Argument corresponds to parameter "x" in function "__new__" (reportUnknownArgumentType)
  .github/actions/normalize-repository-report/normalize_repository_report.py:423:13 - error: Type of "documentation" is unknown (reportUnknownVariableType)
  .github/actions/normalize-repository-report/normalize_repository_report.py:423:29 - error: Type of "get" is partially unknown
    Type of "get" is "Overload[(key: Unknown, default: None = None, /) -> (Unknown | None), (key: Unknown, default: Unknown, /) -> Unknown, (key: Unknown, default: _T@get, /) -> (Unknown | _T@get)]" (reportUnknownMemberType)
  .github/actions/normalize-repository-report/normalize_repository_report.py:424:13 - error: Type of "append" is partially unknown
    Type of "append" is "(object: Unknown, /) -> None" (reportUnknownMemberType)
  .github/actions/normalize-repository-report/normalize_repository_report.py:426:31 - error: Type of "get" is partially unknown
    Type of "get" is "Overload[(key: Unknown, default: None = None, /) -> (Unknown | None), (key: Unknown, default: Unknown, /) -> Unknown, (key: Unknown, default: _T@get, /) -> (Unknown | _T@get)]" (reportUnknownMemberType)
  .github/actions/normalize-repository-report/normalize_repository_report.py:426:31 - error: Argument type is unknown
    Argument corresponds to parameter "object" in function "__new__" (reportUnknownArgumentType)
  .github/actions/normalize-repository-report/normalize_repository_report.py:427:33 - error: Type of "get" is partially unknown
    Type of "get" is "Overload[(key: Unknown, default: None = None, /) -> (Unknown | None), (key: Unknown, default: Unknown, /) -> Unknown, (key: Unknown, default: _T@get, /) -> (Unknown | _T@get)]" (reportUnknownMemberType)
  .github/actions/normalize-repository-report/normalize_repository_report.py:427:33 - error: Argument type is unknown
    Argument corresponds to parameter "object" in function "__new__" (reportUnknownArgumentType)
  .github/actions/normalize-repository-report/normalize_repository_report.py:433:52 - error: Type of "get" is partially unknown
    Type of "get" is "Overload[(key: Unknown, default: None = None, /) -> (Unknown | None), (key: Unknown, default: Unknown, /) -> Unknown, (key: Unknown, default: _T@get, /) -> (Unknown | _T@get)]" (reportUnknownMemberType)
  .github/actions/normalize-repository-report/normalize_repository_report.py:433:52 - error: Argument type is unknown
    Argument corresponds to parameter "object" in function "__new__" (reportUnknownArgumentType)
  .github/actions/normalize-repository-report/normalize_repository_report.py:437:35 - error: Type of "get" is partially unknown
    Type of "get" is "Overload[(key: Unknown, default: None = None, /) -> (Unknown | None), (key: Unknown, default: Unknown, /) -> Unknown, (key: Unknown, default: _T@get, /) -> (Unknown | _T@get)]" (reportUnknownMemberType)
  .github/actions/normalize-repository-report/normalize_repository_report.py:437:35 - error: Argument type is unknown
    Argument corresponds to parameter "object" in function "__new__" (reportUnknownArgumentType)
  .github/actions/normalize-repository-report/normalize_repository_report.py:439:29 - error: Type of "get" is partially unknown
    Type of "get" is "Overload[(key: Unknown, default: None = None, /) -> (Unknown | None), (key: Unknown, default: Unknown, /) -> Unknown, (key: Unknown, default: _T@get, /) -> (Unknown | _T@get)]" (reportUnknownMemberType)
  .github/actions/normalize-repository-report/normalize_repository_report.py:439:29 - error: Argument type is unknown
    Argument corresponds to parameter "object" in function "__new__" (reportUnknownArgumentType)
  .github/actions/normalize-repository-report/normalize_repository_report.py:443:9 - error: Type of "checks" is partially unknown
    Type of "checks" is "list[Unknown]" (reportUnknownVariableType)
  .github/actions/normalize-repository-report/normalize_repository_report.py:443:25 - error: Argument type is partially unknown
    Argument corresponds to parameter "iterable" in function "sorted"
    Argument type is "list[Unknown]" (reportUnknownArgumentType)
  .github/actions/normalize-repository-report/normalize_repository_report.py:443:41 - error: Argument type is partially unknown
    Argument corresponds to parameter "key" in function "sorted"
    Argument type is "(item: Unknown) -> tuple[Unknown, Unknown]" (reportUnknownArgumentType)
  .github/actions/normalize-repository-report/normalize_repository_report.py:443:48 - error: Type of parameter "item" is unknown (reportUnknownLambdaType)
  .github/actions/normalize-repository-report/normalize_repository_report.py:443:54 - error: Return type of lambda, "tuple[Unknown, Unknown]", is partially unknown (reportUnknownLambdaType)
  .github/actions/normalize-repository-report/normalize_repository_report.py:448:9 - error: Type of "check" is partially unknown
    Type of "check" is "Unknown | dict[str, Any]" (reportUnknownVariableType)
  .github/actions/normalize-repository-report/normalize_repository_report.py:449:20 - error: Type of "get" is partially unknown
    Type of "get" is "Unknown | Overload[(key: str, default: None = None, /) -> (Any | None), (key: str, default: Any, /) -> Any, (key: str, default: _T@get, /) -> (Any | _T@get)]" (reportUnknownMemberType)
  .github/actions/normalize-repository-report/normalize_repository_report.py:449:20 - error: Argument type is partially unknown
    Argument corresponds to parameter "object" in function "__new__"
    Argument type is "Any | Unknown" (reportUnknownArgumentType)
  .github/actions/normalize-repository-report/normalize_repository_report.py:455:40 - error: Argument type is partially unknown
    Argument corresponds to parameter "obj" in function "len"
    Argument type is "list[Unknown] | list[dict[str, Any]]" (reportUnknownArgumentType)
  .github/actions/normalize-repository-report/normalize_repository_report.py:462:41 - error: Argument type is partially unknown
    Argument corresponds to parameter "obj" in function "len"
    Argument type is "list[Unknown] | list[dict[str, Any]]" (reportUnknownArgumentType)
egolint/.agents/agents/build-projections.py
  egolint/.agents/agents/build-projections.py:64:24 - error: Type of parameter "fm" is partially unknown
    Parameter type is "dict[Unknown, Unknown]" (reportUnknownParameterType)
  egolint/.agents/agents/build-projections.py:64:28 - error: Expected type arguments for generic class "dict" (reportMissingTypeArgument)
  egolint/.agents/agents/build-projections.py:66:5 - error: Type of "out" is partially unknown
    Type of "out" is "dict[str, Unknown]" (reportUnknownVariableType)
  egolint/.agents/agents/build-projections.py:76:5 - error: Type of "fm" is partially unknown
    Type of "fm" is "Any | dict[Unknown, Unknown]" (reportUnknownVariableType)
  egolint/.agents/agents/build-projections.py:89:17 - error: Type of "append" is partially unknown
    Type of "append" is "(object: Unknown, /) -> None" (reportUnknownMemberType)
  egolint/.agents/agents/build-projections.py:90:12 - error: Return type, "list[Unknown]", is partially unknown (reportUnknownVariableType)
egolint/.agents/agents/validate-agents.py
  egolint/.agents/agents/validate-agents.py:52:5 - error: Return type, "list[Unknown]", is partially unknown (reportUnknownParameterType)
  egolint/.agents/agents/validate-agents.py:58:17 - error: Type of "append" is partially unknown
    Type of "append" is "(object: Unknown, /) -> None" (reportUnknownMemberType)
  egolint/.agents/agents/validate-agents.py:59:12 - error: Return type, "list[Unknown]", is partially unknown (reportUnknownVariableType)
  egolint/.agents/agents/validate-agents.py:62:5 - error: Return type, "tuple[set[Unknown], set[Unknown]]", is partially unknown (reportUnknownParameterType)
  egolint/.agents/agents/validate-agents.py:64:5 - error: Type of "skill_ids" is partially unknown
    Type of "skill_ids" is "set[Unknown]" (reportUnknownVariableType)
  egolint/.agents/agents/validate-agents.py:67:13 - error: Type of "add" is partially unknown
    Type of "add" is "(element: Unknown, /) -> None" (reportUnknownMemberType)
  egolint/.agents/agents/validate-agents.py:69:5 - error: Type of "spec_ids" is partially unknown
    Type of "spec_ids" is "set[Unknown]" (reportUnknownVariableType)
  egolint/.agents/agents/validate-agents.py:75:17 - error: Type of "fm" is partially unknown
    Type of "fm" is "Any | dict[Unknown, Unknown]" (reportUnknownVariableType)
  egolint/.agents/agents/validate-agents.py:77:21 - error: Type of "add" is partially unknown
    Type of "add" is "(element: Unknown, /) -> None" (reportUnknownMemberType)
  egolint/.agents/agents/validate-agents.py:81:12 - error: Return type, "tuple[set[Unknown], set[Unknown]]", is partially unknown (reportUnknownVariableType)
  egolint/.agents/agents/validate-agents.py:84:5 - error: Return type, "list[str] | list[Unknown]", is partially unknown (reportUnknownParameterType)
  egolint/.agents/agents/validate-agents.py:84:47 - error: Type of parameter "skill_ids" is partially unknown
    Parameter type is "set[Unknown]" (reportUnknownParameterType)
  egolint/.agents/agents/validate-agents.py:84:58 - error: Expected type arguments for generic class "set" (reportMissingTypeArgument)
  egolint/.agents/agents/validate-agents.py:84:63 - error: Type of parameter "spec_ids" is partially unknown
    Parameter type is "set[Unknown]" (reportUnknownParameterType)
  egolint/.agents/agents/validate-agents.py:84:73 - error: Expected type arguments for generic class "set" (reportMissingTypeArgument)
  egolint/.agents/agents/validate-agents.py:93:9 - error: Type of "fm" is partially unknown
    Type of "fm" is "Any | dict[Unknown, Unknown]" (reportUnknownVariableType)
  egolint/.agents/agents/validate-agents.py:103:13 - error: Type of "append" is partially unknown
    Type of "append" is "(object: Unknown, /) -> None" (reportUnknownMemberType)
  egolint/.agents/agents/validate-agents.py:106:5 - error: Type of "aether_id" is unknown (reportUnknownVariableType)
  egolint/.agents/agents/validate-agents.py:106:17 - error: Type of "get" is partially unknown
    Type of "get" is "Overload[(key: Unknown, default: None = None, /) -> (Unknown | None), (key: Unknown, default: Unknown, /) -> Unknown, (key: Unknown, default: _T@get, /) -> (Unknown | _T@get)]" (reportUnknownMemberType)
  egolint/.agents/agents/validate-agents.py:108:9 - error: Type of "append" is partially unknown
    Type of "append" is "(object: Unknown, /) -> None" (reportUnknownMemberType)
  egolint/.agents/agents/validate-agents.py:109:28 - error: Argument type is unknown
    Argument corresponds to parameter "object" in function "__new__" (reportUnknownArgumentType)
  egolint/.agents/agents/validate-agents.py:110:9 - error: Type of "append" is partially unknown
    Type of "append" is "(object: Unknown, /) -> None" (reportUnknownMemberType)
  egolint/.agents/agents/validate-agents.py:111:18 - error: Argument type is unknown
    Argument corresponds to parameter "object" in function "__new__" (reportUnknownArgumentType)
  egolint/.agents/agents/validate-agents.py:112:9 - error: Type of "append" is partially unknown
    Type of "append" is "(object: Unknown, /) -> None" (reportUnknownMemberType)
  egolint/.agents/agents/validate-agents.py:115:5 - error: Type of "tools" is partially unknown
    Type of "tools" is "Unknown | None" (reportUnknownVariableType)
  egolint/.agents/agents/validate-agents.py:115:13 - error: Type of "get" is partially unknown
    Type of "get" is "Overload[(key: Unknown, default: None = None, /) -> (Unknown | None), (key: Unknown, default: Unknown, /) -> Unknown, (key: Unknown, default: _T@get, /) -> (Unknown | _T@get)]" (reportUnknownMemberType)
  egolint/.agents/agents/validate-agents.py:117:9 - error: Type of "append" is partially unknown
    Type of "append" is "(object: Unknown, /) -> None" (reportUnknownMemberType)
  egolint/.agents/agents/validate-agents.py:121:9 - error: Type of "append" is partially unknown
    Type of "append" is "(object: Unknown, /) -> None" (reportUnknownMemberType)
  egolint/.agents/agents/validate-agents.py:123:9 - error: Type of "append" is partially unknown
    Type of "append" is "(object: Unknown, /) -> None" (reportUnknownMemberType)
  egolint/.agents/agents/validate-agents.py:127:13 - error: Type of "t" is unknown (reportUnknownVariableType)
  egolint/.agents/agents/validate-agents.py:129:17 - error: Type of "append" is partially unknown
    Type of "append" is "(object: Unknown, /) -> None" (reportUnknownMemberType)
  egolint/.agents/agents/validate-agents.py:132:5 - error: Type of "meta" is partially unknown
    Type of "meta" is "Unknown | None" (reportUnknownVariableType)
  egolint/.agents/agents/validate-agents.py:132:12 - error: Type of "get" is partially unknown
    Type of "get" is "Overload[(key: Unknown, default: None = None, /) -> (Unknown | None), (key: Unknown, default: Unknown, /) -> Unknown, (key: Unknown, default: _T@get, /) -> (Unknown | _T@get)]" (reportUnknownMemberType)
  egolint/.agents/agents/validate-agents.py:135:13 - error: Type of "append" is partially unknown
    Type of "append" is "(object: Unknown, /) -> None" (reportUnknownMemberType)
  egolint/.agents/agents/validate-agents.py:139:21 - error: Type of "append" is partially unknown
    Type of "append" is "(object: Unknown, /) -> None" (reportUnknownMemberType)
  egolint/.agents/agents/validate-agents.py:141:13 - error: Type of "status" is unknown (reportUnknownVariableType)
  egolint/.agents/agents/validate-agents.py:141:22 - error: Type of "get" is partially unknown
    Type of "get" is "Overload[(key: Unknown, default: None = None, /) -> (Unknown | None), (key: Unknown, default: Unknown, /) -> Unknown, (key: Unknown, default: _T@get, /) -> (Unknown | _T@get)]" (reportUnknownMemberType)
  egolint/.agents/agents/validate-agents.py:143:17 - error: Type of "append" is partially unknown
    Type of "append" is "(object: Unknown, /) -> None" (reportUnknownMemberType)
  egolint/.agents/agents/validate-agents.py:146:17 - error: Type of "skill_id" is unknown (reportUnknownVariableType)
  egolint/.agents/agents/validate-agents.py:146:29 - error: Type of "get" is partially unknown
    Type of "get" is "Overload[(key: Unknown, default: None = None, /) -> (Unknown | None), (key: Unknown, default: Unknown, /) -> Unknown, (key: Unknown, default: _T@get, /) -> (Unknown | _T@get)]" (reportUnknownMemberType)
  egolint/.agents/agents/validate-agents.py:148:21 - error: Type of "append" is partially unknown
    Type of "append" is "(object: Unknown, /) -> None" (reportUnknownMemberType)
  egolint/.agents/agents/validate-agents.py:151:17 - error: Type of "spec_id" is unknown (reportUnknownVariableType)
  egolint/.agents/agents/validate-agents.py:151:28 - error: Type of "get" is partially unknown
    Type of "get" is "Overload[(key: Unknown, default: None = None, /) -> (Unknown | None), (key: Unknown, default: Unknown, /) -> Unknown, (key: Unknown, default: _T@get, /) -> (Unknown | _T@get)]" (reportUnknownMemberType)
  egolint/.agents/agents/validate-agents.py:153:21 - error: Type of "append" is partially unknown
    Type of "append" is "(object: Unknown, /) -> None" (reportUnknownMemberType)
  egolint/.agents/agents/validate-agents.py:159:13 - error: Type of "append" is partially unknown
    Type of "append" is "(object: Unknown, /) -> None" (reportUnknownMemberType)
  egolint/.agents/agents/validate-agents.py:161:12 - error: Return type, "list[Unknown]", is partially unknown (reportUnknownVariableType)
  egolint/.agents/agents/validate-agents.py:165:5 - error: Type of "agents" is partially unknown
    Type of "agents" is "list[Unknown]" (reportUnknownVariableType)
  egolint/.agents/agents/validate-agents.py:170:5 - error: Type of "skill_ids" is partially unknown
    Type of "skill_ids" is "set[Unknown]" (reportUnknownVariableType)
  egolint/.agents/agents/validate-agents.py:170:16 - error: Type of "spec_ids" is partially unknown
    Type of "spec_ids" is "set[Unknown]" (reportUnknownVariableType)
  egolint/.agents/agents/validate-agents.py:175:9 - error: Type of "dir_name" is unknown (reportUnknownVariableType)
  egolint/.agents/agents/validate-agents.py:175:19 - error: Type of "path" is unknown (reportUnknownVariableType)
  egolint/.agents/agents/validate-agents.py:176:9 - error: Type of "errors" is partially unknown
    Type of "errors" is "list[str] | list[Unknown]" (reportUnknownVariableType)
  egolint/.agents/agents/validate-agents.py:176:33 - error: Argument type is unknown
    Argument corresponds to parameter "dir_name" in function "validate_agent" (reportUnknownArgumentType)
  egolint/.agents/agents/validate-agents.py:176:43 - error: Argument type is unknown
    Argument corresponds to parameter "path" in function "validate_agent" (reportUnknownArgumentType)
  egolint/.agents/agents/validate-agents.py:177:9 - error: Type of "rel" is unknown (reportUnknownVariableType)
  egolint/.agents/agents/validate-agents.py:177:15 - error: Type of "relative_to" is unknown (reportUnknownMemberType)
  egolint/.agents/agents/validate-agents.py:179:17 - error: Type of "e" is partially unknown
    Type of "e" is "str | Unknown" (reportUnknownVariableType)
  egolint/.agents/agents/validate-agents.py:181:33 - error: Argument type is partially unknown
    Argument corresponds to parameter "obj" in function "len"
    Argument type is "list[str] | list[Unknown]" (reportUnknownArgumentType)
  egolint/.agents/agents/validate-agents.py:184:9 - error: Type of "append" is partially unknown
    Type of "append" is "(object: Unknown, /) -> None" (reportUnknownMemberType)
  egolint/.agents/agents/validate-agents.py:184:24 - error: Argument type is unknown
    Argument corresponds to parameter "object" in function "append" (reportUnknownArgumentType)
  egolint/.agents/agents/validate-agents.py:187:12 - error: Argument type is partially unknown
    Argument corresponds to parameter "obj" in function "len"
    Argument type is "list[Unknown]" (reportUnknownArgumentType)
  egolint/.agents/agents/validate-agents.py:187:28 - error: Argument type is partially unknown
    Argument corresponds to parameter "obj" in function "len"
    Argument type is "set[Unknown]" (reportUnknownArgumentType)
  egolint/.agents/agents/validate-agents.py:187:32 - error: Argument type is partially unknown
    Argument corresponds to parameter "iterable" in function "__init__"
    Argument type is "list[Unknown]" (reportUnknownArgumentType)
  egolint/.agents/agents/validate-agents.py:192:57 - error: Argument type is partially unknown
    Argument corresponds to parameter "obj" in function "len"
    Argument type is "list[Unknown]" (reportUnknownArgumentType)
  egolint/.agents/agents/validate-agents.py:195:20 - error: Argument type is partially unknown
    Argument corresponds to parameter "obj" in function "len"
    Argument type is "list[Unknown]" (reportUnknownArgumentType)
egolint/.agents/skills/build-distributions.py
  egolint/.agents/skills/build-distributions.py:82:5 - error: Return type, "dict[Unknown, Unknown]", is partially unknown (reportUnknownParameterType)
  egolint/.agents/skills/build-distributions.py:82:38 - error: Expected type arguments for generic class "dict" (reportMissingTypeArgument)
  egolint/.agents/skills/build-distributions.py:87:12 - error: Return type, "Any | dict[Unknown, Unknown]", is partially unknown (reportUnknownVariableType)
  egolint/.agents/skills/build-distributions.py:106:17 - error: Type of "append" is partially unknown
    Type of "append" is "(object: Unknown, /) -> None" (reportUnknownMemberType)
  egolint/.agents/skills/build-distributions.py:107:12 - error: Return type, "list[Unknown]", is partially unknown (reportUnknownVariableType)
  egolint/.agents/skills/build-distributions.py:115:5 - error: Return type, "dict[Unknown, Unknown]", is partially unknown (reportUnknownParameterType)
  egolint/.agents/skills/build-distributions.py:117:5 - error: Type of parameter "fm" is partially unknown
    Parameter type is "dict[Unknown, Unknown]" (reportUnknownParameterType)
  egolint/.agents/skills/build-distributions.py:117:9 - error: Expected type arguments for generic class "dict" (reportMissingTypeArgument)
  egolint/.agents/skills/build-distributions.py:120:6 - error: Expected type arguments for generic class "dict" (reportMissingTypeArgument)
  egolint/.agents/skills/build-distributions.py:122:5 - error: Type of "artifact_version" is unknown (reportUnknownVariableType)
  egolint/.agents/skills/build-distributions.py:122:24 - error: Type of "get" is partially unknown
    Type of "get" is "Unknown | Overload[(key: Unknown, default: None = None, /) -> (Unknown | None), (key: Unknown, default: Unknown, /) -> Unknown, (key: Unknown, default: _T@get, /) -> (Unknown | _T@get)]" (reportUnknownMemberType)
  egolint/.agents/skills/build-distributions.py:122:25 - error: Type of "get" is partially unknown
    Type of "get" is "Overload[(key: Unknown, default: None = None, /) -> (Unknown | None), (key: Unknown, default: Unknown, /) -> Unknown, (key: Unknown, default: _T@get, /) -> (Unknown | _T@get)]" (reportUnknownMemberType)
  egolint/.agents/skills/build-distributions.py:123:5 - error: Type of "compatibility" is partially unknown
    Type of "compatibility" is "Unknown | dict[str, list[Unknown]]" (reportUnknownVariableType)
  egolint/.agents/skills/build-distributions.py:123:21 - error: Type of "get" is partially unknown
    Type of "get" is "Overload[(key: Unknown, default: None = None, /) -> (Unknown | None), (key: Unknown, default: Unknown, /) -> Unknown, (key: Unknown, default: _T@get, /) -> (Unknown | _T@get)]" (reportUnknownMemberType)
  egolint/.agents/skills/build-distributions.py:125:9 - error: Type of "compatibility" is partially unknown
    Type of "compatibility" is "dict[str, list[Unknown]]" (reportUnknownVariableType)
  egolint/.agents/skills/build-distributions.py:127:12 - error: Return type, "dict[Unknown, Unknown]", is partially unknown (reportUnknownVariableType)
  egolint/.agents/skills/build-distributions.py:164:5 - error: Type of "fm" is partially unknown
    Type of "fm" is "dict[Unknown, Unknown]" (reportUnknownVariableType)
  egolint/.agents/skills/build-distributions.py:182:5 - error: Type of "manifest" is partially unknown
    Type of "manifest" is "dict[Unknown, Unknown]" (reportUnknownVariableType)
  egolint/.agents/skills/build-distributions.py:183:39 - error: Argument type is partially unknown
    Argument corresponds to parameter "data" in function "_canonical_json"
    Argument type is "dict[Unknown, Unknown]" (reportUnknownArgumentType)
egolint/.agents/skills/build-release-artifacts.py
  egolint/.agents/skills/build-release-artifacts.py:37:5 - error: Return type, "dict[Unknown, Unknown]", is partially unknown (reportUnknownParameterType)
  egolint/.agents/skills/build-release-artifacts.py:37:31 - error: Expected type arguments for generic class "dict" (reportMissingTypeArgument)
  egolint/.agents/skills/build-release-artifacts.py:41:5 - error: Return type, "list[dict[Unknown, Unknown]]", is partially unknown (reportUnknownParameterType)
  egolint/.agents/skills/build-release-artifacts.py:41:55 - error: Expected type arguments for generic class "dict" (reportMissingTypeArgument)
  egolint/.agents/skills/build-release-artifacts.py:42:5 - error: Type of "catalog" is partially unknown
    Type of "catalog" is "dict[Unknown, Unknown]" (reportUnknownVariableType)
  egolint/.agents/skills/build-release-artifacts.py:44:9 - error: Type of "record" is unknown (reportUnknownVariableType)
  egolint/.agents/skills/build-release-artifacts.py:44:19 - error: Type of "get" is partially unknown
    Type of "get" is "Overload[(key: Unknown, default: None = None, /) -> (Unknown | None), (key: Unknown, default: Unknown, /) -> Unknown, (key: Unknown, default: _T@get, /) -> (Unknown | _T@get)]" (reportUnknownMemberType)
  egolint/.agents/skills/build-release-artifacts.py:45:12 - error: Type of "get" is unknown (reportUnknownMemberType)
  egolint/.agents/skills/build-release-artifacts.py:47:13 - error: Type of "get" is partially unknown
    Type of "get" is "Unknown | Overload[(key: Unknown, default: None = None, /) -> (Unknown | None), (key: Unknown, default: Unknown, /) -> Unknown, (key: Unknown, default: _T@get, /) -> (Unknown | _T@get)]" (reportUnknownMemberType)
  egolint/.agents/skills/build-release-artifacts.py:47:14 - error: Type of "get" is unknown (reportUnknownMemberType)
  egolint/.agents/skills/build-release-artifacts.py:49:16 - error: Type of "get" is partially unknown
    Type of "get" is "Unknown | Overload[(key: Unknown, default: None = None, /) -> (Unknown | None), (key: Unknown, default: Unknown, /) -> Unknown, (key: Unknown, default: _T@get, /) -> (Unknown | _T@get)]" (reportUnknownMemberType)
  egolint/.agents/skills/build-release-artifacts.py:49:17 - error: Type of "get" is unknown (reportUnknownMemberType)
  egolint/.agents/skills/build-release-artifacts.py:51:9 - error: Type of "append" is partially unknown
    Type of "append" is "(object: Unknown, /) -> None" (reportUnknownMemberType)
  egolint/.agents/skills/build-release-artifacts.py:51:24 - error: Argument type is unknown
    Argument corresponds to parameter "object" in function "append" (reportUnknownArgumentType)
  egolint/.agents/skills/build-release-artifacts.py:52:12 - error: Return type, "list[dict[Unknown, Unknown]]", is partially unknown (reportUnknownVariableType)
  egolint/.agents/skills/build-release-artifacts.py:52:19 - error: Argument type is partially unknown
    Argument corresponds to parameter "iterable" in function "sorted"
    Argument type is "list[Unknown]" (reportUnknownArgumentType)
  egolint/.agents/skills/build-release-artifacts.py:52:32 - error: Argument type is partially unknown
    Argument corresponds to parameter "key" in function "sorted"
    Argument type is "(item: dict[Unknown, Unknown]) -> Unknown" (reportUnknownArgumentType)
  egolint/.agents/skills/build-release-artifacts.py:52:39 - error: Type of parameter "item" is partially unknown (reportUnknownLambdaType)
  egolint/.agents/skills/build-release-artifacts.py:52:45 - error: Return type of lambda is unknown (reportUnknownLambdaType)
  egolint/.agents/skills/build-release-artifacts.py:55:5 - error: Return type, "dict[Unknown, Unknown]", is partially unknown (reportUnknownParameterType)
  egolint/.agents/skills/build-release-artifacts.py:55:77 - error: Expected type arguments for generic class "dict" (reportMissingTypeArgument)
  egolint/.agents/skills/build-release-artifacts.py:59:12 - error: Return type, "dict[Unknown, Unknown]", is partially unknown (reportUnknownVariableType)
  egolint/.agents/skills/build-release-artifacts.py:62:5 - error: Return type, "dict[Unknown, Unknown]", is partially unknown (reportUnknownParameterType)
  egolint/.agents/skills/build-release-artifacts.py:62:47 - error: Type of parameter "records" is partially unknown
    Parameter type is "list[dict[Unknown, Unknown]]" (reportUnknownParameterType)
  egolint/.agents/skills/build-release-artifacts.py:62:61 - error: Expected type arguments for generic class "dict" (reportMissingTypeArgument)
  egolint/.agents/skills/build-release-artifacts.py:62:95 - error: Expected type arguments for generic class "dict" (reportMissingTypeArgument)
  egolint/.agents/skills/build-release-artifacts.py:64:9 - error: Type of "record" is partially unknown
    Type of "record" is "dict[Unknown, Unknown]" (reportUnknownVariableType)
  egolint/.agents/skills/build-release-artifacts.py:65:9 - error: Type of "skill_name" is unknown (reportUnknownVariableType)
  egolint/.agents/skills/build-release-artifacts.py:65:22 - error: Type of "split" is unknown (reportUnknownMemberType)
  egolint/.agents/skills/build-release-artifacts.py:66:9 - error: Type of "dist_manifest" is partially unknown
    Type of "dist_manifest" is "dict[Unknown, Unknown]" (reportUnknownVariableType)
  egolint/.agents/skills/build-release-artifacts.py:66:71 - error: Argument type is unknown
    Argument corresponds to parameter "skill_name" in function "_load_distribution_manifest" (reportUnknownArgumentType)
  egolint/.agents/skills/build-release-artifacts.py:67:12 - error: Type of "get" is partially unknown
    Type of "get" is "Overload[(key: Unknown, default: None = None, /) -> (Unknown | None), (key: Unknown, default: Unknown, /) -> Unknown, (key: Unknown, default: _T@get, /) -> (Unknown | _T@get)]" (reportUnknownMemberType)
  egolint/.agents/skills/build-release-artifacts.py:70:20 - error: Type of "get" is partially unknown
    Type of "get" is "Overload[(key: Unknown, default: None = None, /) -> (Unknown | None), (key: Unknown, default: Unknown, /) -> Unknown, (key: Unknown, default: _T@get, /) -> (Unknown | _T@get)]" (reportUnknownMemberType)
  egolint/.agents/skills/build-release-artifacts.py:72:12 - error: Type of "get" is partially unknown
    Type of "get" is "Overload[(key: Unknown, default: None = None, /) -> (Unknown | None), (key: Unknown, default: Unknown, /) -> Unknown, (key: Unknown, default: _T@get, /) -> (Unknown | _T@get)]" (reportUnknownMemberType)
  egolint/.agents/skills/build-release-artifacts.py:75:20 - error: Type of "get" is partially unknown
    Type of "get" is "Overload[(key: Unknown, default: None = None, /) -> (Unknown | None), (key: Unknown, default: Unknown, /) -> Unknown, (key: Unknown, default: _T@get, /) -> (Unknown | _T@get)]" (reportUnknownMemberType)
  egolint/.agents/skills/build-release-artifacts.py:77:12 - error: Type of "get" is partially unknown
    Type of "get" is "Unknown | Overload[(key: Unknown, default: None = None, /) -> (Unknown | None), (key: Unknown, default: Unknown, /) -> Unknown, (key: Unknown, default: _T@get, /) -> (Unknown | _T@get)]" (reportUnknownMemberType)
  egolint/.agents/skills/build-release-artifacts.py:77:13 - error: Type of "get" is partially unknown
    Type of "get" is "Overload[(key: Unknown, default: None = None, /) -> (Unknown | None), (key: Unknown, default: Unknown, /) -> Unknown, (key: Unknown, default: _T@get, /) -> (Unknown | _T@get)]" (reportUnknownMemberType)
  egolint/.agents/skills/build-release-artifacts.py:78:13 - error: Type of "get" is partially unknown
    Type of "get" is "Unknown | Overload[(key: Unknown, default: None = None, /) -> (Unknown | None), (key: Unknown, default: Unknown, /) -> Unknown, (key: Unknown, default: _T@get, /) -> (Unknown | _T@get)]" (reportUnknownMemberType)
  egolint/.agents/skills/build-release-artifacts.py:78:14 - error: Type of "get" is partially unknown
    Type of "get" is "Overload[(key: Unknown, default: None = None, /) -> (Unknown | None), (key: Unknown, default: Unknown, /) -> Unknown, (key: Unknown, default: _T@get, /) -> (Unknown | _T@get)]" (reportUnknownMemberType)
  egolint/.agents/skills/build-release-artifacts.py:81:9 - error: Type of "append" is partially unknown
    Type of "append" is "(object: Unknown, /) -> None" (reportUnknownMemberType)
  egolint/.agents/skills/build-release-artifacts.py:95:12 - error: Return type, "dict[Unknown, Unknown]", is partially unknown (reportUnknownVariableType)
  egolint/.agents/skills/build-release-artifacts.py:102:32 - error: Type of parameter "release_manifest" is partially unknown
    Parameter type is "dict[Unknown, Unknown]" (reportUnknownParameterType)
  egolint/.agents/skills/build-release-artifacts.py:102:50 - error: Expected type arguments for generic class "dict" (reportMissingTypeArgument)
  egolint/.agents/skills/build-release-artifacts.py:103:5 - error: Type of "schema" is partially unknown
    Type of "schema" is "dict[Unknown, Unknown]" (reportUnknownVariableType)
  egolint/.agents/skills/build-release-artifacts.py:104:38 - error: Argument type is partially unknown
    Argument corresponds to parameter "schema" in function "__init__"
    Argument type is "dict[Unknown, Unknown]" (reportUnknownArgumentType)
  egolint/.agents/skills/build-release-artifacts.py:105:21 - error: Type of "iter_errors" is partially unknown
    Type of "iter_errors" is "Overload[(instance: str | int | float | bool | Mapping[str, _JsonParameter] | Sequence[_JsonParameter] | None) -> Generator[Any, None, None], (instance: Unknown, _schema: Unknown | None) -> Generator[Any, None, None]]" (reportUnknownMemberType)
  egolint/.agents/skills/build-release-artifacts.py:105:43 - error: Argument type is partially unknown
    Argument corresponds to parameter "instance" in function "iter_errors"
    Argument type is "dict[Unknown, Unknown]" (reportUnknownArgumentType)
  egolint/.agents/skills/build-release-artifacts.py:117:9 - error: Type of "append" is partially unknown
    Type of "append" is "(object: Unknown, /) -> None" (reportUnknownMemberType)
  egolint/.agents/skills/build-release-artifacts.py:118:22 - error: Argument type is partially unknown
    Argument corresponds to parameter "iterable" in function "join"
    Argument type is "list[Unknown]" (reportUnknownArgumentType)
  egolint/.agents/skills/build-release-artifacts.py:121:28 - error: Type of parameter "records" is partially unknown
    Parameter type is "list[dict[Unknown, Unknown]]" (reportUnknownParameterType)
  egolint/.agents/skills/build-release-artifacts.py:121:42 - error: Expected type arguments for generic class "dict" (reportMissingTypeArgument)
  egolint/.agents/skills/build-release-artifacts.py:130:9 - error: Type of "record" is partially unknown
    Type of "record" is "dict[Unknown, Unknown]" (reportUnknownVariableType)
  egolint/.agents/skills/build-release-artifacts.py:132:82 - error: Type of "get" is partially unknown
    Type of "get" is "Overload[(key: Unknown, default: None = None, /) -> (Unknown | None), (key: Unknown, default: Unknown, /) -> Unknown, (key: Unknown, default: _T@get, /) -> (Unknown | _T@get)]" (reportUnknownMemberType)
  egolint/.agents/skills/build-release-artifacts.py:153:13 - error: Type of "append" is partially unknown
    Type of "append" is "(object: Unknown, /) -> None" (reportUnknownMemberType)
  egolint/.agents/skills/build-release-artifacts.py:158:13 - error: Type of "append" is partially unknown
    Type of "append" is "(object: Unknown, /) -> None" (reportUnknownMemberType)
  egolint/.agents/skills/build-release-artifacts.py:159:22 - error: Argument type is partially unknown
    Argument corresponds to parameter "iterable" in function "join"
    Argument type is "list[Unknown]" (reportUnknownArgumentType)
  egolint/.agents/skills/build-release-artifacts.py:162:44 - error: Type of parameter "release_manifest" is partially unknown
    Parameter type is "dict[Unknown, Unknown]" (reportUnknownParameterType)
  egolint/.agents/skills/build-release-artifacts.py:162:62 - error: Expected type arguments for generic class "dict" (reportMissingTypeArgument)
  egolint/.agents/skills/build-release-artifacts.py:165:13 - error: Type of "artifact" is unknown (reportUnknownVariableType)
  egolint/.agents/skills/build-release-artifacts.py:182:5 - error: Return type, "dict[Unknown, Unknown]", is partially unknown (reportUnknownParameterType)
  egolint/.agents/skills/build-release-artifacts.py:185:5 - error: Type of parameter "release_manifest" is partially unknown
    Parameter type is "dict[Unknown, Unknown]" (reportUnknownParameterType)
  egolint/.agents/skills/build-release-artifacts.py:185:23 - error: Expected type arguments for generic class "dict" (reportMissingTypeArgument)
  egolint/.agents/skills/build-release-artifacts.py:187:6 - error: Expected type arguments for generic class "dict" (reportMissingTypeArgument)
  egolint/.agents/skills/build-release-artifacts.py:191:13 - error: Type of "append" is partially unknown
    Type of "append" is "(object: Unknown, /) -> None" (reportUnknownMemberType)
  egolint/.agents/skills/build-release-artifacts.py:197:12 - error: Return type, "dict[Unknown, Unknown]", is partially unknown (reportUnknownVariableType)
  egolint/.agents/skills/build-release-artifacts.py:211:5 - error: Type of "records" is partially unknown
    Type of "records" is "list[dict[Unknown, Unknown]]" (reportUnknownVariableType)
  egolint/.agents/skills/build-release-artifacts.py:215:5 - error: Type of "release_manifest" is partially unknown
    Type of "release_manifest" is "dict[Unknown, Unknown]" (reportUnknownVariableType)
  egolint/.agents/skills/build-release-artifacts.py:219:25 - error: Argument type is partially unknown
    Argument corresponds to parameter "data" in function "_canonical_json"
    Argument type is "dict[Unknown, Unknown]" (reportUnknownArgumentType)
  egolint/.agents/skills/build-release-artifacts.py:236:13 - error: Argument type is partially unknown
    Argument corresponds to parameter "data" in function "_canonical_json"
    Argument type is "dict[Unknown, Unknown]" (reportUnknownArgumentType)
egolint/.agents/skills/validate-skills.py
  egolint/.agents/skills/validate-skills.py:31:5 - error: Return type, "list[tuple[Unknown, Unknown]]", is partially unknown (reportUnknownParameterType)
  egolint/.agents/skills/validate-skills.py:31:17 - error: Type of parameter "base" is unknown (reportUnknownParameterType)
  egolint/.agents/skills/validate-skills.py:31:17 - error: Type annotation is missing for parameter "base" (reportMissingParameterType)
  egolint/.agents/skills/validate-skills.py:32:12 - error: Return type, "list[tuple[Unknown, Unknown]]", is partially unknown (reportUnknownVariableType)
  egolint/.agents/skills/validate-skills.py:33:9 - error: Argument type is partially unknown
    Argument corresponds to parameter "iterable" in function "sorted"
    Argument type is "Generator[tuple[Unknown, Unknown], None, None]" (reportUnknownArgumentType)
  egolint/.agents/skills/validate-skills.py:33:10 - error: Type of "parent" is unknown (reportUnknownMemberType)
  egolint/.agents/skills/validate-skills.py:33:10 - error: Type of "relative_to" is unknown (reportUnknownMemberType)
  egolint/.agents/skills/validate-skills.py:33:63 - error: Type of "skill_path" is unknown (reportUnknownVariableType)
  egolint/.agents/skills/validate-skills.py:33:77 - error: Type of "rglob" is unknown (reportUnknownMemberType)
  egolint/.agents/skills/validate-skills.py:37:5 - error: Return type, "list[str] | list[Unknown]", is partially unknown (reportUnknownParameterType)
  egolint/.agents/skills/validate-skills.py:37:20 - error: Type of parameter "rel" is unknown (reportUnknownParameterType)
  egolint/.agents/skills/validate-skills.py:37:20 - error: Type annotation is missing for parameter "rel" (reportMissingParameterType)
  egolint/.agents/skills/validate-skills.py:37:25 - error: Type of parameter "path" is unknown (reportUnknownParameterType)
  egolint/.agents/skills/validate-skills.py:37:25 - error: Type annotation is missing for parameter "path" (reportMissingParameterType)
  egolint/.agents/skills/validate-skills.py:38:5 - error: Type of "dir_name" is unknown (reportUnknownVariableType)
  egolint/.agents/skills/validate-skills.py:38:16 - error: Type of "name" is unknown (reportUnknownMemberType)
  egolint/.agents/skills/validate-skills.py:41:10 - error: Type of "open" is unknown (reportUnknownMemberType)
  egolint/.agents/skills/validate-skills.py:41:41 - error: Type of "f" is unknown (reportUnknownVariableType)
  egolint/.agents/skills/validate-skills.py:42:9 - error: Type of "content" is unknown (reportUnknownVariableType)
  egolint/.agents/skills/validate-skills.py:42:19 - error: Type of "read" is unknown (reportUnknownMemberType)
  egolint/.agents/skills/validate-skills.py:44:30 - error: Argument type is unknown
    Argument corresponds to parameter "string" in function "match" (reportUnknownArgumentType)
  egolint/.agents/skills/validate-skills.py:58:13 - error: Type of "append" is partially unknown
    Type of "append" is "(object: Unknown, /) -> None" (reportUnknownMemberType)
  egolint/.agents/skills/validate-skills.py:61:20 - error: Argument type is unknown
    Argument corresponds to parameter "object" in function "__new__" (reportUnknownArgumentType)
  egolint/.agents/skills/validate-skills.py:63:13 - error: Type of "append" is partially unknown
    Type of "append" is "(object: Unknown, /) -> None" (reportUnknownMemberType)
  egolint/.agents/skills/validate-skills.py:65:13 - error: Type of "append" is partially unknown
    Type of "append" is "(object: Unknown, /) -> None" (reportUnknownMemberType)
  egolint/.agents/skills/validate-skills.py:67:13 - error: Type of "append" is partially unknown
    Type of "append" is "(object: Unknown, /) -> None" (reportUnknownMemberType)
  egolint/.agents/skills/validate-skills.py:70:20 - error: Argument type is unknown
    Argument corresponds to parameter "object" in function "__new__" (reportUnknownArgumentType)
  egolint/.agents/skills/validate-skills.py:72:13 - error: Type of "append" is partially unknown
    Type of "append" is "(object: Unknown, /) -> None" (reportUnknownMemberType)
  egolint/.agents/skills/validate-skills.py:74:13 - error: Type of "append" is partially unknown
    Type of "append" is "(object: Unknown, /) -> None" (reportUnknownMemberType)
  egolint/.agents/skills/validate-skills.py:76:9 - error: Type of "key" is unknown (reportUnknownVariableType)
  egolint/.agents/skills/validate-skills.py:78:13 - error: Type of "append" is partially unknown
    Type of "append" is "(object: Unknown, /) -> None" (reportUnknownMemberType)
  egolint/.agents/skills/validate-skills.py:81:9 - error: Type of "append" is partially unknown
    Type of "append" is "(object: Unknown, /) -> None" (reportUnknownMemberType)
  egolint/.agents/skills/validate-skills.py:83:12 - error: Return type, "list[Unknown]", is partially unknown (reportUnknownVariableType)
  egolint/.agents/skills/validate-skills.py:92:9 - error: Type of "errs" is partially unknown
    Type of "errs" is "list[str] | list[Unknown]" (reportUnknownVariableType)
  egolint/.agents/skills/validate-skills.py:96:13 - error: Type of "e" is partially unknown
    Type of "e" is "str | Unknown" (reportUnknownVariableType)
  egolint/.agents/skills/validate-skills.py:99:28 - error: Argument type is unknown
    Argument corresponds to parameter "obj" in function "len" (reportUnknownArgumentType)
  egolint/.agents/skills/validate-skills.py:99:35 - error: Type of "v" is unknown (reportUnknownVariableType)
  egolint/.agents/skills/validate-skills.py:104:55 - error: Type of "v" is unknown (reportUnknownVariableType)
egolint/.agents/specs/validate-specs.py
  egolint/.agents/specs/validate-specs.py:60:5 - error: Return type, "Any | dict[Unknown, Unknown] | None", is partially unknown (reportUnknownParameterType)
  egolint/.agents/specs/validate-specs.py:60:23 - error: Type of parameter "path" is unknown (reportUnknownParameterType)
  egolint/.agents/specs/validate-specs.py:60:23 - error: Type annotation is missing for parameter "path" (reportMissingParameterType)
  egolint/.agents/specs/validate-specs.py:62:5 - error: Type of "text" is unknown (reportUnknownVariableType)
  egolint/.agents/specs/validate-specs.py:62:12 - error: Type of "read_text" is unknown (reportUnknownMemberType)
  egolint/.agents/specs/validate-specs.py:63:45 - error: Argument type is unknown
    Argument corresponds to parameter "string" in function "match" (reportUnknownArgumentType)
  egolint/.agents/specs/validate-specs.py:67:16 - error: Return type, "Any | dict[Unknown, Unknown]", is partially unknown (reportUnknownVariableType)
  egolint/.agents/specs/validate-specs.py:72:5 - error: Return type, "dict[Unknown, Unknown]", is partially unknown (reportUnknownParameterType)
  egolint/.agents/specs/validate-specs.py:72:17 - error: Type of parameter "directory" is unknown (reportUnknownParameterType)
  egolint/.agents/specs/validate-specs.py:72:17 - error: Type annotation is missing for parameter "directory" (reportMissingParameterType)
  egolint/.agents/specs/validate-specs.py:72:28 - error: Type of parameter "filename" is unknown (reportUnknownParameterType)
  egolint/.agents/specs/validate-specs.py:72:28 - error: Type annotation is missing for parameter "filename" (reportMissingParameterType)
  egolint/.agents/specs/validate-specs.py:72:38 - error: Type annotation is missing for parameter "identity_field" (reportMissingParameterType)
  egolint/.agents/specs/validate-specs.py:75:9 - error: Type of "path" is unknown (reportUnknownVariableType)
  egolint/.agents/specs/validate-specs.py:75:24 - error: Type of "rglob" is unknown (reportUnknownMemberType)
  egolint/.agents/specs/validate-specs.py:75:24 - error: Argument type is unknown
    Argument corresponds to parameter "iterable" in function "sorted" (reportUnknownArgumentType)
  egolint/.agents/specs/validate-specs.py:76:9 - error: Type of "fm" is partially unknown
    Type of "fm" is "Any | dict[Unknown, Unknown] | None" (reportUnknownVariableType)
  egolint/.agents/specs/validate-specs.py:76:32 - error: Argument type is unknown
    Argument corresponds to parameter "path" in function "parse_frontmatter" (reportUnknownArgumentType)
  egolint/.agents/specs/validate-specs.py:79:12 - error: Return type, "dict[Unknown, Unknown]", is partially unknown (reportUnknownVariableType)
  egolint/.agents/specs/validate-specs.py:82:5 - error: Return type, "Unknown | bool", is partially unknown (reportUnknownParameterType)
  egolint/.agents/specs/validate-specs.py:82:23 - error: Type of parameter "ref" is unknown (reportUnknownParameterType)
  egolint/.agents/specs/validate-specs.py:82:23 - error: Type annotation is missing for parameter "ref" (reportMissingParameterType)
  egolint/.agents/specs/validate-specs.py:84:12 - error: Return type, "Unknown | bool", is partially unknown (reportUnknownVariableType)
  egolint/.agents/specs/validate-specs.py:85:9 - error: Type of "startswith" is unknown (reportUnknownMemberType)
  egolint/.agents/specs/validate-specs.py:87:25 - error: Argument type is unknown
    Argument corresponds to parameter "args" in function "__init__" (reportUnknownArgumentType)
  egolint/.agents/specs/validate-specs.py:87:46 - error: Argument type is unknown
    Argument corresponds to parameter "args" in function "__init__" (reportUnknownArgumentType)
  egolint/.agents/specs/validate-specs.py:91:5 - error: Return type, "list[Unknown]", is partially unknown (reportUnknownParameterType)
  egolint/.agents/specs/validate-specs.py:91:17 - error: Type of parameter "graph" is unknown (reportUnknownParameterType)
  egolint/.agents/specs/validate-specs.py:91:17 - error: Type annotation is missing for parameter "graph" (reportMissingParameterType)
  egolint/.agents/specs/validate-specs.py:93:5 - error: Type of "visited" is partially unknown
    Type of "visited" is "set[Unknown]" (reportUnknownVariableType)
  egolint/.agents/specs/validate-specs.py:94:5 - error: Type of "stack" is partially unknown
    Type of "stack" is "set[Unknown]" (reportUnknownVariableType)
  egolint/.agents/specs/validate-specs.py:97:13 - error: Type of parameter "node" is unknown (reportUnknownParameterType)
  egolint/.agents/specs/validate-specs.py:97:13 - error: Type annotation is missing for parameter "node" (reportMissingParameterType)
  egolint/.agents/specs/validate-specs.py:97:19 - error: Type of parameter "path" is unknown (reportUnknownParameterType)
  egolint/.agents/specs/validate-specs.py:97:19 - error: Type annotation is missing for parameter "path" (reportMissingParameterType)
  egolint/.agents/specs/validate-specs.py:99:13 - error: Type of "idx" is unknown (reportUnknownVariableType)
  egolint/.agents/specs/validate-specs.py:99:19 - error: Type of "index" is unknown (reportUnknownMemberType)
  egolint/.agents/specs/validate-specs.py:100:13 - error: Type of "append" is partially unknown
    Type of "append" is "(object: Unknown, /) -> None" (reportUnknownMemberType)
  egolint/.agents/specs/validate-specs.py:104:9 - error: Type of "add" is partially unknown
    Type of "add" is "(element: Unknown, /) -> None" (reportUnknownMemberType)
  egolint/.agents/specs/validate-specs.py:104:21 - error: Argument type is unknown
    Argument corresponds to parameter "element" in function "add" (reportUnknownArgumentType)
  egolint/.agents/specs/validate-specs.py:105:9 - error: Type of "add" is partially unknown
    Type of "add" is "(element: Unknown, /) -> None" (reportUnknownMemberType)
  egolint/.agents/specs/validate-specs.py:105:19 - error: Argument type is unknown
    Argument corresponds to parameter "element" in function "add" (reportUnknownArgumentType)
  egolint/.agents/specs/validate-specs.py:106:13 - error: Type of "neighbour" is unknown (reportUnknownVariableType)
  egolint/.agents/specs/validate-specs.py:106:26 - error: Type of "get" is unknown (reportUnknownMemberType)
  egolint/.agents/specs/validate-specs.py:107:17 - error: Argument type is unknown
    Argument corresponds to parameter "node" in function "dfs" (reportUnknownArgumentType)
  egolint/.agents/specs/validate-specs.py:108:23 - error: Argument type is unknown
    Argument corresponds to parameter "element" in function "discard" (reportUnknownArgumentType)
  egolint/.agents/specs/validate-specs.py:110:9 - error: Type of "node" is unknown (reportUnknownVariableType)
  egolint/.agents/specs/validate-specs.py:110:22 - error: Argument type is unknown
    Argument corresponds to parameter "iterable" in function "__init__" (reportUnknownArgumentType)
  egolint/.agents/specs/validate-specs.py:111:13 - error: Argument type is unknown
    Argument corresponds to parameter "node" in function "dfs" (reportUnknownArgumentType)
  egolint/.agents/specs/validate-specs.py:112:12 - error: Return type, "list[Unknown]", is partially unknown (reportUnknownVariableType)
  egolint/.agents/specs/validate-specs.py:124:5 - error: Type of "skill_ids" is partially unknown
    Type of "skill_ids" is "dict[Unknown, Unknown]" (reportUnknownVariableType)
  egolint/.agents/specs/validate-specs.py:128:9 - error: Type of "fm" is partially unknown
    Type of "fm" is "Any | dict[Unknown, Unknown] | None" (reportUnknownVariableType)
  egolint/.agents/specs/validate-specs.py:130:13 - error: Type of "append" is partially unknown
    Type of "append" is "(object: Unknown, /) -> None" (reportUnknownMemberType)
  egolint/.agents/specs/validate-specs.py:136:9 - error: Type of "path" is unknown (reportUnknownVariableType)
  egolint/.agents/specs/validate-specs.py:136:15 - error: Type of "fm" is unknown (reportUnknownVariableType)
  egolint/.agents/specs/validate-specs.py:137:9 - error: Type of "rel" is unknown (reportUnknownVariableType)
  egolint/.agents/specs/validate-specs.py:137:15 - error: Type of "relative_to" is unknown (reportUnknownMemberType)
  egolint/.agents/specs/validate-specs.py:138:9 - error: Type of "schema" is unknown (reportUnknownVariableType)
  egolint/.agents/specs/validate-specs.py:138:18 - error: Type of "get" is unknown (reportUnknownMemberType)
  egolint/.agents/specs/validate-specs.py:140:13 - error: Type of "append" is partially unknown
    Type of "append" is "(object: Unknown, /) -> None" (reportUnknownMemberType)
  egolint/.agents/specs/validate-specs.py:143:17 - error: Type of "append" is partially unknown
    Type of "append" is "(object: Unknown, /) -> None" (reportUnknownMemberType)
  egolint/.agents/specs/validate-specs.py:144:9 - error: Type of "spec_id" is unknown (reportUnknownVariableType)
  egolint/.agents/specs/validate-specs.py:144:19 - error: Type of "get" is unknown (reportUnknownMemberType)
  egolint/.agents/specs/validate-specs.py:147:17 - error: Type of "append" is partially unknown
    Type of "append" is "(object: Unknown, /) -> None" (reportUnknownMemberType)
  egolint/.agents/specs/validate-specs.py:148:62 - error: Type of "relative_to" is unknown (reportUnknownMemberType)
  egolint/.agents/specs/validate-specs.py:154:5 - error: Type of "update" is partially unknown
    Type of "update" is "Overload[(m: SupportsKeysAndGetItem[Unknown, Unknown], /) -> None, (m: SupportsKeysAndGetItem[str, Unknown], /, **kwargs: Unknown) -> None, (m: Iterable[tuple[Unknown, Unknown]], /) -> None, (m: Iterable[tuple[str, Unknown]], /, **kwargs: Unknown) -> None, (**kwargs: Unknown) -> None]" (reportUnknownMemberType)
  egolint/.agents/specs/validate-specs.py:155:5 - error: Type of "update" is partially unknown
    Type of "update" is "Overload[(m: SupportsKeysAndGetItem[Unknown, Unknown], /) -> None, (m: SupportsKeysAndGetItem[str, Unknown], /, **kwargs: Unknown) -> None, (m: Iterable[tuple[Unknown, Unknown]], /) -> None, (m: Iterable[tuple[str, Unknown]], /, **kwargs: Unknown) -> None, (**kwargs: Unknown) -> None]" (reportUnknownMemberType)
  egolint/.agents/specs/validate-specs.py:158:5 - error: Type of "dep_graph" is partially unknown
    Type of "dep_graph" is "dict[Unknown, list[Unknown]]" (reportUnknownVariableType)
  egolint/.agents/specs/validate-specs.py:158:30 - error: Type of "sid" is unknown (reportUnknownVariableType)
  egolint/.agents/specs/validate-specs.py:159:9 - error: Type of "path" is unknown (reportUnknownVariableType)
  egolint/.agents/specs/validate-specs.py:159:15 - error: Type of "fm" is unknown (reportUnknownVariableType)
  egolint/.agents/specs/validate-specs.py:160:9 - error: Type of "rel" is unknown (reportUnknownVariableType)
  egolint/.agents/specs/validate-specs.py:160:15 - error: Type of "relative_to" is unknown (reportUnknownMemberType)
  egolint/.agents/specs/validate-specs.py:161:9 - error: Type of "spec_id" is unknown (reportUnknownVariableType)
  egolint/.agents/specs/validate-specs.py:161:19 - error: Type of "get" is unknown (reportUnknownMemberType)
  egolint/.agents/specs/validate-specs.py:163:13 - error: Type of "targets" is partially unknown
    Type of "targets" is "Unknown | list[Unknown]" (reportUnknownVariableType)
  egolint/.agents/specs/validate-specs.py:163:23 - error: Type of "get" is unknown (reportUnknownMemberType)
  egolint/.agents/specs/validate-specs.py:166:17 - error: Type of "target" is partially unknown
    Type of "target" is "str | Unknown" (reportUnknownVariableType)
  egolint/.agents/specs/validate-specs.py:167:17 - error: Type of "setdefault" is partially unknown
    Type of "setdefault" is "(key: Unknown, default: list[Unknown], /) -> list[Unknown]" (reportUnknownMemberType)
  egolint/.agents/specs/validate-specs.py:167:17 - error: Type of "append" is partially unknown
    Type of "append" is "(object: Unknown, /) -> None" (reportUnknownMemberType)
  egolint/.agents/specs/validate-specs.py:167:38 - error: Argument type is unknown
    Argument corresponds to parameter "key" in function "setdefault" (reportUnknownArgumentType)
  egolint/.agents/specs/validate-specs.py:169:21 - error: Type of "append" is partially unknown
    Type of "append" is "(object: Unknown, /) -> None" (reportUnknownMemberType)
  egolint/.agents/specs/validate-specs.py:171:13 - error: Type of "targets" is partially unknown
    Type of "targets" is "Unknown | list[Unknown]" (reportUnknownVariableType)
  egolint/.agents/specs/validate-specs.py:171:23 - error: Type of "get" is unknown (reportUnknownMemberType)
  egolint/.agents/specs/validate-specs.py:174:17 - error: Type of "target" is partially unknown
    Type of "target" is "str | Unknown" (reportUnknownVariableType)
  egolint/.agents/specs/validate-specs.py:176:21 - error: Type of "append" is partially unknown
    Type of "append" is "(object: Unknown, /) -> None" (reportUnknownMemberType)
  egolint/.agents/specs/validate-specs.py:179:5 - error: Type of "cycles" is partially unknown
    Type of "cycles" is "list[Unknown]" (reportUnknownVariableType)
  egolint/.agents/specs/validate-specs.py:180:9 - error: Type of "cycle" is unknown (reportUnknownVariableType)
  egolint/.agents/specs/validate-specs.py:181:9 - error: Type of "append" is partially unknown
    Type of "append" is "(object: Unknown, /) -> None" (reportUnknownMemberType)
  egolint/.agents/specs/validate-specs.py:181:65 - error: Argument type is unknown
    Argument corresponds to parameter "iterable" in function "join" (reportUnknownArgumentType)
  egolint/.agents/specs/validate-specs.py:190:13 - error: Type of "skill_fm" is partially unknown
    Type of "skill_fm" is "Any | dict[Unknown, Unknown]" (reportUnknownVariableType)
  egolint/.agents/specs/validate-specs.py:193:9 - error: Type of "refs" is partially unknown
    Type of "refs" is "Unknown | Any | list[Unknown]" (reportUnknownVariableType)
  egolint/.agents/specs/validate-specs.py:193:16 - error: Type of "get" is partially unknown
    Type of "get" is "Any | Overload[(key: Unknown, default: None = None, /) -> (Unknown | None), (key: Unknown, default: Unknown, /) -> Unknown, (key: Unknown, default: _T@get, /) -> (Unknown | _T@get)]" (reportUnknownMemberType)
  egolint/.agents/specs/validate-specs.py:194:9 - error: Type of "implements" is partially unknown
    Type of "implements" is "Unknown | Any | list[Unknown]" (reportUnknownVariableType)
  egolint/.agents/specs/validate-specs.py:194:22 - error: Type of "get" is partially unknown
    Type of "get" is "Any | Overload[(key: Unknown, default: None = None, /) -> (Unknown | None), (key: Unknown, default: Unknown, /) -> Unknown, (key: Unknown, default: _T@get, /) -> (Unknown | _T@get)]" (reportUnknownMemberType)
  egolint/.agents/specs/validate-specs.py:199:9 - error: Type of "metadata" is partially unknown
    Type of "metadata" is "Unknown | Any | dict[Unknown, Unknown]" (reportUnknownVariableType)
  egolint/.agents/specs/validate-specs.py:199:20 - error: Type of "get" is partially unknown
    Type of "get" is "Any | Overload[(key: Unknown, default: None = None, /) -> (Unknown | None), (key: Unknown, default: Unknown, /) -> Unknown, (key: Unknown, default: _T@get, /) -> (Unknown | _T@get)]" (reportUnknownMemberType)
  egolint/.agents/specs/validate-specs.py:200:9 - error: Type of "metadata_spec_id" is partially unknown
    Type of "metadata_spec_id" is "Unknown | Any | None" (reportUnknownVariableType)
  egolint/.agents/specs/validate-specs.py:200:28 - error: Type of "get" is partially unknown
    Type of "get" is "Unknown | Any | Overload[(key: Unknown, default: None = None, /) -> (Unknown | None), (key: Unknown, default: Unknown, /) -> Unknown, (key: Unknown, default: _T@get, /) -> (Unknown | _T@get)]" (reportUnknownMemberType)
  egolint/.agents/specs/validate-specs.py:202:13 - error: Type of "append" is partially unknown
    Type of "append" is "((object: str, /) -> None) | Unknown | Any" (reportUnknownMemberType)
  egolint/.agents/specs/validate-specs.py:202:31 - error: Argument type is partially unknown
    Argument corresponds to parameter "object" in function "append"
    Argument type is "Unknown | Any" (reportUnknownArgumentType)
  egolint/.agents/specs/validate-specs.py:203:13 - error: Type of "ref" is partially unknown
    Type of "ref" is "str | Unknown | Any" (reportUnknownVariableType)
  egolint/.agents/specs/validate-specs.py:207:17 - error: Type of "append" is partially unknown
    Type of "append" is "(object: Unknown, /) -> None" (reportUnknownMemberType)
  egolint/.agents/specs/validate-specs.py:211:17 - error: Type of "append" is partially unknown
    Type of "append" is "(object: Unknown, /) -> None" (reportUnknownMemberType)
  egolint/.agents/specs/validate-specs.py:217:43 - error: Argument type is partially unknown
    Argument corresponds to parameter "obj" in function "len"
    Argument type is "list[Unknown]" (reportUnknownArgumentType)
  egolint/.agents/specs/validate-specs.py:218:13 - error: Type of "err" is unknown (reportUnknownVariableType)
  egolint/.agents/specs/validate-specs.py:222:39 - error: Argument type is partially unknown
    Argument corresponds to parameter "obj" in function "len"
    Argument type is "dict[Unknown, Unknown]" (reportUnknownArgumentType)
egolint/scripts/complementary_tools.py
  egolint/scripts/complementary_tools.py:463:44 - error: Type of "endswith" is partially unknown
    Type of "endswith" is "Unknown | Any | ((suffix: str | tuple[str, ...], start: SupportsIndex | None = None, end: SupportsIndex | None = None, /) -> bool) | ((suffix: Buffer | tuple[Buffer, ...], start: SupportsIndex | None = None, end: SupportsIndex | None = None, /) -> bool)" (reportUnknownMemberType)
  egolint/scripts/complementary_tools.py:463:62 - error: Cannot access attribute "endswith" for class "int"
    Attribute "endswith" is unknown (reportAttributeAccessIssue)
  egolint/scripts/complementary_tools.py:463:62 - error: Cannot access attribute "endswith" for class "float"
    Attribute "endswith" is unknown (reportAttributeAccessIssue)
  egolint/scripts/complementary_tools.py:463:62 - error: Cannot access attribute "endswith" for class "list[str]"
    Attribute "endswith" is unknown (reportAttributeAccessIssue)
  egolint/scripts/complementary_tools.py:463:71 - error: Argument of type "Literal['\n']" cannot be assigned to parameter "suffix" of type "ReadableBuffer | tuple[ReadableBuffer, ...]" in function "endswith"
    Type "Literal['\n']" is not assignable to type "ReadableBuffer | tuple[ReadableBuffer, ...]"
      "Literal['\n']" is incompatible with protocol "Buffer"
        "__buffer__" is not present
      "Literal['\n']" is not assignable to "tuple[ReadableBuffer, ...]" (reportArgumentType)
  egolint/scripts/complementary_tools.py:466:59 - error: Type of "endswith" is partially unknown
    Type of "endswith" is "Unknown | Any | ((suffix: str | tuple[str, ...], start: SupportsIndex | None = None, end: SupportsIndex | None = None, /) -> bool) | ((suffix: Buffer | tuple[Buffer, ...], start: SupportsIndex | None = None, end: SupportsIndex | None = None, /) -> bool)" (reportUnknownMemberType)
  egolint/scripts/complementary_tools.py:466:77 - error: Cannot access attribute "endswith" for class "int"
    Attribute "endswith" is unknown (reportAttributeAccessIssue)
  egolint/scripts/complementary_tools.py:466:77 - error: Cannot access attribute "endswith" for class "float"
    Attribute "endswith" is unknown (reportAttributeAccessIssue)
  egolint/scripts/complementary_tools.py:466:77 - error: Cannot access attribute "endswith" for class "list[str]"
    Attribute "endswith" is unknown (reportAttributeAccessIssue)
  egolint/scripts/complementary_tools.py:466:86 - error: Argument of type "Literal['\n']" cannot be assigned to parameter "suffix" of type "ReadableBuffer | tuple[ReadableBuffer, ...]" in function "endswith"
    Type "Literal['\n']" is not assignable to type "ReadableBuffer | tuple[ReadableBuffer, ...]"
      "Literal['\n']" is incompatible with protocol "Buffer"
        "__buffer__" is not present
      "Literal['\n']" is not assignable to "tuple[ReadableBuffer, ...]" (reportArgumentType)
  egolint/scripts/complementary_tools.py:469:16 - error: Argument of type "int | Any | str | float | list[str] | bytes" cannot be assigned to parameter "x" of type "ConvertibleToInt" in function "__new__"
    Type "int | Any | str | float | list[str] | bytes" is not assignable to type "ConvertibleToInt"
      Type "list[str]" is not assignable to type "ConvertibleToInt"
        "list[str]" is not assignable to "str"
        "list[str]" is incompatible with protocol "Buffer"
          "__buffer__" is not present
        "list[str]" is incompatible with protocol "SupportsInt"
          "__int__" is not present
        "list[str]" is incompatible with protocol "SupportsIndex"
    ... (reportArgumentType)
  egolint/scripts/complementary_tools.py:469:16 - error: Argument of type "int | Any | str | float | list[str] | bytes" cannot be assigned to parameter "x" of type "ConvertibleToInt" in function "__new__"
    Type "int | Any | str | float | list[str] | bytes" is not assignable to type "ConvertibleToInt"
      Type "list[str]" is not assignable to type "ConvertibleToInt"
        "list[str]" is not assignable to "str"
        "list[str]" is incompatible with protocol "Buffer"
          "__buffer__" is not present
        "list[str]" is incompatible with protocol "SupportsInt"
          "__int__" is not present
        "list[str]" is incompatible with protocol "SupportsIndex" (reportArgumentType)
  egolint/scripts/complementary_tools.py:478:9 - error: Type of "append" is partially unknown
    Type of "append" is "(object: Unknown, /) -> None" (reportUnknownMemberType)
  egolint/scripts/complementary_tools.py:489:13 - error: Type of "row" is unknown (reportUnknownVariableType)
egolint/scripts/validate_megalinter_policy.py
  egolint/scripts/validate_megalinter_policy.py:77:12 - error: Return type, "dict[Unknown, Unknown]", is partially unknown (reportUnknownVariableType)
  egolint/scripts/validate_megalinter_policy.py:88:12 - error: Return type, "dict[Unknown, Unknown]", is partially unknown (reportUnknownVariableType)
  egolint/scripts/validate_megalinter_policy.py:177:61 - error: Argument type is partially unknown
    Argument corresponds to parameter "linter" in function "normalized_linter_id"
    Argument type is "dict[Unknown, Unknown]" (reportUnknownArgumentType)
  egolint/scripts/validate_megalinter_policy.py:179:34 - error: Type of "get" is partially unknown
    Type of "get" is "Overload[(key: Unknown, default: None = None, /) -> (Unknown | None), (key: Unknown, default: Unknown, /) -> Unknown, (key: Unknown, default: _T@get, /) -> (Unknown | _T@get)]" (reportUnknownMemberType)
  egolint/scripts/validate_megalinter_policy.py:180:37 - error: Type of "get" is partially unknown
    Type of "get" is "Overload[(key: Unknown, default: None = None, /) -> (Unknown | None), (key: Unknown, default: Unknown, /) -> Unknown, (key: Unknown, default: _T@get, /) -> (Unknown | _T@get)]" (reportUnknownMemberType)
  egolint/scripts/validate_megalinter_policy.py:182:36 - error: Type of "get" is partially unknown
    Type of "get" is "Overload[(key: Unknown, default: None = None, /) -> (Unknown | None), (key: Unknown, default: Unknown, /) -> Unknown, (key: Unknown, default: _T@get, /) -> (Unknown | _T@get)]" (reportUnknownMemberType)
  egolint/scripts/validate_megalinter_policy.py:185:37 - error: Type of "get" is partially unknown
    Type of "get" is "Overload[(key: Unknown, default: None = None, /) -> (Unknown | None), (key: Unknown, default: Unknown, /) -> Unknown, (key: Unknown, default: _T@get, /) -> (Unknown | _T@get)]" (reportUnknownMemberType)
  egolint/scripts/validate_megalinter_policy.py:188:32 - error: Type of "get" is partially unknown
    Type of "get" is "Overload[(key: Unknown, default: None = None, /) -> (Unknown | None), (key: Unknown, default: Unknown, /) -> Unknown, (key: Unknown, default: _T@get, /) -> (Unknown | _T@get)]" (reportUnknownMemberType)
  egolint/scripts/validate_megalinter_policy.py:189:32 - error: Type of "get" is partially unknown
    Type of "get" is "Overload[(key: Unknown, default: None = None, /) -> (Unknown | None), (key: Unknown, default: Unknown, /) -> Unknown, (key: Unknown, default: _T@get, /) -> (Unknown | _T@get)]" (reportUnknownMemberType)
  egolint/scripts/validate_megalinter_policy.py:194:21 - error: Argument type is partially unknown
    Argument corresponds to parameter "linter" in function "extract_documented_version"
    Argument type is "dict[Unknown, Unknown]" (reportUnknownArgumentType)
  egolint/scripts/validate_megalinter_policy.py:199:5 - error: Type of "deprecated_variables" is partially unknown
    Type of "deprecated_variables" is "list[Unknown]" (reportUnknownVariableType)
  egolint/scripts/validate_megalinter_policy.py:200:9 - error: Argument type is partially unknown
    Argument corresponds to parameter "iterable" in function "sorted"
    Argument type is "Generator[Unknown, None, None]" (reportUnknownArgumentType)
  egolint/scripts/validate_megalinter_policy.py:201:13 - error: Type of "key" is unknown (reportUnknownVariableType)
  egolint/scripts/validate_megalinter_policy.py:201:18 - error: Type of "value" is unknown (reportUnknownVariableType)
  egolint/scripts/validate_megalinter_policy.py:202:40 - error: Type of "get" is partially unknown
    Type of "get" is "Overload[(key: Unknown, default: None = None, /) -> (Unknown | None), (key: Unknown, default: Unknown, /) -> Unknown, (key: Unknown, default: _T@get, /) -> (Unknown | _T@get)]" (reportUnknownMemberType)
  egolint/scripts/validate_megalinter_policy.py:210:43 - error: Argument type is partially unknown
    Argument corresponds to parameter "iterable" in function "sorted"
    Argument type is "dict[Unknown, Unknown]" (reportUnknownArgumentType)
  egolint/scripts/validate_megalinter_policy.py:236:9 - error: Type of "reference" is partially unknown
    Type of "reference" is "str | Unknown" (reportUnknownVariableType)
  egolint/scripts/validate_megalinter_policy.py:260:66 - error: Type of "item" is unknown (reportUnknownVariableType)
  egolint/scripts/validate_megalinter_policy.py:261:21 - error: Argument type is partially unknown
    Argument corresponds to parameter "iterable" in function "__init__"
    Argument type is "list[Unknown]" (reportUnknownArgumentType)
  egolint/scripts/validate_megalinter_policy.py:369:5 - error: Type of "policy_release" is partially unknown
    Type of "policy_release" is "Unknown | None" (reportUnknownVariableType)
  egolint/scripts/validate_megalinter_policy.py:369:22 - error: Type of "get" is partially unknown
    Type of "get" is "Overload[(key: Unknown, default: None = None, /) -> (Unknown | None), (key: Unknown, default: Unknown, /) -> Unknown, (key: Unknown, default: _T@get, /) -> (Unknown | _T@get)]" (reportUnknownMemberType)
  egolint/scripts/validate_megalinter_policy.py:370:5 - error: Type of "policy_commit" is partially unknown
    Type of "policy_commit" is "Unknown | None" (reportUnknownVariableType)
  egolint/scripts/validate_megalinter_policy.py:370:21 - error: Type of "get" is partially unknown
    Type of "get" is "Overload[(key: Unknown, default: None = None, /) -> (Unknown | None), (key: Unknown, default: Unknown, /) -> Unknown, (key: Unknown, default: _T@get, /) -> (Unknown | _T@get)]" (reportUnknownMemberType)
  egolint/scripts/validate_megalinter_policy.py:396:9 - error: Type of "reason" is partially unknown
    Type of "reason" is "Unknown | None" (reportUnknownVariableType)
  egolint/scripts/validate_megalinter_policy.py:396:18 - error: Type of "get" is partially unknown
    Type of "get" is "Overload[(key: Unknown, default: None = None, /) -> (Unknown | None), (key: Unknown, default: Unknown, /) -> Unknown, (key: Unknown, default: _T@get, /) -> (Unknown | _T@get)]" (reportUnknownMemberType)
  egolint/scripts/validate_megalinter_policy.py:399:9 - error: Type of "linter_id" is unknown (reportUnknownVariableType)
  egolint/scripts/validate_megalinter_policy.py:399:29 - error: Argument type is partially unknown
    Argument corresponds to parameter "iterable" in function "sorted"
    Argument type is "dict[Unknown, Unknown]" (reportUnknownArgumentType)
  egolint/scripts/validate_megalinter_policy.py:407:9 - error: Type of "reason" is partially unknown
    Type of "reason" is "Unknown | None" (reportUnknownVariableType)
  egolint/scripts/validate_megalinter_policy.py:407:18 - error: Type of "get" is partially unknown
    Type of "get" is "Overload[(key: Unknown, default: None = None, /) -> (Unknown | None), (key: Unknown, default: Unknown, /) -> Unknown, (key: Unknown, default: _T@get, /) -> (Unknown | _T@get)]" (reportUnknownMemberType)
  egolint/scripts/validate_megalinter_policy.py:410:9 - error: Type of "linter_id" is unknown (reportUnknownVariableType)
  egolint/scripts/validate_megalinter_policy.py:410:29 - error: Argument type is partially unknown
    Argument corresponds to parameter "iterable" in function "sorted"
    Argument type is "dict[Unknown, Unknown]" (reportUnknownArgumentType)
  egolint/scripts/validate_megalinter_policy.py:417:9 - error: Type of "linter_id" is unknown (reportUnknownVariableType)
  egolint/scripts/validate_megalinter_policy.py:417:20 - error: Type of "metadata" is unknown (reportUnknownVariableType)
  egolint/scripts/validate_megalinter_policy.py:424:9 - error: Type of "configuration_path" is partially unknown
    Type of "configuration_path" is "Unknown | None" (reportUnknownVariableType)
  egolint/scripts/validate_megalinter_policy.py:424:30 - error: Type of "get" is partially unknown
    Type of "get" is "Overload[(key: Unknown, default: None = None, /) -> (Unknown | None), (key: Unknown, default: Unknown, /) -> Unknown, (key: Unknown, default: _T@get, /) -> (Unknown | _T@get)]" (reportUnknownMemberType)
  egolint/scripts/validate_megalinter_policy.py:433:9 - error: Type of "fixture_metadata" is partially unknown
    Type of "fixture_metadata" is "Unknown | None" (reportUnknownVariableType)
  egolint/scripts/validate_megalinter_policy.py:433:28 - error: Type of "get" is partially unknown
    Type of "get" is "Overload[(key: Unknown, default: None = None, /) -> (Unknown | None), (key: Unknown, default: Unknown, /) -> Unknown, (key: Unknown, default: _T@get, /) -> (Unknown | _T@get)]" (reportUnknownMemberType)
  egolint/scripts/validate_megalinter_policy.py:439:9 - error: Type of "positive" is unknown (reportUnknownVariableType)
  egolint/scripts/validate_megalinter_policy.py:439:20 - error: Type of "get" is partially unknown
    Type of "get" is "Overload[(key: Unknown, default: None = None, /) -> (Unknown | None), (key: Unknown, default: Unknown, /) -> Unknown, (key: Unknown, default: _T@get, /) -> (Unknown | _T@get)]" (reportUnknownMemberType)
  egolint/scripts/validate_megalinter_policy.py:440:9 - error: Type of "negative" is unknown (reportUnknownVariableType)
  egolint/scripts/validate_megalinter_policy.py:440:20 - error: Type of "get" is partially unknown
    Type of "get" is "Overload[(key: Unknown, default: None = None, /) -> (Unknown | None), (key: Unknown, default: Unknown, /) -> Unknown, (key: Unknown, default: _T@get, /) -> (Unknown | _T@get)]" (reportUnknownMemberType)
  egolint/scripts/validate_megalinter_policy.py:441:9 - error: Type of "blocker" is partially unknown
    Type of "blocker" is "Unknown | None" (reportUnknownVariableType)
  egolint/scripts/validate_megalinter_policy.py:441:19 - error: Type of "get" is partially unknown
    Type of "get" is "Overload[(key: Unknown, default: None = None, /) -> (Unknown | None), (key: Unknown, default: Unknown, /) -> Unknown, (key: Unknown, default: _T@get, /) -> (Unknown | _T@get)]" (reportUnknownMemberType)
  egolint/scripts/validate_megalinter_policy.py:446:13 - error: Type of "fixture_path" is unknown (reportUnknownVariableType)
  egolint/scripts/validate_megalinter_policy.py:447:20 - error: Type of "is_file" is unknown (reportUnknownMemberType)
  egolint/scripts/validate_megalinter_policy.py:545:13 - error: Type of "disabled_for_profile" is partially unknown
    Type of "disabled_for_profile" is "set[Unknown]" (reportUnknownVariableType)
  egolint/scripts/validate_megalinter_policy.py:553:43 - error: Argument type is partially unknown
    Argument corresponds to parameter "iterable" in function "sorted"
    Argument type is "set[Any] | set[Unknown]" (reportUnknownArgumentType)
egolint/tests/fixtures/negative/complexipy/complex.py
  egolint/tests/fixtures/negative/complexipy/complex.py:1:19 - error: Type of parameter "values" is unknown (reportUnknownParameterType)
  egolint/tests/fixtures/negative/complexipy/complex.py:1:19 - error: Type annotation is missing for parameter "values" (reportMissingParameterType)
  egolint/tests/fixtures/negative/complexipy/complex.py:3:9 - error: Type of "value" is unknown (reportUnknownVariableType)
  egolint/tests/fixtures/negative/complexipy/complex.py:6:40 - error: Argument type is unknown
    Argument corresponds to parameter "stop" in function "__new__" (reportUnknownArgumentType)
egolint/tests/fixtures/negative/deptry/src/example/__init__.py
  egolint/tests/fixtures/negative/deptry/src/example/__init__.py:1:8 - warning: Import "undeclared_dependency" could not be resolved (reportMissingImports)
  egolint/tests/fixtures/negative/deptry/src/example/__init__.py:3:1 - error: Type of "VALUE" is unknown (reportUnknownVariableType)
  egolint/tests/fixtures/negative/deptry/src/example/__init__.py:3:9 - error: Type of "value" is unknown (reportUnknownMemberType)
egolint/tests/fixtures/negative/vulture/unused.py
  egolint/tests/fixtures/negative/vulture/unused.py:1:8 - warning: Import "os" is not accessed (reportUnusedImport)
egolint/tests/fixtures/python/test_greeting_service.py
  egolint/tests/fixtures/python/test_greeting_service.py:3:6 - warning: Import "greeting_service" could not be resolved (reportMissingImports)
  egolint/tests/fixtures/python/test_greeting_service.py:3:30 - error: Type of "format_greeting" is unknown (reportUnknownVariableType)
egolint/tests/test_complementary_tools.py
  egolint/tests/test_complementary_tools.py:86:32 - error: Type of parameter "pattern" is unknown (reportUnknownLambdaType)
egolint/tests/test_megalinter_policy.py
  egolint/tests/test_megalinter_policy.py:192:45 - error: Argument type is unknown
    Argument corresponds to parameter "container" in function "assertIn" (reportUnknownArgumentType)
  egolint/tests/test_megalinter_policy.py:193:43 - error: Argument type is unknown
    Argument corresponds to parameter "container" in function "assertIn" (reportUnknownArgumentType)
  egolint/tests/test_megalinter_policy.py:196:13 - error: Argument type is unknown
    Argument corresponds to parameter "container" in function "assertIn" (reportUnknownArgumentType)
mindgarden/scripts/garden_agent.py
  mindgarden/scripts/garden_agent.py:37:9 - error: Type of "ContractError" is unknown (reportUnknownVariableType)
  mindgarden/scripts/garden_agent.py:38:9 - error: Type of "discover_note_paths" is unknown (reportUnknownVariableType)
  mindgarden/scripts/garden_agent.py:39:9 - error: Type of "parse_manifest" is unknown (reportUnknownVariableType)
  mindgarden/scripts/garden_agent.py:40:9 - error: Type of "parse_note" is unknown (reportUnknownVariableType)
  mindgarden/scripts/garden_agent.py:41:9 - error: Type of "parse_simple_yaml" is unknown (reportUnknownVariableType)
  mindgarden/scripts/garden_agent.py:42:9 - error: Type of "require_string" is unknown (reportUnknownVariableType)
  mindgarden/scripts/garden_agent.py:43:9 - error: Type of "require_string_list" is unknown (reportUnknownVariableType)
  mindgarden/scripts/garden_agent.py:44:9 - error: Type of "validate_repository" is unknown (reportUnknownVariableType)
  mindgarden/scripts/garden_agent.py:116:5 - error: Type of "manifest" is partially unknown
    Type of "manifest" is "dict[str, str | bool | int | list[str]] | Unknown" (reportUnknownVariableType)
  mindgarden/scripts/garden_agent.py:117:12 - error: Return type, "tuple[Path, Path, dict[str, str | bool | int | list[str]] | Unknown]", is partially unknown (reportUnknownVariableType)
  mindgarden/scripts/garden_agent.py:123:73 - error: Type of "item" is unknown (reportUnknownVariableType)
  mindgarden/scripts/garden_agent.py:125:12 - error: Return type, "list[Unknown]", is partially unknown (reportUnknownVariableType)
  mindgarden/scripts/garden_agent.py:133:5 - error: Type of "content_roots" is partially unknown
    Type of "content_roots" is "list[str] | Unknown" (reportUnknownVariableType)
  mindgarden/scripts/garden_agent.py:136:9 - error: Type of "note_path" is partially unknown
    Type of "note_path" is "Path | Unknown" (reportUnknownVariableType)
  mindgarden/scripts/garden_agent.py:136:55 - error: Argument type is partially unknown
    Argument corresponds to parameter "content_roots" in function "discover_note_paths"
    Argument type is "list[str] | Unknown" (reportUnknownArgumentType)
  mindgarden/scripts/garden_agent.py:137:9 - error: Type of "text" is partially unknown
    Type of "text" is "str | Unknown" (reportUnknownVariableType)
  mindgarden/scripts/garden_agent.py:137:16 - error: Type of "read_text" is partially unknown
    Type of "read_text" is "((encoding: str | None = None, errors: str | None = None) -> str) | Unknown" (reportUnknownMemberType)
  mindgarden/scripts/garden_agent.py:138:9 - error: Type of "metadata" is partially unknown
    Type of "metadata" is "dict[str, str | bool | int | list[str]] | Unknown" (reportUnknownVariableType)
  mindgarden/scripts/garden_agent.py:138:31 - error: Argument type is partially unknown
    Argument corresponds to parameter "path" in function "parse_note"
    Argument type is "Path | Unknown" (reportUnknownArgumentType)
  mindgarden/scripts/garden_agent.py:139:30 - error: Argument type is partially unknown
    Argument corresponds to parameter "value" in function "markdown_body"
    Argument type is "str | Unknown" (reportUnknownArgumentType)
  mindgarden/scripts/garden_agent.py:141:9 - error: Type of "title" is partially unknown
    Type of "title" is "str | Unknown" (reportUnknownVariableType)
  mindgarden/scripts/garden_agent.py:141:32 - error: Argument type is partially unknown
    Argument corresponds to parameter "metadata" in function "require_string"
    Argument type is "dict[str, str | bool | int | list[str]] | Unknown" (reportUnknownArgumentType)
  mindgarden/scripts/garden_agent.py:141:51 - error: Argument type is partially unknown
    Argument corresponds to parameter "source" in function "require_string"
    Argument type is "Path | Unknown" (reportUnknownArgumentType)
  mindgarden/scripts/garden_agent.py:142:30 - error: Argument type is partially unknown
    Argument corresponds to parameter "metadata" in function "metadata_list"
    Argument type is "dict[str, str | bool | int | list[str]] | Unknown" (reportUnknownArgumentType)
  mindgarden/scripts/garden_agent.py:147:38 - error: Argument type is partially unknown
    Argument corresponds to parameter "metadata" in function "require_string"
    Argument type is "dict[str, str | bool | int | list[str]] | Unknown" (reportUnknownArgumentType)
  mindgarden/scripts/garden_agent.py:147:54 - error: Argument type is partially unknown
    Argument corresponds to parameter "source" in function "require_string"
    Argument type is "Path | Unknown" (reportUnknownArgumentType)
  mindgarden/scripts/garden_agent.py:148:25 - error: Type of "relative_to" is partially unknown
    Type of "relative_to" is "Overload[(other: str | PathLike[str], /, *, walk_up: bool = False) -> Path, (other: str | PathLike[str], /, *_deprecated: str | PathLike[str], walk_up: bool = False) -> Path] | Unknown" (reportUnknownMemberType)
  mindgarden/scripts/garden_agent.py:148:25 - error: Type of "as_posix" is partially unknown
    Type of "as_posix" is "(() -> str) | Unknown" (reportUnknownMemberType)
  mindgarden/scripts/garden_agent.py:149:40 - error: Type of "read_bytes" is partially unknown
    Type of "read_bytes" is "(() -> bytes) | Unknown" (reportUnknownMemberType)
  mindgarden/scripts/garden_agent.py:149:40 - error: Argument type is partially unknown
    Argument corresponds to parameter "value" in function "sha256_bytes"
    Argument type is "bytes | Unknown" (reportUnknownArgumentType)
  mindgarden/scripts/garden_agent.py:151:40 - error: Argument type is partially unknown
    Argument corresponds to parameter "metadata" in function "require_string"
    Argument type is "dict[str, str | bool | int | list[str]] | Unknown" (reportUnknownArgumentType)
  mindgarden/scripts/garden_agent.py:151:58 - error: Argument type is partially unknown
    Argument corresponds to parameter "source" in function "require_string"
    Argument type is "Path | Unknown" (reportUnknownArgumentType)
  mindgarden/scripts/garden_agent.py:152:42 - error: Argument type is partially unknown
    Argument corresponds to parameter "metadata" in function "require_string"
    Argument type is "dict[str, str | bool | int | list[str]] | Unknown" (reportUnknownArgumentType)
  mindgarden/scripts/garden_agent.py:152:62 - error: Argument type is partially unknown
    Argument corresponds to parameter "source" in function "require_string"
    Argument type is "Path | Unknown" (reportUnknownArgumentType)
  mindgarden/scripts/garden_agent.py:154:46 - error: Argument type is partially unknown
    Argument corresponds to parameter "metadata" in function "require_string"
    Argument type is "dict[str, str | bool | int | list[str]] | Unknown" (reportUnknownArgumentType)
  mindgarden/scripts/garden_agent.py:154:70 - error: Argument type is partially unknown
    Argument corresponds to parameter "source" in function "require_string"
    Argument type is "Path | Unknown" (reportUnknownArgumentType)
  mindgarden/scripts/garden_agent.py:155:46 - error: Argument type is partially unknown
    Argument corresponds to parameter "metadata" in function "require_string"
    Argument type is "dict[str, str | bool | int | list[str]] | Unknown" (reportUnknownArgumentType)
  mindgarden/scripts/garden_agent.py:155:70 - error: Argument type is partially unknown
    Argument corresponds to parameter "source" in function "require_string"
    Argument type is "Path | Unknown" (reportUnknownArgumentType)
  mindgarden/scripts/garden_agent.py:156:43 - error: Argument type is partially unknown
    Argument corresponds to parameter "metadata" in function "require_string"
    Argument type is "dict[str, str | bool | int | list[str]] | Unknown" (reportUnknownArgumentType)
  mindgarden/scripts/garden_agent.py:156:64 - error: Argument type is partially unknown
    Argument corresponds to parameter "source" in function "require_string"
    Argument type is "Path | Unknown" (reportUnknownArgumentType)
  mindgarden/scripts/garden_agent.py:157:47 - error: Argument type is partially unknown
    Argument corresponds to parameter "metadata" in function "require_string_list"
    Argument type is "dict[str, str | bool | int | list[str]] | Unknown" (reportUnknownArgumentType)
  mindgarden/scripts/garden_agent.py:157:67 - error: Argument type is partially unknown
    Argument corresponds to parameter "source" in function "require_string_list"
    Argument type is "Path | Unknown" (reportUnknownArgumentType)
  mindgarden/scripts/garden_agent.py:158:48 - error: Argument type is partially unknown
    Argument corresponds to parameter "metadata" in function "require_string_list"
    Argument type is "dict[str, str | bool | int | list[str]] | Unknown" (reportUnknownArgumentType)
  mindgarden/scripts/garden_agent.py:158:69 - error: Argument type is partially unknown
    Argument corresponds to parameter "source" in function "require_string_list"
    Argument type is "Path | Unknown" (reportUnknownArgumentType)
  mindgarden/scripts/garden_agent.py:159:48 - error: Argument type is partially unknown
    Argument corresponds to parameter "metadata" in function "require_string_list"
    Argument type is "dict[str, str | bool | int | list[str]] | Unknown" (reportUnknownArgumentType)
  mindgarden/scripts/garden_agent.py:159:69 - error: Argument type is partially unknown
    Argument corresponds to parameter "source" in function "require_string_list"
    Argument type is "Path | Unknown" (reportUnknownArgumentType)
  mindgarden/scripts/garden_agent.py:164:51 - error: Argument type is partially unknown
    Argument corresponds to parameter "value" in function "tokenize"
    Argument type is "str | Unknown" (reportUnknownArgumentType)
  mindgarden/scripts/garden_agent.py:280:5 - error: Type of "root_value" is partially unknown
    Type of "root_value" is "str | Unknown" (reportUnknownVariableType)
  mindgarden/scripts/garden_agent.py:281:5 - error: Type of "profile_root" is partially unknown
    Type of "profile_root" is "Path | Unknown" (reportUnknownVariableType)
  mindgarden/scripts/garden_agent.py:284:28 - error: Type of "glob" is partially unknown
    Type of "glob" is "((pattern: str, *, case_sensitive: bool | None = None) -> Generator[Path, None, None]) | Unknown" (reportUnknownMemberType)
  mindgarden/scripts/garden_agent.py:284:28 - error: Argument type is partially unknown
    Argument corresponds to parameter "iterable" in function "sorted"
    Argument type is "Generator[Path, None, None] | Unknown" (reportUnknownArgumentType)
  mindgarden/scripts/garden_agent.py:323:9 - error: Argument type is partially unknown
    Argument corresponds to parameter "query" in function "rank_notes"
    Argument type is "str | Unknown" (reportUnknownArgumentType)
  mindgarden/scripts/garden_agent.py:630:5 - error: Type of "parsed_origin" is unknown (reportUnknownVariableType)
  mindgarden/scripts/garden_agent.py:631:8 - error: Type of "scheme" is unknown (reportUnknownMemberType)
  mindgarden/scripts/garden_agent.py:644:5 - error: Type of "visibility" is partially unknown
    Type of "visibility" is "str | Unknown" (reportUnknownVariableType)
  mindgarden/scripts/garden_agent.py:651:20 - error: Argument type is partially unknown
    Argument corresponds to parameter "visibility" in function "source_note"
    Argument type is "str | Unknown" (reportUnknownArgumentType)
  mindgarden/scripts/garden_agent.py:659:5 - error: Type of "provenance_root" is partially unknown
    Type of "provenance_root" is "Path | Unknown" (reportUnknownVariableType)
  mindgarden/scripts/garden_agent.py:664:5 - error: Type of "record_path" is partially unknown
    Type of "record_path" is "Path | Unknown" (reportUnknownVariableType)
  mindgarden/scripts/garden_agent.py:684:12 - error: Return type, "tuple[Path, Path | Unknown, str, str]", is partially unknown (reportUnknownVariableType)
  mindgarden/scripts/garden_agent.py:695:5 - error: Type of "visibility" is partially unknown
    Type of "visibility" is "str | Unknown" (reportUnknownVariableType)
  mindgarden/scripts/garden_agent.py:696:5 - error: Type of "result" is partially unknown
    Type of "result" is "dict[str, str | Any | Unknown | bool]" (reportUnknownVariableType)
  mindgarden/scripts/garden_agent.py:707:30 - error: Argument type is partially unknown
    Argument corresponds to parameter "value" in function "canonical_json"
    Argument type is "dict[str, str | Any | Unknown | bool]" (reportUnknownArgumentType)
  mindgarden/scripts/garden_agent.py:723:26 - error: Argument type is partially unknown
    Argument corresponds to parameter "value" in function "canonical_json"
    Argument type is "dict[str, str | Any | Unknown | bool]" (reportUnknownArgumentType)
  mindgarden/scripts/garden_agent.py:730:5 - error: Type of "roots" is partially unknown
    Type of "roots" is "list[str] | Unknown" (reportUnknownVariableType)
  mindgarden/scripts/garden_agent.py:736:12 - error: Return type, "Path | Unknown", is partially unknown (reportUnknownVariableType)
  mindgarden/scripts/garden_agent.py:815:5 - error: Type of "note_count" is partially unknown
    Type of "note_count" is "int | Unknown" (reportUnknownVariableType)
  mindgarden/scripts/garden_agent.py:940:74 - error: Type of "error" is partially unknown
    Type of "error" is "Unknown | OSError | ValueError | JSONDecodeError" (reportUnknownVariableType)
mindgarden/scripts/publish_garden.py
  mindgarden/scripts/publish_garden.py:39:9 - error: Type of "ContractError" is unknown (reportUnknownVariableType)
  mindgarden/scripts/publish_garden.py:40:9 - error: Type of "discover_note_paths" is unknown (reportUnknownVariableType)
  mindgarden/scripts/publish_garden.py:41:9 - error: Type of "parse_manifest" is unknown (reportUnknownVariableType)
  mindgarden/scripts/publish_garden.py:42:9 - error: Type of "parse_note" is unknown (reportUnknownVariableType)
  mindgarden/scripts/publish_garden.py:43:9 - error: Type of "parse_simple_yaml" is unknown (reportUnknownVariableType)
  mindgarden/scripts/publish_garden.py:44:9 - error: Type of "require_string" is unknown (reportUnknownVariableType)
  mindgarden/scripts/publish_garden.py:45:9 - error: Type of "require_string_list" is unknown (reportUnknownVariableType)
  mindgarden/scripts/publish_garden.py:46:9 - error: Type of "validate_repository" is unknown (reportUnknownVariableType)
  mindgarden/scripts/publish_garden.py:117:5 - error: Type of "observed" is partially unknown
    Type of "observed" is "list[str] | Unknown" (reportUnknownVariableType)
  mindgarden/scripts/publish_garden.py:120:12 - error: Return type, "list[str] | Unknown", is partially unknown (reportUnknownVariableType)
  mindgarden/scripts/publish_garden.py:135:5 - error: Type of "profile" is partially unknown
    Type of "profile" is "dict[str, str | bool | int | list[str]] | Unknown" (reportUnknownVariableType)
  mindgarden/scripts/publish_garden.py:138:12 - error: Argument type is partially unknown
    Argument corresponds to parameter "iterable" in function "__init__"
    Argument type is "dict[str, Any] | Unknown" (reportUnknownArgumentType)
  mindgarden/scripts/publish_garden.py:139:56 - error: Argument type is partially unknown
    Argument corresponds to parameter "iterable" in function "__init__"
    Argument type is "dict[str, Any] | Unknown" (reportUnknownArgumentType)
  mindgarden/scripts/publish_garden.py:140:28 - error: Argument type is partially unknown
    Argument corresponds to parameter "iterable" in function "__init__"
    Argument type is "dict[str, Any] | Unknown" (reportUnknownArgumentType)
  mindgarden/scripts/publish_garden.py:145:23 - error: Argument type is partially unknown
    Argument corresponds to parameter "metadata" in function "require_string"
    Argument type is "dict[str, Any] | Unknown" (reportUnknownArgumentType)
  mindgarden/scripts/publish_garden.py:147:5 - error: Type of "profile_id" is partially unknown
    Type of "profile_id" is "str | Unknown" (reportUnknownVariableType)
  mindgarden/scripts/publish_garden.py:147:33 - error: Argument type is partially unknown
    Argument corresponds to parameter "metadata" in function "require_string"
    Argument type is "dict[str, Any] | Unknown" (reportUnknownArgumentType)
  mindgarden/scripts/publish_garden.py:148:37 - error: Argument type is partially unknown
    Argument corresponds to parameter "string" in function "fullmatch"
    Argument type is "str | Unknown" (reportUnknownArgumentType)
  mindgarden/scripts/publish_garden.py:150:23 - error: Argument type is partially unknown
    Argument corresponds to parameter "metadata" in function "require_string"
    Argument type is "dict[str, Any] | Unknown" (reportUnknownArgumentType)
  mindgarden/scripts/publish_garden.py:152:23 - error: Argument type is partially unknown
    Argument corresponds to parameter "metadata" in function "require_string"
    Argument type is "dict[str, Any] | Unknown" (reportUnknownArgumentType)
  mindgarden/scripts/publish_garden.py:155:5 - error: Type of "repository_url" is partially unknown
    Type of "repository_url" is "str | Unknown" (reportUnknownVariableType)
  mindgarden/scripts/publish_garden.py:155:37 - error: Argument type is partially unknown
    Argument corresponds to parameter "metadata" in function "require_string"
    Argument type is "dict[str, Any] | Unknown" (reportUnknownArgumentType)
  mindgarden/scripts/publish_garden.py:156:34 - error: Argument type is partially unknown
    Argument corresponds to parameter "url" in function "urlsplit"
    Argument type is "str | Unknown" (reportUnknownArgumentType)
  mindgarden/scripts/publish_garden.py:163:20 - error: Argument type is partially unknown
    Argument corresponds to parameter "metadata" in function "require_string"
    Argument type is "dict[str, Any] | Unknown" (reportUnknownArgumentType)
  mindgarden/scripts/publish_garden.py:165:5 - error: Type of "base_url" is partially unknown
    Type of "base_url" is "str | Unknown" (reportUnknownVariableType)
  mindgarden/scripts/publish_garden.py:165:31 - error: Argument type is partially unknown
    Argument corresponds to parameter "metadata" in function "require_string"
    Argument type is "dict[str, Any] | Unknown" (reportUnknownArgumentType)
  mindgarden/scripts/publish_garden.py:166:29 - error: Type of "startswith" is partially unknown
    Type of "startswith" is "((prefix: str | tuple[str, ...], start: SupportsIndex | None = None, end: SupportsIndex | None = None, /) -> bool) | Unknown" (reportUnknownMemberType)
  mindgarden/scripts/publish_garden.py:166:57 - error: Type of "endswith" is partially unknown
    Type of "endswith" is "((suffix: str | tuple[str, ...], start: SupportsIndex | None = None, end: SupportsIndex | None = None, /) -> bool) | Unknown" (reportUnknownMemberType)
  mindgarden/scripts/publish_garden.py:168:5 - error: Type of "quartz_repository" is partially unknown
    Type of "quartz_repository" is "str | Unknown" (reportUnknownVariableType)
  mindgarden/scripts/publish_garden.py:168:40 - error: Argument type is partially unknown
    Argument corresponds to parameter "metadata" in function "require_string"
    Argument type is "dict[str, Any] | Unknown" (reportUnknownArgumentType)
  mindgarden/scripts/publish_garden.py:171:5 - error: Type of "quartz_commit" is partially unknown
    Type of "quartz_commit" is "str | Unknown" (reportUnknownVariableType)
  mindgarden/scripts/publish_garden.py:171:36 - error: Argument type is partially unknown
    Argument corresponds to parameter "metadata" in function "require_string"
    Argument type is "dict[str, Any] | Unknown" (reportUnknownArgumentType)
  mindgarden/scripts/publish_garden.py:172:33 - error: Argument type is partially unknown
    Argument corresponds to parameter "string" in function "fullmatch"
    Argument type is "str | Unknown" (reportUnknownArgumentType)
  mindgarden/scripts/publish_garden.py:175:5 - error: Type of "node_major" is partially unknown
    Type of "node_major" is "Any | Unknown | None" (reportUnknownVariableType)
  mindgarden/scripts/publish_garden.py:175:18 - error: Type of "get" is partially unknown
    Type of "get" is "Overload[(key: str, default: None = None, /) -> (Any | None), (key: str, default: Any, /) -> Any, (key: str, default: _T@get, /) -> (Any | _T@get)] | Unknown" (reportUnknownMemberType)
  mindgarden/scripts/publish_garden.py:182:31 - error: Argument type is partially unknown
    Argument corresponds to parameter "metadata" in function "require_exact_string_list"
    Argument type is "dict[str, Any] | Unknown" (reportUnknownArgumentType)
  mindgarden/scripts/publish_garden.py:183:31 - error: Argument type is partially unknown
    Argument corresponds to parameter "metadata" in function "require_exact_string_list"
    Argument type is "dict[str, Any] | Unknown" (reportUnknownArgumentType)
  mindgarden/scripts/publish_garden.py:186:5 - error: Type of "manifest" is partially unknown
    Type of "manifest" is "dict[str, str | bool | int | list[str]] | Unknown" (reportUnknownVariableType)
  mindgarden/scripts/publish_garden.py:187:23 - error: Argument type is partially unknown
    Argument corresponds to parameter "metadata" in function "require_string"
    Argument type is "dict[str, Any] | Unknown" (reportUnknownArgumentType)
  mindgarden/scripts/publish_garden.py:188:9 - error: Argument type is partially unknown
    Argument corresponds to parameter "metadata" in function "require_string"
    Argument type is "dict[str, Any] | Unknown" (reportUnknownArgumentType)
  mindgarden/scripts/publish_garden.py:191:23 - error: Argument type is partially unknown
    Argument corresponds to parameter "metadata" in function "require_string"
    Argument type is "dict[str, Any] | Unknown" (reportUnknownArgumentType)
  mindgarden/scripts/publish_garden.py:192:9 - error: Argument type is partially unknown
    Argument corresponds to parameter "metadata" in function "require_string"
    Argument type is "dict[str, Any] | Unknown" (reportUnknownArgumentType)
  mindgarden/scripts/publish_garden.py:196:12 - error: Return type, "tuple[Path, dict[str, Any] | Unknown]", is partially unknown (reportUnknownVariableType)
  mindgarden/scripts/publish_garden.py:449:5 - error: Type of "manifest" is partially unknown
    Type of "manifest" is "dict[str, str | bool | int | list[str]] | Unknown" (reportUnknownVariableType)
  mindgarden/scripts/publish_garden.py:450:5 - error: Type of "content_roots" is partially unknown
    Type of "content_roots" is "list[str] | Unknown" (reportUnknownVariableType)
  mindgarden/scripts/publish_garden.py:450:41 - error: Argument type is partially unknown
    Argument corresponds to parameter "metadata" in function "require_string_list"
    Argument type is "dict[str, str | bool | int | list[str]] | Unknown" (reportUnknownArgumentType)
  mindgarden/scripts/publish_garden.py:451:23 - error: Argument type is partially unknown
    Argument corresponds to parameter "args" in function "__init__"
    Argument type is "str | Unknown" (reportUnknownArgumentType)
  mindgarden/scripts/publish_garden.py:453:5 - error: Type of "all_source_files" is partially unknown
    Type of "all_source_files" is "list[Path] | Unknown" (reportUnknownVariableType)
  mindgarden/scripts/publish_garden.py:453:57 - error: Argument type is partially unknown
    Argument corresponds to parameter "content_roots" in function "discover_note_paths"
    Argument type is "list[str] | Unknown" (reportUnknownArgumentType)
  mindgarden/scripts/publish_garden.py:457:9 - error: Type of "source_file" is partially unknown
    Type of "source_file" is "Path | Unknown" (reportUnknownVariableType)
  mindgarden/scripts/publish_garden.py:458:12 - error: Type of "is_symlink" is partially unknown
    Type of "is_symlink" is "(() -> bool) | Unknown" (reportUnknownMemberType)
  mindgarden/scripts/publish_garden.py:458:44 - error: Type of "is_file" is partially unknown
    Type of "is_file" is "(() -> bool) | Unknown" (reportUnknownMemberType)
  mindgarden/scripts/publish_garden.py:460:9 - error: Type of "relative" is partially unknown
    Type of "relative" is "Path | Unknown" (reportUnknownVariableType)
  mindgarden/scripts/publish_garden.py:460:20 - error: Type of "relative_to" is partially unknown
    Type of "relative_to" is "Overload[(other: str | PathLike[str], /, *, walk_up: bool = False) -> Path, (other: str | PathLike[str], /, *_deprecated: str | PathLike[str], walk_up: bool = False) -> Path] | Unknown" (reportUnknownMemberType)
  mindgarden/scripts/publish_garden.py:461:23 - error: Argument type is partially unknown
    Argument corresponds to parameter "element" in function "add"
    Argument type is "Path | Unknown" (reportUnknownArgumentType)
  mindgarden/scripts/publish_garden.py:463:49 - error: Argument type is partially unknown
    Argument corresponds to parameter "path" in function "parse_note"
    Argument type is "Path | Unknown" (reportUnknownArgumentType)
  mindgarden/scripts/publish_garden.py:465:20 - error: Argument type is partially unknown
    Argument corresponds to parameter "iterable" in function "__init__"
    Argument type is "list[str] | Unknown" (reportUnknownArgumentType)
  mindgarden/scripts/publish_garden.py:466:24 - error: Argument type is partially unknown
    Argument corresponds to parameter "iterable" in function "__init__"
    Argument type is "list[str] | Unknown" (reportUnknownArgumentType)
  mindgarden/scripts/publish_garden.py:596:76 - error: Type of "error" is partially unknown
    Type of "error" is "Unknown | OSError | UnicodeError | JSONDecodeError" (reportUnknownVariableType)
mindgarden/scripts/quartz_site.py
  mindgarden/scripts/quartz_site.py:31:9 - error: Type of "DEFAULT_OUTPUT_PATH" is unknown (reportUnknownVariableType)
  mindgarden/scripts/quartz_site.py:32:9 - error: Type of "DEFAULT_PROFILE_PATH" is unknown (reportUnknownVariableType)
  mindgarden/scripts/quartz_site.py:33:9 - error: Type of "load_publish_profile" is unknown (reportUnknownVariableType)
  mindgarden/scripts/quartz_site.py:34:9 - error: Type of "project_garden" is unknown (reportUnknownVariableType)
  mindgarden/scripts/quartz_site.py:158:5 - error: Type of "resolved_profile" is partially unknown
    Type of "resolved_profile" is "Path | Unknown" (reportUnknownVariableType)
  mindgarden/scripts/quartz_site.py:158:23 - error: Type of "profile" is partially unknown
    Type of "profile" is "dict[str, Any] | Unknown" (reportUnknownVariableType)
  mindgarden/scripts/quartz_site.py:161:5 - error: Type of "expected_node_major" is partially unknown
    Type of "expected_node_major" is "Any | Unknown" (reportUnknownVariableType)
  mindgarden/scripts/quartz_site.py:175:33 - error: Argument type is partially unknown
    Argument corresponds to parameter "profile" in function "prepare_engine"
    Argument type is "dict[str, Any] | Unknown" (reportUnknownArgumentType)
  mindgarden/scripts/quartz_site.py:176:5 - error: Type of "configuration_path" is partially unknown
    Type of "configuration_path" is "Path | Unknown" (reportUnknownVariableType)
  mindgarden/scripts/quartz_site.py:176:26 - error: Type of "parent" is partially unknown
    Type of "parent" is "Path | Unknown" (reportUnknownMemberType)
  mindgarden/scripts/quartz_site.py:177:12 - error: Type of "is_file" is partially unknown
    Type of "is_file" is "(() -> bool) | Unknown" (reportUnknownMemberType)
  mindgarden/scripts/quartz_site.py:177:44 - error: Type of "is_symlink" is partially unknown
    Type of "is_symlink" is "(() -> bool) | Unknown" (reportUnknownMemberType)
  mindgarden/scripts/quartz_site.py:179:21 - error: Argument type is partially unknown
    Argument corresponds to parameter "src" in function "copyfile"
    Argument type is "Path | Unknown" (reportUnknownArgumentType)
  mindgarden/scripts/quartz_site.py:252:10 - error: Type of "error" is partially unknown
    Type of "error" is "Unknown | OSError | UnicodeError | JSONDecodeError | CalledProcessError" (reportUnknownVariableType)
mindgarden/scripts/validate_garden.py
  mindgarden/scripts/validate_garden.py:198:85 - error: Type of "item" is unknown (reportUnknownVariableType)
  mindgarden/scripts/validate_garden.py:202:12 - error: Argument type is partially unknown
    Argument corresponds to parameter "obj" in function "len"
    Argument type is "list[Unknown]" (reportUnknownArgumentType)
  mindgarden/scripts/validate_garden.py:202:26 - error: Argument type is partially unknown
    Argument corresponds to parameter "obj" in function "len"
    Argument type is "set[Unknown]" (reportUnknownArgumentType)
  mindgarden/scripts/validate_garden.py:202:30 - error: Argument type is partially unknown
    Argument corresponds to parameter "iterable" in function "__init__"
    Argument type is "list[Unknown]" (reportUnknownArgumentType)
  mindgarden/scripts/validate_garden.py:204:12 - error: Return type, "list[Unknown]", is partially unknown (reportUnknownVariableType)
  mindgarden/scripts/validate_garden.py:390:9 - error: Type of "observed_fields" is partially unknown
    Type of "observed_fields" is "set[Unknown]" (reportUnknownVariableType)
  mindgarden/scripts/validate_garden.py:390:31 - error: Argument type is partially unknown
    Argument corresponds to parameter "iterable" in function "__init__"
    Argument type is "dict[Unknown, Unknown]" (reportUnknownArgumentType)
  mindgarden/scripts/validate_garden.py:393:13 - error: Type of "unknown" is partially unknown
    Type of "unknown" is "list[Unknown]" (reportUnknownVariableType)
  mindgarden/scripts/validate_garden.py:393:30 - error: Argument type is partially unknown
    Argument corresponds to parameter "iterable" in function "sorted"
    Argument type is "set[Unknown]" (reportUnknownArgumentType)
  mindgarden/scripts/validate_garden.py:398:32 - error: Argument type is partially unknown
    Argument corresponds to parameter "record" in function "require_json_string"
    Argument type is "dict[Unknown, Unknown]" (reportUnknownArgumentType)
  mindgarden/scripts/validate_garden.py:400:41 - error: Argument type is partially unknown
    Argument corresponds to parameter "record" in function "require_json_string"
    Argument type is "dict[Unknown, Unknown]" (reportUnknownArgumentType)
  mindgarden/scripts/validate_garden.py:403:39 - error: Argument type is partially unknown
    Argument corresponds to parameter "record" in function "require_json_string"
    Argument type is "dict[Unknown, Unknown]" (reportUnknownArgumentType)
  mindgarden/scripts/validate_garden.py:410:46 - error: Argument type is partially unknown
    Argument corresponds to parameter "record" in function "require_json_string"
    Argument type is "dict[Unknown, Unknown]" (reportUnknownArgumentType)
  mindgarden/scripts/validate_garden.py:423:38 - error: Argument type is partially unknown
    Argument corresponds to parameter "record" in function "require_json_string"
    Argument type is "dict[Unknown, Unknown]" (reportUnknownArgumentType)
  mindgarden/scripts/validate_garden.py:427:29 - error: Argument type is partially unknown
    Argument corresponds to parameter "record" in function "require_json_string"
    Argument type is "dict[Unknown, Unknown]" (reportUnknownArgumentType)
  mindgarden/scripts/validate_garden.py:428:48 - error: Argument type is partially unknown
    Argument corresponds to parameter "record" in function "require_json_string"
    Argument type is "dict[Unknown, Unknown]" (reportUnknownArgumentType)
  mindgarden/scripts/validate_garden.py:430:42 - error: Argument type is partially unknown
    Argument corresponds to parameter "record" in function "require_json_string"
    Argument type is "dict[Unknown, Unknown]" (reportUnknownArgumentType)
  mindgarden/scripts/validate_garden.py:444:9 - error: Type of "transformations" is partially unknown
    Type of "transformations" is "Unknown | None" (reportUnknownVariableType)
  mindgarden/scripts/validate_garden.py:444:27 - error: Type of "get" is partially unknown
    Type of "get" is "Overload[(key: Unknown, default: None = None, /) -> (Unknown | None), (key: Unknown, default: Unknown, /) -> Unknown, (key: Unknown, default: _T@get, /) -> (Unknown | _T@get)]" (reportUnknownMemberType)
  mindgarden/scripts/validate_garden.py:448:62 - error: Type of "item" is unknown (reportUnknownVariableType)
  mindgarden/scripts/validate_garden.py:449:20 - error: Argument type is partially unknown
    Argument corresponds to parameter "obj" in function "len"
    Argument type is "list[Unknown]" (reportUnknownArgumentType)
  mindgarden/scripts/validate_garden.py:449:44 - error: Argument type is partially unknown
    Argument corresponds to parameter "obj" in function "len"
    Argument type is "set[Unknown]" (reportUnknownArgumentType)
  mindgarden/scripts/validate_garden.py:449:48 - error: Argument type is partially unknown
    Argument corresponds to parameter "iterable" in function "__init__"
    Argument type is "list[Unknown]" (reportUnknownArgumentType)
  mindgarden/scripts/validate_garden.py:452:32 - error: Argument type is partially unknown
    Argument corresponds to parameter "record" in function "require_json_string"
    Argument type is "dict[Unknown, Unknown]" (reportUnknownArgumentType)
  mindgarden/scripts/validate_garden.py:454:29 - error: Argument type is partially unknown
    Argument corresponds to parameter "record" in function "require_json_string"
    Argument type is "dict[Unknown, Unknown]" (reportUnknownArgumentType)
mindgarden/tests/test_garden_agent.py
  mindgarden/tests/test_garden_agent.py:22:6 - warning: Import "scripts.garden_agent" could not be resolved (reportMissingImports)
  mindgarden/tests/test_garden_agent.py:23:5 - error: Type of "build_index" is unknown (reportUnknownVariableType)
  mindgarden/tests/test_garden_agent.py:24:5 - error: Type of "canonical_json" is unknown (reportUnknownVariableType)
  mindgarden/tests/test_garden_agent.py:25:5 - error: Type of "load_context_pack" is unknown (reportUnknownVariableType)
  mindgarden/tests/test_garden_agent.py:26:5 - error: Type of "render_context_markdown" is unknown (reportUnknownVariableType)
  mindgarden/tests/test_garden_agent.py:27:5 - error: Type of "render_llms_txt" is unknown (reportUnknownVariableType)
  mindgarden/tests/test_garden_agent.py:28:5 - error: Type of "run_ingest" is unknown (reportUnknownVariableType)
  mindgarden/tests/test_garden_agent.py:29:5 - error: Type of "search_payload" is unknown (reportUnknownVariableType)
  mindgarden/tests/test_garden_agent.py:31:6 - warning: Import "scripts.validate_garden" could not be resolved (reportMissingImports)
  mindgarden/tests/test_garden_agent.py:31:37 - error: Type of "ContractError" is unknown (reportUnknownVariableType)
  mindgarden/tests/test_garden_agent.py:31:52 - error: Type of "validate_repository" is unknown (reportUnknownVariableType)
  mindgarden/tests/test_garden_agent.py:133:9 - error: Type of "index" is unknown (reportUnknownVariableType)
  mindgarden/tests/test_garden_agent.py:135:13 - error: Argument type is unknown
    Argument corresponds to parameter "data" in function "write_text" (reportUnknownArgumentType)
  mindgarden/tests/test_garden_agent.py:167:13 - error: Type of "first" is unknown (reportUnknownVariableType)
  mindgarden/tests/test_garden_agent.py:168:13 - error: Type of "second" is unknown (reportUnknownVariableType)
  mindgarden/tests/test_garden_agent.py:171:45 - error: Argument type is unknown
    Argument corresponds to parameter "container" in function "assertNotIn" (reportUnknownArgumentType)
  mindgarden/tests/test_garden_agent.py:172:41 - error: Argument type is unknown
    Argument corresponds to parameter "container" in function "assertNotIn" (reportUnknownArgumentType)
  mindgarden/tests/test_garden_agent.py:173:34 - error: Argument type is unknown
    Argument corresponds to parameter "s" in function "loads" (reportUnknownArgumentType)
  mindgarden/tests/test_garden_agent.py:195:13 - error: Type of "index" is unknown (reportUnknownVariableType)
  mindgarden/tests/test_garden_agent.py:197:13 - error: Type of "reviewed" is unknown (reportUnknownVariableType)
  mindgarden/tests/test_garden_agent.py:203:13 - error: Type of "all_results" is unknown (reportUnknownVariableType)
  mindgarden/tests/test_garden_agent.py:210:63 - error: Type of "item" is unknown (reportUnknownVariableType)
  mindgarden/tests/test_garden_agent.py:211:60 - error: Type of "item" is unknown (reportUnknownVariableType)
  mindgarden/tests/test_garden_agent.py:225:13 - error: Type of "index" is unknown (reportUnknownVariableType)
  mindgarden/tests/test_garden_agent.py:226:13 - error: Type of "_" is unknown (reportUnknownVariableType)
  mindgarden/tests/test_garden_agent.py:226:16 - error: Type of "profile" is unknown (reportUnknownVariableType)
  mindgarden/tests/test_garden_agent.py:227:13 - error: Type of "rendered" is unknown (reportUnknownVariableType)
  mindgarden/tests/test_garden_agent.py:229:38 - error: Argument type is unknown
    Argument corresponds to parameter "obj" in function "len" (reportUnknownArgumentType)
  mindgarden/tests/test_garden_agent.py:230:47 - error: Argument type is unknown
    Argument corresponds to parameter "container" in function "assertIn" (reportUnknownArgumentType)
  mindgarden/tests/test_garden_agent.py:231:38 - error: Argument type is unknown
    Argument corresponds to parameter "container" in function "assertIn" (reportUnknownArgumentType)
  mindgarden/tests/test_garden_agent.py:232:66 - error: Argument type is unknown
    Argument corresponds to parameter "container" in function "assertIn" (reportUnknownArgumentType)
  mindgarden/tests/test_garden_agent.py:266:40 - error: Argument type is unknown
    Argument corresponds to parameter "expected_exception" in function "assertRaisesRegex" (reportUnknownArgumentType)
  mindgarden/tests/test_garden_agent.py:285:41 - error: Argument type is unknown
    Argument corresponds to parameter "expected_exception" in function "assertRaisesRegex" (reportUnknownArgumentType)
  mindgarden/tests/test_garden_agent.py:304:36 - error: Argument type is unknown
    Argument corresponds to parameter "data" in function "write_text" (reportUnknownArgumentType)
  mindgarden/tests/test_garden_agent.py:306:41 - error: Argument type is unknown
    Argument corresponds to parameter "expected_exception" in function "assertRaisesRegex" (reportUnknownArgumentType)
  mindgarden/tests/test_garden_agent.py:312:13 - error: Type of "index" is unknown (reportUnknownVariableType)
mindgarden/tests/test_publish_garden.py
  mindgarden/tests/test_publish_garden.py:17:6 - warning: Import "scripts.publish_garden" could not be resolved (reportMissingImports)
  mindgarden/tests/test_publish_garden.py:18:5 - error: Type of "ContractError" is unknown (reportUnknownVariableType)
  mindgarden/tests/test_publish_garden.py:19:5 - error: Type of "project_garden" is unknown (reportUnknownVariableType)
  mindgarden/tests/test_publish_garden.py:20:5 - error: Type of "projection_digests" is unknown (reportUnknownVariableType)
  mindgarden/tests/test_publish_garden.py:21:5 - error: Type of "verify_projection" is unknown (reportUnknownVariableType)
  mindgarden/tests/test_publish_garden.py:157:13 - error: Type of "first_paths" is unknown (reportUnknownVariableType)
  mindgarden/tests/test_publish_garden.py:158:13 - error: Type of "second_paths" is unknown (reportUnknownVariableType)
  mindgarden/tests/test_publish_garden.py:163:18 - error: Type of "as_posix" is unknown (reportUnknownMemberType)
  mindgarden/tests/test_publish_garden.py:163:38 - error: Type of "path" is unknown (reportUnknownVariableType)
  mindgarden/tests/test_publish_garden.py:198:41 - error: Argument type is unknown
    Argument corresponds to parameter "expected_exception" in function "assertRaisesRegex" (reportUnknownArgumentType)
  mindgarden/tests/test_publish_garden.py:208:41 - error: Argument type is unknown
    Argument corresponds to parameter "expected_exception" in function "assertRaisesRegex" (reportUnknownArgumentType)
  mindgarden/tests/test_publish_garden.py:215:41 - error: Argument type is unknown
    Argument corresponds to parameter "expected_exception" in function "assertRaisesRegex" (reportUnknownArgumentType)
  mindgarden/tests/test_publish_garden.py:227:41 - error: Argument type is unknown
    Argument corresponds to parameter "expected_exception" in function "assertRaisesRegex" (reportUnknownArgumentType)
mindgarden/tests/test_validate_garden.py
  mindgarden/tests/test_validate_garden.py:18:6 - warning: Import "scripts.validate_garden" could not be resolved (reportMissingImports)
  mindgarden/tests/test_validate_garden.py:18:37 - error: Type of "ContractError" is unknown (reportUnknownVariableType)
  mindgarden/tests/test_validate_garden.py:18:52 - error: Type of "validate_repository" is unknown (reportUnknownVariableType)
  mindgarden/tests/test_validate_garden.py:117:41 - error: Argument type is unknown
    Argument corresponds to parameter "expected_exception" in function "assertRaisesRegex" (reportUnknownArgumentType)
  mindgarden/tests/test_validate_garden.py:127:41 - error: Argument type is unknown
    Argument corresponds to parameter "expected_exception" in function "assertRaisesRegex" (reportUnknownArgumentType)
  mindgarden/tests/test_validate_garden.py:137:41 - error: Argument type is unknown
    Argument corresponds to parameter "expected_exception" in function "assertRaisesRegex" (reportUnknownArgumentType)
  mindgarden/tests/test_validate_garden.py:147:41 - error: Argument type is unknown
    Argument corresponds to parameter "expected_exception" in function "assertRaisesRegex" (reportUnknownArgumentType)
  mindgarden/tests/test_validate_garden.py:157:41 - error: Argument type is unknown
    Argument corresponds to parameter "expected_exception" in function "assertRaisesRegex" (reportUnknownArgumentType)
  mindgarden/tests/test_validate_garden.py:168:41 - error: Argument type is unknown
    Argument corresponds to parameter "expected_exception" in function "assertRaisesRegex" (reportUnknownArgumentType)
tests/test_mindgarden_agent_integration.py
  tests/test_mindgarden_agent_integration.py:16:6 - warning: Import "scripts.garden_agent" could not be resolved (reportMissingImports)
  tests/test_mindgarden_agent_integration.py:17:5 - error: Type of "build_index" is unknown (reportUnknownVariableType)
  tests/test_mindgarden_agent_integration.py:18:5 - error: Type of "canonical_json" is unknown (reportUnknownVariableType)
  tests/test_mindgarden_agent_integration.py:19:5 - error: Type of "load_context_pack" is unknown (reportUnknownVariableType)
  tests/test_mindgarden_agent_integration.py:20:5 - error: Type of "render_context_markdown" is unknown (reportUnknownVariableType)
  tests/test_mindgarden_agent_integration.py:21:5 - error: Type of "render_llms_txt" is unknown (reportUnknownVariableType)
  tests/test_mindgarden_agent_integration.py:23:6 - warning: Import "scripts.validate_garden" could not be resolved (reportMissingImports)
  tests/test_mindgarden_agent_integration.py:23:37 - error: Type of "validate_repository" is unknown (reportUnknownVariableType)
  tests/test_mindgarden_agent_integration.py:29:9 - error: Type of "first" is unknown (reportUnknownVariableType)
  tests/test_mindgarden_agent_integration.py:30:9 - error: Type of "second" is unknown (reportUnknownVariableType)
  tests/test_mindgarden_agent_integration.py:33:28 - error: Argument type is unknown
    Argument corresponds to parameter "s" in function "loads" (reportUnknownArgumentType)
  tests/test_mindgarden_agent_integration.py:34:9 - error: Type of "expected_llms" is unknown (reportUnknownVariableType)
  tests/test_mindgarden_agent_integration.py:41:9 - error: Type of "index" is unknown (reportUnknownVariableType)
  tests/test_mindgarden_agent_integration.py:42:9 - error: Type of "_" is unknown (reportUnknownVariableType)
  tests/test_mindgarden_agent_integration.py:42:12 - error: Type of "profile" is unknown (reportUnknownVariableType)
  tests/test_mindgarden_agent_integration.py:43:9 - error: Type of "rendered" is unknown (reportUnknownVariableType)
  tests/test_mindgarden_agent_integration.py:45:34 - error: Argument type is unknown
    Argument corresponds to parameter "obj" in function "len" (reportUnknownArgumentType)
  tests/test_mindgarden_agent_integration.py:45:45 - error: Argument type is unknown
    Argument corresponds to parameter "b" in function "assertLessEqual" (reportUnknownArgumentType)
  tests/test_mindgarden_agent_integration.py:46:46 - error: Argument type is unknown
    Argument corresponds to parameter "container" in function "assertNotIn" (reportUnknownArgumentType)
  tests/test_mindgarden_agent_integration.py:47:43 - error: Argument type is unknown
    Argument corresponds to parameter "container" in function "assertIn" (reportUnknownArgumentType)
tests/test_mindgarden_publishing_integration.py
  tests/test_mindgarden_publishing_integration.py:19:6 - warning: Import "scripts.publish_garden" could not be resolved (reportMissingImports)
  tests/test_mindgarden_publishing_integration.py:19:36 - error: Type of "project_garden" is unknown (reportUnknownVariableType)
  tests/test_mindgarden_publishing_integration.py:19:52 - error: Type of "verify_projection" is unknown (reportUnknownVariableType)
  tests/test_mindgarden_publishing_integration.py:30:13 - error: Type of "paths" is unknown (reportUnknownVariableType)
  tests/test_mindgarden_publishing_integration.py:32:18 - error: Type of "as_posix" is unknown (reportUnknownMemberType)
  tests/test_mindgarden_publishing_integration.py:32:38 - error: Type of "path" is unknown (reportUnknownVariableType)
tests/test_repository_intelligence.py
  tests/test_repository_intelligence.py:59:13 - error: Type of "tree" is partially unknown
    Type of "tree" is "dict[str, str | list[Unknown]]" (reportUnknownVariableType)
tests/test_repository_intelligence_dashboard.py
  tests/test_repository_intelligence_dashboard.py:108:26 - error: "__getitem__" method not defined on type "object" (reportIndexIssue)
  tests/test_repository_intelligence_dashboard.py:109:26 - error: "__getitem__" method not defined on type "object" (reportIndexIssue)
  tests/test_repository_intelligence_dashboard.py:110:26 - error: "__getitem__" method not defined on type "object" (reportIndexIssue)
  tests/test_repository_intelligence_dashboard.py:111:26 - error: "__getitem__" method not defined on type "object" (reportIndexIssue)
  tests/test_repository_intelligence_dashboard.py:112:26 - error: "__getitem__" method not defined on type "object" (reportIndexIssue)
  tests/test_repository_intelligence_dashboard.py:113:26 - error: "__getitem__" method not defined on type "object" (reportIndexIssue)
  tests/test_repository_intelligence_dashboard.py:114:26 - error: "__getitem__" method not defined on type "object" (reportIndexIssue)
  tests/test_repository_intelligence_dashboard.py:119:26 - error: "__getitem__" method not defined on type "object" (reportIndexIssue)
  tests/test_repository_intelligence_dashboard.py:120:26 - error: "__getitem__" method not defined on type "object" (reportIndexIssue)
  tests/test_repository_intelligence_dashboard.py:121:26 - error: "__getitem__" method not defined on type "object" (reportIndexIssue)
  tests/test_repository_intelligence_dashboard.py:122:26 - error: "__getitem__" method not defined on type "object" (reportIndexIssue)
  tests/test_repository_intelligence_dashboard.py:132:9 - error: Type of "scorecard" is unknown (reportUnknownVariableType)
  tests/test_repository_intelligence_dashboard.py:132:21 - error: "__getitem__" method not defined on type "object" (reportIndexIssue)
  tests/test_repository_intelligence_dashboard.py:147:26 - error: "__getitem__" method not defined on type "object" (reportIndexIssue)
  tests/test_repository_intelligence_dashboard.py:188:26 - error: "__getitem__" method not defined on type "object" (reportIndexIssue)
  tests/test_repository_intelligence_dashboard.py:200:9 - error: Type of "metrics" is unknown (reportUnknownVariableType)
  tests/test_repository_intelligence_dashboard.py:200:19 - error: "__getitem__" method not defined on type "object" (reportIndexIssue)
742 errors, 10 warnings, 0 informations

