Results of vale linter (version 3.17.1)
See documentation on https://megalinter.io/10.0.0/descriptors/spell_vale/
-----------------------------------------------

❌ [ERROR] for workspace /github/workspace
Linter raw log:

 .audits/egolint/2026-08-11-complementary-toolchain-audit.md
 78:35  warning  'are declared' may be passive voice. Use active voice if you can.     write-good.Passive  
 81:20  warning  'being installed' may be passive voice. Use active voice if you can.  write-good.Passive  
 86:45  warning  'are allowed' may be passive voice. Use active voice if you can.      write-good.Passive  
 88:18  warning  'therefore' is too wordy.                                             write-good.TooWordy 


 .audits/egolint/2026-08-11-integration-audit.md
 17:78   warning  'is preserved' may be passive voice. Use active voice if you can.    write-good.Passive  
 19:8    warning  'was removed' may be passive voice. Use active voice if you can.     write-good.Passive  
 54:48   warning  'were resolved' may be passive voice. Use active voice if you can.   write-good.Passive  
 72:1    warning  'multiple' is too wordy.                                             write-good.TooWordy 
 75:1    warning  'It is' is too wordy.                                                write-good.TooWordy 
 80:18   warning  'were kept' may be passive voice. Use active voice if you can.       write-good.Passive  
 97:22   warning  'is derived' may be passive voice. Use active voice if you can.      write-good.Passive  
 102:19  warning  'were rebased' may be passive voice. Use active voice if you can.    write-good.Passive  
 108:72  warning  'are excluded' may be passive voice. Use active voice if you can.    write-good.Passive  
 113:53  warning  'were preserved' may be passive voice. Use active voice if you can.  write-good.Passive  
 114:57  warning  'were added' may be passive voice. Use active voice if you can.      write-good.Passive  
 119:6   warning  'were aligned' may be passive voice. Use active voice if you can.    write-good.Passive  
 124:35  warning  'is aligned' may be passive voice. Use active voice if you can.      write-good.Passive  
 149:45  warning  'is skipped' may be passive voice. Use active voice if you can.      write-good.Passive  
 153:14  warning  'were applied' may be passive voice. Use active voice if you can.    write-good.Passive  
 153:71  warning  'was removed' may be passive voice. Use active voice if you can.     write-good.Passive  
 190:44  warning  'were removed' may be passive voice. Use active voice if you can.    write-good.Passive  
 224:52  warning  'are covered' may be passive voice. Use active voice if you can.     write-good.Passive  
 236:61  warning  'are triaged' may be passive voice. Use active voice if you can.     write-good.Passive  
 250:61  warning  'Evaluate' is too wordy.                                             write-good.TooWordy 
 255:4   warning  'equivalent' is too wordy.                                           write-good.TooWordy 
 260:3   warning  'Evaluate' is too wordy.                                             write-good.TooWordy 
 277:37  warning  'equivalent' is too wordy.                                           write-good.TooWordy 


 .audits/egolint/2026-08-11-megalinter-v10-policy-audit.md
 13:41   warning  'is represented' may be passive voice. Use active voice if you can.  write-good.Passive  
 31:26   warning  'retain' is too wordy.                                               write-good.TooWordy 
 69:29   warning  'previously' is too wordy.                                           write-good.TooWordy 
 71:38   warning  'retain' is too wordy.                                               write-good.TooWordy 
 74:26   warning  'are configured' may be passive voice. Use active voice if you can.  write-good.Passive  
 75:28   warning  'are baselined' may be passive voice. Use active voice if you can.   write-good.Passive  
 89:73   warning  'are excluded' may be passive voice. Use active voice if you can.    write-good.Passive  
 90:15   warning  'aggregate' is too wordy.                                            write-good.TooWordy 
 90:53   warning  'are intended' may be passive voice. Use active voice if you can.    write-good.Passive  
 127:42  warning  'validate' is too wordy.                                             write-good.TooWordy 
 132:20  warning  'implement' is too wordy.                                            write-good.TooWordy 


 .audits/egolint/2026-08-11-reporting-and-dependency-audit.md
 20:57  warning  'retain' is too wordy.                                              write-good.TooWordy 
 21:52  warning  'are excluded' may be passive voice. Use active voice if you can.   write-good.Passive  
 36:47  warning  'was removed' may be passive voice. Use active voice if you can.    write-good.Passive  
 44:1   warning  'are limited' may be passive voice. Use active voice if you can.    write-good.Passive  
 44:53  warning  'minimum' is too wordy.                                             write-good.TooWordy 
 48:13  warning  'is ignored' may be passive voice. Use active voice if you can.     write-good.Passive  
 59:7   warning  'are preserved' may be passive voice. Use active voice if you can.  write-good.Passive  


 .audits/egolint/megalinter-remediation-checklist.md
 3:23     warning  'validate' is too wordy.                                            write-good.TooWordy 
 9:80     warning  'been resolved' may be passive voice. Use active voice if you can.  write-good.Passive  
 13:28    warning  'validate' is too wordy.                                            write-good.TooWordy 
 144:10   warning  'aggregate' is too wordy.                                           write-good.TooWordy 
 148:29   warning  'validate' is too wordy.                                            write-good.TooWordy 
 149:25   warning  'validate' is too wordy.                                            write-good.TooWordy 
 156:120  warning  'is resolved' may be passive voice. Use active voice if you can.    write-good.Passive  
 158:3    warning  'Aggregate' is too wordy.                                           write-good.TooWordy 


 .garden/README.md
 4:63   warning  'be viewed' may be passive voice. Use active voice if you can.       write-good.Passive 
 22:47  warning  'be committed' may be passive voice. Use active voice if you can.    write-good.Passive 
 43:55  warning  'are documented' may be passive voice. Use active voice if you can.  write-good.Passive 


 .garden/dashboard.md
 39:78  warning  'Methodology' is too wordy.                                        write-good.TooWordy 
 67:1   warning  'be installed' may be passive voice. Use active voice if you can.  write-good.Passive  
 68:24  warning  'are reviewed' may be passive voice. Use active voice if you can.  write-good.Passive  


 .garden/projects/README.md
 30:42  warning  'is documented' may be passive voice. Use active voice if you can.  write-good.Passive 


 .garden/projects/repository-intelligence-dashboard.md
 61:68  warning  'Overall' is too wordy.  write-good.TooWordy 


 .github/PULL_REQUEST_TEMPLATE.md
 26:25  warning  'is scoped' may be passive voice. Use active voice if you can.      write-good.Passive  
 29:56  warning  'are included' may be passive voice. Use active voice if you can.   write-good.Passive  
 35:17  warning  'were added' may be passive voice. Use active voice if you can.     write-good.Passive  
 36:22  warning  'was performed' may be passive voice. Use active voice if you can.  write-good.Passive  
 40:25  warning  'been updated' may be passive voice. Use active voice if you can.   write-good.Passive  
 41:22  warning  'were included' may be passive voice. Use active voice if you can.  write-good.Passive  
 42:50  warning  'were added' may be passive voice. Use active voice if you can.     write-good.Passive  
 48:26  warning  'was validated' may be passive voice. Use active voice if you can.  write-good.Passive  
 80:7   warning  'Additional' is too wordy.                                          write-good.TooWordy 


 .github/actions/README.md
 31:50  warning  'Aggregate' is too wordy.  write-good.TooWordy 
 48:1   warning  'multiple' is too wordy.   write-good.TooWordy 


 .github/actions/generate-repository-intelligence-dashboard/README.md
 36:68  warning  'It is' is too wordy.                                               write-good.TooWordy 
 45:13  warning  'is derived' may be passive voice. Use active voice if you can.     write-good.Passive  
 48:7   warning  'aggregate' is too wordy.                                           write-good.TooWordy 
 75:41  warning  'is introduced' may be passive voice. Use active voice if you can.  write-good.Passive  
 90:10  warning  'is validated' may be passive voice. Use active voice if you can.   write-good.Passive  
 91:48  warning  'maximum' is too wordy.                                             write-good.TooWordy 
 91:67  warning  'maximum' is too wordy.                                             write-good.TooWordy 


 .github/actions/generate-repository-intelligence/README.md
 14:16  warning  'are pinned' may be passive voice. Use active voice if you can.    write-good.Passive 
 16:49  warning  'are resolved' may be passive voice. Use active voice if you can.  write-good.Passive 
 20:7   warning  'are excluded' may be passive voice. Use active voice if you can.  write-good.Passive 
 44:24  warning  'is enabled' may be passive voice. Use active voice if you can.    write-good.Passive 


 .github/actions/normalize-repository-report/README.md
 7:14    warning  'is defined' may be passive voice. Use active voice if you can.   write-good.Passive  
 31:97   warning  'aggregate' is too wordy.                                         write-good.TooWordy 
 31:107  warning  'is invented' may be passive voice. Use active voice if you can.  write-good.Passive  
 33:15   warning  'aggregate' is too wordy.                                         write-good.TooWordy 
 33:25   warning  'is accepted' may be passive voice. Use active voice if you can.  write-good.Passive  


 .github/copilot-instructions.md
 10:3   warning  'prioritize' is too wordy.  write-good.TooWordy 
 65:3   warning  'additional' is too wordy.  write-good.TooWordy 
 151:1  warning  'Prioritize' is too wordy.  write-good.TooWordy 


 .github/security/dependabot-dismissals.md
 4:29    warning  'It is' is too wordy.                                               write-good.TooWordy 
 5:24    warning  'is managed' may be passive voice. Use active voice if you can.     write-good.Passive  
 6:1     warning  'equivalent' is too wordy.                                          write-good.TooWordy 
 12:361  warning  'is removed' may be passive voice. Use active voice if you can.     write-good.Passive  
 13:287  warning  'is removed' may be passive voice. Use active voice if you can.     write-good.Passive  
 17:75   warning  'be remediated' may be passive voice. Use active voice if you can.  write-good.Passive  


 .identity/brief.md
 5:72   warning  'be built' may be passive voice. Use active voice if you can.  write-good.Passive 
 58:61  warning  'is read' may be passive voice. Use active voice if you can.   write-good.Passive 


 .identity/candidates/README.md
 3:39  warning  'be staged' may be passive voice. Use active voice if you can.     write-good.Passive  
 7:55  warning  'it is' is too wordy.                                              write-good.TooWordy 
 7:58  warning  'is committed' may be passive voice. Use active voice if you can.  write-good.Passive  


 .identity/sources/README.md
 6:72  warning  'are reviewed' may be passive voice. Use active voice if you can.  write-good.Passive 
 8:35  warning  'be promoted' may be passive voice. Use active voice if you can.   write-good.Passive 


 .obsidian/README.md
 17:37  warning  'it is' is too wordy.                                              write-good.TooWordy 
 29:21  warning  'is required' may be passive voice. Use active voice if you can.   write-good.Passive  
 39:63  warning  'was archived' may be passive voice. Use active voice if you can.  write-good.Passive  


 AI_CONSTITUTION.md
 30:66   warning  'validate' is too wordy.                                               write-good.TooWordy 
 31:23   warning  'It is' is too wordy.                                                  write-good.TooWordy 
 35:49   warning  'authorize' is too wordy.                                              write-good.TooWordy 
 36:11   warning  'are surfaced' may be passive voice. Use active voice if you can.      write-good.Passive  
 40:8    warning  'retain' is too wordy.                                                 write-good.TooWordy 
 57:42   warning  'retain' is too wordy.                                                 write-good.TooWordy 
 68:13   warning  'is bounded' may be passive voice. Use active voice if you can.        write-good.Passive  
 77:13   warning  'minimum' is too wordy.                                                write-good.TooWordy 
 87:163  warning  'is requested' may be passive voice. Use active voice if you can.      write-good.Passive  
 88:156  warning  'clearly' is a weasel word!                                            write-good.Weasel   
 92:6    warning  'is determined' may be passive voice. Use active voice if you can.     write-good.Passive  
 98:57   warning  'is distinguished' may be passive voice. Use active voice if you can.  write-good.Passive  
 102:44  warning  'sufficient' is too wordy.                                             write-good.TooWordy 
 109:89  warning  'requirement' is too wordy.                                            write-good.TooWordy 
 111:84  warning  'obtain' is too wordy.                                                 write-good.TooWordy 
 121:98  warning  'be used' may be passive voice. Use active voice if you can.           write-good.Passive  
 133:70  warning  'be satisfied' may be passive voice. Use active voice if you can.      write-good.Passive  


 ARCHITECTURE.md
 51:69   warning  'be colocated' may be passive voice. Use active voice if you can.     write-good.Passive  
 80:12   warning  'validate' is too wordy.                                              write-good.TooWordy 
 87:47   warning  'implement' is too wordy.                                             write-good.TooWordy 
 87:60   warning  'evaluate' is too wordy.                                              write-good.TooWordy 
 92:17   warning  'is derived' may be passive voice. Use active voice if you can.       write-good.Passive  
 113:22  warning  'is allowed' may be passive voice. Use active voice if you can.       write-good.Passive  
 135:27  warning  'is read' may be passive voice. Use active voice if you can.          write-good.Passive  
 140:27  warning  'is preferred' may be passive voice. Use active voice if you can.     write-good.Passive  
 140:74  warning  'are declared' may be passive voice. Use active voice if you can.     write-good.Passive  
 141:48  warning  'be reclassified' may be passive voice. Use active voice if you can.  write-good.Passive  
 163:31  warning  'been adapted' may be passive voice. Use active voice if you can.     write-good.Passive  


 DECISIONS.md
 34:57   warning  'evidenced' is too wordy.                                            write-good.TooWordy 
 35:35   warning  'be established' may be passive voice. Use active voice if you can.  write-good.Passive  
 98:10   warning  'is stated' may be passive voice. Use active voice if you can.       write-good.Passive  
 99:91   warning  'being defined' may be passive voice. Use active voice if you can.   write-good.Passive  
 143:14  warning  'is documented' may be passive voice. Use active voice if you can.   write-good.Passive  
 158:24  warning  'are integrated' may be passive voice. Use active voice if you can.  write-good.Passive  
 266:17  warning  'is documented' may be passive voice. Use active voice if you can.   write-good.Passive  
 292:77  warning  'requirement' is too wordy.                                          write-good.TooWordy 
 292:89  warning  'is proposed' may be passive voice. Use active voice if you can.     write-good.Passive  
 301:54  warning  'are uploaded' may be passive voice. Use active voice if you can.    write-good.Passive  
 319:83  warning  'is centralized' may be passive voice. Use active voice if you can.  write-good.Passive  
 331:34  warning  'sufficient' is too wordy.                                           write-good.TooWordy 
 331:56  warning  'were found' may be passive voice. Use active voice if you can.      write-good.Passive  
 337:25  warning  'is relocated' may be passive voice. Use active voice if you can.    write-good.Passive  


 DESIGN.md
 51:1    warning  'objective' is too wordy.                                            write-good.TooWordy 
 66:45   warning  'validate' is too wordy.                                             write-good.TooWordy 
 70:24   warning  'is preferred' may be passive voice. Use active voice if you can.    write-good.Passive  
 77:88   warning  'is known' may be passive voice. Use active voice if you can.        write-good.Passive  
 87:84   warning  'sufficient' is too wordy.                                           write-good.TooWordy 
 103:19  warning  'minimize' is too wordy.                                             write-good.TooWordy 
 107:66  warning  'be organized' may be passive voice. Use active voice if you can.    write-good.Passive  
 155:85  warning  'been completed' may be passive voice. Use active voice if you can.  write-good.Passive  
 159:45  warning  'be required' may be passive voice. Use active voice if you can.     write-good.Passive  
 160:30  warning  'be tested' may be passive voice. Use active voice if you can.       write-good.Passive  


 DESIGN_SYSTEM.md
 31:87   warning  'be derived' may be passive voice. Use active voice if you can.      write-good.Passive  
 53:89   warning  'clearly' is a weasel word!                                          write-good.Weasel   
 58:31   warning  'is needed' may be passive voice. Use active voice if you can.       write-good.Passive  
 108:82  warning  'equivalent' is too wordy.                                           write-good.TooWordy 
 109:75  warning  'equivalent' is too wordy.                                           write-good.TooWordy 
 141:69  warning  'it is' is too wordy.                                                write-good.TooWordy 
 159:3   warning  'Sufficient' is too wordy.                                           write-good.TooWordy 
 172:85  warning  'equivalent' is too wordy.                                           write-good.TooWordy 
 181:26  warning  'equivalent' is too wordy.                                           write-good.TooWordy 
 187:58  warning  'requirement' is too wordy.                                          write-good.TooWordy 
 194:21  warning  'retain' is too wordy.                                               write-good.TooWordy 
 217:52  warning  'be validated' may be passive voice. Use active voice if you can.    write-good.Passive  
 223:53  warning  'are addressed' may be passive voice. Use active voice if you can.   write-good.Passive  
 225:52  warning  'are identified' may be passive voice. Use active voice if you can.  write-good.Passive  


 EPISTEMOLOGY.md
 33:56   warning  'be accepted' may be passive voice. Use active voice if you can.   write-good.Passive  
 46:16   warning  'Previously' is too wordy.                                         write-good.TooWordy 
 53:10   warning  'is evaluated' may be passive voice. Use active voice if you can.  write-good.Passive  
 81:24   warning  'is labeled' may be passive voice. Use active voice if you can.    write-good.Passive  
 81:36   warning  'it is' is too wordy.                                              write-good.TooWordy 
 88:59   warning  'it is' is too wordy.                                              write-good.TooWordy 
 92:12   warning  'is scoped' may be passive voice. Use active voice if you can.     write-good.Passive  
 92:34   warning  'It is' is too wordy.                                              write-good.TooWordy 
 105:4   warning  'retain' is too wordy.                                             write-good.TooWordy 
 128:59  warning  'it was' is too wordy.                                             write-good.TooWordy 
 132:41  warning  'is observed' may be passive voice. Use active voice if you can.   write-good.Passive  
 134:38  warning  'is proposed' may be passive voice. Use active voice if you can.   write-good.Passive  
 137:21  warning  'be described' may be passive voice. Use active voice if you can.  write-good.Passive  
 138:31  warning  'be observed' may be passive voice. Use active voice if you can.   write-good.Passive  


 FOUNDATIONS.md
 34:60   warning  'therefore' is too wordy.                                           write-good.TooWordy 
 42:15   warning  'Retain' is too wordy.                                              write-good.TooWordy 
 56:75   warning  'acquire' is too wordy.                                             write-good.TooWordy 
 72:13   warning  'retain' is too wordy.                                              write-good.TooWordy 
 92:20   warning  'is namespaced' may be passive voice. Use active voice if you can.  write-good.Passive  
 104:21  warning  'Validate' is too wordy.                                            write-good.TooWordy 
 116:95  warning  'be copied' may be passive voice. Use active voice if you can.      write-good.Passive  
 123:84  warning  'demonstrate' is too wordy.                                         write-good.TooWordy 
 135:25  warning  'be enforced' may be passive voice. Use active voice if you can.    write-good.Passive  
 136:15  warning  'minimum' is too wordy.                                             write-good.TooWordy 
 144:53  warning  'be evaluated' may be passive voice. Use active voice if you can.   write-good.Passive  


 LICENSES/BSD-3-Clause.txt
 7:15   warning  'are permitted' may be passive voice. Use active voice if you can.   write-good.Passive  
 7:29   warning  'provided that' is too wordy.                                        write-good.TooWordy 
 7:68   warning  'are met' may be passive voice. Use active voice if you can.         write-good.Passive  
 9:40   warning  'retain' is too wordy.                                               write-good.TooWordy 
 17:21  warning  'be used' may be passive voice. Use active voice if you can.         write-good.Passive  
 20:15  warning  'IS PROVIDED' may be passive voice. Use active voice if you can.     write-good.Passive  
 22:76  warning  'ARE DISCLAIMED' may be passive voice. Use active voice if you can.  write-good.Passive  
 23:25  warning  'SHALL' is too wordy.                                                write-good.TooWordy 
 26:68  warning  'HOWEVER' is too wordy.                                              write-good.TooWordy 


 LICENSES/MIT.txt
 8:15   warning  'modify' is too wordy.                                             write-good.TooWordy 
 9:68   warning  'is furnished' may be passive voice. Use active voice if you can.  write-good.Passive  
 12:55  warning  'shall' is too wordy.                                              write-good.TooWordy 
 12:61  warning  'be included' may be passive voice. Use active voice if you can.   write-good.Passive  
 13:11  warning  'substantial' is too wordy.                                        write-good.TooWordy 
 15:14  warning  'IS PROVIDED' may be passive voice. Use active voice if you can.   write-good.Passive  
 17:67  warning  'SHALL' is too wordy.                                              write-good.TooWordy 


 MANIFESTO.md
 29:56  warning  'It is' is too wordy.                                             write-good.TooWordy 
 40:60  warning  'it is' is too wordy.                                             write-good.TooWordy 
 47:61  warning  'is finished' may be passive voice. Use active voice if you can.  write-good.Passive  
 85:13  warning  'are asked' may be passive voice. Use active voice if you can.    write-good.Passive  
 90:97  warning  'It is' is too wordy.                                             write-good.TooWordy 


 META.md
 142:22  warning  'was authored' may be passive voice. Use active voice if you can.  write-good.Passive  
 149:15  warning  'methodology' is too wordy.                                        write-good.TooWordy 
 175:23  warning  'Minimum' is too wordy.                                            write-good.TooWordy 
 178:75  warning  'methodology' is too wordy.                                        write-good.TooWordy 
 182:45  warning  'methodology' is too wordy.                                        write-good.TooWordy 
 183:37  warning  'methodology' is too wordy.                                        write-good.TooWordy 
 192:3   error    Don't start a sentence with 'There is'.                            write-good.ThereIs  
 193:3   error    Don't start a sentence with 'There is'.                            write-good.ThereIs  
 194:22  warning  'are omitted' may be passive voice. Use active voice if you can.   write-good.Passive  
 195:86  warning  'are omitted' may be passive voice. Use active voice if you can.   write-good.Passive  
 205:62  warning  'be consumed' may be passive voice. Use active voice if you can.   write-good.Passive  
 214:41  warning  'is checked' may be passive voice. Use active voice if you can.    write-good.Passive  


 METHODOLOGY.md
 4:16    warning  'Methodology' is too wordy.                                       write-good.TooWordy 
 26:11   warning  'Methodology' is too wordy.                                       write-good.TooWordy 
 32:40   warning  'Implement' is too wordy.                                         write-good.TooWordy 
 32:52   warning  'Validate' is too wordy.                                          write-good.TooWordy 
 35:11   warning  'It is' is too wordy.                                             write-good.TooWordy 
 63:5    warning  'Implement' is too wordy.                                         write-good.TooWordy 
 69:5    warning  'Validate' is too wordy.                                          write-good.TooWordy 
 97:87   warning  'methodology' is too wordy.                                       write-good.TooWordy 
 115:65  warning  'expiration' is too wordy.                                        write-good.TooWordy 
 119:12  warning  'is layered' may be passive voice. Use active voice if you can.   write-good.Passive  
 144:25  warning  'accelerate' is too wordy.                                        write-good.TooWordy 
 162:8   warning  'methodology' is too wordy.                                       write-good.TooWordy 
 164:15  warning  'authorize' is too wordy.                                         write-good.TooWordy 
 181:9   warning  'methodology' is too wordy.                                       write-good.TooWordy 
 182:27  warning  'is required' may be passive voice. Use active voice if you can.  write-good.Passive  
 189:7   warning  'methodology' is too wordy.                                       write-good.TooWordy 


 ONTOLOGY.md
 37:68   warning  'it is' is too wordy.                                               write-good.TooWordy 
 38:73   warning  'retain' is too wordy.                                              write-good.TooWordy 
 44:30   warning  'equivalent' is too wordy.                                          write-good.TooWordy 
 52:178  warning  'is operated' may be passive voice. Use active voice if you can.    write-good.Passive  
 53:238  warning  'be realized' may be passive voice. Use active voice if you can.    write-good.Passive  
 54:65   warning  'minimum' is too wordy.                                             write-good.TooWordy 
 57:89   warning  'multiple' is too wordy.                                            write-good.TooWordy 
 65:149  warning  'be derived' may be passive voice. Use active voice if you can.     write-good.Passive  
 69:91   warning  'is classified' may be passive voice. Use active voice if you can.  write-good.Passive  
 79:107  warning  'evaluate' is too wordy.                                            write-good.TooWordy 
 114:44  warning  'minimum' is too wordy.                                             write-good.TooWordy 
 137:66  warning  'is copied' may be passive voice. Use active voice if you can.      write-good.Passive  
 156:81  warning  'be described' may be passive voice. Use active voice if you can.   write-good.Passive  
 158:1   warning  'is generated' may be passive voice. Use active voice if you can.   write-good.Passive  
 158:18  warning  'is replaced' may be passive voice. Use active voice if you can.    write-good.Passive  


 PERSONAL_MODEL.md
 31:79   warning  'nevertheless' is too wordy.                                         write-good.TooWordy 
 34:45   warning  'assistance' is too wordy.                                           write-good.TooWordy 
 39:19   warning  'several' is a weasel word!                                          write-good.Weasel   
 69:25   warning  'objective' is too wordy.                                            write-good.TooWordy 
 84:19   warning  'is interpreted' may be passive voice. Use active voice if you can.  write-good.Passive  
 108:9   warning  'is informed' may be passive voice. Use active voice if you can.     write-good.Passive  
 118:33  warning  'minimize' is too wordy.                                             write-good.TooWordy 
 122:68  warning  'requirement' is too wordy.                                          write-good.TooWordy 
 126:3   warning  'retain' is too wordy.                                               write-good.TooWordy 


 PILLARS.md
 34:48   warning  'participate' is too wordy.                                       write-good.TooWordy 
 77:41   warning  'are read' may be passive voice. Use active voice if you can.     write-good.Passive  
 111:29  warning  'be gathered' may be passive voice. Use active voice if you can.  write-good.Passive  


 PRINCIPLES.md
 42:67   warning  'additional' is too wordy.                                           write-good.TooWordy 
 46:39   warning  'be reported' may be passive voice. Use active voice if you can.     write-good.Passive  
 76:86   warning  'exclusively' is too wordy.                                          write-good.TooWordy 
 81:36   warning  'is preferred' may be passive voice. Use active voice if you can.    write-good.Passive  
 88:43   warning  'acquire' is too wordy.                                              write-good.TooWordy 
 114:81  warning  'expiration' is too wordy.                                           write-good.TooWordy 
 119:8   warning  'minimum' is too wordy.                                              write-good.TooWordy 
 119:25  warning  'is required' may be passive voice. Use active voice if you can.     write-good.Passive  
 121:32  warning  'be represented' may be passive voice. Use active voice if you can.  write-good.Passive  


 PURPOSE.md
 33:61  warning  'is duplicated' may be passive voice. Use active voice if you can.    write-good.Passive  
 37:13  warning  'validate' is too wordy.                                              write-good.TooWordy 
 37:53  warning  'are distributed' may be passive voice. Use active voice if you can.  write-good.Passive  
 46:85  warning  'objective' is too wordy.                                             write-good.TooWordy 
 84:42  warning  'been accepted' may be passive voice. Use active voice if you can.    write-good.Passive  


 README.md
 8:53    warning  'are extracted' may be passive voice. Use active voice if you can.  write-good.Passive  
 41:18   warning  'are preserved' may be passive voice. Use active voice if you can.  write-good.Passive  
 75:58   warning  'be authored' may be passive voice. Use active voice if you can.    write-good.Passive  
 103:34  warning  'validate' is too wordy.                                            write-good.TooWordy 
 108:65  warning  'is preserved' may be passive voice. Use active voice if you can.   write-good.Passive  
 109:29  warning  'be treated' may be passive voice. Use active voice if you can.     write-good.Passive  


 ROADMAP.md
 29:25   warning  'substantial' is too wordy.                                        write-good.TooWordy 
 35:73   warning  'are accepted' may be passive voice. Use active voice if you can.  write-good.Passive  
 41:16   warning  'validate' is too wordy.                                           write-good.TooWordy 
 47:22   warning  'is evaluated' may be passive voice. Use active voice if you can.  write-good.Passive  
 70:55   warning  'is supported' may be passive voice. Use active voice if you can.  write-good.Passive  
 88:3    warning  'Validate' is too wordy.                                           write-good.TooWordy 
 136:5   warning  'Validate' is too wordy.                                           write-good.TooWordy 
 180:34  warning  'sufficient' is too wordy.                                         write-good.TooWordy 
 188:8   warning  'minimum' is too wordy.                                            write-good.TooWordy 


 SYSTEM.md
 45:23    warning  'several' is a weasel word!                                          write-good.Weasel   
 84:28    warning  'be interpreted' may be passive voice. Use active voice if you can.  write-good.Passive  
 124:61   warning  'are resolved' may be passive voice. Use active voice if you can.    write-good.Passive  
 143:103  warning  'validate' is too wordy.                                             write-good.TooWordy 
 147:115  warning  'validate' is too wordy.                                             write-good.TooWordy 
 205:53   warning  'be mistaken' may be passive voice. Use active voice if you can.     write-good.Passive  
 209:24   warning  'is derived' may be passive voice. Use active voice if you can.      write-good.Passive  
 210:14   warning  'several' is a weasel word!                                          write-good.Weasel   


 VISION.md
 43:65   warning  'are integrated' may be passive voice. Use active voice if you can.  write-good.Passive  
 46:10   warning  'retain' is too wordy.                                               write-good.TooWordy 
 55:18   warning  'validate' is too wordy.                                             write-good.TooWordy 
 63:35   warning  'be reproduced' may be passive voice. Use active voice if you can.   write-good.Passive  
 87:34   warning  'benefit from' is too wordy.                                         write-good.TooWordy 
 87:56   warning  'minimum' is too wordy.                                              write-good.TooWordy 
 96:22   warning  'demonstrate' is too wordy.                                          write-good.TooWordy 
 97:34   warning  'be generated' may be passive voice. Use active voice if you can.    write-good.Passive  
 105:27  warning  'evaluate' is too wordy.                                             write-good.TooWordy 


 beacon/ARCHITECTURE.md
 8:1   warning  'multiple' is too wordy.  write-good.TooWordy 
 71:3  warning  'validate' is too wordy.  write-good.TooWordy 


 beacon/CLI.md
 68:24  warning  'be added' may be passive voice. Use active voice if you can.   write-good.Passive 
 68:69  warning  'is proven' may be passive voice. Use active voice if you can.  write-good.Passive 


 beacon/EXTRACTION.md
 25:27  warning  'validate' is too wordy.  write-good.TooWordy 


 beacon/PROVENANCE.md
 5:52   warning  'is extracted' may be passive voice. Use active voice if you can.   write-good.Passive  
 20:9   warning  'was preserved' may be passive voice. Use active voice if you can.  write-good.Passive  
 36:14  warning  'is owned' may be passive voice. Use active voice if you can.       write-good.Passive  
 37:35  warning  'is treated' may be passive voice. Use active voice if you can.     write-good.Passive  
 38:11  warning  'requirement' is too wordy.                                         write-good.TooWordy 


 beacon/README.md
 8:58   warning  'validate' is too wordy.                                           write-good.TooWordy 
 19:24  warning  'is described' may be passive voice. Use active voice if you can.  write-good.Passive  
 36:43  warning  'assistance' is too wordy.                                         write-good.TooWordy 
 37:1   warning  'additional' is too wordy.                                         write-good.TooWordy 


 beacon/templates/research-paper/README.md
 3:52  warning  'It is' is too wordy.                                               write-good.TooWordy 
 3:55  warning  'is derived' may be passive voice. Use active voice if you can.     write-good.Passive  
 5:40  warning  'is introduced' may be passive voice. Use active voice if you can.  write-good.Passive  


 beacon/templates/research-paper/example/paper.md
 5:38  warning  'validate' is too wordy.  write-good.TooWordy 


 egolint/.agents/agents/AGENT-CONTRACT.md
 4:47    warning  'It is' is too wordy.                                              write-good.TooWordy 
 14:29   warning  'is defined' may be passive voice. Use active voice if you can.    write-good.Passive  
 29:14   warning  'is stripped' may be passive voice. Use active voice if you can.   write-good.Passive  
 46:48   warning  'be omitted' may be passive voice. Use active voice if you can.    write-good.Passive  
 50:53   warning  'be isolated' may be passive voice. Use active voice if you can.   write-good.Passive  
 57:29   warning  'is stripped' may be passive voice. Use active voice if you can.   write-good.Passive  
 91:12   warning  'is performed' may be passive voice. Use active voice if you can.  write-good.Passive  
 93:26   warning  'is removed' may be passive voice. Use active voice if you can.    write-good.Passive  
 94:32   warning  'is removed' may be passive voice. Use active voice if you can.    write-good.Passive  
 106:28  warning  'be published' may be passive voice. Use active voice if you can.  write-good.Passive  
 122:9   warning  'is permitted' may be passive voice. Use active voice if you can.  write-good.Passive  
 123:35  warning  'be embedded' may be passive voice. Use active voice if you can.   write-good.Passive  


 egolint/.agents/agents/architect/AGENT.md
 42:4   warning  'Validate' is too wordy.                                      write-good.TooWordy 
 46:10  warning  'implement' is too wordy.                                     write-good.TooWordy 
 48:37  warning  'multiple' is too wordy.                                      write-good.TooWordy 
 51:63  warning  'is read' may be passive voice. Use active voice if you can.  write-good.Passive  


 egolint/.agents/agents/arxiv-publisher/AGENT.md
 37:4  warning  'Validate' is too wordy.  write-good.TooWordy 
 39:4  warning  'Validate' is too wordy.  write-good.TooWordy 


 egolint/.agents/agents/auditor/AGENT.md
 38:4   warning  'Validate' is too wordy.                                          write-good.TooWordy 
 38:62  warning  'was changed' may be passive voice. Use active voice if you can.  write-good.Passive  
 42:3   warning  'Modify' is too wordy.                                            write-good.TooWordy 


 egolint/.agents/agents/bug-fix-teammate/AGENT.md
 26:29  warning  'completely' is a weasel word!                                        write-good.Weasel   
 38:4   warning  'Implement' is too wordy.                                             write-good.TooWordy 
 45:27  warning  'is supplied' may be passive voice. Use active voice if you can.      write-good.Passive  
 48:62  warning  'being corrected' may be passive voice. Use active voice if you can.  write-good.Passive  
 49:28  warning  'several' is a weasel word!                                           write-good.Weasel   


 egolint/.agents/agents/cleanup-specialist/AGENT.md
 51:16  warning  'was cleaned' may be passive voice. Use active voice if you can.   write-good.Passive 
 51:42  warning  'is preserved' may be passive voice. Use active voice if you can.  write-good.Passive 


 egolint/.agents/agents/github-issue-creator/AGENT.md
 25:177  warning  'implement' is too wordy.                                          write-good.TooWordy 
 48:24   warning  'are excluded' may be passive voice. Use active voice if you can.  write-good.Passive  
 48:54   warning  'is read' may be passive voice. Use active voice if you can.       write-good.Passive  


 egolint/.agents/agents/implementation-planner/AGENT.md
 40:4   warning  'Validate' is too wordy.                                           write-good.TooWordy 
 40:24  warning  'requirement' is too wordy.                                        write-good.TooWordy 
 40:36  warning  'is covered' may be passive voice. Use active voice if you can.    write-good.Passive  
 47:68  warning  'be validated' may be passive voice. Use active voice if you can.  write-good.Passive  
 49:13  warning  'is excluded' may be passive voice. Use active voice if you can.   write-good.Passive  


 egolint/.agents/agents/specfile-creator/AGENT.md
 36:43  warning  'sufficient' is too wordy.                                        write-good.TooWordy 
 46:17  warning  'multiple' is too wordy.                                          write-good.TooWordy 
 48:13  warning  'is excluded' may be passive voice. Use active voice if you can.  write-good.Passive  
 48:41  warning  'is read' may be passive voice. Use active voice if you can.      write-good.Passive  


 egolint/.agents/agents/test-specialist/AGENT.md
 36:47  warning  'sufficient' is too wordy.  write-good.TooWordy 
 45:64  warning  'sufficient' is too wordy.  write-good.TooWordy 


 egolint/.agents/skills/SKILL-CONTRACT.md
 4:47   warning  'It is' is too wordy.                                           write-good.TooWordy 
 32:59  warning  'be loaded' may be passive voice. Use active voice if you can.  write-good.Passive  


 egolint/.agents/skills/architecture/architecture-authoring/SKILL.md
 33:13   warning  'multiple' is too wordy.                                           write-good.TooWordy 
 95:8    warning  'Validate' is too wordy.                                           write-good.TooWordy 
 101:8   warning  'Validate' is too wordy.                                           write-good.TooWordy 
 122:58  warning  'are resolved' may be passive voice. Use active voice if you can.  write-good.Passive  
 123:24  warning  'is justified' may be passive voice. Use active voice if you can.  write-good.Passive  
 124:1   warning  'are selected' may be passive voice. Use active voice if you can.  write-good.Passive  
 131:23  warning  'additional' is too wordy.                                         write-good.TooWordy 


 egolint/.agents/skills/architecture/architecture-authoring/references/validation-checklist.md
 24:29  warning  'is preserved' may be passive voice. Use active voice if you can.     write-good.Passive 
 31:19  warning  'are labeled' may be passive voice. Use active voice if you can.      write-good.Passive 
 32:24  warning  'is acknowledged' may be passive voice. Use active voice if you can.  write-good.Passive 


 egolint/.agents/skills/architecture/create-ai-constitution-document/SKILL.md
 3:194   warning  'participate' is too wordy.                                             write-good.TooWordy 
 24:61   warning  'participate' is too wordy.                                             write-good.TooWordy 
 31:41   warning  'being established' may be passive voice. Use active voice if you can.  write-good.Passive  
 32:46   warning  'is needed' may be passive voice. Use active voice if you can.          write-good.Passive  
 49:23   warning  'be recorded' may be passive voice. Use active voice if you can.        write-good.Passive  
 94:35   warning  'is identified' may be passive voice. Use active voice if you can.      write-good.Passive  
 95:38   warning  'been read' may be passive voice. Use active voice if you can.          write-good.Passive  
 97:49   warning  'are respected' may be passive voice. Use active voice if you can.      write-good.Passive  
 100:31  warning  'are reported' may be passive voice. Use active voice if you can.       write-good.Passive  


 egolint/.agents/skills/architecture/create-ai-constitution-document/references/validation-checklist.md
 5:38   warning  'is identified' may be passive voice. Use active voice if you can.    write-good.Passive 
 6:44   warning  'is known' may be passive voice. Use active voice if you can.         write-good.Passive 
 7:40   warning  'been read' may be passive voice. Use active voice if you can.        write-good.Passive 
 11:20  warning  'clearly' is a weasel word!                                           write-good.Weasel  
 18:28  warning  'are respected' may be passive voice. Use active voice if you can.    write-good.Passive 
 20:42  warning  'are excluded' may be passive voice. Use active voice if you can.     write-good.Passive 
 25:19  warning  'are labeled' may be passive voice. Use active voice if you can.      write-good.Passive 
 26:24  warning  'is acknowledged' may be passive voice. Use active voice if you can.  write-good.Passive 
 28:34  warning  'is fabricated' may be passive voice. Use active voice if you can.    write-good.Passive 
 39:38  warning  'are recorded' may be passive voice. Use active voice if you can.     write-good.Passive 


 egolint/.agents/skills/architecture/create-architecture-document/SKILL.md
 20:20   warning  'validate' is too wordy.                                              write-good.TooWordy 
 25:49   warning  'accomplish' is too wordy.                                            write-good.TooWordy 
 62:23   warning  'be recorded' may be passive voice. Use active voice if you can.      write-good.Passive  
 74:4    warning  'Validate' is too wordy.                                              write-good.TooWordy 
 103:43  warning  'is contradicted' may be passive voice. Use active voice if you can.  write-good.Passive  
 104:19  warning  'be justified' may be passive voice. Use active voice if you can.     write-good.Passive  
 105:21  warning  'is blocked' may be passive voice. Use active voice if you can.       write-good.Passive  
 109:35  warning  'is identified' may be passive voice. Use active voice if you can.    write-good.Passive  
 110:38  warning  'been read' may be passive voice. Use active voice if you can.        write-good.Passive  
 111:28  warning  'is answered' may be passive voice. Use active voice if you can.      write-good.Passive  
 113:64  warning  'are respected' may be passive voice. Use active voice if you can.    write-good.Passive  


 egolint/.agents/skills/architecture/create-architecture-document/references/authoring-guide.md
 19:40  warning  'was accepted' may be passive voice. Use active voice if you can.     write-good.Passive 
 43:3   warning  'Are unsupported' may be passive voice. Use active voice if you can.  write-good.Passive 


 egolint/.agents/skills/architecture/create-architecture-document/references/validation-checklist.md
 5:35   warning  'is identified' may be passive voice. Use active voice if you can.    write-good.Passive  
 6:44   warning  'is known' may be passive voice. Use active voice if you can.         write-good.Passive  
 7:86   warning  'been read' may be passive voice. Use active voice if you can.        write-good.Passive  
 11:20  warning  'clearly' is a weasel word!                                           write-good.Weasel   
 12:53  warning  'accomplish' is too wordy.                                            write-good.TooWordy 
 23:25  warning  'are grounded' may be passive voice. Use active voice if you can.     write-good.Passive  
 24:19  warning  'are labeled' may be passive voice. Use active voice if you can.      write-good.Passive  
 25:24  warning  'is acknowledged' may be passive voice. Use active voice if you can.  write-good.Passive  
 37:38  warning  'are recorded' may be passive voice. Use active voice if you can.     write-good.Passive  


 egolint/.agents/skills/architecture/create-decisions-document/SKILL.md
 26:30   warning  'it is' is too wordy.                                                 write-good.TooWordy 
 32:30   warning  'been accepted' may be passive voice. Use active voice if you can.    write-good.Passive  
 34:18   warning  'been superseded' may be passive voice. Use active voice if you can.  write-good.Passive  
 71:14   warning  'validate' is too wordy.                                              write-good.TooWordy 
 77:5    warning  'validate' is too wordy.                                              write-good.TooWordy 
 85:42   warning  'is used' may be passive voice. Use active voice if you can.          write-good.Passive  
 116:28  warning  'is verified' may be passive voice. Use active voice if you can.      write-good.Passive  
 121:25  warning  'are linked' may be passive voice. Use active voice if you can.       write-good.Passive  


 egolint/.agents/skills/architecture/create-decisions-document/references/decision-record-guide.md
 20:22  warning  'it is' is too wordy.                                               write-good.TooWordy 
 21:29  warning  'be questioned' may be passive voice. Use active voice if you can.  write-good.Passive  


 egolint/.agents/skills/architecture/create-decisions-document/references/validation-checklist.md
 5:32   warning  'is identified' may be passive voice. Use active voice if you can.    write-good.Passive 
 6:43   warning  'is known' may be passive voice. Use active voice if you can.         write-good.Passive 
 7:44   warning  'been read' may be passive voice. Use active voice if you can.        write-good.Passive 
 26:22  warning  'are separated' may be passive voice. Use active voice if you can.    write-good.Passive 
 34:20  warning  'are included' may be passive voice. Use active voice if you can.     write-good.Passive 
 36:20  warning  'are described' may be passive voice. Use active voice if you can.    write-good.Passive 
 43:42  warning  'been fabricated' may be passive voice. Use active voice if you can.  write-good.Passive 
 47:43  warning  'are linked' may be passive voice. Use active voice if you can.       write-good.Passive 
 48:65  warning  'are linked' may be passive voice. Use active voice if you can.       write-good.Passive 
 62:60  warning  'was made' may be passive voice. Use active voice if you can.         write-good.Passive 


 egolint/.agents/skills/architecture/create-design-document/SKILL.md
 3:152  warning  'validate' is too wordy.                                            write-good.TooWordy 
 46:23  warning  'be recorded' may be passive voice. Use active voice if you can.    write-good.Passive  
 56:31  warning  'multiple' is too wordy.                                            write-good.TooWordy 
 91:35  warning  'is identified' may be passive voice. Use active voice if you can.  write-good.Passive  
 92:40  warning  'been read' may be passive voice. Use active voice if you can.      write-good.Passive  
 93:28  warning  'is answered' may be passive voice. Use active voice if you can.    write-good.Passive  
 94:49  warning  'are respected' may be passive voice. Use active voice if you can.  write-good.Passive  
 95:32  warning  'are addressed' may be passive voice. Use active voice if you can.  write-good.Passive  
 97:26  warning  'are reported' may be passive voice. Use active voice if you can.   write-good.Passive  


 egolint/.agents/skills/architecture/create-design-document/references/validation-checklist.md
 5:29   warning  'is identified' may be passive voice. Use active voice if you can.   write-good.Passive 
 6:29   warning  'is known' may be passive voice. Use active voice if you can.        write-good.Passive 
 7:40   warning  'been read' may be passive voice. Use active voice if you can.       write-good.Passive 
 16:21  warning  'is treated' may be passive voice. Use active voice if you can.      write-good.Passive 
 17:37  warning  'are preserved' may be passive voice. Use active voice if you can.   write-good.Passive 
 18:34  warning  'are considered' may be passive voice. Use active voice if you can.  write-good.Passive 
 19:44  warning  'are addressed' may be passive voice. Use active voice if you can.   write-good.Passive 
 25:28  warning  'are respected' may be passive voice. Use active voice if you can.   write-good.Passive 
 26:30  warning  'are excluded' may be passive voice. Use active voice if you can.    write-good.Passive 
 39:26  warning  'are recorded' may be passive voice. Use active voice if you can.    write-good.Passive 


 egolint/.agents/skills/architecture/create-design-system-document/SKILL.md
 25:38  warning  'be expressed' may be passive voice. Use active voice if you can.   write-good.Passive  
 46:23  warning  'be recorded' may be passive voice. Use active voice if you can.    write-good.Passive  
 59:5   warning  'validate' is too wordy.                                            write-good.TooWordy 
 92:35  warning  'is identified' may be passive voice. Use active voice if you can.  write-good.Passive  
 93:40  warning  'been read' may be passive voice. Use active voice if you can.      write-good.Passive  
 94:28  warning  'is answered' may be passive voice. Use active voice if you can.    write-good.Passive  
 95:49  warning  'are respected' may be passive voice. Use active voice if you can.  write-good.Passive  
 96:32  warning  'are addressed' may be passive voice. Use active voice if you can.  write-good.Passive  
 98:26  warning  'are reported' may be passive voice. Use active voice if you can.   write-good.Passive  


 egolint/.agents/skills/architecture/create-design-system-document/references/validation-checklist.md
 5:36   warning  'is identified' may be passive voice. Use active voice if you can.   write-good.Passive 
 6:29   warning  'is known' may be passive voice. Use active voice if you can.        write-good.Passive 
 7:40   warning  'been read' may be passive voice. Use active voice if you can.       write-good.Passive 
 12:42  warning  'be expressed' may be passive voice. Use active voice if you can.    write-good.Passive 
 16:21  warning  'is treated' may be passive voice. Use active voice if you can.      write-good.Passive 
 17:37  warning  'are preserved' may be passive voice. Use active voice if you can.   write-good.Passive 
 18:34  warning  'are considered' may be passive voice. Use active voice if you can.  write-good.Passive 
 19:44  warning  'are addressed' may be passive voice. Use active voice if you can.   write-good.Passive 
 25:28  warning  'are respected' may be passive voice. Use active voice if you can.   write-good.Passive 
 26:30  warning  'are excluded' may be passive voice. Use active voice if you can.    write-good.Passive 
 39:26  warning  'are recorded' may be passive voice. Use active voice if you can.    write-good.Passive 


 egolint/.agents/skills/architecture/create-epistemology-document/SKILL.md
 31:41   warning  'being established' may be passive voice. Use active voice if you can.  write-good.Passive  
 32:46   warning  'is needed' may be passive voice. Use active voice if you can.          write-good.Passive  
 49:23   warning  'be recorded' may be passive voice. Use active voice if you can.        write-good.Passive  
 60:4    warning  'validate' is too wordy.                                                write-good.TooWordy 
 94:35   warning  'is identified' may be passive voice. Use active voice if you can.      write-good.Passive  
 95:38   warning  'been read' may be passive voice. Use active voice if you can.          write-good.Passive  
 97:49   warning  'are respected' may be passive voice. Use active voice if you can.      write-good.Passive  
 100:31  warning  'are reported' may be passive voice. Use active voice if you can.       write-good.Passive  


 egolint/.agents/skills/architecture/create-epistemology-document/references/validation-checklist.md
 5:35   warning  'is identified' may be passive voice. Use active voice if you can.    write-good.Passive 
 6:44   warning  'is known' may be passive voice. Use active voice if you can.         write-good.Passive 
 7:40   warning  'been read' may be passive voice. Use active voice if you can.        write-good.Passive 
 11:20  warning  'clearly' is a weasel word!                                           write-good.Weasel  
 18:28  warning  'are respected' may be passive voice. Use active voice if you can.    write-good.Passive 
 20:42  warning  'are excluded' may be passive voice. Use active voice if you can.     write-good.Passive 
 25:19  warning  'are labeled' may be passive voice. Use active voice if you can.      write-good.Passive 
 26:24  warning  'is acknowledged' may be passive voice. Use active voice if you can.  write-good.Passive 
 28:34  warning  'is fabricated' may be passive voice. Use active voice if you can.    write-good.Passive 
 39:38  warning  'are recorded' may be passive voice. Use active voice if you can.     write-good.Passive 


 egolint/.agents/skills/architecture/create-foundations-document/SKILL.md
 20:20   warning  'validate' is too wordy.                                             write-good.TooWordy 
 39:11   warning  'methodology' is too wordy.                                          write-good.TooWordy 
 61:23   warning  'be recorded' may be passive voice. Use active voice if you can.     write-good.Passive  
 70:25   warning  'been falsified' may be passive voice. Use active voice if you can.  write-good.Passive  
 72:4    warning  'Validate' is too wordy.                                             write-good.TooWordy 
 109:34  warning  'is identified' may be passive voice. Use active voice if you can.   write-good.Passive  
 110:38  warning  'been read' may be passive voice. Use active voice if you can.       write-good.Passive  
 111:28  warning  'is answered' may be passive voice. Use active voice if you can.     write-good.Passive  
 113:58  warning  'methodology' is too wordy.                                          write-good.TooWordy 
 113:70  warning  'are respected' may be passive voice. Use active voice if you can.   write-good.Passive  
 114:42  warning  'are handled' may be passive voice. Use active voice if you can.     write-good.Passive  


 egolint/.agents/skills/architecture/create-foundations-document/references/authoring-guide.md
 17:41  warning  'be made' may be passive voice. Use active voice if you can.        write-good.Passive  
 19:34  warning  'are organized' may be passive voice. Use active voice if you can.  write-good.Passive  
 20:30  warning  'is performed' may be passive voice. Use active voice if you can.   write-good.Passive  
 38:46  warning  'it is' is too wordy.                                               write-good.TooWordy 
 52:3   warning  'Are contested' may be passive voice. Use active voice if you can.  write-good.Passive  


 egolint/.agents/skills/architecture/create-foundations-document/references/validation-checklist.md
 5:34   warning  'is identified' may be passive voice. Use active voice if you can.    write-good.Passive  
 6:44   warning  'is known' may be passive voice. Use active voice if you can.         write-good.Passive  
 7:49   warning  'been read' may be passive voice. Use active voice if you can.        write-good.Passive  
 11:20  warning  'clearly' is a weasel word!                                           write-good.Weasel   
 17:19  warning  'methodology' is too wordy.                                           write-good.TooWordy 
 18:45  warning  'are excluded' may be passive voice. Use active voice if you can.     write-good.Passive  
 23:23  warning  'is supported' may be passive voice. Use active voice if you can.     write-good.Passive  
 23:77  warning  'clearly' is a weasel word!                                           write-good.Weasel   
 25:24  warning  'is acknowledged' may be passive voice. Use active voice if you can.  write-good.Passive  
 32:66  warning  'methodology' is too wordy.                                           write-good.TooWordy 
 37:38  warning  'are recorded' may be passive voice. Use active voice if you can.     write-good.Passive  


 egolint/.agents/skills/architecture/create-manifesto-document/SKILL.md
 31:30  warning  'being established' may be passive voice. Use active voice if you can.  write-good.Passive  
 44:23  warning  'be recorded' may be passive voice. Use active voice if you can.        write-good.Passive  
 54:4   warning  'Validate' is too wordy.                                                write-good.TooWordy 
 83:35  warning  'is identified' may be passive voice. Use active voice if you can.      write-good.Passive  
 84:38  warning  'been read' may be passive voice. Use active voice if you can.          write-good.Passive  
 86:28  warning  'are respected' may be passive voice. Use active voice if you can.      write-good.Passive  
 89:31  warning  'are reported' may be passive voice. Use active voice if you can.       write-good.Passive  


 egolint/.agents/skills/architecture/create-manifesto-document/references/examples-and-antipatterns.md
 30:44  warning  'evaluate' is too wordy.  write-good.TooWordy 


 egolint/.agents/skills/architecture/create-manifesto-document/references/validation-checklist.md
 5:32   warning  'is identified' may be passive voice. Use active voice if you can.    write-good.Passive 
 6:44   warning  'is known' may be passive voice. Use active voice if you can.         write-good.Passive 
 7:40   warning  'been read' may be passive voice. Use active voice if you can.        write-good.Passive 
 11:20  warning  'clearly' is a weasel word!                                           write-good.Weasel  
 17:28  warning  'are respected' may be passive voice. Use active voice if you can.    write-good.Passive 
 18:29  warning  'is excluded' may be passive voice. Use active voice if you can.      write-good.Passive 
 24:19  warning  'are labeled' may be passive voice. Use active voice if you can.      write-good.Passive 
 25:24  warning  'is acknowledged' may be passive voice. Use active voice if you can.  write-good.Passive 
 37:38  warning  'are recorded' may be passive voice. Use active voice if you can.     write-good.Passive 


 egolint/.agents/skills/architecture/create-meta-architecture-document/SKILL.md
 31:41   warning  'being established' may be passive voice. Use active voice if you can.  write-good.Passive  
 32:46   warning  'is needed' may be passive voice. Use active voice if you can.          write-good.Passive  
 49:23   warning  'be recorded' may be passive voice. Use active voice if you can.        write-good.Passive  
 56:14   warning  'validate' is too wordy.                                                write-good.TooWordy 
 94:35   warning  'is identified' may be passive voice. Use active voice if you can.      write-good.Passive  
 95:38   warning  'been read' may be passive voice. Use active voice if you can.          write-good.Passive  
 97:49   warning  'are respected' may be passive voice. Use active voice if you can.      write-good.Passive  
 100:31  warning  'are reported' may be passive voice. Use active voice if you can.       write-good.Passive  


 egolint/.agents/skills/architecture/create-meta-architecture-document/references/validation-checklist.md
 5:27   warning  'is identified' may be passive voice. Use active voice if you can.    write-good.Passive 
 6:44   warning  'is known' may be passive voice. Use active voice if you can.         write-good.Passive 
 7:40   warning  'been read' may be passive voice. Use active voice if you can.        write-good.Passive 
 11:20  warning  'clearly' is a weasel word!                                           write-good.Weasel  
 18:28  warning  'are respected' may be passive voice. Use active voice if you can.    write-good.Passive 
 20:42  warning  'are excluded' may be passive voice. Use active voice if you can.     write-good.Passive 
 25:19  warning  'are labeled' may be passive voice. Use active voice if you can.      write-good.Passive 
 26:24  warning  'is acknowledged' may be passive voice. Use active voice if you can.  write-good.Passive 
 28:34  warning  'is fabricated' may be passive voice. Use active voice if you can.    write-good.Passive 
 39:38  warning  'are recorded' may be passive voice. Use active voice if you can.     write-good.Passive 


 egolint/.agents/skills/architecture/create-methodology-document/SKILL.md
 3:33    warning  'METHODOLOGY' is too wordy.                                         write-good.TooWordy 
 16:10   warning  'Methodology' is too wordy.                                         write-good.TooWordy 
 20:20   warning  'validate' is too wordy.                                            write-good.TooWordy 
 32:44   warning  'be clarified' may be passive voice. Use active voice if you can.   write-good.Passive  
 33:27   warning  'methodology' is too wordy.                                         write-good.TooWordy 
 38:44   warning  'methodology' is too wordy.                                         write-good.TooWordy 
 61:23   warning  'be recorded' may be passive voice. Use active voice if you can.    write-good.Passive  
 69:49   warning  'it is' is too wordy.                                               write-good.TooWordy 
 69:82   warning  'is done' may be passive voice. Use active voice if you can.        write-good.Passive  
 70:13   warning  'methodology' is too wordy.                                         write-good.TooWordy 
 73:4    warning  'Validate' is too wordy.                                            write-good.TooWordy 
 88:47   warning  'is performed' may be passive voice. Use active voice if you can.   write-good.Passive  
 105:8   warning  'methodology' is too wordy.                                         write-good.TooWordy 
 105:47  warning  'is blocked' may be passive voice. Use active voice if you can.     write-good.Passive  
 110:34  warning  'is identified' may be passive voice. Use active voice if you can.  write-good.Passive  
 111:38  warning  'been read' may be passive voice. Use active voice if you can.      write-good.Passive  
 112:28  warning  'is answered' may be passive voice. Use active voice if you can.    write-good.Passive  
 114:78  warning  'are respected' may be passive voice. Use active voice if you can.  write-good.Passive  


 egolint/.agents/skills/architecture/create-methodology-document/references/authoring-guide.md
 1:10   warning  'Methodology' is too wordy.                                          write-good.TooWordy 
 32:11  warning  'methodology' is too wordy.                                          write-good.TooWordy 
 33:16  warning  'methodology' is too wordy.                                          write-good.TooWordy 
 43:3   warning  'Are unresolved' may be passive voice. Use active voice if you can.  write-good.Passive  


 egolint/.agents/skills/architecture/create-methodology-document/references/validation-checklist.md
 1:3    warning  'METHODOLOGY' is too wordy.                                           write-good.TooWordy 
 5:34   warning  'is identified' may be passive voice. Use active voice if you can.    write-good.Passive  
 6:44   warning  'is known' may be passive voice. Use active voice if you can.         write-good.Passive  
 7:91   warning  'been read' may be passive voice. Use active voice if you can.        write-good.Passive  
 11:20  warning  'clearly' is a weasel word!                                           write-good.Weasel   
 16:11  warning  'methodology' is too wordy.                                           write-good.TooWordy 
 18:94  warning  'methodology' is too wordy.                                           write-good.TooWordy 
 19:43  warning  'are included' may be passive voice. Use active voice if you can.     write-good.Passive  
 23:23  warning  'are grounded' may be passive voice. Use active voice if you can.     write-good.Passive  
 24:19  warning  'are labeled' may be passive voice. Use active voice if you can.      write-good.Passive  
 25:24  warning  'is acknowledged' may be passive voice. Use active voice if you can.  write-good.Passive  
 37:38  warning  'are recorded' may be passive voice. Use active voice if you can.     write-good.Passive  


 egolint/.agents/skills/architecture/create-methodology-document/templates/METHODOLOGY.template.md
 3:18  warning  'methodology' is too wordy.  write-good.TooWordy 
 4:8   warning  'Methodology' is too wordy.  write-good.TooWordy 
 21:3  warning  'Methodology' is too wordy.  write-good.TooWordy 


 egolint/.agents/skills/architecture/create-ontology-document/SKILL.md
 3:145  warning  'validate' is too wordy.                                            write-good.TooWordy 
 39:23  warning  'be recorded' may be passive voice. Use active voice if you can.    write-good.Passive  
 84:35  warning  'is identified' may be passive voice. Use active voice if you can.  write-good.Passive  
 85:40  warning  'been read' may be passive voice. Use active voice if you can.      write-good.Passive  
 86:28  warning  'is answered' may be passive voice. Use active voice if you can.    write-good.Passive  
 87:18  warning  'are respected' may be passive voice. Use active voice if you can.  write-good.Passive  
 90:26  warning  'are reported' may be passive voice. Use active voice if you can.   write-good.Passive  


 egolint/.agents/skills/architecture/create-ontology-document/references/validation-checklist.md
 5:31   warning  'is identified' may be passive voice. Use active voice if you can.    write-good.Passive 
 6:29   warning  'is known' may be passive voice. Use active voice if you can.         write-good.Passive 
 7:40   warning  'been read' may be passive voice. Use active voice if you can.        write-good.Passive 
 17:28  warning  'are respected' may be passive voice. Use active voice if you can.    write-good.Passive 
 18:30  warning  'are excluded' may be passive voice. Use active voice if you can.     write-good.Passive 
 24:18  warning  'is preserved' may be passive voice. Use active voice if you can.     write-good.Passive 
 25:24  warning  'is acknowledged' may be passive voice. Use active voice if you can.  write-good.Passive 
 31:26  warning  'are recorded' may be passive voice. Use active voice if you can.     write-good.Passive 


 egolint/.agents/skills/architecture/create-personal-model-document/SKILL.md
 39:23  warning  'be recorded' may be passive voice. Use active voice if you can.    write-good.Passive 
 84:35  warning  'is identified' may be passive voice. Use active voice if you can.  write-good.Passive 
 85:40  warning  'been read' may be passive voice. Use active voice if you can.      write-good.Passive 
 86:28  warning  'is answered' may be passive voice. Use active voice if you can.    write-good.Passive 
 87:18  warning  'are respected' may be passive voice. Use active voice if you can.  write-good.Passive 
 90:26  warning  'are reported' may be passive voice. Use active voice if you can.   write-good.Passive 


 egolint/.agents/skills/architecture/create-personal-model-document/references/human-model-safeguards.md
 27:4  warning  'Additional' is too wordy.  write-good.TooWordy 


 egolint/.agents/skills/architecture/create-personal-model-document/references/validation-checklist.md
 5:37   warning  'is identified' may be passive voice. Use active voice if you can.    write-good.Passive 
 6:29   warning  'is known' may be passive voice. Use active voice if you can.         write-good.Passive 
 7:40   warning  'been read' may be passive voice. Use active voice if you can.        write-good.Passive 
 17:28  warning  'are respected' may be passive voice. Use active voice if you can.    write-good.Passive 
 18:30  warning  'are excluded' may be passive voice. Use active voice if you can.     write-good.Passive 
 24:18  warning  'is preserved' may be passive voice. Use active voice if you can.     write-good.Passive 
 25:24  warning  'is acknowledged' may be passive voice. Use active voice if you can.  write-good.Passive 
 31:26  warning  'are recorded' may be passive voice. Use active voice if you can.     write-good.Passive 


 egolint/.agents/skills/architecture/create-pillars-document/SKILL.md
 31:30  warning  'being established' may be passive voice. Use active voice if you can.  write-good.Passive  
 43:23  warning  'be recorded' may be passive voice. Use active voice if you can.        write-good.Passive  
 48:50  warning  'multiple' is too wordy.                                                write-good.TooWordy 
 52:4   warning  'Validate' is too wordy.                                                write-good.TooWordy 
 82:35  warning  'is identified' may be passive voice. Use active voice if you can.      write-good.Passive  
 83:38  warning  'been read' may be passive voice. Use active voice if you can.          write-good.Passive  
 85:28  warning  'are respected' may be passive voice. Use active voice if you can.      write-good.Passive  
 88:31  warning  'are reported' may be passive voice. Use active voice if you can.       write-good.Passive  


 egolint/.agents/skills/architecture/create-pillars-document/references/examples-and-antipatterns.md
 30:44  warning  'evaluate' is too wordy.  write-good.TooWordy 


 egolint/.agents/skills/architecture/create-pillars-document/references/validation-checklist.md
 5:30   warning  'is identified' may be passive voice. Use active voice if you can.    write-good.Passive 
 6:44   warning  'is known' may be passive voice. Use active voice if you can.         write-good.Passive 
 7:40   warning  'been read' may be passive voice. Use active voice if you can.        write-good.Passive 
 11:20  warning  'clearly' is a weasel word!                                           write-good.Weasel  
 17:28  warning  'are respected' may be passive voice. Use active voice if you can.    write-good.Passive 
 18:29  warning  'is excluded' may be passive voice. Use active voice if you can.      write-good.Passive 
 24:19  warning  'are labeled' may be passive voice. Use active voice if you can.      write-good.Passive 
 25:24  warning  'is acknowledged' may be passive voice. Use active voice if you can.  write-good.Passive 
 37:38  warning  'are recorded' may be passive voice. Use active voice if you can.     write-good.Passive 


 egolint/.agents/skills/architecture/create-principles-document/SKILL.md
 24:24  warning  'be evaluated' may be passive voice. Use active voice if you can.       write-good.Passive  
 24:42  warning  'multiple' is too wordy.                                                write-good.TooWordy 
 31:30  warning  'being established' may be passive voice. Use active voice if you can.  write-good.Passive  
 42:23  warning  'be recorded' may be passive voice. Use active voice if you can.        write-good.Passive  
 53:4   warning  'Validate' is too wordy.                                                write-good.TooWordy 
 81:35  warning  'is identified' may be passive voice. Use active voice if you can.      write-good.Passive  
 82:38  warning  'been read' may be passive voice. Use active voice if you can.          write-good.Passive  
 84:28  warning  'are respected' may be passive voice. Use active voice if you can.      write-good.Passive  
 87:31  warning  'are reported' may be passive voice. Use active voice if you can.       write-good.Passive  


 egolint/.agents/skills/architecture/create-principles-document/references/examples-and-antipatterns.md
 30:44  warning  'evaluate' is too wordy.  write-good.TooWordy 


 egolint/.agents/skills/architecture/create-principles-document/references/validation-checklist.md
 5:33   warning  'is identified' may be passive voice. Use active voice if you can.    write-good.Passive  
 6:44   warning  'is known' may be passive voice. Use active voice if you can.         write-good.Passive  
 7:40   warning  'been read' may be passive voice. Use active voice if you can.        write-good.Passive  
 11:20  warning  'clearly' is a weasel word!                                           write-good.Weasel   
 12:28  warning  'be evaluated' may be passive voice. Use active voice if you can.     write-good.Passive  
 12:46  warning  'multiple' is too wordy.                                              write-good.TooWordy 
 17:28  warning  'are respected' may be passive voice. Use active voice if you can.    write-good.Passive  
 18:29  warning  'is excluded' may be passive voice. Use active voice if you can.      write-good.Passive  
 24:19  warning  'are labeled' may be passive voice. Use active voice if you can.      write-good.Passive  
 25:24  warning  'is acknowledged' may be passive voice. Use active voice if you can.  write-good.Passive  
 37:38  warning  'are recorded' may be passive voice. Use active voice if you can.     write-good.Passive  


 egolint/.agents/skills/architecture/create-purpose-document/SKILL.md
 31:30  warning  'being established' may be passive voice. Use active voice if you can.  write-good.Passive 
 42:23  warning  'be recorded' may be passive voice. Use active voice if you can.        write-good.Passive 
 81:35  warning  'is identified' may be passive voice. Use active voice if you can.      write-good.Passive 
 82:38  warning  'been read' may be passive voice. Use active voice if you can.          write-good.Passive 
 84:28  warning  'are respected' may be passive voice. Use active voice if you can.      write-good.Passive 
 87:31  warning  'are reported' may be passive voice. Use active voice if you can.       write-good.Passive 


 egolint/.agents/skills/architecture/create-purpose-document/references/examples-and-antipatterns.md
 30:44  warning  'evaluate' is too wordy.  write-good.TooWordy 


 egolint/.agents/skills/architecture/create-purpose-document/references/validation-checklist.md
 5:30   warning  'is identified' may be passive voice. Use active voice if you can.    write-good.Passive 
 6:44   warning  'is known' may be passive voice. Use active voice if you can.         write-good.Passive 
 7:40   warning  'been read' may be passive voice. Use active voice if you can.        write-good.Passive 
 11:20  warning  'clearly' is a weasel word!                                           write-good.Weasel  
 17:28  warning  'are respected' may be passive voice. Use active voice if you can.    write-good.Passive 
 18:29  warning  'is excluded' may be passive voice. Use active voice if you can.      write-good.Passive 
 24:19  warning  'are labeled' may be passive voice. Use active voice if you can.      write-good.Passive 
 25:24  warning  'is acknowledged' may be passive voice. Use active voice if you can.  write-good.Passive 
 37:38  warning  'are recorded' may be passive voice. Use active voice if you can.     write-good.Passive 


 egolint/.agents/skills/architecture/create-roadmap-document/SKILL.md
 20:20   warning  'validate' is too wordy.                                            write-good.TooWordy 
 30:23   warning  'is scattered' may be passive voice. Use active voice if you can.   write-good.Passive  
 32:26   warning  'be sequenced' may be passive voice. Use active voice if you can.   write-good.Passive  
 33:68   warning  'methodology' is too wordy.                                         write-good.TooWordy 
 48:80   warning  'methodology' is too wordy.                                         write-good.TooWordy 
 61:23   warning  'be recorded' may be passive voice. Use active voice if you can.    write-good.Passive  
 71:38   warning  'is unresolved' may be passive voice. Use active voice if you can.  write-good.Passive  
 73:4    warning  'Validate' is too wordy.                                            write-good.TooWordy 
 104:68  warning  'is settled' may be passive voice. Use active voice if you can.     write-good.Passive  
 105:27  warning  'is blocked' may be passive voice. Use active voice if you can.     write-good.Passive  
 105:68  warning  'clearly' is a weasel word!                                         write-good.Weasel   
 110:30  warning  'is identified' may be passive voice. Use active voice if you can.  write-good.Passive  
 111:38  warning  'been read' may be passive voice. Use active voice if you can.      write-good.Passive  
 112:28  warning  'is answered' may be passive voice. Use active voice if you can.    write-good.Passive  
 114:78  warning  'are respected' may be passive voice. Use active voice if you can.  write-good.Passive  


 egolint/.agents/skills/architecture/create-roadmap-document/references/validation-checklist.md
 5:30   warning  'is identified' may be passive voice. Use active voice if you can.    write-good.Passive  
 6:44   warning  'is known' may be passive voice. Use active voice if you can.         write-good.Passive  
 7:72   warning  'methodology' is too wordy.                                           write-good.TooWordy 
 7:99   warning  'been read' may be passive voice. Use active voice if you can.        write-good.Passive  
 11:20  warning  'clearly' is a weasel word!                                           write-good.Weasel   
 19:60  warning  'are excluded' may be passive voice. Use active voice if you can.     write-good.Passive  
 23:28  warning  'are grounded' may be passive voice. Use active voice if you can.     write-good.Passive  
 24:19  warning  'are labeled' may be passive voice. Use active voice if you can.      write-good.Passive  
 25:24  warning  'is acknowledged' may be passive voice. Use active voice if you can.  write-good.Passive  
 37:38  warning  'are recorded' may be passive voice. Use active voice if you can.     write-good.Passive  


 egolint/.agents/skills/architecture/create-system-document/SKILL.md
 20:20   warning  'validate' is too wordy.                                            write-good.TooWordy 
 32:67   warning  'be updated' may be passive voice. Use active voice if you can.     write-good.Passive  
 61:23   warning  'be recorded' may be passive voice. Use active voice if you can.    write-good.Passive  
 73:4    warning  'Validate' is too wordy.                                            write-good.TooWordy 
 103:71  warning  'are contested' may be passive voice. Use active voice if you can.  write-good.Passive  
 105:65  warning  'is blocked' may be passive voice. Use active voice if you can.     write-good.Passive  
 110:29  warning  'is identified' may be passive voice. Use active voice if you can.  write-good.Passive  
 111:38  warning  'been read' may be passive voice. Use active voice if you can.      write-good.Passive  
 112:28  warning  'is answered' may be passive voice. Use active voice if you can.    write-good.Passive  
 114:80  warning  'are respected' may be passive voice. Use active voice if you can.  write-good.Passive  


 egolint/.agents/skills/architecture/create-system-document/references/authoring-guide.md
 35:21  warning  'tiny' is a weasel word!  write-good.Weasel 


 egolint/.agents/skills/architecture/create-system-document/references/validation-checklist.md
 5:29   warning  'is identified' may be passive voice. Use active voice if you can.    write-good.Passive 
 6:44   warning  'is known' may be passive voice. Use active voice if you can.         write-good.Passive 
 7:73   warning  'been read' may be passive voice. Use active voice if you can.        write-good.Passive 
 11:20  warning  'clearly' is a weasel word!                                           write-good.Weasel  
 16:32  warning  'clearly' is a weasel word!                                           write-good.Weasel  
 23:28  warning  'is grounded' may be passive voice. Use active voice if you can.      write-good.Passive 
 24:19  warning  'are labeled' may be passive voice. Use active voice if you can.      write-good.Passive 
 25:24  warning  'is acknowledged' may be passive voice. Use active voice if you can.  write-good.Passive 
 37:38  warning  'are recorded' may be passive voice. Use active voice if you can.     write-good.Passive 


 egolint/.agents/skills/architecture/create-vision-document/SKILL.md
 3:174  warning  'it is' is too wordy.                                                   write-good.TooWordy 
 24:60  warning  'is fulfilled' may be passive voice. Use active voice if you can.       write-good.Passive  
 31:30  warning  'being established' may be passive voice. Use active voice if you can.  write-good.Passive  
 42:23  warning  'be recorded' may be passive voice. Use active voice if you can.        write-good.Passive  
 52:4   warning  'Validate' is too wordy.                                                write-good.TooWordy 
 52:41  warning  'be assessed' may be passive voice. Use active voice if you can.        write-good.Passive  
 80:35  warning  'is identified' may be passive voice. Use active voice if you can.      write-good.Passive  
 81:38  warning  'been read' may be passive voice. Use active voice if you can.          write-good.Passive  
 83:28  warning  'are respected' may be passive voice. Use active voice if you can.      write-good.Passive  
 86:31  warning  'are reported' may be passive voice. Use active voice if you can.       write-good.Passive  


 egolint/.agents/skills/architecture/create-vision-document/references/examples-and-antipatterns.md
 30:44  warning  'evaluate' is too wordy.  write-good.TooWordy 


 egolint/.agents/skills/architecture/create-vision-document/references/validation-checklist.md
 5:29   warning  'is identified' may be passive voice. Use active voice if you can.    write-good.Passive 
 6:44   warning  'is known' may be passive voice. Use active voice if you can.         write-good.Passive 
 7:40   warning  'been read' may be passive voice. Use active voice if you can.        write-good.Passive 
 11:20  warning  'clearly' is a weasel word!                                           write-good.Weasel  
 12:64  warning  'is fulfilled' may be passive voice. Use active voice if you can.     write-good.Passive 
 17:28  warning  'are respected' may be passive voice. Use active voice if you can.    write-good.Passive 
 18:29  warning  'is excluded' may be passive voice. Use active voice if you can.      write-good.Passive 
 24:19  warning  'are labeled' may be passive voice. Use active voice if you can.      write-good.Passive 
 25:24  warning  'is acknowledged' may be passive voice. Use active voice if you can.  write-good.Passive 
 37:38  warning  'are recorded' may be passive voice. Use active voice if you can.     write-good.Passive 


 egolint/.agents/skills/authoring/create-specification-file/SKILL.md
 3:141  warning  'validate' is too wordy.                                            write-good.TooWordy 
 24:32  warning  'is required' may be passive voice. Use active voice if you can.    write-good.Passive  
 24:70  warning  'be validated' may be passive voice. Use active voice if you can.   write-good.Passive  
 50:4   warning  'validate' is too wordy.                                            write-good.TooWordy 
 72:31  warning  'is resolved' may be passive voice. Use active voice if you can.    write-good.Passive  
 74:25  warning  'was inspected' may be passive voice. Use active voice if you can.  write-good.Passive  
 75:26  warning  'was created' may be passive voice. Use active voice if you can.    write-good.Passive  
 76:18  warning  'was executed' may be passive voice. Use active voice if you can.   write-good.Passive  
 82:61  warning  'is named' may be passive voice. Use active voice if you can.       write-good.Passive  
 83:33  warning  'is governed' may be passive voice. Use active voice if you can.    write-good.Passive  


 egolint/.agents/skills/authoring/create-specification-file/references/specification-authoring-guide.md
 8:11   warning  'Requirement' is too wordy.  write-good.TooWordy 
 12:9   warning  'Requirement' is too wordy.  write-good.TooWordy 
 23:61  warning  'requirement' is too wordy.  write-good.TooWordy 


 egolint/.agents/skills/authoring/create-specification-file/references/validation-checklist.md
 5:18   warning  'is identified' may be passive voice. Use active voice if you can.    write-good.Passive 
 6:29   warning  'is known' may be passive voice. Use active voice if you can.         write-good.Passive 
 11:24  warning  'were inspected' may be passive voice. Use active voice if you can.   write-good.Passive 
 13:24  warning  'is acknowledged' may be passive voice. Use active voice if you can.  write-good.Passive 
 19:26  warning  'were produced' may be passive voice. Use active voice if you can.    write-good.Passive 
 26:32  warning  'is recorded' may be passive voice. Use active voice if you can.      write-good.Passive 


 egolint/.agents/skills/authoring/github-issue-authoring/SKILL.md
 3:197  warning  'clearly' is a weasel word!                                         write-good.Weasel   
 46:4   warning  'validate' is too wordy.                                            write-good.TooWordy 
 50:10  warning  'implement' is too wordy.                                           write-good.TooWordy 
 52:14  warning  'multiple' is too wordy.                                            write-good.TooWordy 
 58:21  warning  'be executed' may be passive voice. Use active voice if you can.    write-good.Passive  
 61:29  warning  'is preserved' may be passive voice. Use active voice if you can.   write-good.Passive  
 78:27  warning  'were reviewed' may be passive voice. Use active voice if you can.  write-good.Passive  


 egolint/.agents/skills/authoring/github-issue-authoring/references/copy-ready-checklist.md
 9:27  warning  'are included' may be passive voice. Use active voice if you can.  write-good.Passive 


 egolint/.agents/skills/authoring/github-issue-authoring/templates/GITHUB_ISSUE.template.md
 19:3  warning  'requirement' is too wordy.  write-good.TooWordy 
 20:3  warning  'requirement' is too wordy.  write-good.TooWordy 


 egolint/.agents/skills/authoring/implementation-planning/SKILL.md
 3:247  warning  'be decomposed' may be passive voice. Use active voice if you can.  write-good.Passive  
 19:66  warning  'be executed' may be passive voice. Use active voice if you can.    write-good.Passive  
 43:15  warning  'requirement' is too wordy.                                         write-good.TooWordy 
 50:19  warning  'implement' is too wordy.                                           write-good.TooWordy 
 71:64  warning  'requirement' is too wordy.                                         write-good.TooWordy 


 egolint/.agents/skills/authoring/implementation-planning/references/phase-design-checklist.md
 9:49   warning  'are called' may be passive voice. Use active voice if you can.     write-good.Passive 
 10:30  warning  'are treated' may be passive voice. Use active voice if you can.    write-good.Passive 
 11:22  warning  'are separated' may be passive voice. Use active voice if you can.  write-good.Passive 


 egolint/.agents/skills/authoring/implementation-planning/templates/IMPLEMENTATION_PLAN.template.md
 5:12  warning  'requirement' is too wordy.  write-good.TooWordy 
 6:12  warning  'requirement' is too wordy.  write-good.TooWordy 


 egolint/.agents/skills/authoring/skill-authoring/SKILL.md
 50:4   warning  'validate' is too wordy.                                           write-good.TooWordy 
 64:40  warning  'are focused' may be passive voice. Use active voice if you can.   write-good.Passive  
 67:48  warning  'are reported' may be passive voice. Use active voice if you can.  write-good.Passive  


 egolint/.agents/skills/authoring/skill-authoring/references/validation-checklist.md
 10:45  warning  'are documented' may be passive voice. Use active voice if you can.  write-good.Passive 
 12:41  warning  'are embedded' may be passive voice. Use active voice if you can.    write-good.Passive 


 egolint/.agents/skills/authoring/skill-authoring/templates/SKILL.template.md
 3:104  warning  'be applied' may be passive voice. Use active voice if you can.  write-good.Passive 


 egolint/.agents/skills/methodology/orchestrate-reflective-development/SKILL.md
 46:4   warning  'validate' is too wordy.                                            write-good.TooWordy 
 72:31  warning  'is resolved' may be passive voice. Use active voice if you can.    write-good.Passive  
 74:25  warning  'was inspected' may be passive voice. Use active voice if you can.  write-good.Passive  
 75:26  warning  'was created' may be passive voice. Use active voice if you can.    write-good.Passive  
 76:18  warning  'was executed' may be passive voice. Use active voice if you can.   write-good.Passive  


 egolint/.agents/skills/methodology/orchestrate-reflective-development/references/recursion-and-synchronization-guide.md
 6:20  warning  'is reached' may be passive voice. Use active voice if you can.   write-good.Passive 
 6:48  warning  'is needed' may be passive voice. Use active voice if you can.    write-good.Passive 
 7:49  warning  'is exceeded' may be passive voice. Use active voice if you can.  write-good.Passive 
 8:12  warning  'is reached' may be passive voice. Use active voice if you can.   write-good.Passive 


 egolint/.agents/skills/methodology/orchestrate-reflective-development/references/validation-checklist.md
 5:19   warning  'is identified' may be passive voice. Use active voice if you can.    write-good.Passive 
 6:29   warning  'is known' may be passive voice. Use active voice if you can.         write-good.Passive 
 11:24  warning  'were inspected' may be passive voice. Use active voice if you can.   write-good.Passive 
 13:24  warning  'is acknowledged' may be passive voice. Use active voice if you can.  write-good.Passive 
 19:26  warning  'were produced' may be passive voice. Use active voice if you can.    write-good.Passive 
 26:32  warning  'is recorded' may be passive voice. Use active voice if you can.      write-good.Passive 


 egolint/.agents/skills/publishing/prepare-arxiv-release/SKILL.md
 3:131  warning  'validate' is too wordy.                                             write-good.TooWordy 
 24:19  warning  'be transformed' may be passive voice. Use active voice if you can.  write-good.Passive  
 48:4   warning  'validate' is too wordy.                                             write-good.TooWordy 
 73:31  warning  'is resolved' may be passive voice. Use active voice if you can.     write-good.Passive  
 75:25  warning  'was inspected' may be passive voice. Use active voice if you can.   write-good.Passive  
 76:26  warning  'was created' may be passive voice. Use active voice if you can.     write-good.Passive  
 77:18  warning  'was executed' may be passive voice. Use active voice if you can.    write-good.Passive  
 83:63  warning  'is named' may be passive voice. Use active voice if you can.        write-good.Passive  
 84:29  warning  'is governed' may be passive voice. Use active voice if you can.     write-good.Passive  
 87:38  warning  'requirement' is too wordy.                                          write-good.TooWordy 


 egolint/.agents/skills/publishing/prepare-arxiv-release/references/official-arxiv-baseline.md
 15:23  warning  'is supported' may be passive voice. Use active voice if you can.   write-good.Passive 
 18:23  warning  'is prohibited' may be passive voice. Use active voice if you can.  write-good.Passive 
 19:52  warning  'are supported' may be passive voice. Use active voice if you can.  write-good.Passive 
 21:32  warning  'are deleted' may be passive voice. Use active voice if you can.    write-good.Passive 
 22:38  warning  'be included' may be passive voice. Use active voice if you can.    write-good.Passive 


 egolint/.agents/skills/publishing/prepare-arxiv-release/references/validation-checklist.md
 5:26   warning  'is identified' may be passive voice. Use active voice if you can.    write-good.Passive 
 6:29   warning  'is known' may be passive voice. Use active voice if you can.         write-good.Passive 
 11:24  warning  'were inspected' may be passive voice. Use active voice if you can.   write-good.Passive 
 13:24  warning  'is acknowledged' may be passive voice. Use active voice if you can.  write-good.Passive 
 19:26  warning  'were produced' may be passive voice. Use active voice if you can.    write-good.Passive 
 26:32  warning  'is recorded' may be passive voice. Use active voice if you can.      write-good.Passive 


 egolint/.agents/skills/quality/audit-repository/SKILL.md
 50:14  warning  'validate' is too wordy.                                            write-good.TooWordy 
 72:31  warning  'is resolved' may be passive voice. Use active voice if you can.    write-good.Passive  
 74:25  warning  'was inspected' may be passive voice. Use active voice if you can.  write-good.Passive  
 75:26  warning  'was created' may be passive voice. Use active voice if you can.    write-good.Passive  
 76:18  warning  'was executed' may be passive voice. Use active voice if you can.   write-good.Passive  
 82:63  warning  'is named' may be passive voice. Use active voice if you can.       write-good.Passive  
 83:24  warning  'is governed' may be passive voice. Use active voice if you can.    write-good.Passive  


 egolint/.agents/skills/quality/audit-repository/references/validation-checklist.md
 5:17   warning  'is identified' may be passive voice. Use active voice if you can.    write-good.Passive 
 6:29   warning  'is known' may be passive voice. Use active voice if you can.         write-good.Passive 
 11:24  warning  'were inspected' may be passive voice. Use active voice if you can.   write-good.Passive 
 13:24  warning  'is acknowledged' may be passive voice. Use active voice if you can.  write-good.Passive 
 19:26  warning  'were produced' may be passive voice. Use active voice if you can.    write-good.Passive 
 26:32  warning  'is recorded' may be passive voice. Use active voice if you can.      write-good.Passive 


 egolint/.agents/skills/quality/audit-repository/templates/AUDIT.template.md
 24:4  warning  'Methodology' is too wordy.  write-good.TooWordy 
 26:4  warning  'Overall' is too wordy.      write-good.TooWordy 


 egolint/.agents/skills/quality/bug-fixing/SKILL.md
 30:65  warning  'was requested' may be passive voice. Use active voice if you can.     write-good.Passive  
 36:48  warning  'feasible' is too wordy.                                               write-good.TooWordy 
 44:4   warning  'validate' is too wordy.                                               write-good.TooWordy 
 49:10  warning  'implement' is too wordy.                                              write-good.TooWordy 
 52:22  warning  'is fixed' may be passive voice. Use active voice if you can.          write-good.Passive  
 58:22  warning  'is distinguished' may be passive voice. Use active voice if you can.  write-good.Passive  
 61:44  warning  'are reported' may be passive voice. Use active voice if you can.      write-good.Passive  
 71:6   warning  'validate' is too wordy.                                               write-good.TooWordy 
 76:24  warning  'authorize' is too wordy.                                              write-good.TooWordy 


 egolint/.agents/skills/quality/bug-fixing/references/regression-checklist.md
 3:44   warning  'is fixed' may be passive voice. Use active voice if you can.       write-good.Passive 
 5:28   warning  'is reproduced' may be passive voice. Use active voice if you can.  write-good.Passive 
 9:57   warning  'were checked' may be passive voice. Use active voice if you can.   write-good.Passive 
 10:56  warning  'are reported' may be passive voice. Use active voice if you can.   write-good.Passive 


 egolint/.agents/skills/quality/repository-cleanup/SKILL.md
 42:4   warning  'validate' is too wordy.                                             write-good.TooWordy 
 56:29  warning  'was classified' may be passive voice. Use active voice if you can.  write-good.Passive  
 57:28  warning  'were changed' may be passive voice. Use active voice if you can.    write-good.Passive  


 egolint/.agents/skills/quality/repository-cleanup/references/classification-checklist.md
 14:28  warning  'were edited' may be passive voice. Use active voice if you can.  write-good.Passive 


 egolint/.agents/skills/quality/test-engineering/SKILL.md
 3:239  warning  'is needed' may be passive voice. Use active voice if you can.     write-good.Passive  
 29:29  warning  'it is' is too wordy.                                              write-good.TooWordy 
 35:41  warning  'sufficient' is too wordy.                                         write-good.TooWordy 
 44:4   warning  'validate' is too wordy.                                           write-good.TooWordy 
 57:29  warning  'is justified' may be passive voice. Use active voice if you can.  write-good.Passive  
 59:53  warning  'are covered' may be passive voice. Use active voice if you can.   write-good.Passive  


 egolint/.agents/skills/quality/test-engineering/references/determinism-checklist.md
 6:83   warning  'are controlled' may be passive voice. Use active voice if you can.  write-good.Passive 
 10:22  warning  'is identified' may be passive voice. Use active voice if you can.   write-good.Passive 


 egolint/.agents/skills/quality/test-engineering/templates/TEST_PLAN.template.md
 9:30  warning  'it is' is too wordy.       write-good.TooWordy 
 9:36  warning  'sufficient' is too wordy.  write-good.TooWordy 


 egolint/.agents/specs/SCHEMA.md
 52:57   warning  'are permitted' may be passive voice. Use active voice if you can.  write-good.Passive  
 57:53   warning  'It is' is too wordy.                                               write-good.TooWordy 
 152:55  warning  'previously' is too wordy.                                          write-good.TooWordy 
 188:11  warning  'be superseded' may be passive voice. Use active voice if you can.  write-good.Passive  


 egolint/.agents/specs/architecture/document.spec.md
 103:6   warning  'are materialized' may be passive voice. Use active voice if you can.  write-good.Passive  
 124:18  warning  'is validated' may be passive voice. Use active voice if you can.      write-good.Passive  
 157:77  warning  'is authored' may be passive voice. Use active voice if you can.       write-good.Passive  
 180:45  warning  'be understood' may be passive voice. Use active voice if you can.     write-good.Passive  
 181:14  warning  'be authored' may be passive voice. Use active voice if you can.       write-good.Passive  
 196:1   warning  'are installed' may be passive voice. Use active voice if you can.     write-good.Passive  
 210:57  warning  'shall' is too wordy.                                                  write-good.TooWordy 
 215:28  warning  'shall' is too wordy.                                                  write-good.TooWordy 
 217:64  warning  'shall' is too wordy.                                                  write-good.TooWordy 
 246:36  warning  'shall' is too wordy.                                                  write-good.TooWordy 
 246:42  warning  'be declared' may be passive voice. Use active voice if you can.       write-good.Passive  
 254:11  warning  'shall' is too wordy.                                                  write-good.TooWordy 
 258:24  warning  'shall' is too wordy.                                                  write-good.TooWordy 
 270:13  warning  'shall' is too wordy.                                                  write-good.TooWordy 
 270:19  warning  'be recorded' may be passive voice. Use active voice if you can.       write-good.Passive  
 279:57  warning  'methodology' is too wordy.                                            write-good.TooWordy 
 287:34  warning  'shall' is too wordy.                                                  write-good.TooWordy 
 307:24  warning  'shall' is too wordy.                                                  write-good.TooWordy 
 309:9   warning  'shall' is too wordy.                                                  write-good.TooWordy 
 310:26  warning  'shall' is too wordy.                                                  write-good.TooWordy 
 310:36  warning  'be fabricated' may be passive voice. Use active voice if you can.     write-good.Passive  
 311:16  warning  'shall' is too wordy.                                                  write-good.TooWordy 
 312:23  warning  'shall' is too wordy.                                                  write-good.TooWordy 
 313:45  warning  'shall' is too wordy.                                                  write-good.TooWordy 
 313:51  warning  'participate' is too wordy.                                            write-good.TooWordy 
 317:34  warning  'shall' is too wordy.                                                  write-good.TooWordy 
 334:22  warning  'Objective' is too wordy.                                              write-good.TooWordy 
 340:28  warning  'shall' is too wordy.                                                  write-good.TooWordy 
 340:38  warning  'be added' may be passive voice. Use active voice if you can.          write-good.Passive  
 340:57  warning  'satisfy' is too wordy.                                                write-good.TooWordy 
 344:33  warning  'shall' is too wordy.                                                  write-good.TooWordy 
 347:25  warning  'be bounded' may be passive voice. Use active voice if you can.        write-good.Passive  
 352:33  warning  'shall' is too wordy.                                                  write-good.TooWordy 
 360:49  warning  'shall' is too wordy.                                                  write-good.TooWordy 
 361:49  warning  'shall' is too wordy.                                                  write-good.TooWordy 
 363:49  warning  'shall' is too wordy.                                                  write-good.TooWordy 
 365:49  warning  'shall' is too wordy.                                                  write-good.TooWordy 
 367:49  warning  'shall' is too wordy.                                                  write-good.TooWordy 
 369:49  warning  'shall' is too wordy.                                                  write-good.TooWordy 
 369:62  warning  'objective' is too wordy.                                              write-good.TooWordy 
 371:54  warning  'shall' is too wordy.                                                  write-good.TooWordy 
 373:44  warning  'shall' is too wordy.                                                  write-good.TooWordy 
 375:49  warning  'shall' is too wordy.                                                  write-good.TooWordy 
 377:44  warning  'shall' is too wordy.                                                  write-good.TooWordy 
 379:41  warning  'shall' is too wordy.                                                  write-good.TooWordy 
 380:44  warning  'shall' is too wordy.                                                  write-good.TooWordy 
 381:43  warning  'is considered' may be passive voice. Use active voice if you can.     write-good.Passive  
 382:34  warning  'shall' is too wordy.                                                  write-good.TooWordy 
 384:53  warning  'shall' is too wordy.                                                  write-good.TooWordy 
 384:59  warning  'be surfaced' may be passive voice. Use active voice if you can.       write-good.Passive  
 386:37  warning  'shall' is too wordy.                                                  write-good.TooWordy 
 390:44  warning  'shall' is too wordy.                                                  write-good.TooWordy 
 392:39  warning  'shall' is too wordy.                                                  write-good.TooWordy 
 394:44  warning  'shall' is too wordy.                                                  write-good.TooWordy 
 396:39  warning  'shall' is too wordy.                                                  write-good.TooWordy 
 398:39  warning  'shall' is too wordy.                                                  write-good.TooWordy 
 400:39  warning  'shall' is too wordy.                                                  write-good.TooWordy 
 402:36  warning  'shall' is too wordy.                                                  write-good.TooWordy 
 404:36  warning  'shall' is too wordy.                                                  write-good.TooWordy 
 406:27  warning  'shall' is too wordy.                                                  write-good.TooWordy 
 406:42  warning  'exclusively' is too wordy.                                            write-good.TooWordy 
 408:39  warning  'shall' is too wordy.                                                  write-good.TooWordy 
 412:34  warning  'shall' is too wordy.                                                  write-good.TooWordy 
 436:45  warning  'shall' is too wordy.                                                  write-good.TooWordy 
 446:4   warning  'retain' is too wordy.                                                 write-good.TooWordy 
 446:53  warning  'is cited' may be passive voice. Use active voice if you can.          write-good.Passive  
 447:5   warning  'validate' is too wordy.                                               write-good.TooWordy 
 451:12  warning  'shall' is too wordy.                                                  write-good.TooWordy 
 482:36  warning  'shall' is too wordy.                                                  write-good.TooWordy 
 482:42  warning  'be derived' may be passive voice. Use active voice if you can.        write-good.Passive  
 484:12  warning  'shall' is too wordy.                                                  write-good.TooWordy 
 501:4   warning  'minimum' is too wordy.                                                write-good.TooWordy 
 503:13  warning  'shall' is too wordy.                                                  write-good.TooWordy 
 503:23  warning  'be presented' may be passive voice. Use active voice if you can.      write-good.Passive  
 504:13  warning  'shall' is too wordy.                                                  write-good.TooWordy 
 504:23  warning  'be presented' may be passive voice. Use active voice if you can.      write-good.Passive  
 505:15  warning  'shall' is too wordy.                                                  write-good.TooWordy 
 506:24  warning  'shall' is too wordy.                                                  write-good.TooWordy 
 506:30  warning  'be recorded' may be passive voice. Use active voice if you can.       write-good.Passive  
 507:18  warning  'shall' is too wordy.                                                  write-good.TooWordy 
 529:24  warning  'are supported' may be passive voice. Use active voice if you can.     write-good.Passive  
 529:66  warning  'are labeled' may be passive voice. Use active voice if you can.       write-good.Passive  
 530:22  warning  'is acknowledged' may be passive voice. Use active voice if you can.   write-good.Passive  
 545:18  warning  'objective' is too wordy.                                              write-good.TooWordy 
 560:7   warning  'It is' is too wordy.                                                  write-good.TooWordy 
 564:66  warning  'shall' is too wordy.                                                  write-good.TooWordy 
 606:5   warning  'Multiple' is too wordy.                                               write-good.TooWordy 


 egolint/.agents/specs/architecture/domain/ontology.spec.md
 41:46   warning  'shall' is too wordy.                                                  write-good.TooWordy 
 41:52   warning  'be authored' may be passive voice. Use active voice if you can.       write-good.Passive  
 175:36  warning  'shall' is too wordy.                                                  write-good.TooWordy 
 176:40  warning  'shall' is too wordy.                                                  write-good.TooWordy 
 177:32  warning  'shall' is too wordy.                                                  write-good.TooWordy 
 178:51  warning  'shall' is too wordy.                                                  write-good.TooWordy 
 179:34  warning  'shall' is too wordy.                                                  write-good.TooWordy 
 179:40  warning  'be documented' may be passive voice. Use active voice if you can.     write-good.Passive  
 180:28  warning  'shall' is too wordy.                                                  write-good.TooWordy 
 181:45  warning  'shall' is too wordy.                                                  write-good.TooWordy 
 182:46  warning  'shall' is too wordy.                                                  write-good.TooWordy 
 182:52  warning  'be disambiguated' may be passive voice. Use active voice if you can.  write-good.Passive  
 183:38  warning  'shall' is too wordy.                                                  write-good.TooWordy 
 183:44  warning  'be documented' may be passive voice. Use active voice if you can.     write-good.Passive  
 184:32  warning  'shall' is too wordy.                                                  write-good.TooWordy 
 185:40  warning  'shall' is too wordy.                                                  write-good.TooWordy 
 186:25  warning  'shall' is too wordy.                                                  write-good.TooWordy 
 187:37  warning  'shall' is too wordy.                                                  write-good.TooWordy 
 188:29  warning  'shall' is too wordy.                                                  write-good.TooWordy 
 192:36  warning  'shall' is too wordy.                                                  write-good.TooWordy 
 193:32  warning  'shall' is too wordy.                                                  write-good.TooWordy 
 194:30  warning  'shall' is too wordy.                                                  write-good.TooWordy 
 195:33  warning  'shall' is too wordy.                                                  write-good.TooWordy 
 197:25  warning  'shall' is too wordy.                                                  write-good.TooWordy 
 198:30  warning  'shall' is too wordy.                                                  write-good.TooWordy 
 198:67  warning  'be merged' may be passive voice. Use active voice if you can.         write-good.Passive  
 199:42  warning  'shall' is too wordy.                                                  write-good.TooWordy 
 201:29  warning  'shall' is too wordy.                                                  write-good.TooWordy 
 202:45  warning  'shall' is too wordy.                                                  write-good.TooWordy 
 202:55  warning  'be encoded' may be passive voice. Use active voice if you can.        write-good.Passive  
 259:12  warning  'shall' is too wordy.                                                  write-good.TooWordy 
 296:1   warning  'Validate' is too wordy.                                               write-good.TooWordy 
 314:36  warning  'are mapped' may be passive voice. Use active voice if you can.        write-good.Passive  


 egolint/.agents/specs/architecture/domain/personal-model.spec.md
 44:52   warning  'shall' is too wordy.                                                   write-good.TooWordy 
 44:58   warning  'be authored' may be passive voice. Use active voice if you can.        write-good.Passive  
 197:34  warning  'shall' is too wordy.                                                   write-good.TooWordy 
 198:36  warning  'shall' is too wordy.                                                   write-good.TooWordy 
 198:42  warning  'be preserved' may be passive voice. Use active voice if you can.       write-good.Passive  
 199:26  warning  'shall' is too wordy.                                                   write-good.TooWordy 
 201:25  warning  'shall' is too wordy.                                                   write-good.TooWordy 
 202:66  warning  'shall' is too wordy.                                                   write-good.TooWordy 
 204:26  warning  'shall' is too wordy.                                                   write-good.TooWordy 
 205:26  warning  'shall' is too wordy.                                                   write-good.TooWordy 
 206:25  warning  'shall' is too wordy.                                                   write-good.TooWordy 
 206:35  warning  'be treated' may be passive voice. Use active voice if you can.         write-good.Passive  
 207:24  warning  'shall' is too wordy.                                                   write-good.TooWordy 
 210:26  warning  'shall' is too wordy.                                                   write-good.TooWordy 
 210:32  warning  'be recognized' may be passive voice. Use active voice if you can.      write-good.Passive  
 212:59  warning  'shall' is too wordy.                                                   write-good.TooWordy 
 213:45  warning  'shall' is too wordy.                                                   write-good.TooWordy 
 215:26  warning  'shall' is too wordy.                                                   write-good.TooWordy 
 216:61  warning  'shall' is too wordy.                                                   write-good.TooWordy 
 218:54  warning  'shall' is too wordy.                                                   write-good.TooWordy 
 218:64  warning  'be treated' may be passive voice. Use active voice if you can.         write-good.Passive  
 220:41  warning  'shall' is too wordy.                                                   write-good.TooWordy 
 220:47  warning  'be addressed' may be passive voice. Use active voice if you can.       write-good.Passive  
 225:29  warning  'shall' is too wordy.                                                   write-good.TooWordy 
 226:19  warning  'shall' is too wordy.                                                   write-good.TooWordy 
 227:19  warning  'shall' is too wordy.                                                   write-good.TooWordy 
 228:19  warning  'shall' is too wordy.                                                   write-good.TooWordy 
 230:19  warning  'shall' is too wordy.                                                   write-good.TooWordy 
 232:19  warning  'shall' is too wordy.                                                   write-good.TooWordy 
 233:19  warning  'shall' is too wordy.                                                   write-good.TooWordy 
 234:19  warning  'shall' is too wordy.                                                   write-good.TooWordy 
 235:19  warning  'shall' is too wordy.                                                   write-good.TooWordy 
 237:32  warning  'shall' is too wordy.                                                   write-good.TooWordy 
 237:42  warning  'be treated' may be passive voice. Use active voice if you can.         write-good.Passive  
 289:9   warning  'substantially' is a weasel word!                                       write-good.Weasel   
 295:12  warning  'shall' is too wordy.                                                   write-good.TooWordy 
 336:1   warning  'Validate' is too wordy.                                                write-good.TooWordy 
 351:27  warning  'are addressed' may be passive voice. Use active voice if you can.      write-good.Passive  
 354:57  warning  'are distinguished' may be passive voice. Use active voice if you can.  write-good.Passive  
 357:37  warning  'are addressed' may be passive voice. Use active voice if you can.      write-good.Passive  
 358:17  warning  'is recognized' may be passive voice. Use active voice if you can.      write-good.Passive  
 383:37  warning  'be rejected' may be passive voice. Use active voice if you can.        write-good.Passive  
 396:28  warning  'be reviewed' may be passive voice. Use active voice if you can.        write-good.Passive  


 egolint/.agents/specs/architecture/experience/README.md
 14:51  warning  'be expressed' may be passive voice. Use active voice if you can.  write-good.Passive 


 egolint/.agents/specs/architecture/experience/design-system.spec.md
 41:51   warning  'shall' is too wordy.                                                write-good.TooWordy 
 41:57   warning  'be authored' may be passive voice. Use active voice if you can.     write-good.Passive  
 45:21   warning  'is expressed' may be passive voice. Use active voice if you can.    write-good.Passive  
 48:34   warning  'multiple' is too wordy.                                             write-good.TooWordy 
 52:57   warning  'is expressed' may be passive voice. Use active voice if you can.    write-good.Passive  
 59:38   warning  'be expressed' may be passive voice. Use active voice if you can.    write-good.Passive  
 190:29  warning  'shall' is too wordy.                                                write-good.TooWordy 
 192:33  warning  'shall' is too wordy.                                                write-good.TooWordy 
 194:33  warning  'shall' is too wordy.                                                write-good.TooWordy 
 194:39  warning  'be defined' may be passive voice. Use active voice if you can.      write-good.Passive  
 195:47  warning  'shall' is too wordy.                                                write-good.TooWordy 
 195:53  warning  'be documented' may be passive voice. Use active voice if you can.   write-good.Passive  
 196:69  warning  'shall' is too wordy.                                                write-good.TooWordy 
 197:3   warning  'be addressed' may be passive voice. Use active voice if you can.    write-good.Passive  
 198:47  warning  'shall' is too wordy.                                                write-good.TooWordy 
 198:53  warning  'be documented' may be passive voice. Use active voice if you can.   write-good.Passive  
 199:67  warning  'shall' is too wordy.                                                write-good.TooWordy 
 200:3   warning  'be addressed' may be passive voice. Use active voice if you can.    write-good.Passive  
 202:18  warning  'shall' is too wordy.                                                write-good.TooWordy 
 202:24  warning  'be addressed' may be passive voice. Use active voice if you can.    write-good.Passive  
 203:23  warning  'shall' is too wordy.                                                write-good.TooWordy 
 205:43  warning  'shall' is too wordy.                                                write-good.TooWordy 
 207:57  warning  'shall' is too wordy.                                                write-good.TooWordy 
 209:43  warning  'shall' is too wordy.                                                write-good.TooWordy 
 210:29  warning  'shall' is too wordy.                                                write-good.TooWordy 
 213:16  warning  'shall' is too wordy.                                                write-good.TooWordy 
 213:22  warning  'be defined' may be passive voice. Use active voice if you can.      write-good.Passive  
 214:36  warning  'shall' is too wordy.                                                write-good.TooWordy 
 215:69  warning  'shall' is too wordy.                                                write-good.TooWordy 
 217:54  warning  'shall' is too wordy.                                                write-good.TooWordy 
 217:60  warning  'be defined' may be passive voice. Use active voice if you can.      write-good.Passive  
 223:66  warning  'shall' is too wordy.                                                write-good.TooWordy 
 225:38  warning  'shall' is too wordy.                                                write-good.TooWordy 
 227:41  warning  'shall' is too wordy.                                                write-good.TooWordy 
 228:33  warning  'shall' is too wordy.                                                write-good.TooWordy 
 229:28  warning  'shall' is too wordy.                                                write-good.TooWordy 
 230:23  warning  'shall' is too wordy.                                                write-good.TooWordy 
 230:33  warning  'be required' may be passive voice. Use active voice if you can.     write-good.Passive  
 232:26  warning  'shall' is too wordy.                                                write-good.TooWordy 
 234:28  warning  'shall' is too wordy.                                                write-good.TooWordy 
 236:33  warning  'shall' is too wordy.                                                write-good.TooWordy 
 236:43  warning  'be added' may be passive voice. Use active voice if you can.        write-good.Passive  
 238:40  warning  'shall' is too wordy.                                                write-good.TooWordy 
 294:5   warning  'validate' is too wordy.                                             write-good.TooWordy 
 294:56  warning  'implement' is too wordy.                                            write-good.TooWordy 
 307:12  warning  'shall' is too wordy.                                                write-good.TooWordy 
 346:1   warning  'Validate' is too wordy.                                             write-good.TooWordy 
 365:58  warning  'are addressed' may be passive voice. Use active voice if you can.   write-good.Passive  
 367:48  warning  'are addressed' may be passive voice. Use active voice if you can.   write-good.Passive  
 368:46  warning  'is defined' may be passive voice. Use active voice if you can.      write-good.Passive  
 371:34  warning  'are defined' may be passive voice. Use active voice if you can.     write-good.Passive  
 373:7   warning  'Multiple' is too wordy.                                             write-good.TooWordy 
 373:29  warning  'implement' is too wordy.                                            write-good.TooWordy 
 382:15  warning  'be implemented' may be passive voice. Use active voice if you can.  write-good.Passive  
 402:1   warning  'Evaluate' is too wordy.                                             write-good.TooWordy 
 402:18  warning  'it is' is too wordy.                                                write-good.TooWordy 


 egolint/.agents/specs/architecture/experience/design.spec.md
 43:44   warning  'shall' is too wordy.                                               write-good.TooWordy 
 43:50   warning  'be authored' may be passive voice. Use active voice if you can.    write-good.Passive  
 182:29  warning  'shall' is too wordy.                                               write-good.TooWordy 
 183:47  warning  'shall' is too wordy.                                               write-good.TooWordy 
 184:31  warning  'shall' is too wordy.                                               write-good.TooWordy 
 186:30  warning  'shall' is too wordy.                                               write-good.TooWordy 
 186:36  warning  'be treated' may be passive voice. Use active voice if you can.     write-good.Passive  
 188:64  warning  'shall' is too wordy.                                               write-good.TooWordy 
 190:44  warning  'shall' is too wordy.                                               write-good.TooWordy 
 190:50  warning  'be documented' may be passive voice. Use active voice if you can.  write-good.Passive  
 191:56  warning  'shall' is too wordy.                                               write-good.TooWordy 
 194:3   warning  'shall' is too wordy.                                               write-good.TooWordy 
 194:9   warning  'be addressed' may be passive voice. Use active voice if you can.   write-good.Passive  
 195:34  warning  'shall' is too wordy.                                               write-good.TooWordy 
 195:40  warning  'be defined' may be passive voice. Use active voice if you can.     write-good.Passive  
 197:31  warning  'shall' is too wordy.                                               write-good.TooWordy 
 198:34  warning  'shall' is too wordy.                                               write-good.TooWordy 
 200:31  warning  'shall' is too wordy.                                               write-good.TooWordy 
 203:45  warning  'shall' is too wordy.                                               write-good.TooWordy 
 205:29  warning  'shall' is too wordy.                                               write-good.TooWordy 
 210:68  warning  'shall' is too wordy.                                               write-good.TooWordy 
 212:41  warning  'shall' is too wordy.                                               write-good.TooWordy 
 213:40  warning  'shall' is too wordy.                                               write-good.TooWordy 
 214:27  warning  'shall' is too wordy.                                               write-good.TooWordy 
 214:37  warning  'be treated' may be passive voice. Use active voice if you can.     write-good.Passive  
 216:62  warning  'shall' is too wordy.                                               write-good.TooWordy 
 217:3   warning  'be normalized' may be passive voice. Use active voice if you can.  write-good.Passive  
 218:36  warning  'shall' is too wordy.                                               write-good.TooWordy 
 220:31  warning  'shall' is too wordy.                                               write-good.TooWordy 
 222:32  warning  'shall' is too wordy.                                               write-good.TooWordy 
 224:24  warning  'shall' is too wordy.                                               write-good.TooWordy 
 225:32  warning  'shall' is too wordy.                                               write-good.TooWordy 
 273:31  warning  'multiple' is too wordy.                                            write-good.TooWordy 
 287:12  warning  'shall' is too wordy.                                               write-good.TooWordy 
 327:1   warning  'Validate' is too wordy.                                            write-good.TooWordy 
 342:36  warning  'are defined' may be passive voice. Use active voice if you can.    write-good.Passive  
 345:37  warning  'are addressed' may be passive voice. Use active voice if you can.  write-good.Passive  
 346:22  warning  'is addressed' may be passive voice. Use active voice if you can.   write-good.Passive  
 351:7   warning  'Multiple' is too wordy.                                            write-good.TooWordy 
 365:22  warning  'It is' is too wordy.                                               write-good.TooWordy 


 egolint/.agents/specs/architecture/foundation/README.md
 21:44  warning  'methodology' is too wordy.                                        write-good.TooWordy 
 21:76  warning  'be written' may be passive voice. Use active voice if you can.    write-good.Passive  
 24:40  warning  'be read' may be passive voice. Use active voice if you can.       write-good.Passive  
 57:24  warning  'are intended' may be passive voice. Use active voice if you can.  write-good.Passive  
 57:40  warning  'be paired' may be passive voice. Use active voice if you can.     write-good.Passive  


 egolint/.agents/specs/architecture/foundation/architecture.spec.md
 34:1    warning  'shall' is too wordy.                                               write-good.TooWordy 
 34:7    warning  'be authored' may be passive voice. Use active voice if you can.    write-good.Passive  
 37:32   warning  'are organized' may be passive voice. Use active voice if you can.  write-good.Passive  
 42:46   warning  'are organized' may be passive voice. Use active voice if you can.  write-good.Passive  
 53:26   warning  'shall' is too wordy.                                               write-good.TooWordy 
 107:34  warning  'shall' is too wordy.                                               write-good.TooWordy 
 109:63  warning  'shall' is too wordy.                                               write-good.TooWordy 
 109:69  warning  'be made' may be passive voice. Use active voice if you can.        write-good.Passive  
 111:33  warning  'shall' is too wordy.                                               write-good.TooWordy 
 111:39  warning  'be allocated' may be passive voice. Use active voice if you can.   write-good.Passive  
 111:52  warning  'clearly' is a weasel word!                                         write-good.Weasel   
 112:52  warning  'shall' is too wordy.                                               write-good.TooWordy 
 112:58  warning  'be documented' may be passive voice. Use active voice if you can.  write-good.Passive  
 113:40  warning  'shall' is too wordy.                                               write-good.TooWordy 
 115:33  warning  'shall' is too wordy.                                               write-good.TooWordy 
 120:41  warning  'shall' is too wordy.                                               write-good.TooWordy 
 120:51  warning  'be treated' may be passive voice. Use active voice if you can.     write-good.Passive  
 122:54  warning  'shall' is too wordy.                                               write-good.TooWordy 
 124:51  warning  'shall' is too wordy.                                               write-good.TooWordy 
 126:55  warning  'shall' is too wordy.                                               write-good.TooWordy 
 126:61  warning  'be avoided' may be passive voice. Use active voice if you can.     write-good.Passive  
 142:42  warning  'are organized' may be passive voice. Use active voice if you can.  write-good.Passive  
 210:46  warning  'clearly' is a weasel word!                                         write-good.Weasel   
 213:32  warning  'are allocated' may be passive voice. Use active voice if you can.  write-good.Passive  
 273:18  warning  'mostly' is a weasel word!                                          write-good.Weasel   
 277:42  warning  'it is' is too wordy.                                               write-good.TooWordy 


 egolint/.agents/specs/architecture/foundation/foundations.spec.md
 32:75   warning  'shall' is too wordy.                                               write-good.TooWordy 
 33:1    warning  'be authored' may be passive voice. Use active voice if you can.    write-good.Passive  
 36:42   warning  'is allowed' may be passive voice. Use active voice if you can.     write-good.Passive  
 39:54   warning  'be made' may be passive voice. Use active voice if you can.        write-good.Passive  
 50:26   warning  'shall' is too wordy.                                               write-good.TooWordy 
 102:33  warning  'shall' is too wordy.                                               write-good.TooWordy 
 104:32  warning  'shall' is too wordy.                                               write-good.TooWordy 
 104:38  warning  'be stated' may be passive voice. Use active voice if you can.      write-good.Passive  
 104:48  warning  'clearly' is a weasel word!                                         write-good.Weasel   
 105:27  warning  'shall' is too wordy.                                               write-good.TooWordy 
 105:33  warning  'be identified' may be passive voice. Use active voice if you can.  write-good.Passive  
 106:28  warning  'shall' is too wordy.                                               write-good.TooWordy 
 107:28  warning  'shall' is too wordy.                                               write-good.TooWordy 
 109:28  warning  'shall' is too wordy.                                               write-good.TooWordy 
 114:48  warning  'shall' is too wordy.                                               write-good.TooWordy 
 114:58  warning  'be elevated' may be passive voice. Use active voice if you can.    write-good.Passive  
 116:54  warning  'shall' is too wordy.                                               write-good.TooWordy 
 116:64  warning  'be presented' may be passive voice. Use active voice if you can.   write-good.Passive  
 118:44  warning  'shall' is too wordy.                                               write-good.TooWordy 
 120:3   warning  'shall' is too wordy.                                               write-good.TooWordy 
 120:13  warning  'be duplicated' may be passive voice. Use active voice if you can.  write-good.Passive  
 127:28  warning  'clearly' is a weasel word!                                         write-good.Weasel   
 156:12  warning  'methodology' is too wordy.                                         write-good.TooWordy 
 201:30  warning  'clearly' is a weasel word!                                         write-good.Weasel   
 254:58  warning  'are expected' may be passive voice. Use active voice if you can.   write-good.Passive  


 egolint/.agents/specs/architecture/foundation/methodology.spec.md
 4:8     warning  'Methodology' is too wordy.                                          write-good.TooWordy 
 16:5    warning  'methodology' is too wordy.                                          write-good.TooWordy 
 32:75   warning  'shall' is too wordy.                                                write-good.TooWordy 
 33:1    warning  'be authored' may be passive voice. Use active voice if you can.     write-good.Passive  
 51:26   warning  'shall' is too wordy.                                                write-good.TooWordy 
 87:5    warning  'Methodology' is too wordy.                                          write-good.TooWordy 
 87:65   warning  'validate' is too wordy.                                             write-good.TooWordy 
 101:33  warning  'shall' is too wordy.                                                write-good.TooWordy 
 103:52  warning  'shall' is too wordy.                                                write-good.TooWordy 
 103:58  warning  'be made' may be passive voice. Use active voice if you can.         write-good.Passive  
 104:47  warning  'be represented' may be passive voice. Use active voice if you can.  write-good.Passive  
 104:62  warning  'clearly' is a weasel word!                                          write-good.Weasel   
 105:20  warning  'methodology' is too wordy.                                          write-good.TooWordy 
 105:32  warning  'shall' is too wordy.                                                write-good.TooWordy 
 107:20  warning  'methodology' is too wordy.                                          write-good.TooWordy 
 107:32  warning  'shall' is too wordy.                                                write-good.TooWordy 
 111:43  warning  'shall' is too wordy.                                                write-good.TooWordy 
 111:61  warning  'methodology' is too wordy.                                          write-good.TooWordy 
 112:41  warning  'shall' is too wordy.                                                write-good.TooWordy 
 112:51  warning  'be mistaken' may be passive voice. Use active voice if you can.     write-good.Passive  
 114:29  warning  'shall' is too wordy.                                                write-good.TooWordy 
 115:75  warning  'shall' is too wordy.                                                write-good.TooWordy 
 116:3   warning  'be avoided' may be passive voice. Use active voice if you can.      write-good.Passive  
 124:59  warning  'it is' is too wordy.                                                write-good.TooWordy 
 184:29  warning  'clearly' is a weasel word!                                          write-good.Weasel   
 198:37  warning  'clearly' is a weasel word!                                          write-good.Weasel   
 201:19  warning  'methodology' is too wordy.                                          write-good.TooWordy 
 220:16  warning  'possess' is too wordy.                                              write-good.TooWordy 
 220:36  warning  'methodology' is too wordy.                                          write-good.TooWordy 
 220:63  warning  'is documented' may be passive voice. Use active voice if you can.   write-good.Passive  
 223:73  warning  'be shared' may be passive voice. Use active voice if you can.       write-good.Passive  
 254:3   warning  'methodology' is too wordy.                                          write-good.TooWordy 
 259:3   warning  'implement' is too wordy.                                            write-good.TooWordy 
 260:3   warning  'validate' is too wordy.                                             write-good.TooWordy 
 266:22  warning  'mostly' is a weasel word!                                           write-good.Weasel   
 270:66  warning  'it is' is too wordy.                                                write-good.TooWordy 
 279:7   warning  'methodology' is too wordy.                                          write-good.TooWordy 


 egolint/.agents/specs/architecture/foundation/roadmap.spec.md
 32:71   warning  'shall' is too wordy.                                                write-good.TooWordy 
 32:77   warning  'be authored' may be passive voice. Use active voice if you can.     write-good.Passive  
 36:23   warning  'in terms of' is too wordy.                                          write-good.TooWordy 
 50:26   warning  'shall' is too wordy.                                                write-good.TooWordy 
 84:50   warning  'is intended' may be passive voice. Use active voice if you can.     write-good.Passive  
 96:29   warning  'shall' is too wordy.                                                write-good.TooWordy 
 98:34   warning  'shall' is too wordy.                                                write-good.TooWordy 
 99:28   warning  'shall' is too wordy.                                                write-good.TooWordy 
 100:28  warning  'shall' is too wordy.                                                write-good.TooWordy 
 102:40  warning  'shall' is too wordy.                                                write-good.TooWordy 
 102:46  warning  'be represented' may be passive voice. Use active voice if you can.  write-good.Passive  
 103:28  warning  'shall' is too wordy.                                                write-good.TooWordy 
 107:37  warning  'shall' is too wordy.                                                write-good.TooWordy 
 108:53  warning  'shall' is too wordy.                                                write-good.TooWordy 
 109:45  warning  'shall' is too wordy.                                                write-good.TooWordy 
 110:38  warning  'be avoided' may be passive voice. Use active voice if you can.      write-good.Passive  
 112:29  warning  'shall' is too wordy.                                                write-good.TooWordy 
 187:59  warning  'clearly' is a weasel word!                                          write-good.Weasel   
 194:37  warning  'clearly' is a weasel word!                                          write-good.Weasel   
 261:21  warning  'mostly' is a weasel word!                                           write-good.Weasel   
 262:18  warning  'is tied' may be passive voice. Use active voice if you can.         write-good.Passive  
 264:36  warning  'evaluate' is too wordy.                                             write-good.TooWordy 
 264:56  warning  'be clarified' may be passive voice. Use active voice if you can.    write-good.Passive  
 277:27  warning  'are separated' may be passive voice. Use active voice if you can.   write-good.Passive  
 277:41  warning  'clearly' is a weasel word!                                          write-good.Weasel   


 egolint/.agents/specs/architecture/foundation/system.spec.md
 32:70   warning  'shall' is too wordy.                                               write-good.TooWordy 
 32:76   warning  'be authored' may be passive voice. Use active voice if you can.    write-good.Passive  
 42:58   warning  'are organized' may be passive voice. Use active voice if you can.  write-good.Passive  
 53:26   warning  'shall' is too wordy.                                               write-good.TooWordy 
 105:28  warning  'shall' is too wordy.                                               write-good.TooWordy 
 106:28  warning  'shall' is too wordy.                                               write-good.TooWordy 
 106:41  warning  'clearly' is a weasel word!                                         write-good.Weasel   
 107:28  warning  'shall' is too wordy.                                               write-good.TooWordy 
 108:34  warning  'shall' is too wordy.                                               write-good.TooWordy 
 109:35  warning  'shall' is too wordy.                                               write-good.TooWordy 
 109:41  warning  'be assigned' may be passive voice. Use active voice if you can.    write-good.Passive  
 110:33  warning  'shall' is too wordy.                                               write-good.TooWordy 
 111:41  warning  'shall' is too wordy.                                               write-good.TooWordy 
 116:46  warning  'shall' is too wordy.                                               write-good.TooWordy 
 116:56  warning  'be used' may be passive voice. Use active voice if you can.        write-good.Passive  
 118:67  warning  'shall' is too wordy.                                               write-good.TooWordy 
 120:50  warning  'shall' is too wordy.                                               write-good.TooWordy 
 122:48  warning  'shall' is too wordy.                                               write-good.TooWordy 
 122:54  warning  'be deferred' may be passive voice. Use active voice if you can.    write-good.Passive  
 129:16  warning  'Minimize' is too wordy.                                            write-good.TooWordy 
 130:58  warning  'be understood' may be passive voice. Use active voice if you can.  write-good.Passive  
 204:34  warning  'is identified' may be passive voice. Use active voice if you can.  write-good.Passive  
 205:34  warning  'clearly' is a weasel word!                                         write-good.Weasel   
 206:49  warning  'are assigned' may be passive voice. Use active voice if you can.   write-good.Passive  
 268:60  warning  'be described' may be passive voice. Use active voice if you can.   write-good.Passive  
 278:27  warning  'significantly' is a weasel word!                                   write-good.Weasel   


 egolint/.agents/specs/architecture/governance/README.md
 4:24   warning  'are preserved' may be passive voice. Use active voice if you can.  write-good.Passive  
 10:47  warning  'it is' is too wordy.                                               write-good.TooWordy 
 14:48  warning  'be evaluated' may be passive voice. Use active voice if you can.   write-good.Passive  
 15:60  warning  'be evaluated' may be passive voice. Use active voice if you can.   write-good.Passive  
 16:48  warning  'been accepted' may be passive voice. Use active voice if you can.  write-good.Passive  


 egolint/.agents/specs/architecture/governance/decisions.spec.md
 42:47   warning  'shall' is too wordy.                                                 write-good.TooWordy 
 42:53   warning  'be authored' may be passive voice. Use active voice if you can.      write-good.Passive  
 47:38   warning  'it is' is too wordy.                                                 write-good.TooWordy 
 53:52   warning  'be evaluated' may be passive voice. Use active voice if you can.     write-good.Passive  
 54:56   warning  'be justified' may be passive voice. Use active voice if you can.     write-good.Passive  
 64:30   warning  'it is' is too wordy.                                                 write-good.TooWordy 
 122:33  warning  'be appended' may be passive voice. Use active voice if you can.      write-good.Passive  
 127:26  warning  'be recorded' may be passive voice. Use active voice if you can.      write-good.Passive  
 134:14  warning  'multiple' is too wordy.                                              write-good.TooWordy 
 138:3   warning  'it is' is too wordy.                                                 write-good.TooWordy 
 138:19  warning  'be questioned' may be passive voice. Use active voice if you can.    write-good.Passive  
 179:52  warning  'shall' is too wordy.                                                 write-good.TooWordy 
 217:47  warning  'be reconsidered' may be passive voice. Use active voice if you can.  write-good.Passive  
 230:18  warning  'shall' is too wordy.                                                 write-good.TooWordy 
 249:52  warning  'shall' is too wordy.                                                 write-good.TooWordy 
 251:31  warning  'shall' is too wordy.                                                 write-good.TooWordy 
 252:31  warning  'shall' is too wordy.                                                 write-good.TooWordy 
 252:63  warning  'clearly' is a weasel word!                                           write-good.Weasel   
 253:31  warning  'shall' is too wordy.                                                 write-good.TooWordy 
 255:31  warning  'shall' is too wordy.                                                 write-good.TooWordy 
 256:40  warning  'shall' is too wordy.                                                 write-good.TooWordy 
 256:46  warning  'be recorded' may be passive voice. Use active voice if you can.      write-good.Passive  
 257:27  warning  'shall' is too wordy.                                                 write-good.TooWordy 
 257:33  warning  'be documented' may be passive voice. Use active voice if you can.    write-good.Passive  
 258:38  warning  'shall' is too wordy.                                                 write-good.TooWordy 
 258:44  warning  'be documented' may be passive voice. Use active voice if you can.    write-good.Passive  
 259:55  warning  'shall' is too wordy.                                                 write-good.TooWordy 
 262:51  warning  'shall' is too wordy.                                                 write-good.TooWordy 
 262:57  warning  'be linked' may be passive voice. Use active voice if you can.        write-good.Passive  
 264:37  warning  'shall' is too wordy.                                                 write-good.TooWordy 
 265:38  warning  'shall' is too wordy.                                                 write-good.TooWordy 
 266:39  warning  'shall' is too wordy.                                                 write-good.TooWordy 
 267:37  warning  'shall' is too wordy.                                                 write-good.TooWordy 
 268:28  warning  'shall' is too wordy.                                                 write-good.TooWordy 
 270:62  warning  'shall' is too wordy.                                                 write-good.TooWordy 
 272:32  warning  'shall' is too wordy.                                                 write-good.TooWordy 
 272:38  warning  'be documented' may be passive voice. Use active voice if you can.    write-good.Passive  
 275:23  warning  'shall' is too wordy.                                                 write-good.TooWordy 
 275:29  warning  'be made' may be passive voice. Use active voice if you can.          write-good.Passive  
 276:46  warning  'shall' is too wordy.                                                 write-good.TooWordy 
 277:33  warning  'shall' is too wordy.                                                 write-good.TooWordy 
 282:30  warning  'shall' is too wordy.                                                 write-good.TooWordy 
 283:30  warning  'shall' is too wordy.                                                 write-good.TooWordy 
 283:40  warning  'be copied' may be passive voice. Use active voice if you can.        write-good.Passive  
 284:55  warning  'shall' is too wordy.                                                 write-good.TooWordy 
 286:37  warning  'shall' is too wordy.                                                 write-good.TooWordy 
 286:47  warning  'be backdated' may be passive voice. Use active voice if you can.     write-good.Passive  
 288:35  warning  'shall' is too wordy.                                                 write-good.TooWordy 
 288:45  warning  'be deleted' may be passive voice. Use active voice if you can.       write-good.Passive  
 290:33  warning  'shall' is too wordy.                                                 write-good.TooWordy 
 292:38  warning  'shall' is too wordy.                                                 write-good.TooWordy 
 293:29  warning  'shall' is too wordy.                                                 write-good.TooWordy 
 293:39  warning  'be fabricated' may be passive voice. Use active voice if you can.    write-good.Passive  
 294:29  warning  'shall' is too wordy.                                                 write-good.TooWordy 
 296:27  warning  'shall' is too wordy.                                                 write-good.TooWordy 
 296:37  warning  'be marked' may be passive voice. Use active voice if you can.        write-good.Passive  
 297:12  warning  'is unresolved' may be passive voice. Use active voice if you can.    write-good.Passive  
 298:38  warning  'shall' is too wordy.                                                 write-good.TooWordy 
 298:48  warning  'be exposed' may be passive voice. Use active voice if you can.       write-good.Passive  
 300:49  warning  'shall' is too wordy.                                                 write-good.TooWordy 
 359:5   warning  'validate' is too wordy.                                              write-good.TooWordy 
 367:16  warning  'is required' may be passive voice. Use active voice if you can.      write-good.Passive  
 370:26  warning  'is accepted' may be passive voice. Use active voice if you can.      write-good.Passive  
 382:22  warning  'are stored' may be passive voice. Use active voice if you can.       write-good.Passive  
 397:18  warning  'are stored' may be passive voice. Use active voice if you can.       write-good.Passive  
 403:29  warning  'shall' is too wordy.                                                 write-good.TooWordy 
 404:11  warning  'shall' is too wordy.                                                 write-good.TooWordy 
 409:12  warning  'shall' is too wordy.                                                 write-good.TooWordy 
 422:40  warning  'shall' is too wordy.                                                 write-good.TooWordy 
 455:1   warning  'Validate' is too wordy.                                              write-good.TooWordy 
 480:20  warning  'are documented' may be passive voice. Use active voice if you can.   write-good.Passive  
 482:58  warning  'are linked' may be passive voice. Use active voice if you can.       write-good.Passive  
 484:3   warning  'are addressed' may be passive voice. Use active voice if you can.    write-good.Passive  
 488:37  warning  'been invented' may be passive voice. Use active voice if you can.    write-good.Passive  
 490:59  warning  'was made' may be passive voice. Use active voice if you can.         write-good.Passive  
 525:56  warning  'it was' is too wordy.                                                write-good.TooWordy 
 525:59  warning  'was selected' may be passive voice. Use active voice if you can.     write-good.Passive  
 531:1   warning  'Retain' is too wordy.                                                write-good.TooWordy 
 549:14  warning  'is shaped' may be passive voice. Use active voice if you can.        write-good.Passive  


 egolint/.agents/specs/architecture/identity/README.md
 12:42  warning  'be made' may be passive voice. Use active voice if you can.  write-good.Passive 


 egolint/.agents/specs/architecture/identity/manifesto.spec.md
 37:47   warning  'shall' is too wordy.                                                write-good.TooWordy 
 37:53   warning  'be authored' may be passive voice. Use active voice if you can.     write-good.Passive  
 105:39  warning  'participate' is too wordy.                                          write-good.TooWordy 
 109:30  warning  'shall' is too wordy.                                                write-good.TooWordy 
 110:19  warning  'shall' is too wordy.                                                write-good.TooWordy 
 111:19  warning  'shall' is too wordy.                                                write-good.TooWordy 
 112:19  warning  'shall' is too wordy.                                                write-good.TooWordy 
 113:28  warning  'shall' is too wordy.                                                write-good.TooWordy 
 114:29  warning  'shall' is too wordy.                                                write-good.TooWordy 
 115:19  warning  'shall' is too wordy.                                                write-good.TooWordy 
 116:19  warning  'shall' is too wordy.                                                write-good.TooWordy 
 117:19  warning  'shall' is too wordy.                                                write-good.TooWordy 
 118:54  warning  'shall' is too wordy.                                                write-good.TooWordy 
 122:41  warning  'shall' is too wordy.                                                write-good.TooWordy 
 123:38  warning  'shall' is too wordy.                                                write-good.TooWordy 
 124:34  warning  'shall' is too wordy.                                                write-good.TooWordy 
 125:29  warning  'shall' is too wordy.                                                write-good.TooWordy 
 126:28  warning  'shall' is too wordy.                                                write-good.TooWordy 
 127:30  warning  'shall' is too wordy.                                                write-good.TooWordy 
 128:29  warning  'shall' is too wordy.                                                write-good.TooWordy 
 129:36  warning  'shall' is too wordy.                                                write-good.TooWordy 
 161:4   warning  'Validate' is too wordy.                                             write-good.TooWordy 
 171:12  warning  'shall' is too wordy.                                                write-good.TooWordy 
 180:4   warning  'validate' is too wordy.                                             write-good.TooWordy 
 182:12  warning  'shall' is too wordy.                                                write-good.TooWordy 
 203:25  warning  'is represented' may be passive voice. Use active voice if you can.  write-good.Passive  
 218:12  warning  'shall' is too wordy.                                                write-good.TooWordy 
 232:47  warning  'are recorded' may be passive voice. Use active voice if you can.    write-good.Passive  
 247:25  warning  'be rejected' may be passive voice. Use active voice if you can.     write-good.Passive  


 egolint/.agents/specs/architecture/identity/pillars.spec.md
 39:45   warning  'shall' is too wordy.                                                write-good.TooWordy 
 39:51   warning  'be authored' may be passive voice. Use active voice if you can.     write-good.Passive  
 111:29  warning  'shall' is too wordy.                                                write-good.TooWordy 
 112:24  warning  'shall' is too wordy.                                                write-good.TooWordy 
 113:24  warning  'shall' is too wordy.                                                write-good.TooWordy 
 114:29  warning  'shall' is too wordy.                                                write-good.TooWordy 
 115:29  warning  'shall' is too wordy.                                                write-good.TooWordy 
 116:24  warning  'shall' is too wordy.                                                write-good.TooWordy 
 117:28  warning  'shall' is too wordy.                                                write-good.TooWordy 
 118:29  warning  'shall' is too wordy.                                                write-good.TooWordy 
 119:35  warning  'be defined' may be passive voice. Use active voice if you can.      write-good.Passive  
 120:24  warning  'shall' is too wordy.                                                write-good.TooWordy 
 124:35  warning  'shall' is too wordy.                                                write-good.TooWordy 
 125:35  warning  'shall' is too wordy.                                                write-good.TooWordy 
 126:24  warning  'shall' is too wordy.                                                write-good.TooWordy 
 127:24  warning  'shall' is too wordy.                                                write-good.TooWordy 
 128:24  warning  'shall' is too wordy.                                                write-good.TooWordy 
 129:59  warning  'shall' is too wordy.                                                write-good.TooWordy 
 129:65  warning  'be excluded' may be passive voice. Use active voice if you can.     write-good.Passive  
 131:38  warning  'shall' is too wordy.                                                write-good.TooWordy 
 157:50  warning  'multiple' is too wordy.                                             write-good.TooWordy 
 161:4   warning  'Validate' is too wordy.                                             write-good.TooWordy 
 172:12  warning  'shall' is too wordy.                                                write-good.TooWordy 
 181:4   warning  'validate' is too wordy.                                             write-good.TooWordy 
 183:12  warning  'shall' is too wordy.                                                write-good.TooWordy 
 204:25  warning  'is represented' may be passive voice. Use active voice if you can.  write-good.Passive  
 218:12  warning  'shall' is too wordy.                                                write-good.TooWordy 
 231:47  warning  'are recorded' may be passive voice. Use active voice if you can.    write-good.Passive  
 246:25  warning  'be rejected' may be passive voice. Use active voice if you can.     write-good.Passive  


 egolint/.agents/specs/architecture/identity/principles.spec.md
 38:48   warning  'shall' is too wordy.                                                write-good.TooWordy 
 38:54   warning  'be authored' may be passive voice. Use active voice if you can.     write-good.Passive  
 43:24   warning  'be evaluated' may be passive voice. Use active voice if you can.    write-good.Passive  
 43:42   warning  'multiple' is too wordy.                                             write-good.TooWordy 
 88:37   warning  'evaluate' is too wordy.                                             write-good.TooWordy 
 108:32  warning  'shall' is too wordy.                                                write-good.TooWordy 
 109:27  warning  'shall' is too wordy.                                                write-good.TooWordy 
 110:27  warning  'shall' is too wordy.                                                write-good.TooWordy 
 111:32  warning  'shall' is too wordy.                                                write-good.TooWordy 
 112:32  warning  'shall' is too wordy.                                                write-good.TooWordy 
 113:31  warning  'shall' is too wordy.                                                write-good.TooWordy 
 114:27  warning  'shall' is too wordy.                                                write-good.TooWordy 
 115:27  warning  'shall' is too wordy.                                                write-good.TooWordy 
 116:27  warning  'shall' is too wordy.                                                write-good.TooWordy 
 116:33  warning  'be documented' may be passive voice. Use active voice if you can.   write-good.Passive  
 117:27  warning  'shall' is too wordy.                                                write-good.TooWordy 
 121:34  warning  'shall' is too wordy.                                                write-good.TooWordy 
 122:38  warning  'shall' is too wordy.                                                write-good.TooWordy 
 123:27  warning  'shall' is too wordy.                                                write-good.TooWordy 
 124:27  warning  'shall' is too wordy.                                                write-good.TooWordy 
 125:54  warning  'shall' is too wordy.                                                write-good.TooWordy 
 125:60  warning  'be excluded' may be passive voice. Use active voice if you can.     write-good.Passive  
 126:39  warning  'shall' is too wordy.                                                write-good.TooWordy 
 126:49  warning  'be left' may be passive voice. Use active voice if you can.         write-good.Passive  
 127:27  warning  'shall' is too wordy.                                                write-good.TooWordy 
 128:29  warning  'shall' is too wordy.                                                write-good.TooWordy 
 159:4   warning  'Validate' is too wordy.                                             write-good.TooWordy 
 168:12  warning  'shall' is too wordy.                                                write-good.TooWordy 
 177:4   warning  'validate' is too wordy.                                             write-good.TooWordy 
 179:12  warning  'shall' is too wordy.                                                write-good.TooWordy 
 196:3   warning  'methodology' is too wordy.                                          write-good.TooWordy 
 200:25  warning  'is represented' may be passive voice. Use active voice if you can.  write-good.Passive  
 209:31  warning  'is preserved' may be passive voice. Use active voice if you can.    write-good.Passive  
 211:28  warning  'are addressed' may be passive voice. Use active voice if you can.   write-good.Passive  
 214:12  warning  'shall' is too wordy.                                                write-good.TooWordy 
 222:35  warning  'is preserved' may be passive voice. Use active voice if you can.    write-good.Passive  
 224:32  warning  'are addressed' may be passive voice. Use active voice if you can.   write-good.Passive  
 227:47  warning  'are recorded' may be passive voice. Use active voice if you can.    write-good.Passive  
 242:25  warning  'be rejected' may be passive voice. Use active voice if you can.     write-good.Passive  


 egolint/.agents/specs/architecture/identity/purpose.spec.md
 36:45    warning  'shall' is too wordy.                                                write-good.TooWordy 
 36:51    warning  'be authored' may be passive voice. Use active voice if you can.     write-good.Passive  
 91:52    warning  'is pursued' may be passive voice. Use active voice if you can.      write-good.Passive  
 120:30   warning  'shall' is too wordy.                                                write-good.TooWordy 
 121:35   warning  'shall' is too wordy.                                                write-good.TooWordy 
 122:38   warning  'shall' is too wordy.                                                write-good.TooWordy 
 123:30   warning  'shall' is too wordy.                                                write-good.TooWordy 
 124:35   warning  'shall' is too wordy.                                                write-good.TooWordy 
 125:24   warning  'shall' is too wordy.                                                write-good.TooWordy 
 126:29   warning  'shall' is too wordy.                                                write-good.TooWordy 
 127:24   warning  'shall' is too wordy.                                                write-good.TooWordy 
 127:34   warning  'be changed' may be passive voice. Use active voice if you can.      write-good.Passive  
 167:12   warning  'shall' is too wordy.                                                write-good.TooWordy 
 176:4    warning  'validate' is too wordy.                                             write-good.TooWordy 
 178:12   warning  'shall' is too wordy.                                                write-good.TooWordy 
 196:3    warning  'methodology' is too wordy.                                          write-good.TooWordy 
 199:25   warning  'is represented' may be passive voice. Use active voice if you can.  write-good.Passive  
 214:12   warning  'shall' is too wordy.                                                write-good.TooWordy 
 228:47   warning  'are recorded' may be passive voice. Use active voice if you can.    write-good.Passive  
 243:25   warning  'be rejected' may be passive voice. Use active voice if you can.     write-good.Passive  
 248:142  warning  'it was' is too wordy.                                               write-good.TooWordy 
 248:145  warning  'was created' may be passive voice. Use active voice if you can.     write-good.Passive  


 egolint/.agents/specs/architecture/identity/vision.spec.md
 37:44   warning  'shall' is too wordy.                                                write-good.TooWordy 
 37:50   warning  'be authored' may be passive voice. Use active voice if you can.     write-good.Passive  
 42:60   warning  'is fulfilled' may be passive voice. Use active voice if you can.    write-good.Passive  
 115:62  warning  'be evaluated' may be passive voice. Use active voice if you can.    write-good.Passive  
 120:30  warning  'shall' is too wordy.                                                write-good.TooWordy 
 121:30  warning  'shall' is too wordy.                                                write-good.TooWordy 
 122:35  warning  'shall' is too wordy.                                                write-good.TooWordy 
 123:29  warning  'shall' is too wordy.                                                write-good.TooWordy 
 124:38  warning  'shall' is too wordy.                                                write-good.TooWordy 
 125:23  warning  'shall' is too wordy.                                                write-good.TooWordy 
 126:29  warning  'shall' is too wordy.                                                write-good.TooWordy 
 127:38  warning  'shall' is too wordy.                                                write-good.TooWordy 
 157:4   warning  'Validate' is too wordy.                                             write-good.TooWordy 
 157:41  warning  'be assessed' may be passive voice. Use active voice if you can.     write-good.Passive  
 166:12  warning  'shall' is too wordy.                                                write-good.TooWordy 
 175:4   warning  'validate' is too wordy.                                             write-good.TooWordy 
 177:12  warning  'shall' is too wordy.                                                write-good.TooWordy 
 194:3   warning  'methodology' is too wordy.                                          write-good.TooWordy 
 197:25  warning  'is represented' may be passive voice. Use active voice if you can.  write-good.Passive  
 209:15  warning  'is labeled' may be passive voice. Use active voice if you can.      write-good.Passive  
 210:26  warning  'be evaluated' may be passive voice. Use active voice if you can.    write-good.Passive  
 212:12  warning  'shall' is too wordy.                                                write-good.TooWordy 
 223:19  warning  'is labeled' may be passive voice. Use active voice if you can.      write-good.Passive  
 224:30  warning  'be evaluated' may be passive voice. Use active voice if you can.    write-good.Passive  
 226:47  warning  'are recorded' may be passive voice. Use active voice if you can.    write-good.Passive  
 241:25  warning  'be rejected' may be passive voice. Use active voice if you can.     write-good.Passive  


 egolint/.agents/specs/architecture/meta/README.md
 3:52   warning  'is justified' may be passive voice. Use active voice if you can.   write-good.Passive  
 4:1    warning  'participate' is too wordy.                                         write-good.TooWordy 
 4:62   warning  'is understood' may be passive voice. Use active voice if you can.  write-good.Passive  
 12:45  warning  'participate' is too wordy.                                         write-good.TooWordy 
 30:35  warning  'are evaluated' may be passive voice. Use active voice if you can.  write-good.Passive  


 egolint/.agents/specs/architecture/meta/ai-constitution.spec.md
 39:53   warning  'shall' is too wordy.                                                 write-good.TooWordy 
 39:59   warning  'be authored' may be passive voice. Use active voice if you can.      write-good.Passive  
 43:44   warning  'modify' is too wordy.                                                write-good.TooWordy 
 43:52   warning  'validate' is too wordy.                                              write-good.TooWordy 
 54:61   warning  'participate' is too wordy.                                           write-good.TooWordy 
 98:23   warning  'shall' is too wordy.                                                 write-good.TooWordy 
 163:24  warning  'shall' is too wordy.                                                 write-good.TooWordy 
 167:36  warning  'shall' is too wordy.                                                 write-good.TooWordy 
 172:12  warning  'shall' is too wordy.                                                 write-good.TooWordy 
 177:28  warning  'shall' is too wordy.                                                 write-good.TooWordy 
 182:12  warning  'shall' is too wordy.                                                 write-good.TooWordy 
 186:16  warning  'shall' is too wordy.                                                 write-good.TooWordy 
 186:22  warning  'be minimized' may be passive voice. Use active voice if you can.     write-good.Passive  
 191:12  warning  'shall' is too wordy.                                                 write-good.TooWordy 
 200:35  warning  'shall' is too wordy.                                                 write-good.TooWordy 
 204:12  warning  'shall' is too wordy.                                                 write-good.TooWordy 
 215:29  warning  'Modify' is too wordy.                                                write-good.TooWordy 
 219:54  warning  'shall' is too wordy.                                                 write-good.TooWordy 
 223:52  warning  'shall' is too wordy.                                                 write-good.TooWordy 
 224:61  warning  'shall' is too wordy.                                                 write-good.TooWordy 
 225:33  warning  'shall' is too wordy.                                                 write-good.TooWordy 
 226:19  warning  'shall' is too wordy.                                                 write-good.TooWordy 
 227:19  warning  'shall' is too wordy.                                                 write-good.TooWordy 
 228:19  warning  'shall' is too wordy.                                                 write-good.TooWordy 
 229:19  warning  'shall' is too wordy.                                                 write-good.TooWordy 
 230:19  warning  'shall' is too wordy.                                                 write-good.TooWordy 
 231:19  warning  'shall' is too wordy.                                                 write-good.TooWordy 
 233:19  warning  'shall' is too wordy.                                                 write-good.TooWordy 
 234:19  warning  'shall' is too wordy.                                                 write-good.TooWordy 
 234:61  warning  'are resolved' may be passive voice. Use active voice if you can.     write-good.Passive  
 235:19  warning  'shall' is too wordy.                                                 write-good.TooWordy 
 237:19  warning  'shall' is too wordy.                                                 write-good.TooWordy 
 239:19  warning  'shall' is too wordy.                                                 write-good.TooWordy 
 243:46  warning  'shall' is too wordy.                                                 write-good.TooWordy 
 244:45  warning  'shall' is too wordy.                                                 write-good.TooWordy 
 246:27  warning  'shall' is too wordy.                                                 write-good.TooWordy 
 247:27  warning  'shall' is too wordy.                                                 write-good.TooWordy 
 248:27  warning  'shall' is too wordy.                                                 write-good.TooWordy 
 249:27  warning  'shall' is too wordy.                                                 write-good.TooWordy 
 250:27  warning  'shall' is too wordy.                                                 write-good.TooWordy 
 251:60  warning  'be used' may be passive voice. Use active voice if you can.          write-good.Passive  
 252:27  warning  'shall' is too wordy.                                                 write-good.TooWordy 
 254:40  warning  'shall' is too wordy.                                                 write-good.TooWordy 
 256:29  warning  'shall' is too wordy.                                                 write-good.TooWordy 
 260:40  warning  'shall' is too wordy.                                                 write-good.TooWordy 
 319:39  warning  'shall' is too wordy.                                                 write-good.TooWordy 
 361:16  warning  'is incorporated' may be passive voice. Use active voice if you can.  write-good.Passive  
 362:24  warning  'are addressed' may be passive voice. Use active voice if you can.    write-good.Passive  
 372:24  warning  'is defined' may be passive voice. Use active voice if you can.       write-good.Passive  
 373:31  warning  'are defined' may be passive voice. Use active voice if you can.      write-good.Passive  
 374:23  warning  'is required' may be passive voice. Use active voice if you can.      write-good.Passive  


 egolint/.agents/specs/architecture/meta/epistemology.spec.md
 38:50   warning  'shall' is too wordy.                                                  write-good.TooWordy 
 38:56   warning  'be authored' may be passive voice. Use active voice if you can.       write-good.Passive  
 45:35   warning  'be justified' may be passive voice. Use active voice if you can.      write-good.Passive  
 46:18   warning  'be reached' may be passive voice. Use active voice if you can.        write-good.Passive  
 104:63  warning  'It is' is too wordy.                                                  write-good.TooWordy 
 137:22  warning  'be supported' may be passive voice. Use active voice if you can.      write-good.Passive  
 149:60  warning  'being described' may be passive voice. Use active voice if you can.   write-good.Passive  
 173:14  warning  'shall' is too wordy.                                                  write-good.TooWordy 
 187:26  warning  'be refined' may be passive voice. Use active voice if you can.        write-good.Passive  
 187:55  warning  'shall' is too wordy.                                                  write-good.TooWordy 
 191:17  warning  'be evaluated' may be passive voice. Use active voice if you can.      write-good.Passive  
 207:17  warning  'shall' is too wordy.                                                  write-good.TooWordy 
 207:69  warning  'shall' is too wordy.                                                  write-good.TooWordy 
 207:79  warning  'be assumed' may be passive voice. Use active voice if you can.        write-good.Passive  
 212:14  warning  'shall' is too wordy.                                                  write-good.TooWordy 
 219:12  warning  'shall' is too wordy.                                                  write-good.TooWordy 
 221:27  warning  'is used' may be passive voice. Use active voice if you can.           write-good.Passive  
 221:47  warning  'shall' is too wordy.                                                  write-good.TooWordy 
 221:53  warning  'be calibrated' may be passive voice. Use active voice if you can.     write-good.Passive  
 222:17  warning  'shall' is too wordy.                                                  write-good.TooWordy 
 222:23  warning  'be avoided' may be passive voice. Use active voice if you can.        write-good.Passive  
 227:7   warning  'it is' is too wordy.                                                  write-good.TooWordy 
 234:29  warning  'shall' is too wordy.                                                  write-good.TooWordy 
 234:53  warning  'are classified' may be passive voice. Use active voice if you can.    write-good.Passive  
 235:19  warning  'shall' is too wordy.                                                  write-good.TooWordy 
 236:19  warning  'shall' is too wordy.                                                  write-good.TooWordy 
 236:57  warning  'are evaluated' may be passive voice. Use active voice if you can.     write-good.Passive  
 237:19  warning  'shall' is too wordy.                                                  write-good.TooWordy 
 238:19  warning  'shall' is too wordy.                                                  write-good.TooWordy 
 240:19  warning  'shall' is too wordy.                                                  write-good.TooWordy 
 240:64  warning  'are preserved' may be passive voice. Use active voice if you can.     write-good.Passive  
 242:19  warning  'shall' is too wordy.                                                  write-good.TooWordy 
 243:19  warning  'shall' is too wordy.                                                  write-good.TooWordy 
 243:56  warning  'is revised' may be passive voice. Use active voice if you can.        write-good.Passive  
 245:19  warning  'shall' is too wordy.                                                  write-good.TooWordy 
 246:19  warning  'shall' is too wordy.                                                  write-good.TooWordy 
 247:19  warning  'shall' is too wordy.                                                  write-good.TooWordy 
 249:19  warning  'shall' is too wordy.                                                  write-good.TooWordy 
 249:48  warning  'being mislabeled' may be passive voice. Use active voice if you can.  write-good.Passive  
 250:19  warning  'shall' is too wordy.                                                  write-good.TooWordy 
 252:19  warning  'shall' is too wordy.                                                  write-good.TooWordy 
 252:59  warning  'is considered' may be passive voice. Use active voice if you can.     write-good.Passive  
 257:29  warning  'shall' is too wordy.                                                  write-good.TooWordy 
 258:19  warning  'shall' is too wordy.                                                  write-good.TooWordy 
 259:19  warning  'shall' is too wordy.                                                  write-good.TooWordy 
 261:19  warning  'shall' is too wordy.                                                  write-good.TooWordy 
 262:19  warning  'shall' is too wordy.                                                  write-good.TooWordy 
 263:19  warning  'shall' is too wordy.                                                  write-good.TooWordy 
 264:19  warning  'shall' is too wordy.                                                  write-good.TooWordy 
 265:19  warning  'shall' is too wordy.                                                  write-good.TooWordy 
 266:19  warning  'shall' is too wordy.                                                  write-good.TooWordy 
 268:19  warning  'shall' is too wordy.                                                  write-good.TooWordy 
 268:55  warning  'it is' is too wordy.                                                  write-good.TooWordy 
 276:4   warning  'evaluate' is too wordy.                                               write-good.TooWordy 
 280:47  warning  'is required' may be passive voice. Use active voice if you can.       write-good.Passive  
 284:24  warning  'be made' may be passive voice. Use active voice if you can.           write-good.Passive  
 284:69  warning  'shall' is too wordy.                                                  write-good.TooWordy 
 284:79  warning  'be presented' may be passive voice. Use active voice if you can.      write-good.Passive  
 324:4   warning  'validate' is too wordy.                                               write-good.TooWordy 
 333:12  warning  'shall' is too wordy.                                                  write-good.TooWordy 
 376:20  warning  'is scoped' may be passive voice. Use active voice if you can.         write-good.Passive  
 383:47  warning  'are documented' may be passive voice. Use active voice if you can.    write-good.Passive  
 384:31  warning  'are documented' may be passive voice. Use active voice if you can.    write-good.Passive  
 387:35  warning  'is scoped' may be passive voice. Use active voice if you can.         write-good.Passive  
 416:16  warning  'are mixed' may be passive voice. Use active voice if you can.         write-good.Passive  


 egolint/.agents/specs/architecture/meta/meta.spec.md
 38:42   warning  'shall' is too wordy.                                                   write-good.TooWordy 
 38:48   warning  'be authored' may be passive voice. Use active voice if you can.        write-good.Passive  
 46:1    warning  'It is' is too wordy.                                                   write-good.TooWordy 
 73:3    warning  'methodology' is too wordy.                                             write-good.TooWordy 
 91:45   warning  'be derived' may be passive voice. Use active voice if you can.         write-good.Passive  
 151:43  warning  'it is' is too wordy.                                                   write-good.TooWordy 
 188:47  warning  'substantial' is too wordy.                                             write-good.TooWordy 
 192:19  warning  'are introduced' may be passive voice. Use active voice if you can.     write-good.Passive  
 200:29  warning  'shall' is too wordy.                                                   write-good.TooWordy 
 202:19  warning  'shall' is too wordy.                                                   write-good.TooWordy 
 203:19  warning  'shall' is too wordy.                                                   write-good.TooWordy 
 204:19  warning  'shall' is too wordy.                                                   write-good.TooWordy 
 205:19  warning  'shall' is too wordy.                                                   write-good.TooWordy 
 206:19  warning  'shall' is too wordy.                                                   write-good.TooWordy 
 207:19  warning  'shall' is too wordy.                                                   write-good.TooWordy 
 208:19  warning  'shall' is too wordy.                                                   write-good.TooWordy 
 210:19  warning  'shall' is too wordy.                                                   write-good.TooWordy 
 211:19  warning  'shall' is too wordy.                                                   write-good.TooWordy 
 212:19  warning  'shall' is too wordy.                                                   write-good.TooWordy 
 214:19  warning  'shall' is too wordy.                                                   write-good.TooWordy 
 216:19  warning  'shall' is too wordy.                                                   write-good.TooWordy 
 218:19  warning  'shall' is too wordy.                                                   write-good.TooWordy 
 222:26  warning  'shall' is too wordy.                                                   write-good.TooWordy 
 223:19  warning  'shall' is too wordy.                                                   write-good.TooWordy 
 224:19  warning  'shall' is too wordy.                                                   write-good.TooWordy 
 225:19  warning  'shall' is too wordy.                                                   write-good.TooWordy 
 226:19  warning  'shall' is too wordy.                                                   write-good.TooWordy 
 228:19  warning  'shall' is too wordy.                                                   write-good.TooWordy 
 229:19  warning  'shall' is too wordy.                                                   write-good.TooWordy 
 231:19  warning  'shall' is too wordy.                                                   write-good.TooWordy 
 233:19  warning  'shall' is too wordy.                                                   write-good.TooWordy 
 234:19  warning  'shall' is too wordy.                                                   write-good.TooWordy 
 246:51  warning  'methodology' is too wordy.                                             write-good.TooWordy 
 278:4   warning  'validate' is too wordy.                                                write-good.TooWordy 
 317:4   warning  'validate' is too wordy.                                                write-good.TooWordy 
 326:12  warning  'shall' is too wordy.                                                   write-good.TooWordy 
 356:18  warning  'be generated' may be passive voice. Use active voice if you can.       write-good.Passive  
 363:29  warning  'is inventoried' may be passive voice. Use active voice if you can.     write-good.Passive  
 368:21  warning  'are distinguished' may be passive voice. Use active voice if you can.  write-good.Passive  
 376:41  warning  'are inventoried' may be passive voice. Use active voice if you can.    write-good.Passive  
 377:29  warning  'are explained' may be passive voice. Use active voice if you can.      write-good.Passive  
 380:21  warning  'is provided' may be passive voice. Use active voice if you can.        write-good.Passive  
 381:23  warning  'is provided' may be passive voice. Use active voice if you can.        write-good.Passive  
 382:39  warning  'are represented' may be passive voice. Use active voice if you can.    write-good.Passive  
 384:32  warning  'are documented' may be passive voice. Use active voice if you can.     write-good.Passive  
 385:52  warning  'is duplicated' may be passive voice. Use active voice if you can.      write-good.Passive  
 407:73  warning  'is corrected' may be passive voice. Use active voice if you can.       write-good.Passive  


 egolint/.agents/specs/authoring/specfile.spec.md
 36:52   warning  'shall' is too wordy.                                                  write-good.TooWordy 
 36:58   warning  'be authored' may be passive voice. Use active voice if you can.       write-good.Passive  
 40:29   warning  'requirement' is too wordy.                                            write-good.TooWordy 
 57:20   warning  'validate' is too wordy.                                               write-good.TooWordy 
 96:22   warning  'indicate' is too wordy.                                               write-good.TooWordy 
 97:30   warning  'indicate' is too wordy.                                               write-good.TooWordy 
 102:1   warning  'Requirement' is too wordy.                                            write-good.TooWordy 
 102:22  warning  'shall' is too wordy.                                                  write-good.TooWordy 
 102:32  warning  'be exaggerated' may be passive voice. Use active voice if you can.    write-good.Passive  
 106:21  warning  'shall' is too wordy.                                                  write-good.TooWordy 
 124:21  warning  'shall' is too wordy.                                                  write-good.TooWordy 
 151:65  warning  'shall' is too wordy.                                                  write-good.TooWordy 
 168:7   warning  'Requirement' is too wordy.                                            write-good.TooWordy 
 170:14  warning  'shall' is too wordy.                                                  write-good.TooWordy 
 191:13  warning  'shall' is too wordy.                                                  write-good.TooWordy 
 195:16  warning  'shall' is too wordy.                                                  write-good.TooWordy 
 198:12  warning  'requirement' is too wordy.                                            write-good.TooWordy 
 205:24  warning  'shall' is too wordy.                                                  write-good.TooWordy 
 208:23  warning  'shall' is too wordy.                                                  write-good.TooWordy 
 228:22  warning  'shall' is too wordy.                                                  write-good.TooWordy 
 240:12  warning  'shall' is too wordy.                                                  write-good.TooWordy 
 256:21  warning  'shall' is too wordy.                                                  write-good.TooWordy 
 256:30  warning  'objective' is too wordy.                                              write-good.TooWordy 
 268:10  warning  'requirement' is too wordy.                                            write-good.TooWordy 
 273:37  warning  'multiple' is too wordy.                                               write-good.TooWordy 
 278:9   warning  'shall' is too wordy.                                                  write-good.TooWordy 
 283:17  warning  'shall' is too wordy.                                                  write-good.TooWordy 
 287:12  warning  'shall' is too wordy.                                                  write-good.TooWordy 
 319:16  warning  'is distinguished' may be passive voice. Use active voice if you can.  write-good.Passive  
 321:23  warning  'sufficient' is too wordy.                                             write-good.TooWordy 
 323:27  warning  'is organized' may be passive voice. Use active voice if you can.      write-good.Passive  
 328:25  warning  'is required' may be passive voice. Use active voice if you can.       write-good.Passive  


 egolint/.agents/specs/methodology/reflector.spec.md
 12:9    warning  'methodology' is too wordy.                                           write-good.TooWordy 
 54:13   warning  'authorize' is too wordy.                                             write-good.TooWordy 
 62:39   warning  'authorize' is too wordy.                                             write-good.TooWordy 
 63:12   warning  'is bounded' may be passive voice. Use active voice if you can.       write-good.Passive  
 64:9    warning  'is externalized' may be passive voice. Use active voice if you can.  write-good.Passive  
 65:13   warning  'is escalated' may be passive voice. Use active voice if you can.     write-good.Passive  
 84:43   warning  'additional' is too wordy.                                            write-good.TooWordy 
 123:13  warning  'shall' is too wordy.                                                 write-good.TooWordy 
 123:19  warning  'be recorded' may be passive voice. Use active voice if you can.      write-good.Passive  
 125:11  warning  'shall' is too wordy.                                                 write-good.TooWordy 
 149:25  warning  'shall' is too wordy.                                                 write-good.TooWordy 
 151:3   warning  'maximum' is too wordy.                                               write-good.TooWordy 
 152:3   warning  'maximum' is too wordy.                                               write-good.TooWordy 
 153:3   warning  'maximum' is too wordy.                                               write-good.TooWordy 
 154:3   warning  'maximum' is too wordy.                                               write-good.TooWordy 
 155:3   warning  'maximum' is too wordy.                                               write-good.TooWordy 
 156:3   warning  'maximum' is too wordy.                                               write-good.TooWordy 
 160:14  warning  'is reached' may be passive voice. Use active voice if you can.       write-good.Passive  
 163:9   warning  'is recorded' may be passive voice. Use active voice if you can.      write-good.Passive  
 164:3   warning  'additional' is too wordy.                                            write-good.TooWordy 
 165:25  warning  'is required' may be passive voice. Use active voice if you can.      write-good.Passive  
 187:19  warning  'requirement' is too wordy.                                           write-good.TooWordy 
 191:19  warning  'shall' is too wordy.                                                 write-good.TooWordy 
 196:14  warning  'shall' is too wordy.                                                 write-good.TooWordy 
 215:17  warning  'shall' is too wordy.                                                 write-good.TooWordy 
 226:9   warning  'shall' is too wordy.                                                 write-good.TooWordy 
 239:19  warning  'shall' is too wordy.                                                 write-good.TooWordy 
 247:10  warning  'shall' is too wordy.                                                 write-good.TooWordy 
 251:17  warning  'shall' is too wordy.                                                 write-good.TooWordy 
 257:4   warning  'validate' is too wordy.                                              write-good.TooWordy 
 267:23  warning  'is bounded' may be passive voice. Use active voice if you can.       write-good.Passive  
 268:25  warning  'are recorded' may be passive voice. Use active voice if you can.     write-good.Passive  
 269:23  warning  'is enforced' may be passive voice. Use active voice if you can.      write-good.Passive  
 271:19  warning  'is externalized' may be passive voice. Use active voice if you can.  write-good.Passive  
 273:24  warning  'are defined' may be passive voice. Use active voice if you can.      write-good.Passive  
 275:17  warning  'is escalated' may be passive voice. Use active voice if you can.     write-good.Passive  


 egolint/.agents/specs/publishing/arxiv.spec.md
 38:22   warning  'is treated' may be passive voice. Use active voice if you can.      write-good.Passive  
 43:51   warning  'shall' is too wordy.                                                write-good.TooWordy 
 43:57   warning  'be revalidated' may be passive voice. Use active voice if you can.  write-good.Passive  
 50:7    warning  'shall' is too wordy.                                                write-good.TooWordy 
 50:40   warning  'be transformed' may be passive voice. Use active voice if you can.  write-good.Passive  
 64:16   warning  'shall' is too wordy.                                                write-good.TooWordy 
 66:4    warning  'shall' is too wordy.                                                write-good.TooWordy 
 71:52   warning  'are derived' may be passive voice. Use active voice if you can.     write-good.Passive  
 73:10   warning  'shall' is too wordy.                                                write-good.TooWordy 
 77:8    warning  'shall' is too wordy.                                                write-good.TooWordy 
 88:14   warning  'Requirement' is too wordy.                                          write-good.TooWordy 
 90:21   warning  'shall' is too wordy.                                                write-good.TooWordy 
 90:27   warning  'be recorded' may be passive voice. Use active voice if you can.     write-good.Passive  
 91:1    warning  'requirement' is too wordy.                                          write-good.TooWordy 
 93:11   warning  'shall' is too wordy.                                                write-good.TooWordy 
 118:19  warning  'shall' is too wordy.                                                write-good.TooWordy 
 137:36  warning  'shall' is too wordy.                                                write-good.TooWordy 
 137:73  warning  'is required' may be passive voice. Use active voice if you can.     write-good.Passive  
 142:18  warning  'shall' is too wordy.                                                write-good.TooWordy 
 180:18  warning  'shall' is too wordy.                                                write-good.TooWordy 
 184:9   warning  'shall' is too wordy.                                                write-good.TooWordy 
 187:16  warning  'validate' is too wordy.                                             write-good.TooWordy 
 199:13  warning  'shall' is too wordy.                                                write-good.TooWordy 
 209:23  warning  'shall' is too wordy.                                                write-good.TooWordy 
 214:13  warning  'shall' is too wordy.                                                write-good.TooWordy 
 216:3   warning  'validate' is too wordy.                                             write-good.TooWordy 
 226:11  warning  'shall' is too wordy.                                                write-good.TooWordy 
 239:19  warning  'shall' is too wordy.                                                write-good.TooWordy 
 239:25  warning  'be treated' may be passive voice. Use active voice if you can.      write-good.Passive  
 246:17  warning  'shall' is too wordy.                                                write-good.TooWordy 
 267:13  warning  'shall' is too wordy.                                                write-good.TooWordy 
 267:19  warning  'be reported' may be passive voice. Use active voice if you can.     write-good.Passive  
 271:14  warning  'shall' is too wordy.                                                write-good.TooWordy 
 274:4   warning  'shall' is too wordy.                                                write-good.TooWordy 
 295:1   warning  'Validate' is too wordy.                                             write-good.TooWordy 
 315:11  warning  'shall' is too wordy.                                                write-good.TooWordy 
 316:56  warning  'is found' may be passive voice. Use active voice if you can.        write-good.Passive  
 317:1   warning  'be generated' may be passive voice. Use active voice if you can.    write-good.Passive  
 317:35  warning  'was mutated' may be passive voice. Use active voice if you can.     write-good.Passive  
 319:11  warning  'shall' is too wordy.                                                write-good.TooWordy 
 319:52  warning  'shall' is too wordy.                                                write-good.TooWordy 
 323:36  warning  'additional' is too wordy.                                           write-good.TooWordy 
 335:20  warning  'shall' is too wordy.                                                write-good.TooWordy 
 337:14  warning  'prioritize' is too wordy.                                           write-good.TooWordy 
 343:23  warning  'is isolated' may be passive voice. Use active voice if you can.     write-good.Passive  
 346:40  warning  'are validated' may be passive voice. Use active voice if you can.   write-good.Passive  
 347:47  warning  'are detected' may be passive voice. Use active voice if you can.    write-good.Passive  
 349:28  warning  'is preserved' may be passive voice. Use active voice if you can.    write-good.Passive  
 350:28  warning  'is required' may be passive voice. Use active voice if you can.     write-good.Passive  
 351:37  warning  'are generated' may be passive voice. Use active voice if you can.   write-good.Passive  


 egolint/.agents/specs/quality/auditor.spec.md
 47:7    warning  'shall' is too wordy.                                                 write-good.TooWordy 
 47:26   warning  'be audited' may be passive voice. Use active voice if you can.       write-good.Passive  
 54:13   warning  'authorize' is too wordy.                                             write-good.TooWordy 
 59:13   warning  'shall' is too wordy.                                                 write-good.TooWordy 
 93:19   warning  'is required' may be passive voice. Use active voice if you can.      write-good.Passive  
 95:19   warning  'shall' is too wordy.                                                 write-good.TooWordy 
 95:25   warning  'be recorded' may be passive voice. Use active voice if you can.      write-good.Passive  
 114:17  warning  'shall' is too wordy.                                                 write-good.TooWordy 
 114:23  warning  'be reported' may be passive voice. Use active voice if you can.      write-good.Passive  
 160:13  warning  'shall' is too wordy.                                                 write-good.TooWordy 
 165:26  warning  'shall' is too wordy.                                                 write-good.TooWordy 
 222:25  warning  'shall' is too wordy.                                                 write-good.TooWordy 
 246:3   warning  'methodology' is too wordy.                                           write-good.TooWordy 
 247:3   warning  'overall' is too wordy.                                               write-good.TooWordy 
 258:18  warning  'shall' is too wordy.                                                 write-good.TooWordy 
 258:24  warning  'be marked' may be passive voice. Use active voice if you can.        write-good.Passive  
 269:20  warning  'shall' is too wordy.                                                 write-good.TooWordy 
 274:30  warning  'shall' is too wordy.                                                 write-good.TooWordy 
 292:20  warning  'shall' is too wordy.                                                 write-good.TooWordy 
 292:30  warning  'be modified' may be passive voice. Use active voice if you can.      write-good.Passive  
 296:45  warning  'shall' is too wordy.                                                 write-good.TooWordy 
 298:3   warning  'modify' is too wordy.                                                write-good.TooWordy 
 309:22  warning  'be proposed' may be passive voice. Use active voice if you can.      write-good.Passive  
 317:6   warning  'shall' is too wordy.                                                 write-good.TooWordy 
 317:16  warning  'be created' may be passive voice. Use active voice if you can.       write-good.Passive  
 321:13  warning  'shall' is too wordy.                                                 write-good.TooWordy 
 328:17  warning  'prioritize' is too wordy.                                            write-good.TooWordy 
 336:37  warning  'are recorded' may be passive voice. Use active voice if you can.     write-good.Passive  
 338:23  warning  'was followed' may be passive voice. Use active voice if you can.     write-good.Passive  
 339:25  warning  'were considered' may be passive voice. Use active voice if you can.  write-good.Passive  
 342:56  warning  'are normalized' may be passive voice. Use active voice if you can.   write-good.Passive  
 343:29  warning  'are included' may be passive voice. Use active voice if you can.     write-good.Passive  
 345:37  warning  'is supported' may be passive voice. Use active voice if you can.     write-good.Passive  


 egolint/.ansible/inventories/README.md
 3:61  warning  'validate' is too wordy.                                           write-good.TooWordy 
 5:42  warning  'be committed' may be passive voice. Use active voice if you can.  write-good.Passive  


 egolint/.config/lint/README.md
 14:26  warning  'are cataloged' may be passive voice. Use active voice if you can.  write-good.Passive 


 egolint/.config/lint/prose/styles/proselint/README.md
 6:82   warning  'are permitted' may be passive voice. Use active voice if you can.   write-good.Passive  
 6:96   warning  'provided that' is too wordy.                                        write-good.TooWordy 
 7:22   warning  'are met' may be passive voice. Use active voice if you can.         write-good.Passive  
 9:40   warning  'retain' is too wordy.                                               write-good.TooWordy 
 16:83  warning  'be used' may be passive voice. Use active voice if you can.         write-good.Passive  
 19:15  warning  'IS PROVIDED' may be passive voice. Use active voice if you can.     write-good.Passive  
 21:20  warning  'ARE DISCLAIMED' may be passive voice. Use active voice if you can.  write-good.Passive  
 21:48  warning  'SHALL' is too wordy.                                                write-good.TooWordy 
 24:1   warning  'HOWEVER' is too wordy.                                              write-good.TooWordy 


 egolint/.config/megalinter/README.md
 24:52  warning  'validate' is too wordy.                                          write-good.TooWordy 
 51:17  warning  'be reported' may be passive voice. Use active voice if you can.  write-good.Passive  


 egolint/README.md
 45:7    warning  'exclusively' is too wordy.                                        write-good.TooWordy 
 48:20   warning  'is preserved' may be passive voice. Use active voice if you can.  write-good.Passive  
 103:21  warning  'are skipped' may be passive voice. Use active voice if you can.   write-good.Passive  
 104:10  warning  'are reported' may be passive voice. Use active voice if you can.  write-good.Passive  


 identity/ARCHITECTURE.md
 22:20  warning  'are versioned' may be passive voice. Use active voice if you can.  write-good.Passive 


 identity/EXTRACTION.md
 12:21  warning  'are versioned' may be passive voice. Use active voice if you can.  write-good.Passive 


 identity/PROVENANCE.md
 5:17   warning  'was designed' may be passive voice. Use active voice if you can.     write-good.Passive 
 10:20  warning  'was informed' may be passive voice. Use active voice if you can.     write-good.Passive 
 19:44  warning  'is incorporated' may be passive voice. Use active voice if you can.  write-good.Passive 


 llms.txt
 7:52  warning  'retain' is too wordy.  write-good.TooWordy 


 mantle/ARCHITECTURE.md
 101:70  warning  'acquire' is too wordy.  write-good.TooWordy 


 mantle/CONTRIBUTING.md
 39:14  warning  'are checked' may be passive voice. Use active voice if you can.   write-good.Passive  
 42:34  warning  'are consumed' may be passive voice. Use active voice if you can.  write-good.Passive  
 62:67  warning  'equivalent' is too wordy.                                         write-good.TooWordy 


 mantle/INSTALLER_ASSURANCE.md
 32:32  warning  'are rejected' may be passive voice. Use active voice if you can.  write-good.Passive 
 36:27  warning  'is pinned' may be passive voice. Use active voice if you can.     write-good.Passive 
 38:27  warning  'are labeled' may be passive voice. Use active voice if you can.   write-good.Passive 


 mantle/PROVENANCE.md
 12:66  warning  'was consolidated' may be passive voice. Use active voice if you can.  write-good.Passive  
 13:63  warning  'subsequent' is too wordy.                                             write-good.TooWordy 
 30:33  warning  'it is' is too wordy.                                                  write-good.TooWordy 
 40:1   warning  'substantially' is a weasel word!                                      write-good.Weasel   
 45:22  warning  'were modified' may be passive voice. Use active voice if you can.     write-good.Passive  
 50:22  warning  'sufficient' is too wordy.                                             write-good.TooWordy 
 54:14  warning  'be verified' may be passive voice. Use active voice if you can.       write-good.Passive  


 mantle/README.md
 37:15    warning  'is composed' may be passive voice. Use active voice if you can.     write-good.Passive  
 47:53    warning  'is designed' may be passive voice. Use active voice if you can.     write-good.Passive  
 51:124   warning  'It is' is too wordy.                                                write-good.TooWordy 
 72:3     warning  'Additional' is too wordy.                                           write-good.TooWordy 
 78:42    warning  'be sourced' may be passive voice. Use active voice if you can.      write-good.Passive  
 146:59   warning  'are managed' may be passive voice. Use active voice if you can.     write-good.Passive  
 191:49   warning  'usually' is a weasel word!                                          write-good.Weasel   
 266:51   warning  'is parsed' may be passive voice. Use active voice if you can.       write-good.Passive  
 277:1    warning  'is required' may be passive voice. Use active voice if you can.     write-good.Passive  
 334:92   warning  'additional' is too wordy.                                           write-good.TooWordy 
 348:168  warning  'be treated' may be passive voice. Use active voice if you can.      write-good.Passive  
 353:36   warning  'are documented' may be passive voice. Use active voice if you can.  write-good.Passive  
 355:10   warning  'are recorded' may be passive voice. Use active voice if you can.    write-good.Passive  
 433:37   warning  'is sourced' may be passive voice. Use active voice if you can.      write-good.Passive  
 440:25   warning  'is loaded' may be passive voice. Use active voice if you can.       write-good.Passive  
 447:28   warning  'is rejected' may be passive voice. Use active voice if you can.     write-good.Passive  
 449:29   warning  'are sourced' may be passive voice. Use active voice if you can.     write-good.Passive  
 474:27   warning  'is implemented' may be passive voice. Use active voice if you can.  write-good.Passive  
 480:14   warning  'are tested' may be passive voice. Use active voice if you can.      write-good.Passive  
 483:27   warning  'is discovered' may be passive voice. Use active voice if you can.   write-good.Passive  
 518:39   warning  'several' is a weasel word!                                          write-good.Weasel   
 521:30   warning  'are enabled' may be passive voice. Use active voice if you can.     write-good.Passive  
 521:100  warning  'is changed' may be passive voice. Use active voice if you can.      write-good.Passive  
 526:27   warning  'are created' may be passive voice. Use active voice if you can.     write-good.Passive  
 527:47   warning  'are validated' may be passive voice. Use active voice if you can.   write-good.Passive  
 545:39   warning  'equivalent' is too wordy.                                           write-good.TooWordy 
 574:7    warning  'are intended' may be passive voice. Use active voice if you can.    write-good.Passive  
 609:25   warning  'be inferred' may be passive voice. Use active voice if you can.     write-good.Passive  


 mantle/audits/mantle-holistic-polish-20260806T124442Z.md
 21:164    warning  'be executed' may be passive voice. Use active voice if you can.       write-good.Passive  
 29:87     warning  'prior to' is too wordy.                                               write-good.TooWordy 
 29:124    warning  'been implemented' may be passive voice. Use active voice if you can.  write-good.Passive  
 31:80     warning  'are recommended' may be passive voice. Use active voice if you can.   write-good.Passive  
 32:53     warning  'several' is a weasel word!                                            write-good.Weasel   
 36:19     warning  'are recorded' may be passive voice. Use active voice if you can.      write-good.Passive  
 133:7     warning  'Methodology' is too wordy.                                            write-good.TooWordy 
 146:66    warning  'several' is a weasel word!                                            write-good.Weasel   
 165:7     warning  'Overall' is too wordy.                                                write-good.TooWordy 
 189:103   warning  'be resolved' may be passive voice. Use active voice if you can.       write-good.Passive  
 190:139   warning  'be resolved' may be passive voice. Use active voice if you can.       write-good.Passive  
 193:58    warning  'is resolved' may be passive voice. Use active voice if you can.       write-good.Passive  
 244:71    warning  'is computed' may be passive voice. Use active voice if you can.       write-good.Passive  
 293:32    warning  'be done' may be passive voice. Use active voice if you can.           write-good.Passive  
 309:194   warning  'However' is too wordy.                                                write-good.TooWordy 
 309:265   warning  'be captured' may be passive voice. Use active voice if you can.       write-good.Passive  
 320:128   warning  'be detected' may be passive voice. Use active voice if you can.       write-good.Passive  
 322:114   warning  'minimum' is too wordy.                                                write-good.TooWordy 
 346:77    warning  'is produced' may be passive voice. Use active voice if you can.       write-good.Passive  
 383:63    warning  'equivalent' is too wordy.                                             write-good.TooWordy 
 383:152   warning  'multiple' is too wordy.                                               write-good.TooWordy 
 415:1     error    Don't start a sentence with 'There are'.                               write-good.ThereIs  
 415:153   error    Don't start a sentence with 'There is'.                                write-good.ThereIs  
 483:241   warning  'it is' is too wordy.                                                  write-good.TooWordy 
 483:244   warning  'is sourced' may be passive voice. Use active voice if you can.        write-good.Passive  
 485:68    warning  'be sourced' may be passive voice. Use active voice if you can.        write-good.Passive  
 501:94    warning  'equivalent' is too wordy.                                             write-good.TooWordy 
 503:41    warning  'clearly' is a weasel word!                                            write-good.Weasel   
 539:160   warning  'is restored' may be passive voice. Use active voice if you can.       write-good.Passive  
 561:120   warning  'are exported' may be passive voice. Use active voice if you can.      write-good.Passive  
 609:90    warning  'Several' is a weasel word!                                            write-good.Weasel   
 609:242   warning  'it is' is too wordy.                                                  write-good.TooWordy 
 625:126   warning  'was added' may be passive voice. Use active voice if you can.         write-good.Passive  
 643:43    warning  'is noted' may be passive voice. Use active voice if you can.          write-good.Passive  
 656:120   warning  'be run' may be passive voice. Use active voice if you can.            write-good.Passive  
 656:155   warning  'been validated' may be passive voice. Use active voice if you can.    write-good.Passive  
 672:121   warning  'However' is too wordy.                                                write-good.TooWordy 
 733:37    warning  'are registered' may be passive voice. Use active voice if you can.    write-good.Passive  
 739:50    warning  'be sourced' may be passive voice. Use active voice if you can.        write-good.Passive  
 775:165   warning  'is backed' may be passive voice. Use active voice if you can.         write-good.Passive  
 785:72    warning  'requirement' is too wordy.                                            write-good.TooWordy 
 790:71    warning  'requirement' is too wordy.                                            write-good.TooWordy 
 791:50    warning  'requirement' is too wordy.                                            write-good.TooWordy 
 796:18    warning  'Validate' is too wordy.                                               write-good.TooWordy 
 803:3     warning  'Evaluate' is too wordy.                                               write-good.TooWordy 
 824:8     warning  'are ordered' may be passive voice. Use active voice if you can.       write-good.Passive  
 896:75    warning  'be produced' may be passive voice. Use active voice if you can.       write-good.Passive  
 915:74    warning  'requirement' is too wordy.                                            write-good.TooWordy 
 924:35    warning  'requirement' is too wordy.                                            write-good.TooWordy 
 936:48    warning  'requirement' is too wordy.                                            write-good.TooWordy 
 937:190   warning  'is required' may be passive voice. Use active voice if you can.       write-good.Passive  
 948:107   warning  'be run' may be passive voice. Use active voice if you can.            write-good.Passive  
 960:110   warning  'evaluate' is too wordy.                                               write-good.TooWordy 
 963:90    warning  'is expected' may be passive voice. Use active voice if you can.       write-good.Passive  
 963:105   warning  'be installed' may be passive voice. Use active voice if you can.      write-good.Passive  
 971:58    warning  'be run' may be passive voice. Use active voice if you can.            write-good.Passive  
 973:196   warning  'be required' may be passive voice. Use active voice if you can.       write-good.Passive  
 975:125   warning  'is enabled' may be passive voice. Use active voice if you can.        write-good.Passive  
 977:110   warning  'be added' may be passive voice. Use active voice if you can.          write-good.Passive  
 1013:163  warning  'were read' may be passive voice. Use active voice if you can.         write-good.Passive  
 1096:13   warning  'is marked' may be passive voice. Use active voice if you can.         write-good.Passive  
 1105:69   warning  'be installed' may be passive voice. Use active voice if you can.      write-good.Passive  


 mantle/lib/install/README.md
 57:66   warning  'is found' may be passive voice. Use active voice if you can.       write-good.Passive 
 61:12   warning  'are rejected' may be passive voice. Use active voice if you can.   write-good.Passive 
 62:15   warning  'are staged' may be passive voice. Use active voice if you can.     write-good.Passive 
 65:21   warning  'is restricted' may be passive voice. Use active voice if you can.  write-good.Passive 
 108:35  warning  'be set' may be passive voice. Use active voice if you can.         write-good.Passive 
 109:16  warning  'is used' may be passive voice. Use active voice if you can.        write-good.Passive 


 mantle/libexec/mantle/README.md
 3:60   warning  'are dispatched' may be passive voice. Use active voice if you can.  write-good.Passive 
 30:17  warning  'are named' may be passive voice. Use active voice if you can.       write-good.Passive 
 30:60  warning  'be executed' may be passive voice. Use active voice if you can.     write-good.Passive 


 mantle/runtime/shells/fish/README.md
 16:71  warning  'are preserved' may be passive voice. Use active voice if you can.  write-good.Passive 


 mantle/runtime/shells/fish/completions/README.md
 4:54  warning  'are required' may be passive voice. Use active voice if you can.  write-good.Passive 


 mantle/tests/README.md
 10:57   warning  'Minimum' is too wordy.                                             write-good.TooWordy 
 20:31   warning  'be skipped' may be passive voice. Use active voice if you can.     write-good.Passive  
 21:10   warning  'all of' is too wordy.                                              write-good.TooWordy 
 58:19   warning  'equivalent' is too wordy.                                          write-good.TooWordy 
 72:33   warning  'equivalent' is too wordy.                                          write-good.TooWordy 
 154:15  warning  'are replaced' may be passive voice. Use active voice if you can.   write-good.Passive  
 188:16  warning  'is added' may be passive voice. Use active voice if you can.       write-good.Passive  
 235:22  warning  'are isolated' may be passive voice. Use active voice if you can.   write-good.Passive  
 250:20  warning  'are launched' may be passive voice. Use active voice if you can.   write-good.Passive  
 287:7   warning  'are isolated' may be passive voice. Use active voice if you can.   write-good.Passive  
 338:49  warning  'is validated' may be passive voice. Use active voice if you can.   write-good.Passive  
 359:41  warning  'are installed' may be passive voice. Use active voice if you can.  write-good.Passive  
 379:13  warning  'are designed' may be passive voice. Use active voice if you can.   write-good.Passive  
 397:60  warning  'is involved' may be passive voice. Use active voice if you can.    write-good.Passive  


 mindgarden/ARCHITECTURE.md
 30:34  warning  'are bounded' may be passive voice. Use active voice if you can.   write-good.Passive 
 35:10  warning  'is committed' may be passive voice. Use active voice if you can.  write-good.Passive 


 mindgarden/EXTRACTION.md
 12:21  warning  'are versioned' may be passive voice. Use active voice if you can.  write-good.Passive 
 19:76  warning  'be projected' may be passive voice. Use active voice if you can.   write-good.Passive 


 mindgarden/PROVENANCE.md
 5:12   warning  'was incubated' may be passive voice. Use active voice if you can.  write-good.Passive 
 14:17  warning  'is retained' may be passive voice. Use active voice if you can.    write-good.Passive 
 14:50  warning  'was expanded' may be passive voice. Use active voice if you can.   write-good.Passive 
 35:31  warning  'be evaluated' may be passive voice. Use active voice if you can.   write-good.Passive 
 40:65  warning  'are vendored' may be passive voice. Use active voice if you can.   write-good.Passive 


 mindgarden/README.md
 30:35  warning  'multiple' is too wordy.                                              write-good.TooWordy 
 59:1   warning  'Validate' is too wordy.                                              write-good.TooWordy 
 73:50  warning  'are recorded' may be passive voice. Use active voice if you can.     write-good.Passive  
 75:47  warning  'are defined' may be passive voice. Use active voice if you can.      write-good.Passive  
 78:36  warning  'is incorporated' may be passive voice. Use active voice if you can.  write-good.Passive  


 mindgarden/profiles/agent/README.md
 4:37   warning  'It is' is too wordy.                                             write-good.TooWordy 
 8:20   warning  'acquire' is too wordy.                                           write-good.TooWordy 
 40:31  warning  'is returned' may be passive voice. Use active voice if you can.  write-good.Passive  
 41:29  warning  'is required' may be passive voice. Use active voice if you can.  write-good.Passive  


 mindgarden/profiles/obsidian/README.md
 23:69  warning  'is scoped' may be passive voice. Use active voice if you can.    write-good.Passive 
 28:17  warning  'is declared' may be passive voice. Use active voice if you can.  write-good.Passive 
 44:49  warning  'are copied' may be passive voice. Use active voice if you can.   write-good.Passive 


 mindgarden/profiles/quartz/README.md
 12:30  warning  'are rejected' may be passive voice. Use active voice if you can.   write-good.Passive  
 13:51  warning  'are omitted' may be passive voice. Use active voice if you can.    write-good.Passive  
 16:45  warning  'are rejected' may be passive voice. Use active voice if you can.   write-good.Passive  
 26:36  warning  'are required' may be passive voice. Use active voice if you can.   write-good.Passive  
 52:5   warning  'equivalent' is too wordy.                                          write-good.TooWordy 
 62:69  warning  'is generated' may be passive voice. Use active voice if you can.   write-good.Passive  
 66:49  warning  'are committed' may be passive voice. Use active voice if you can.  write-good.Passive  
 70:57  warning  'it is' is too wordy.                                               write-good.TooWordy 
 74:32  warning  'are pinned' may be passive voice. Use active voice if you can.     write-good.Passive  

✖ 4 errors, 2019 warnings and 0 suggestions in 236 files.

