Results of proselint linter (version 0.16.0)
See documentation on https://megalinter.io/10.0.0/descriptors/spell_proselint/
-----------------------------------------------

❌ [ERROR] for workspace /github/workspace
Linter raw log:
.audits/2026-08-15-staging-home-audit.md:107:23: annotations.misc: Annotation left in text.
.audits/2026-08-15-staging-home-audit.md:107:42: annotations.misc: Annotation left in text.
.audits/2026-08-16-taskfile-promotion.md:42:147: typography.symbols.sentence_spacing: More than two spaces after the period; use 1 or 2.
.audits/2026-08-16-taskfile-promotion.md:43:228: typography.symbols.sentence_spacing: More than two spaces after the period; use 1 or 2.
.audits/2026-08-16-taskfile-promotion.md:44:134: typography.symbols.sentence_spacing: More than two spaces after the period; use 1 or 2.
.audits/2026-08-16-taskfile-promotion.md:45:78: annotations.misc: Annotation left in text.
.audits/2026-08-16-taskfile-promotion.md:46:78: annotations.misc: Annotation left in text.
.audits/2026-08-16-taskfile-promotion.md:46:207: typography.symbols.sentence_spacing: More than two spaces after the period; use 1 or 2.
.audits/2026-08-16-taskfile-promotion.md:47:78: annotations.misc: Annotation left in text.
.audits/2026-08-16-taskfile-promotion.md:47:175: typography.symbols.sentence_spacing: More than two spaces after the period; use 1 or 2.
.audits/2026-08-16-taskfile-promotion.md:48:78: annotations.misc: Annotation left in text.
.audits/2026-08-16-taskfile-promotion.md:48:221: typography.symbols.sentence_spacing: More than two spaces after the period; use 1 or 2.
.audits/2026-08-16-taskfile-promotion.md:49:114: typography.symbols.sentence_spacing: More than two spaces after the period; use 1 or 2.
.audits/2026-08-16-taskfile-promotion.md:50:90: uncomparables: Comparison of an uncomparable: 'less complete' is not comparable.
.audits/2026-08-16-taskfile-promotion.md:50:133: typography.symbols.sentence_spacing: More than two spaces after the period; use 1 or 2.
.audits/2026-08-16-taskfile-promotion.md:51:109: typography.symbols.sentence_spacing: More than two spaces after the period; use 1 or 2.
.audits/egolint/2026-08-11-complementary-toolchain-audit.md:6:18: misc.phrasal_adjectives.ly: No hyphen is necessary in phrasal adjectives with an adverb ending in -ly, unless the -ly adverb is part of a longer phrase.
.audits/egolint/2026-08-11-complementary-toolchain-audit.md:28:66: typography.symbols.sentence_spacing: More than two spaces after the period; use 1 or 2.
.audits/egolint/2026-08-11-complementary-toolchain-audit.md:29:69: typography.symbols.sentence_spacing: More than two spaces after the period; use 1 or 2.
.audits/egolint/2026-08-11-complementary-toolchain-audit.md:31:78: typography.symbols.sentence_spacing: More than two spaces after the period; use 1 or 2.
.audits/egolint/2026-08-11-complementary-toolchain-audit.md:32:74: typography.symbols.sentence_spacing: More than two spaces after the period; use 1 or 2.
.audits/egolint/2026-08-11-complementary-toolchain-audit.md:33:70: typography.symbols.sentence_spacing: More than two spaces after the period; use 1 or 2.
.audits/egolint/2026-08-11-complementary-toolchain-audit.md:34:68: typography.symbols.sentence_spacing: More than two spaces after the period; use 1 or 2.
.audits/egolint/2026-08-11-complementary-toolchain-audit.md:35:69: typography.symbols.sentence_spacing: More than two spaces after the period; use 1 or 2.
.audits/egolint/2026-08-11-complementary-toolchain-audit.md:91:4: misc.phrasal_adjectives.ly: No hyphen is necessary in phrasal adjectives with an adverb ending in -ly, unless the -ly adverb is part of a longer phrase.
.audits/egolint/2026-08-11-integration-audit.md:128:21: misc.phrasal_adjectives.ly: No hyphen is necessary in phrasal adjectives with an adverb ending in -ly, unless the -ly adverb is part of a longer phrase.
.audits/egolint/2026-08-11-megalinter-v10-policy-audit.md:64:17: misc.phrasal_adjectives.ly: No hyphen is necessary in phrasal adjectives with an adverb ending in -ly, unless the -ly adverb is part of a longer phrase.
.audits/egolint/2026-08-11-megalinter-v10-policy-audit.md:98:13: dates_times.dates.decade_apostrophes: Apostrophes aren't needed for decades.
.audits/egolint/2026-08-11-reporting-and-dependency-audit.md:70:8: misc.phrasal_adjectives.ly: No hyphen is necessary in phrasal adjectives with an adverb ending in -ly, unless the -ly adverb is part of a longer phrase.
.garden/dashboard.md:6:9: lexical_illusions: There's a lexical illusion in 'reviewed
reviewed' - a phrase is repeated.
.garden/dashboard.md:46:44: misc.phrasal_adjectives.ly: No hyphen is necessary in phrasal adjectives with an adverb ending in -ly, unless the -ly adverb is part of a longer phrase.
.garden/home.md:6:9: lexical_illusions: There's a lexical illusion in 'reviewed
reviewed' - a phrase is repeated.
.garden/projects/README.md:6:9: lexical_illusions: There's a lexical illusion in 'reviewed
reviewed' - a phrase is repeated.
.garden/projects/egohygiene-web-namespace.md:6:9: lexical_illusions: There's a lexical illusion in 'reviewed
reviewed' - a phrase is repeated.
.garden/projects/egohygiene-web-namespace.md:120:55: typography.symbols.curly_quotes: Use curly quotes “”, not straight quotes "".
.garden/projects/egohygiene-web-namespace.md:192:9: typography.symbols.ellipsis: '...' is an approximation, use the ellipsis symbol '…'.
.garden/projects/repository-intelligence-dashboard.md:6:9: lexical_illusions: There's a lexical illusion in 'reviewed
reviewed' - a phrase is repeated.
.garden/projects/repository-intelligence-dashboard.md:58:142: typography.symbols.sentence_spacing: More than two spaces after the period; use 1 or 2.
.garden/projects/repository-intelligence-dashboard.md:59:141: typography.symbols.sentence_spacing: More than two spaces after the period; use 1 or 2.
.garden/projects/repository-intelligence-dashboard.md:60:3: misc.phrasal_adjectives.ly: No hyphen is necessary in phrasal adjectives with an adverb ending in -ly, unless the -ly adverb is part of a longer phrase.
.garden/projects/repository-intelligence-dashboard.md:60:129: typography.symbols.sentence_spacing: More than two spaces after the period; use 1 or 2.
.garden/projects/repository-intelligence-dashboard.md:77:3: typography.symbols.curly_quotes: Use curly quotes “”, not straight quotes "".
.garden/projects/repository-intelligence-dashboard.md:78:3: typography.symbols.curly_quotes: Use curly quotes “”, not straight quotes "".
.garden/projects/repository-intelligence-dashboard.md:79:3: typography.symbols.curly_quotes: Use curly quotes “”, not straight quotes "".
.garden/projects/repository-intelligence-dashboard.md:79:15: typography.symbols.curly_quotes: Use curly quotes “”, not straight quotes "".
.garden/projects/repository-intelligence-dashboard.md:80:3: typography.symbols.curly_quotes: Use curly quotes “”, not straight quotes "".
.garden/projects/repository-intelligence-dashboard.md:81:3: typography.symbols.curly_quotes: Use curly quotes “”, not straight quotes "".
.garden/projects/repository-intelligence-dashboard.md:82:3: typography.symbols.curly_quotes: Use curly quotes “”, not straight quotes "".
.garden/projects/repository-intelligence-dashboard.md:83:3: typography.symbols.curly_quotes: Use curly quotes “”, not straight quotes "".
.garden/projects/repository-intelligence-dashboard.md:84:5: typography.symbols.curly_quotes: Use curly quotes “”, not straight quotes "".
.garden/projects/repository-intelligence-dashboard.md:85:5: typography.symbols.curly_quotes: Use curly quotes “”, not straight quotes "".
.garden/projects/repository-intelligence-dashboard.md:87:3: typography.symbols.curly_quotes: Use curly quotes “”, not straight quotes "".
.garden/projects/repository-intelligence-dashboard.md:88:5: typography.symbols.curly_quotes: Use curly quotes “”, not straight quotes "".
.garden/projects/repository-intelligence-dashboard.md:88:14: typography.symbols.curly_quotes: Use curly quotes “”, not straight quotes "".
.garden/projects/repository-intelligence-dashboard.md:89:5: typography.symbols.curly_quotes: Use curly quotes “”, not straight quotes "".
.garden/projects/repository-intelligence-dashboard.md:91:3: typography.symbols.curly_quotes: Use curly quotes “”, not straight quotes "".
.garden/projects/repository-intelligence-dashboard.md:92:5: typography.symbols.curly_quotes: Use curly quotes “”, not straight quotes "".
.garden/projects/repository-intelligence-dashboard.md:92:14: typography.symbols.curly_quotes: Use curly quotes “”, not straight quotes "".
.garden/projects/repository-intelligence-dashboard.md:93:5: typography.symbols.curly_quotes: Use curly quotes “”, not straight quotes "".
.garden/projects/repository-intelligence-dashboard.md:94:5: typography.symbols.curly_quotes: Use curly quotes “”, not straight quotes "".
.garden/projects/repository-intelligence-dashboard.md:95:5: typography.symbols.curly_quotes: Use curly quotes “”, not straight quotes "".
.garden/projects/repository-intelligence-dashboard.md:96:5: typography.symbols.curly_quotes: Use curly quotes “”, not straight quotes "".
.garden/projects/repository-intelligence-dashboard.md:96:22: typography.symbols.curly_quotes: Use curly quotes “”, not straight quotes "".
.garden/projects/repository-intelligence-dashboard.md:98:3: typography.symbols.curly_quotes: Use curly quotes “”, not straight quotes "".
.garden/projects/repository-intelligence-dashboard.md:99:5: typography.symbols.curly_quotes: Use curly quotes “”, not straight quotes "".
.garden/projects/repository-intelligence-dashboard.md:99:14: typography.symbols.curly_quotes: Use curly quotes “”, not straight quotes "".
.garden/projects/repository-intelligence-dashboard.md:100:5: typography.symbols.curly_quotes: Use curly quotes “”, not straight quotes "".
.garden/projects/repository-intelligence-dashboard.md:100:17: typography.symbols.curly_quotes: Use curly quotes “”, not straight quotes "".
.garden/projects/repository-intelligence-dashboard.md:101:5: typography.symbols.curly_quotes: Use curly quotes “”, not straight quotes "".
.garden/projects/repository-intelligence-dashboard.md:101:15: typography.symbols.curly_quotes: Use curly quotes “”, not straight quotes "".
.garden/projects/repository-intelligence-dashboard.md:102:5: typography.symbols.curly_quotes: Use curly quotes “”, not straight quotes "".
.garden/projects/repository-intelligence-dashboard.md:104:3: typography.symbols.curly_quotes: Use curly quotes “”, not straight quotes "".
.garden/projects/repository-intelligence-dashboard.md:105:5: typography.symbols.curly_quotes: Use curly quotes “”, not straight quotes "".
.garden/projects/repository-intelligence-dashboard.md:106:5: typography.symbols.curly_quotes: Use curly quotes “”, not straight quotes "".
.garden/projects/repository-intelligence-dashboard.md:107:5: typography.symbols.curly_quotes: Use curly quotes “”, not straight quotes "".
.garden/projects/repository-intelligence-dashboard.md:108:5: typography.symbols.curly_quotes: Use curly quotes “”, not straight quotes "".
.garden/projects/repository-intelligence-dashboard.md:110:3: typography.symbols.curly_quotes: Use curly quotes “”, not straight quotes "".
.github/actions/generate-repository-intelligence/README.md:38:19: typography.symbols.curly_quotes: Use curly quotes “”, not straight quotes "".
.github/actions/generate-repository-intelligence/README.md:39:21: typography.symbols.curly_quotes: Use curly quotes “”, not straight quotes "".
.github/actions/generate-repository-intelligence/README.md:40:27: typography.symbols.curly_quotes: Use curly quotes “”, not straight quotes "".
.github/actions/normalize-repository-report/README.md:30:138: typography.symbols.sentence_spacing: More than two spaces after the period; use 1 or 2.
.github/actions/normalize-repository-report/README.md:31:142: typography.symbols.sentence_spacing: More than two spaces after the period; use 1 or 2.
.github/security/dependabot-dismissals.md:12:29: dates_times.am_pm.lowercase_periods: It's standard to use periods for lowercase 'a.m.' or 'p.m.'.
.github/security/dependabot-dismissals.md:12:29: dates_times.am_pm.spacing: It's standard to put a space before 'a.m.' or 'p.m.'.
.github/workflow-profiles/README.md:66:3: misc.phrasal_adjectives.ly: No hyphen is necessary in phrasal adjectives with an adverb ending in -ly, unless the -ly adverb is part of a longer phrase.
ARCHITECTURE.md:105:10: typography.symbols.curly_quotes: Use curly quotes “”, not straight quotes "".
ARCHITECTURE.md:105:46: typography.symbols.curly_quotes: Use curly quotes “”, not straight quotes "".
ARCHITECTURE.md:106:26: typography.symbols.curly_quotes: Use curly quotes “”, not straight quotes "".
ARCHITECTURE.md:107:29: typography.symbols.curly_quotes: Use curly quotes “”, not straight quotes "".
ARCHITECTURE.md:108:30: typography.symbols.curly_quotes: Use curly quotes “”, not straight quotes "".
ARCHITECTURE.md:109:32: typography.symbols.curly_quotes: Use curly quotes “”, not straight quotes "".
ARCHITECTURE.md:121:29: typography.symbols.ellipsis: '...' is an approximation, use the ellipsis symbol '…'.
DECISIONS.md:313:87: misc.phrasal_adjectives.ly: No hyphen is necessary in phrasal adjectives with an adverb ending in -ly, unless the -ly adverb is part of a longer phrase.
DESIGN.md:128:1: misc.preferred_forms: 'sans serif' is the preferred form.
DESIGN_SYSTEM.md:68:38: misc.preferred_forms: 'sans serif' is the preferred form.
EPISTEMOLOGY.md:109:22: lexical_illusions: There's a lexical illusion in 'Knowledge

Knowledge' - a phrase is repeated.
LICENSES/BSD-3-Clause.txt:3:11: typography.symbols.copyright: (c) is a goofy alphabetic approximation, use the symbol ©.
LICENSES/BSD-3-Clause.txt:20:69: typography.symbols.curly_quotes: Use curly quotes “”, not straight quotes "".
LICENSES/MIT.txt:3:11: typography.symbols.copyright: (c) is a goofy alphabetic approximation, use the symbol ©.
LICENSES/MIT.txt:6:58: typography.symbols.curly_quotes: Use curly quotes “”, not straight quotes "".
LICENSES/MIT.txt:15:26: typography.symbols.curly_quotes: Use curly quotes “”, not straight quotes "".
MANIFESTO.md:34:9: lexical_illusions: There's a lexical illusion in 'We Believe

We believe' - a phrase is repeated.
MANIFESTO.md:49:9: lexical_illusions: There's a lexical illusion in 'We Commit To

We commit to' - a phrase is repeated.
MANIFESTO.md:64:9: lexical_illusions: There's a lexical illusion in 'We Refuse to Normalize

We refuse to normalize' - a phrase is repeated.
META.md:114:19: lexical_illusions: There's a lexical illusion in 'system
  system' - a phrase is repeated.
METHODOLOGY.md:76:5: lexical_illusions: There's a lexical illusion in 'Review

Review' - a phrase is repeated.
PERSONAL_MODEL.md:106:4: lexical_illusions: There's a lexical illusion in 'Consent

Consent' - a phrase is repeated.
PILLARS.md:68:38: lexical_illusions: There's a lexical illusion in 'Automation

Automation' - a phrase is repeated.
README.md:19:40: misc.phrasal_adjectives.ly: No hyphen is necessary in phrasal adjectives with an adverb ending in -ly, unless the -ly adverb is part of a longer phrase.
SYSTEM.md:58:17: misc.phrasal_adjectives.ly: No hyphen is necessary in phrasal adjectives with an adverb ending in -ly, unless the -ly adverb is part of a longer phrase.
SYSTEM.md:174:71: misc.phrasal_adjectives.ly: No hyphen is necessary in phrasal adjectives with an adverb ending in -ly, unless the -ly adverb is part of a longer phrase.
TASKS.md:14:102: typography.symbols.sentence_spacing: More than two spaces after the period; use 1 or 2.
TASKS.md:15:56: typography.symbols.sentence_spacing: More than two spaces after the period; use 1 or 2.
TASKS.md:16:60: typography.symbols.sentence_spacing: More than two spaces after the period; use 1 or 2.
TASKS.md:17:50: typography.symbols.sentence_spacing: More than two spaces after the period; use 1 or 2.
TASKS.md:18:72: typography.symbols.sentence_spacing: More than two spaces after the period; use 1 or 2.
TASKS.md:19:69: typography.symbols.sentence_spacing: More than two spaces after the period; use 1 or 2.
TASKS.md:20:66: typography.symbols.sentence_spacing: More than two spaces after the period; use 1 or 2.
TASKS.md:316:20: annotations.misc: Annotation left in text.
TASKS.md:316:46: annotations.misc: Annotation left in text.
beacon/.staging/latex/Academic Journals/american-geophysical-union/April 16 2019/trackchanges-0.7.0/LatexPackage/license.txt:1:11: typography.symbols.copyright: (c) is a goofy alphabetic approximation, use the symbol ©.
beacon/.staging/latex/Academic Journals/american-geophysical-union/April 16 2019/trackchanges-0.7.0/LatexPackage/license.txt:27:190: typography.symbols.curly_quotes: Use curly quotes “”, not straight quotes "".
beacon/.staging/latex/Academic Journals/american-geophysical-union/April 16 2019/trackchanges-0.7.0/LatexPackage/license.txt:27:250: typography.symbols.curly_quotes: Use curly quotes “”, not straight quotes "".
beacon/.staging/latex/Academic Journals/american-geophysical-union/April 16 2019/trackchanges-0.7.0/LatexPackage/license.txt:27:561: typography.symbols.curly_quotes: Use curly quotes “”, not straight quotes "".
beacon/.staging/latex/Academic Journals/american-geophysical-union/April 16 2019/trackchanges-0.7.0/LatexPackage/license.txt:27:608: typography.symbols.curly_quotes: Use curly quotes “”, not straight quotes "".
beacon/.staging/latex/Academic Journals/american-geophysical-union/April 16 2019/trackchanges-0.7.0/LatexPackage/license.txt:43:564: redundancy.misc.after_the_deadline: Redundancy. Use 'every' instead of 'each and every'.
beacon/.staging/latex/Academic Journals/american-geophysical-union/April 16 2019/trackchanges-0.7.0/LatexPackage/license.txt:75:225: needless_variants: Needless variant. 'geographic' is the preferred form.
beacon/.staging/latex/Academic Journals/american-geophysical-union/April 16 2019/trackchanges-0.7.0/LatexPackage/license.txt:79:138: typography.symbols.curly_quotes: Use curly quotes “”, not straight quotes "".
beacon/.staging/latex/Academic Journals/american-geophysical-union/April 16 2019/trackchanges-0.7.0/LatexPackage/license.txt:85:237: typography.symbols.curly_quotes: Use curly quotes “”, not straight quotes "".
beacon/.staging/latex/Academic Journals/american-geophysical-union/April 16 2019/trackchanges-0.7.0/LatexPackage/license.txt:95:210: typography.symbols.curly_quotes: Use curly quotes “”, not straight quotes "".
beacon/.staging/latex/Academic Journals/american-geophysical-union/April 16 2019/trackchanges-0.7.0/LatexPackage/license.txt:98:15: typography.symbols.copyright: (c) is a goofy alphabetic approximation, use the symbol ©.
beacon/.staging/latex/Academic Journals/american-geophysical-union/April 16 2019/trackchanges-0.7.0/LatexPackage/license.txt:110:39: typography.symbols.copyright: (c) is a goofy alphabetic approximation, use the symbol ©.
beacon/.staging/latex/Academic Journals/american-geophysical-union/April 16 2019/trackchanges-0.7.0/LatexPackage/license.txt:114:99: typography.symbols.curly_quotes: Use curly quotes “”, not straight quotes "".
beacon/.staging/latex/Books/kaobook/README.md:27:3: misc.phrasal_adjectives.ly: No hyphen is necessary in phrasal adjectives with an adverb ending in -ly, unless the -ly adverb is part of a longer phrase.
beacon/.staging/latex/Books/kaobook/README.md:198:56: typography.punctuation.exclamation: More than 30 ppm of exclamations. Keep them under control. Surpassed 30 ppm.
beacon/.staging/latex/Business Reports/makoto-technical-report/Fonts/license.txt:1:52: typography.symbols.curly_quotes: Use curly quotes “”, not straight quotes "".
beacon/.staging/latex/Business Reports/makoto-technical-report/Fonts/license.txt:28:1: typography.symbols.curly_quotes: Use curly quotes “”, not straight quotes "".
beacon/.staging/latex/Business Reports/makoto-technical-report/Fonts/license.txt:32:1: typography.symbols.curly_quotes: Use curly quotes “”, not straight quotes "".
beacon/.staging/latex/Business Reports/makoto-technical-report/Fonts/license.txt:35:1: typography.symbols.curly_quotes: Use curly quotes “”, not straight quotes "".
beacon/.staging/latex/Business Reports/makoto-technical-report/Fonts/license.txt:38:1: typography.symbols.curly_quotes: Use curly quotes “”, not straight quotes "".
beacon/.staging/latex/Business Reports/makoto-technical-report/Fonts/license.txt:43:1: typography.symbols.curly_quotes: Use curly quotes “”, not straight quotes "".
beacon/.staging/latex/Business Reports/makoto-technical-report/Fonts/license.txt:84:31: typography.symbols.curly_quotes: Use curly quotes “”, not straight quotes "".
beacon/.staging/latex/CVs and Resumes/AltaCV/CHANGELOG.md:5:145: misc.phrasal_adjectives.ly: No hyphen is necessary in phrasal adjectives with an adverb ending in -ly, unless the -ly adverb is part of a longer phrase.
beacon/.staging/latex/CVs and Resumes/AltaCV/CHANGELOG.md:9:157: typography.symbols.ellipsis: '...' is an approximation, use the ellipsis symbol '…'.
beacon/.staging/latex/CVs and Resumes/AltaCV/CHANGELOG.md:24:19: typography.symbols.ellipsis: '...' is an approximation, use the ellipsis symbol '…'.
beacon/.staging/latex/CVs and Resumes/AltaCV/CHANGELOG.md:25:95: typography.symbols.curly_quotes: Use curly quotes “”, not straight quotes "".
beacon/.staging/latex/CVs and Resumes/AltaCV/CHANGELOG.md:25:165: typography.symbols.ellipsis: '...' is an approximation, use the ellipsis symbol '…'.
beacon/.staging/latex/CVs and Resumes/AltaCV/README.md:9:47: typography.symbols.curly_quotes: Use curly quotes “”, not straight quotes "".
beacon/.staging/latex/CVs and Resumes/AltaCV/README.md:11:130: typography.diacritical_marks: Use diacritical marks in 'résumé'.
beacon/.staging/latex/CVs and Resumes/AltaCV/README.md:18:82: typography.symbols.curly_quotes: Use curly quotes “”, not straight quotes "".
beacon/.staging/latex/CVs and Resumes/AltaCV/README.md:22:27: typography.symbols.curly_quotes: Use curly quotes “”, not straight quotes "".
beacon/.staging/latex/CVs and Resumes/AltaCV/README.md:22:68: typography.symbols.curly_quotes: Use curly quotes “”, not straight quotes "".
beacon/.staging/latex/CVs and Resumes/AltaCV/README.md:33:66: typography.symbols.curly_quotes: Use curly quotes “”, not straight quotes "".
beacon/.staging/latex/CVs and Resumes/AltaCV/README.md:50:1: typography.symbols.ellipsis: '...' is an approximation, use the ellipsis symbol '…'.
beacon/.staging/latex/CVs and Resumes/AltaCV/README.md:51:1: typography.symbols.ellipsis: '...' is an approximation, use the ellipsis symbol '…'.
beacon/.staging/latex/CVs and Resumes/AltaCV/README.md:51:33: typography.symbols.ellipsis: '...' is an approximation, use the ellipsis symbol '…'.
beacon/.staging/latex/CVs and Resumes/AltaCV/README.md:56:1: typography.symbols.ellipsis: '...' is an approximation, use the ellipsis symbol '…'.
beacon/.staging/latex/CVs and Resumes/AltaCV/README.md:57:1: typography.symbols.ellipsis: '...' is an approximation, use the ellipsis symbol '…'.
beacon/.staging/latex/CVs and Resumes/AltaCV/README.md:57:33: typography.symbols.ellipsis: '...' is an approximation, use the ellipsis symbol '…'.
beacon/.staging/latex/CVs and Resumes/AltaCV/README.md:60:38: typography.symbols.curly_quotes: Use curly quotes “”, not straight quotes "".
beacon/.staging/latex/CVs and Resumes/AltaCV/README.md:86:25: typography.punctuation.exclamation: More than 30 ppm of exclamations. Keep them under control. Surpassed 30 ppm.
beacon/.staging/latex/CVs and Resumes/AltaCV/README.md:167:376: typography.symbols.ellipsis: '...' is an approximation, use the ellipsis symbol '…'.
beacon/.staging/latex/CVs and Resumes/AltaCV/README.md:171:1: typography.symbols.ellipsis: '...' is an approximation, use the ellipsis symbol '…'.
beacon/.staging/latex/CVs and Resumes/AltaCV/README.md:172:1: typography.symbols.ellipsis: '...' is an approximation, use the ellipsis symbol '…'.
beacon/.staging/latex/CVs and Resumes/AltaCV/README.md:172:34: typography.symbols.ellipsis: '...' is an approximation, use the ellipsis symbol '…'.
beacon/.staging/latex/CVs and Resumes/AltaCV/README.md:174:1: typography.symbols.ellipsis: '...' is an approximation, use the ellipsis symbol '…'.
beacon/.staging/latex/CVs and Resumes/AltaCV/nicethings_icons_readme.txt:12:138: redundancy.misc.after_the_deadline: Redundancy. Use 'free' instead of 'for free'.
beacon/.staging/latex/CVs and Resumes/Awesome-CV/README.md:1:11: typography.symbols.curly_quotes: Use curly quotes “”, not straight quotes "".
beacon/.staging/latex/CVs and Resumes/Awesome-CV/README.md:2:58: typography.symbols.curly_quotes: Use curly quotes “”, not straight quotes "".
beacon/.staging/latex/CVs and Resumes/Awesome-CV/README.md:3:14: typography.symbols.curly_quotes: Use curly quotes “”, not straight quotes "".
beacon/.staging/latex/CVs and Resumes/Awesome-CV/README.md:3:97: typography.symbols.curly_quotes: Use curly quotes “”, not straight quotes "".
beacon/.staging/latex/CVs and Resumes/Awesome-CV/README.md:3:112: typography.symbols.curly_quotes: Use curly quotes “”, not straight quotes "".
beacon/.staging/latex/CVs and Resumes/Awesome-CV/README.md:9:10: typography.symbols.curly_quotes: Use curly quotes “”, not straight quotes "".
beacon/.staging/latex/CVs and Resumes/Awesome-CV/README.md:13:12: typography.symbols.curly_quotes: Use curly quotes “”, not straight quotes "".
beacon/.staging/latex/CVs and Resumes/Awesome-CV/README.md:15:14: typography.symbols.curly_quotes: Use curly quotes “”, not straight quotes "".
beacon/.staging/latex/CVs and Resumes/Awesome-CV/README.md:18:14: typography.symbols.curly_quotes: Use curly quotes “”, not straight quotes "".
beacon/.staging/latex/CVs and Resumes/Awesome-CV/README.md:20:82: typography.diacritical_marks: Use diacritical marks in 'résumé'.
beacon/.staging/latex/CVs and Resumes/Awesome-CV/README.md:21:14: typography.symbols.curly_quotes: Use curly quotes “”, not straight quotes "".
beacon/.staging/latex/CVs and Resumes/Awesome-CV/README.md:21:23: typography.diacritical_marks: Use diacritical marks in 'résumé'.
beacon/.staging/latex/CVs and Resumes/Awesome-CV/README.md:21:65: typography.diacritical_marks: Use diacritical marks in 'résumé'.
beacon/.staging/latex/CVs and Resumes/Awesome-CV/README.md:24:14: typography.symbols.curly_quotes: Use curly quotes “”, not straight quotes "".
beacon/.staging/latex/CVs and Resumes/Awesome-CV/README.md:27:14: typography.symbols.curly_quotes: Use curly quotes “”, not straight quotes "".
beacon/.staging/latex/CVs and Resumes/Awesome-CV/README.md:35:163: typography.diacritical_marks: Use diacritical marks in 'résumé'.
beacon/.staging/latex/CVs and Resumes/Awesome-CV/README.md:44:27: typography.punctuation.exclamation: More than 30 ppm of exclamations. Keep them under control. Surpassed 30 ppm.
beacon/.staging/latex/CVs and Resumes/Awesome-CV/README.md:50:89: typography.diacritical_marks: Use diacritical marks in 'résumé'.
beacon/.staging/latex/CVs and Resumes/Awesome-CV/README.md:54:84: typography.diacritical_marks: Use diacritical marks in 'résumé'.
beacon/.staging/latex/CVs and Resumes/Awesome-CV/README.md:54:169: typography.diacritical_marks: Use diacritical marks in 'résumé'.
beacon/.staging/latex/CVs and Resumes/Awesome-CV/README.md:54:265: typography.diacritical_marks: Use diacritical marks in 'résumé'.
beacon/.staging/latex/CVs and Resumes/Awesome-CV/README.md:54:350: typography.diacritical_marks: Use diacritical marks in 'résumé'.
beacon/.staging/latex/CVs and Resumes/Awesome-CV/README.md:112:70: typography.diacritical_marks: Use diacritical marks in 'résumé'.
beacon/.staging/latex/CVs and Resumes/Awesome-CV/README.md:112:98: typography.diacritical_marks: Use diacritical marks in 'résumé'.
beacon/.staging/latex/CVs and Resumes/Deedy-Resume/README.md:1:7: typography.diacritical_marks: Use diacritical marks in 'résumé'.
beacon/.staging/latex/CVs and Resumes/Deedy-Resume/README.md:4:43: typography.diacritical_marks: Use diacritical marks in 'résumé'.
beacon/.staging/latex/CVs and Resumes/Deedy-Resume/README.md:14:14: typography.diacritical_marks: Use diacritical marks in 'résumé'.
beacon/.staging/latex/CVs and Resumes/Deedy-Resume/README.md:14:228: typography.diacritical_marks: Use diacritical marks in 'résumé'.
beacon/.staging/latex/CVs and Resumes/Deedy-Resume/README.md:14:354: typography.diacritical_marks: Use diacritical marks in 'résumé'.
beacon/.staging/latex/CVs and Resumes/Deedy-Resume/README.md:14:471: typography.diacritical_marks: Use diacritical marks in 'résumé'.
beacon/.staging/latex/CVs and Resumes/Deedy-Resume/README.md:14:546: typography.diacritical_marks: Use diacritical marks in 'résumé'.
beacon/.staging/latex/CVs and Resumes/Deedy-Resume/README.md:21:61: typography.diacritical_marks: Use diacritical marks in 'résumé'.
beacon/.staging/latex/CVs and Resumes/Deedy-Resume/README.md:24:61: typography.diacritical_marks: Use diacritical marks in 'résumé'.
beacon/.staging/latex/CVs and Resumes/Deedy-Resume/README.md:33:70: typography.diacritical_marks: Use diacritical marks in 'résumé'.
beacon/.staging/latex/CVs and Resumes/Deedy-Resume/README.md:33:91: typography.diacritical_marks: Use diacritical marks in 'résumé'.
beacon/.staging/latex/CVs and Resumes/Deedy-Resume/README.md:33:164: typography.diacritical_marks: Use diacritical marks in 'résumé'.
beacon/.staging/latex/CVs and Resumes/Deedy-Resume/README.md:33:197: typography.diacritical_marks: Use diacritical marks in 'résumé'.
beacon/.staging/latex/CVs and Resumes/Deedy-Resume/README.md:34:81: typography.diacritical_marks: Use diacritical marks in 'résumé'.
beacon/.staging/latex/CVs and Resumes/Deedy-Resume/README.md:34:115: typography.diacritical_marks: Use diacritical marks in 'résumé'.
beacon/.staging/latex/CVs and Resumes/Deedy-Resume/README.md:35:142: typography.diacritical_marks: Use diacritical marks in 'résumé'.
beacon/.staging/latex/CVs and Resumes/Deedy-Resume/README.md:36:107: typography.diacritical_marks: Use diacritical marks in 'résumé'.
beacon/.staging/latex/CVs and Resumes/Deedy-Resume/README.md:36:120: typography.diacritical_marks: Use diacritical marks in 'résumé'.
beacon/.staging/latex/CVs and Resumes/Deedy-Resume/README.md:44:8: lexical_illusions: There's a lexical illusion in '1
 1' - a phrase is repeated.
beacon/.staging/latex/CVs and Resumes/Deedy-Resume/README.md:51:4: annotations.misc: Annotation left in text.
beacon/.staging/latex/CVs and Resumes/Deedy-Resume/README.md:67:57: typography.symbols.curly_quotes: Use curly quotes “”, not straight quotes "".
beacon/.staging/latex/CVs and Resumes/Deedy-Resume/README.md:74:56: typography.symbols.curly_quotes: Use curly quotes “”, not straight quotes "".
beacon/.staging/latex/CVs and Resumes/data-science-tech-resume-template/LICENSE.txt:5:31: typography.symbols.curly_quotes: Use curly quotes “”, not straight quotes "".
beacon/.staging/latex/CVs and Resumes/data-science-tech-resume-template/LICENSE.txt:15:7: lexical_illusions: There's a lexical illusion in 'Creative Commons Public Licenses

Creative Commons public licenses' - a phrase is repeated.
beacon/.staging/latex/CVs and Resumes/data-science-tech-resume-template/LICENSE.txt:61:47: typography.symbols.curly_quotes: Use curly quotes “”, not straight quotes "".
beacon/.staging/latex/CVs and Resumes/data-science-tech-resume-template/LICENSE.txt:387:22: typography.symbols.curly_quotes: Use curly quotes “”, not straight quotes "".
beacon/.staging/latex/CVs and Resumes/data-science-tech-resume-template/README.md:1:21: typography.diacritical_marks: Use diacritical marks in 'résumé'.
beacon/.staging/latex/CVs and Resumes/data-science-tech-resume-template/README.md:5:60: typography.diacritical_marks: Use diacritical marks in 'résumé'.
beacon/.staging/latex/CVs and Resumes/data-science-tech-resume-template/README.md:7:219: typography.symbols.curly_quotes: Use curly quotes “”, not straight quotes "".
beacon/.staging/latex/CVs and Resumes/data-science-tech-resume-template/README.md:9:24: typography.diacritical_marks: Use diacritical marks in 'résumé'.
beacon/.staging/latex/CVs and Resumes/data-science-tech-resume-template/README.md:11:1: typography.diacritical_marks: Use diacritical marks in 'résumé'.
beacon/.staging/latex/CVs and Resumes/data-science-tech-resume-template/README.md:14:51: typography.diacritical_marks: Use diacritical marks in 'résumé'.
beacon/.staging/latex/CVs and Resumes/data-science-tech-resume-template/README.md:15:51: typography.diacritical_marks: Use diacritical marks in 'résumé'.
beacon/.staging/latex/CVs and Resumes/data-science-tech-resume-template/README.md:19:3: typography.diacritical_marks: Use diacritical marks in 'résumé'.
beacon/.staging/latex/CVs and Resumes/data-science-tech-resume-template/README.md:21:6: typography.diacritical_marks: Use diacritical marks in 'résumé'.
beacon/.staging/latex/CVs and Resumes/data-science-tech-resume-template/README.md:22:59: typography.diacritical_marks: Use diacritical marks in 'résumé'.
beacon/.staging/latex/CVs and Resumes/data-science-tech-resume-template/README.md:22:81: typography.diacritical_marks: Use diacritical marks in 'résumé'.
beacon/.staging/latex/CVs and Resumes/data-science-tech-resume-template/README.md:26:54: typography.diacritical_marks: Use diacritical marks in 'résumé'.
beacon/.staging/latex/CVs and Resumes/developer-cv/LICENSE.md:1:11: typography.symbols.copyright: (c) is a goofy alphabetic approximation, use the symbol ©.
beacon/.staging/latex/CVs and Resumes/developer-cv/LICENSE.md:5:12: typography.symbols.curly_quotes: Use curly quotes “”, not straight quotes "".
beacon/.staging/latex/CVs and Resumes/developer-cv/LICENSE.md:15:26: typography.symbols.curly_quotes: Use curly quotes “”, not straight quotes "".
beacon/.staging/latex/CVs and Resumes/freeman-cv/Fonts/Freebooterscript-license.txt:1:13: typography.symbols.curly_quotes: Use curly quotes “”, not straight quotes "".
beacon/.staging/latex/CVs and Resumes/freeman-cv/Fonts/Libertinus-OFL-license.txt:2:1: typography.symbols.curly_quotes: Use curly quotes “”, not straight quotes "".
beacon/.staging/latex/CVs and Resumes/freeman-cv/Fonts/Libertinus-OFL-license.txt:2:20: typography.symbols.curly_quotes: Use curly quotes “”, not straight quotes "".
beacon/.staging/latex/CVs and Resumes/freeman-cv/Fonts/Libertinus-OFL-license.txt:2:32: typography.symbols.curly_quotes: Use curly quotes “”, not straight quotes "".
beacon/.staging/latex/CVs and Resumes/freeman-cv/Fonts/Libertinus-OFL-license.txt:30:1: typography.symbols.curly_quotes: Use curly quotes “”, not straight quotes "".
beacon/.staging/latex/CVs and Resumes/freeman-cv/Fonts/Libertinus-OFL-license.txt:34:1: typography.symbols.curly_quotes: Use curly quotes “”, not straight quotes "".
beacon/.staging/latex/CVs and Resumes/freeman-cv/Fonts/Libertinus-OFL-license.txt:37:1: typography.symbols.curly_quotes: Use curly quotes “”, not straight quotes "".
beacon/.staging/latex/CVs and Resumes/freeman-cv/Fonts/Libertinus-OFL-license.txt:40:1: typography.symbols.curly_quotes: Use curly quotes “”, not straight quotes "".
beacon/.staging/latex/CVs and Resumes/freeman-cv/Fonts/Libertinus-OFL-license.txt:45:1: typography.symbols.curly_quotes: Use curly quotes “”, not straight quotes "".
beacon/.staging/latex/CVs and Resumes/freeman-cv/Fonts/Libertinus-OFL-license.txt:86:31: typography.symbols.curly_quotes: Use curly quotes “”, not straight quotes "".
beacon/.staging/latex/CVs and Resumes/modern-deedy/README.md:5:74: typography.diacritical_marks: Use diacritical marks in 'résumé'.
beacon/.staging/latex/CVs and Resumes/modern-deedy/README.md:5:83: redundancy.misc.after_the_deadline: Redundancy. Use 'created' instead of 'originally created'.
beacon/.staging/latex/CVs and Resumes/modern-deedy/README.md:9:24: typography.diacritical_marks: Use diacritical marks in 'résumé'.
beacon/.staging/latex/CVs and Resumes/modern-deedy/README.md:9:79: typography.diacritical_marks: Use diacritical marks in 'résumé'.
beacon/.staging/latex/CVs and Resumes/modern-deedy/README.md:9:144: typography.diacritical_marks: Use diacritical marks in 'résumé'.
beacon/.staging/latex/CVs and Resumes/modern-deedy/README.md:9:356: typography.diacritical_marks: Use diacritical marks in 'résumé'.
beacon/.staging/latex/CVs and Resumes/modern-deedy/README.md:9:475: typography.diacritical_marks: Use diacritical marks in 'résumé'.
beacon/.staging/latex/CVs and Resumes/modern-deedy/README.md:37:4: typography.diacritical_marks: Use diacritical marks in 'résumé'.
beacon/.staging/latex/CVs and Resumes/modern-deedy/README.md:39:4: typography.diacritical_marks: Use diacritical marks in 'résumé'.
beacon/.staging/latex/CVs and Resumes/modern-deedy/README.md:39:36: typography.diacritical_marks: Use diacritical marks in 'résumé'.
beacon/.staging/latex/CVs and Resumes/modern-deedy/README.md:39:72: typography.diacritical_marks: Use diacritical marks in 'résumé'.
beacon/.staging/latex/CVs and Resumes/modern-deedy/README.md:39:158: typography.diacritical_marks: Use diacritical marks in 'résumé'.
beacon/.staging/latex/CVs and Resumes/modern-deedy/README.md:39:191: typography.diacritical_marks: Use diacritical marks in 'résumé'.
beacon/.staging/latex/CVs and Resumes/modern-deedy/README.md:41:47: typography.diacritical_marks: Use diacritical marks in 'résumé'.
beacon/.staging/latex/CVs and Resumes/modern-deedy/README.md:49:111: typography.diacritical_marks: Use diacritical marks in 'résumé'.
beacon/.staging/latex/CVs and Resumes/modern-deedy/README.md:51:19: typography.diacritical_marks: Use diacritical marks in 'résumé'.
beacon/.staging/latex/CVs and Resumes/modern-deedy/README.md:51:40: typography.diacritical_marks: Use diacritical marks in 'résumé'.
beacon/.staging/latex/CVs and Resumes/modern-deedy/README.md:51:197: typography.symbols.curly_quotes: Use curly quotes “”, not straight quotes "".
beacon/.staging/latex/CVs and Resumes/modern-deedy/README.md:51:204: typography.diacritical_marks: Use diacritical marks in 'résumé'.
beacon/.staging/latex/CVs and Resumes/modern-deedy/README.md:51:275: typography.diacritical_marks: Use diacritical marks in 'résumé'.
beacon/.staging/latex/CVs and Resumes/modern-deedy/README.md:58:181: typography.symbols.ellipsis: '...' is an approximation, use the ellipsis symbol '…'.
beacon/.staging/latex/CVs and Resumes/modern-deedy/README.md:59:58: typography.diacritical_marks: Use diacritical marks in 'résumé'.
beacon/.staging/latex/CVs and Resumes/modern-deedy/README.md:60:18: typography.diacritical_marks: Use diacritical marks in 'résumé'.
beacon/.staging/latex/CVs and Resumes/modern-deedy/README.md:61:57: typography.diacritical_marks: Use diacritical marks in 'résumé'.
beacon/.staging/latex/CVs and Resumes/modern-deedy/README.md:63:81: typography.diacritical_marks: Use diacritical marks in 'résumé'.
beacon/.staging/latex/CVs and Resumes/modern-deedy/README.md:64:64: typography.symbols.curly_quotes: Use curly quotes “”, not straight quotes "".
beacon/.staging/latex/CVs and Resumes/modern-deedy/README.md:64:90: typography.symbols.curly_quotes: Use curly quotes “”, not straight quotes "".
beacon/.staging/latex/CVs and Resumes/modern-deedy/README.md:64:104: typography.symbols.curly_quotes: Use curly quotes “”, not straight quotes "".
beacon/.staging/latex/CVs and Resumes/modern-deedy/README.md:65:207: typography.diacritical_marks: Use diacritical marks in 'résumé'.
beacon/.staging/latex/CVs and Resumes/modern-deedy/README.md:67:21: typography.diacritical_marks: Use diacritical marks in 'résumé'.
beacon/.staging/latex/CVs and Resumes/modern-deedy/README.md:67:114: typography.diacritical_marks: Use diacritical marks in 'résumé'.
beacon/.staging/latex/CVs and Resumes/modern-deedy/README.md:73:17: typography.diacritical_marks: Use diacritical marks in 'résumé'.
beacon/.staging/latex/CVs and Resumes/modern-deedy/README.md:73:40: typography.diacritical_marks: Use diacritical marks in 'résumé'.
beacon/.staging/latex/CVs and Resumes/modern-deedy/README.md:74:19: typography.diacritical_marks: Use diacritical marks in 'résumé'.
beacon/.staging/latex/CVs and Resumes/wilson-resume-cv/fonts/Erewhon README.txt:1:72: lexical_illusions: There's a lexical illusion in 'erewhon

Erewhon' - a phrase is repeated.
beacon/.staging/latex/Community/TeXtured/README.md:1:12: typography.symbols.curly_quotes: Use curly quotes “”, not straight quotes "".
beacon/.staging/latex/Community/TeXtured/README.md:2:14: typography.symbols.curly_quotes: Use curly quotes “”, not straight quotes "".
beacon/.staging/latex/Community/TeXtured/README.md:2:41: typography.symbols.curly_quotes: Use curly quotes “”, not straight quotes "".
beacon/.staging/latex/Community/TeXtured/README.md:3:14: typography.symbols.curly_quotes: Use curly quotes “”, not straight quotes "".
beacon/.staging/latex/Community/TeXtured/README.md:3:41: typography.symbols.curly_quotes: Use curly quotes “”, not straight quotes "".
beacon/.staging/latex/Community/TeXtured/README.md:5:12: typography.symbols.curly_quotes: Use curly quotes “”, not straight quotes "".
beacon/.staging/latex/Community/TeXtured/README.md:6:68: typography.symbols.curly_quotes: Use curly quotes “”, not straight quotes "".
beacon/.staging/latex/Community/TeXtured/README.md:8:67: typography.symbols.curly_quotes: Use curly quotes “”, not straight quotes "".
beacon/.staging/latex/Community/TeXtured/README.md:10:32: typography.symbols.curly_quotes: Use curly quotes “”, not straight quotes "".
beacon/.staging/latex/Community/TeXtured/README.md:12:68: typography.symbols.curly_quotes: Use curly quotes “”, not straight quotes "".
beacon/.staging/latex/Community/TeXtured/README.md:14:69: typography.symbols.curly_quotes: Use curly quotes “”, not straight quotes "".
beacon/.staging/latex/Community/TeXtured/README.md:29:13: typography.symbols.curly_quotes: Use curly quotes “”, not straight quotes "".
beacon/.staging/latex/Community/TeXtured/README.md:29:26: typography.symbols.curly_quotes: Use curly quotes “”, not straight quotes "".
beacon/.staging/latex/Community/TeXtured/README.md:44:14: typography.symbols.curly_quotes: Use curly quotes “”, not straight quotes "".
beacon/.staging/latex/Community/TeXtured/README.md:76:103: typography.punctuation.exclamation: More than 30 ppm of exclamations. Keep them under control. Surpassed 30 ppm.
beacon/.staging/latex/Community/TeXtured/README.md:88:15: typography.symbols.curly_quotes: Use curly quotes “”, not straight quotes "".
beacon/.staging/latex/Community/TeXtured/README.md:88:28: typography.symbols.curly_quotes: Use curly quotes “”, not straight quotes "".
beacon/.staging/latex/Community/TeXtured/README.md:104:15: typography.symbols.curly_quotes: Use curly quotes “”, not straight quotes "".
beacon/.staging/latex/Community/TeXtured/README.md:104:28: typography.symbols.curly_quotes: Use curly quotes “”, not straight quotes "".
beacon/.staging/latex/Community/TeXtured/README.md:127:13: typography.symbols.curly_quotes: Use curly quotes “”, not straight quotes "".
beacon/.staging/latex/Community/TeXtured/README.md:127:88: typography.symbols.multiplication: Use the multiplication symbol ×, not the letter x.
beacon/.staging/latex/Community/TeXtured/README.md:129:13: typography.symbols.curly_quotes: Use curly quotes “”, not straight quotes "".
beacon/.staging/latex/Cover Letters/freeman-cover-letter/Fonts/Freebooterscript-license.txt:1:13: typography.symbols.curly_quotes: Use curly quotes “”, not straight quotes "".
beacon/.staging/latex/Cover Letters/freeman-cover-letter/Fonts/Libertinus-OFL-license.txt:2:1: typography.symbols.curly_quotes: Use curly quotes “”, not straight quotes "".
beacon/.staging/latex/Cover Letters/freeman-cover-letter/Fonts/Libertinus-OFL-license.txt:2:20: typography.symbols.curly_quotes: Use curly quotes “”, not straight quotes "".
beacon/.staging/latex/Cover Letters/freeman-cover-letter/Fonts/Libertinus-OFL-license.txt:2:32: typography.symbols.curly_quotes: Use curly quotes “”, not straight quotes "".
beacon/.staging/latex/Cover Letters/freeman-cover-letter/Fonts/Libertinus-OFL-license.txt:30:1: typography.symbols.curly_quotes: Use curly quotes “”, not straight quotes "".
beacon/.staging/latex/Cover Letters/freeman-cover-letter/Fonts/Libertinus-OFL-license.txt:34:1: typography.symbols.curly_quotes: Use curly quotes “”, not straight quotes "".
beacon/.staging/latex/Cover Letters/freeman-cover-letter/Fonts/Libertinus-OFL-license.txt:37:1: typography.symbols.curly_quotes: Use curly quotes “”, not straight quotes "".
beacon/.staging/latex/Cover Letters/freeman-cover-letter/Fonts/Libertinus-OFL-license.txt:40:1: typography.symbols.curly_quotes: Use curly quotes “”, not straight quotes "".
beacon/.staging/latex/Cover Letters/freeman-cover-letter/Fonts/Libertinus-OFL-license.txt:45:1: typography.symbols.curly_quotes: Use curly quotes “”, not straight quotes "".
beacon/.staging/latex/Cover Letters/freeman-cover-letter/Fonts/Libertinus-OFL-license.txt:86:31: typography.symbols.curly_quotes: Use curly quotes “”, not straight quotes "".
beacon/.staging/latex/Miscellaneous/ryo-menu/Fonts/SIL Open Font License.txt:1:11: typography.symbols.copyright: (c) is a goofy alphabetic approximation, use the symbol ©.
beacon/.staging/latex/Miscellaneous/ryo-menu/Fonts/SIL Open Font License.txt:21:1: typography.symbols.curly_quotes: Use curly quotes “”, not straight quotes "".
beacon/.staging/latex/Miscellaneous/ryo-menu/Fonts/SIL Open Font License.txt:23:1: typography.symbols.curly_quotes: Use curly quotes “”, not straight quotes "".
beacon/.staging/latex/Miscellaneous/ryo-menu/Fonts/SIL Open Font License.txt:25:1: typography.symbols.curly_quotes: Use curly quotes “”, not straight quotes "".
beacon/.staging/latex/Miscellaneous/ryo-menu/Fonts/SIL Open Font License.txt:27:1: typography.symbols.curly_quotes: Use curly quotes “”, not straight quotes "".
beacon/.staging/latex/Miscellaneous/ryo-menu/Fonts/SIL Open Font License.txt:29:1: typography.symbols.curly_quotes: Use curly quotes “”, not straight quotes "".
beacon/.staging/latex/Miscellaneous/ryo-menu/Fonts/SIL Open Font License.txt:48:31: typography.symbols.curly_quotes: Use curly quotes “”, not straight quotes "".
beacon/.staging/latex/Signs/arrow-sign/Fonts/OFL.md:1:15: typography.symbols.copyright: (c) is a goofy alphabetic approximation, use the symbol ©.
beacon/.staging/latex/Signs/arrow-sign/Fonts/OFL.md:3:15: typography.symbols.copyright: (c) is a goofy alphabetic approximation, use the symbol ©.
beacon/.staging/latex/Signs/arrow-sign/Fonts/OFL.md:4:30: typography.symbols.curly_quotes: Use curly quotes “”, not straight quotes "".
beacon/.staging/latex/Signs/arrow-sign/Fonts/OFL.md:6:15: typography.symbols.copyright: (c) is a goofy alphabetic approximation, use the symbol ©.
beacon/.staging/latex/Signs/arrow-sign/Fonts/OFL.md:41:2: typography.symbols.curly_quotes: Use curly quotes “”, not straight quotes "".
beacon/.staging/latex/Signs/arrow-sign/Fonts/OFL.md:45:2: typography.symbols.curly_quotes: Use curly quotes “”, not straight quotes "".
beacon/.staging/latex/Signs/arrow-sign/Fonts/OFL.md:48:2: typography.symbols.curly_quotes: Use curly quotes “”, not straight quotes "".
beacon/.staging/latex/Signs/arrow-sign/Fonts/OFL.md:51:2: typography.symbols.curly_quotes: Use curly quotes “”, not straight quotes "".
beacon/.staging/latex/Signs/arrow-sign/Fonts/OFL.md:56:2: typography.symbols.curly_quotes: Use curly quotes “”, not straight quotes "".
beacon/.staging/latex/Signs/arrow-sign/Fonts/OFL.md:103:31: typography.symbols.curly_quotes: Use curly quotes “”, not straight quotes "".
beacon/.staging/latex/Signs/information-sign/Fonts/OFL.txt:1:11: typography.symbols.copyright: (c) is a goofy alphabetic approximation, use the symbol ©.
beacon/.staging/latex/Signs/information-sign/Fonts/OFL.txt:30:1: typography.symbols.curly_quotes: Use curly quotes “”, not straight quotes "".
beacon/.staging/latex/Signs/information-sign/Fonts/OFL.txt:34:1: typography.symbols.curly_quotes: Use curly quotes “”, not straight quotes "".
beacon/.staging/latex/Signs/information-sign/Fonts/OFL.txt:37:1: typography.symbols.curly_quotes: Use curly quotes “”, not straight quotes "".
beacon/.staging/latex/Signs/information-sign/Fonts/OFL.txt:40:1: typography.symbols.curly_quotes: Use curly quotes “”, not straight quotes "".
beacon/.staging/latex/Signs/information-sign/Fonts/OFL.txt:45:1: typography.symbols.curly_quotes: Use curly quotes “”, not straight quotes "".
beacon/.staging/latex/Signs/information-sign/Fonts/OFL.txt:86:31: typography.symbols.curly_quotes: Use curly quotes “”, not straight quotes "".
beacon/.staging/latex/Signs/information-sign/Fonts/SIL Open Font License.txt:1:119: typography.symbols.curly_quotes: Use curly quotes “”, not straight quotes "".
beacon/.staging/latex/Signs/information-sign/Fonts/SIL Open Font License.txt:17:1: typography.symbols.curly_quotes: Use curly quotes “”, not straight quotes "".
beacon/.staging/latex/Signs/information-sign/Fonts/SIL Open Font License.txt:19:1: typography.symbols.curly_quotes: Use curly quotes “”, not straight quotes "".
beacon/.staging/latex/Signs/information-sign/Fonts/SIL Open Font License.txt:21:1: typography.symbols.curly_quotes: Use curly quotes “”, not straight quotes "".
beacon/.staging/latex/Signs/information-sign/Fonts/SIL Open Font License.txt:23:1: typography.symbols.curly_quotes: Use curly quotes “”, not straight quotes "".
beacon/.staging/latex/Signs/information-sign/Fonts/SIL Open Font License.txt:25:1: typography.symbols.curly_quotes: Use curly quotes “”, not straight quotes "".
beacon/.staging/latex/Signs/information-sign/Fonts/SIL Open Font License.txt:44:31: typography.symbols.curly_quotes: Use curly quotes “”, not straight quotes "".
beacon/.staging/latex/Theses/kaobook/README.md:27:3: misc.phrasal_adjectives.ly: No hyphen is necessary in phrasal adjectives with an adverb ending in -ly, unless the -ly adverb is part of a longer phrase.
beacon/.staging/latex/Theses/kaobook/README.md:198:56: typography.punctuation.exclamation: More than 30 ppm of exclamations. Keep them under control. Surpassed 30 ppm.
beacon/ARCHITECTURE.md:55:8: lexical_illusions: There's a lexical illusion in 'v             v' - a phrase is repeated.
beacon/CLI.md:12:36: typography.symbols.curly_quotes: Use curly quotes “”, not straight quotes "".
beacon/CLI.md:13:36: typography.symbols.curly_quotes: Use curly quotes “”, not straight quotes "".
beacon/CLI.md:14:36: typography.symbols.curly_quotes: Use curly quotes “”, not straight quotes "".
beacon/CLI.md:15:36: typography.symbols.curly_quotes: Use curly quotes “”, not straight quotes "".
beacon/CLI.md:16:36: typography.symbols.curly_quotes: Use curly quotes “”, not straight quotes "".
beacon/CLI.md:17:11: typography.symbols.curly_quotes: Use curly quotes “”, not straight quotes "".
beacon/CLI.md:18:12: typography.symbols.curly_quotes: Use curly quotes “”, not straight quotes "".
beacon/CLI.md:51:12: typography.symbols.curly_quotes: Use curly quotes “”, not straight quotes "".
beacon/README.md:44:44: typography.symbols.curly_quotes: Use curly quotes “”, not straight quotes "".
beacon/README.md:45:44: typography.symbols.curly_quotes: Use curly quotes “”, not straight quotes "".
beacon/README.md:46:44: typography.symbols.curly_quotes: Use curly quotes “”, not straight quotes "".
beacon/README.md:47:44: typography.symbols.curly_quotes: Use curly quotes “”, not straight quotes "".
beacon/README.md:48:11: typography.symbols.curly_quotes: Use curly quotes “”, not straight quotes "".
beacon/README.md:49:12: typography.symbols.curly_quotes: Use curly quotes “”, not straight quotes "".
beacon/templates/research-paper/example/paper.md:2:8: typography.symbols.curly_quotes: Use curly quotes “”, not straight quotes "".
beacon/templates/research-paper/example/paper.md:3:9: typography.symbols.curly_quotes: Use curly quotes “”, not straight quotes "".
egolint/.agents/agents/architect/AGENT.md:3:7: typography.symbols.curly_quotes: Use curly quotes “”, not straight quotes "".
egolint/.agents/agents/architect/AGENT.md:12:18: typography.symbols.curly_quotes: Use curly quotes “”, not straight quotes "".
egolint/.agents/agents/architect/AGENT.md:13:17: typography.symbols.curly_quotes: Use curly quotes “”, not straight quotes "".
egolint/.agents/agents/architect/AGENT.md:14:18: typography.symbols.curly_quotes: Use curly quotes “”, not straight quotes "".
egolint/.agents/agents/architect/AGENT.md:15:18: typography.symbols.curly_quotes: Use curly quotes “”, not straight quotes "".
egolint/.agents/agents/arxiv-publisher/AGENT.md:3:7: typography.symbols.curly_quotes: Use curly quotes “”, not straight quotes "".
egolint/.agents/agents/arxiv-publisher/AGENT.md:13:18: typography.symbols.curly_quotes: Use curly quotes “”, not straight quotes "".
egolint/.agents/agents/arxiv-publisher/AGENT.md:14:17: typography.symbols.curly_quotes: Use curly quotes “”, not straight quotes "".
egolint/.agents/agents/arxiv-publisher/AGENT.md:15:18: typography.symbols.curly_quotes: Use curly quotes “”, not straight quotes "".
egolint/.agents/agents/arxiv-publisher/AGENT.md:16:18: typography.symbols.curly_quotes: Use curly quotes “”, not straight quotes "".
egolint/.agents/agents/auditor/AGENT.md:3:7: typography.symbols.curly_quotes: Use curly quotes “”, not straight quotes "".
egolint/.agents/agents/auditor/AGENT.md:10:18: typography.symbols.curly_quotes: Use curly quotes “”, not straight quotes "".
egolint/.agents/agents/auditor/AGENT.md:11:17: typography.symbols.curly_quotes: Use curly quotes “”, not straight quotes "".
egolint/.agents/agents/auditor/AGENT.md:12:18: typography.symbols.curly_quotes: Use curly quotes “”, not straight quotes "".
egolint/.agents/agents/auditor/AGENT.md:13:18: typography.symbols.curly_quotes: Use curly quotes “”, not straight quotes "".
egolint/.agents/agents/bug-fix-teammate/AGENT.md:3:7: typography.symbols.curly_quotes: Use curly quotes “”, not straight quotes "".
egolint/.agents/agents/bug-fix-teammate/AGENT.md:12:18: typography.symbols.curly_quotes: Use curly quotes “”, not straight quotes "".
egolint/.agents/agents/bug-fix-teammate/AGENT.md:13:17: typography.symbols.curly_quotes: Use curly quotes “”, not straight quotes "".
egolint/.agents/agents/bug-fix-teammate/AGENT.md:14:18: typography.symbols.curly_quotes: Use curly quotes “”, not straight quotes "".
egolint/.agents/agents/bug-fix-teammate/AGENT.md:15:18: typography.symbols.curly_quotes: Use curly quotes “”, not straight quotes "".
egolint/.agents/agents/cleanup-specialist/AGENT.md:3:7: typography.symbols.curly_quotes: Use curly quotes “”, not straight quotes "".
egolint/.agents/agents/cleanup-specialist/AGENT.md:12:18: typography.symbols.curly_quotes: Use curly quotes “”, not straight quotes "".
egolint/.agents/agents/cleanup-specialist/AGENT.md:13:17: typography.symbols.curly_quotes: Use curly quotes “”, not straight quotes "".
egolint/.agents/agents/cleanup-specialist/AGENT.md:14:18: typography.symbols.curly_quotes: Use curly quotes “”, not straight quotes "".
egolint/.agents/agents/cleanup-specialist/AGENT.md:15:18: typography.symbols.curly_quotes: Use curly quotes “”, not straight quotes "".
egolint/.agents/agents/github-issue-creator/AGENT.md:3:7: typography.symbols.curly_quotes: Use curly quotes “”, not straight quotes "".
egolint/.agents/agents/github-issue-creator/AGENT.md:11:18: typography.symbols.curly_quotes: Use curly quotes “”, not straight quotes "".
egolint/.agents/agents/github-issue-creator/AGENT.md:12:17: typography.symbols.curly_quotes: Use curly quotes “”, not straight quotes "".
egolint/.agents/agents/github-issue-creator/AGENT.md:13:18: typography.symbols.curly_quotes: Use curly quotes “”, not straight quotes "".
egolint/.agents/agents/github-issue-creator/AGENT.md:14:18: typography.symbols.curly_quotes: Use curly quotes “”, not straight quotes "".
egolint/.agents/agents/implementation-planner/AGENT.md:3:7: typography.symbols.curly_quotes: Use curly quotes “”, not straight quotes "".
egolint/.agents/agents/implementation-planner/AGENT.md:12:18: typography.symbols.curly_quotes: Use curly quotes “”, not straight quotes "".
egolint/.agents/agents/implementation-planner/AGENT.md:13:17: typography.symbols.curly_quotes: Use curly quotes “”, not straight quotes "".
egolint/.agents/agents/implementation-planner/AGENT.md:14:18: typography.symbols.curly_quotes: Use curly quotes “”, not straight quotes "".
egolint/.agents/agents/implementation-planner/AGENT.md:15:18: typography.symbols.curly_quotes: Use curly quotes “”, not straight quotes "".
egolint/.agents/agents/implementation-planner/AGENT.md:47:14: needless_variants: Needless variant. 'oversize' is the preferred form.
egolint/.agents/agents/specfile-creator/AGENT.md:3:7: typography.symbols.curly_quotes: Use curly quotes “”, not straight quotes "".
egolint/.agents/agents/specfile-creator/AGENT.md:12:18: typography.symbols.curly_quotes: Use curly quotes “”, not straight quotes "".
egolint/.agents/agents/specfile-creator/AGENT.md:13:17: typography.symbols.curly_quotes: Use curly quotes “”, not straight quotes "".
egolint/.agents/agents/specfile-creator/AGENT.md:14:18: typography.symbols.curly_quotes: Use curly quotes “”, not straight quotes "".
egolint/.agents/agents/specfile-creator/AGENT.md:15:18: typography.symbols.curly_quotes: Use curly quotes “”, not straight quotes "".
egolint/.agents/agents/test-specialist/AGENT.md:3:7: typography.symbols.curly_quotes: Use curly quotes “”, not straight quotes "".
egolint/.agents/agents/test-specialist/AGENT.md:12:18: typography.symbols.curly_quotes: Use curly quotes “”, not straight quotes "".
egolint/.agents/agents/test-specialist/AGENT.md:13:17: typography.symbols.curly_quotes: Use curly quotes “”, not straight quotes "".
egolint/.agents/agents/test-specialist/AGENT.md:14:18: typography.symbols.curly_quotes: Use curly quotes “”, not straight quotes "".
egolint/.agents/agents/test-specialist/AGENT.md:15:18: typography.symbols.curly_quotes: Use curly quotes “”, not straight quotes "".
egolint/.agents/skills/SKILL-CONTRACT.md:60:88: typography.symbols.sentence_spacing: More than two spaces after the period; use 1 or 2.
egolint/.agents/skills/SKILL-CONTRACT.md:101:18: typography.symbols.curly_quotes: Use curly quotes “”, not straight quotes "".
egolint/.agents/skills/SKILL-CONTRACT.md:103:17: typography.symbols.curly_quotes: Use curly quotes “”, not straight quotes "".
egolint/.agents/skills/SKILL-CONTRACT.md:104:18: typography.symbols.curly_quotes: Use curly quotes “”, not straight quotes "".
egolint/.agents/skills/SKILL-CONTRACT.md:105:18: typography.symbols.curly_quotes: Use curly quotes “”, not straight quotes "".
egolint/.agents/skills/architecture/architecture-authoring/SKILL.md:7:18: typography.symbols.curly_quotes: Use curly quotes “”, not straight quotes "".
egolint/.agents/skills/architecture/architecture-authoring/SKILL.md:9:17: typography.symbols.curly_quotes: Use curly quotes “”, not straight quotes "".
egolint/.agents/skills/architecture/architecture-authoring/SKILL.md:10:18: typography.symbols.curly_quotes: Use curly quotes “”, not straight quotes "".
egolint/.agents/skills/architecture/architecture-authoring/SKILL.md:11:18: typography.symbols.curly_quotes: Use curly quotes “”, not straight quotes "".
egolint/.agents/skills/architecture/architecture-authoring/SKILL.md:27:4: lexical_illusions: There's a lexical illusion in 'Use This Skill When

Use this skill when' - a phrase is repeated.
egolint/.agents/skills/architecture/create-ai-constitution-document/SKILL.md:7:18: typography.symbols.curly_quotes: Use curly quotes “”, not straight quotes "".
egolint/.agents/skills/architecture/create-ai-constitution-document/SKILL.md:9:17: typography.symbols.curly_quotes: Use curly quotes “”, not straight quotes "".
egolint/.agents/skills/architecture/create-ai-constitution-document/SKILL.md:10:18: typography.symbols.curly_quotes: Use curly quotes “”, not straight quotes "".
egolint/.agents/skills/architecture/create-ai-constitution-document/SKILL.md:11:18: typography.symbols.curly_quotes: Use curly quotes “”, not straight quotes "".
egolint/.agents/skills/architecture/create-architecture-document/SKILL.md:7:18: typography.symbols.curly_quotes: Use curly quotes “”, not straight quotes "".
egolint/.agents/skills/architecture/create-architecture-document/SKILL.md:9:17: typography.symbols.curly_quotes: Use curly quotes “”, not straight quotes "".
egolint/.agents/skills/architecture/create-architecture-document/SKILL.md:10:18: typography.symbols.curly_quotes: Use curly quotes “”, not straight quotes "".
egolint/.agents/skills/architecture/create-architecture-document/SKILL.md:11:18: typography.symbols.curly_quotes: Use curly quotes “”, not straight quotes "".
egolint/.agents/skills/architecture/create-decisions-document/SKILL.md:7:18: typography.symbols.curly_quotes: Use curly quotes “”, not straight quotes "".
egolint/.agents/skills/architecture/create-decisions-document/SKILL.md:9:17: typography.symbols.curly_quotes: Use curly quotes “”, not straight quotes "".
egolint/.agents/skills/architecture/create-decisions-document/SKILL.md:10:18: typography.symbols.curly_quotes: Use curly quotes “”, not straight quotes "".
egolint/.agents/skills/architecture/create-decisions-document/SKILL.md:11:18: typography.symbols.curly_quotes: Use curly quotes “”, not straight quotes "".
egolint/.agents/skills/architecture/create-decisions-document/references/decision-record-guide.md:63:17: lexical_illusions: There's a lexical illusion in 'superseded
        superseded' - a phrase is repeated.
egolint/.agents/skills/architecture/create-decisions-document/templates/ADR.template.md:6:9: lexical_illusions: There's a lexical illusion in 'accepted
accepted' - a phrase is repeated.
egolint/.agents/skills/architecture/create-design-document/SKILL.md:7:18: typography.symbols.curly_quotes: Use curly quotes “”, not straight quotes "".
egolint/.agents/skills/architecture/create-design-document/SKILL.md:9:17: typography.symbols.curly_quotes: Use curly quotes “”, not straight quotes "".
egolint/.agents/skills/architecture/create-design-document/SKILL.md:10:18: typography.symbols.curly_quotes: Use curly quotes “”, not straight quotes "".
egolint/.agents/skills/architecture/create-design-document/SKILL.md:11:18: typography.symbols.curly_quotes: Use curly quotes “”, not straight quotes "".
egolint/.agents/skills/architecture/create-design-system-document/SKILL.md:7:18: typography.symbols.curly_quotes: Use curly quotes “”, not straight quotes "".
egolint/.agents/skills/architecture/create-design-system-document/SKILL.md:9:17: typography.symbols.curly_quotes: Use curly quotes “”, not straight quotes "".
egolint/.agents/skills/architecture/create-design-system-document/SKILL.md:10:18: typography.symbols.curly_quotes: Use curly quotes “”, not straight quotes "".
egolint/.agents/skills/architecture/create-design-system-document/SKILL.md:11:18: typography.symbols.curly_quotes: Use curly quotes “”, not straight quotes "".
egolint/.agents/skills/architecture/create-epistemology-document/SKILL.md:7:18: typography.symbols.curly_quotes: Use curly quotes “”, not straight quotes "".
egolint/.agents/skills/architecture/create-epistemology-document/SKILL.md:9:17: typography.symbols.curly_quotes: Use curly quotes “”, not straight quotes "".
egolint/.agents/skills/architecture/create-epistemology-document/SKILL.md:10:18: typography.symbols.curly_quotes: Use curly quotes “”, not straight quotes "".
egolint/.agents/skills/architecture/create-epistemology-document/SKILL.md:11:18: typography.symbols.curly_quotes: Use curly quotes “”, not straight quotes "".
egolint/.agents/skills/architecture/create-foundations-document/SKILL.md:7:18: typography.symbols.curly_quotes: Use curly quotes “”, not straight quotes "".
egolint/.agents/skills/architecture/create-foundations-document/SKILL.md:9:17: typography.symbols.curly_quotes: Use curly quotes “”, not straight quotes "".
egolint/.agents/skills/architecture/create-foundations-document/SKILL.md:10:18: typography.symbols.curly_quotes: Use curly quotes “”, not straight quotes "".
egolint/.agents/skills/architecture/create-foundations-document/SKILL.md:11:18: typography.symbols.curly_quotes: Use curly quotes “”, not straight quotes "".
egolint/.agents/skills/architecture/create-foundations-document/references/authoring-guide.md:21:40: redundancy.misc.after_the_deadline: Redundancy. Use 'evolve' instead of 'evolve over time'.
egolint/.agents/skills/architecture/create-manifesto-document/SKILL.md:7:18: typography.symbols.curly_quotes: Use curly quotes “”, not straight quotes "".
egolint/.agents/skills/architecture/create-manifesto-document/SKILL.md:9:17: typography.symbols.curly_quotes: Use curly quotes “”, not straight quotes "".
egolint/.agents/skills/architecture/create-manifesto-document/SKILL.md:10:18: typography.symbols.curly_quotes: Use curly quotes “”, not straight quotes "".
egolint/.agents/skills/architecture/create-manifesto-document/SKILL.md:11:18: typography.symbols.curly_quotes: Use curly quotes “”, not straight quotes "".
egolint/.agents/skills/architecture/create-meta-architecture-document/SKILL.md:7:18: typography.symbols.curly_quotes: Use curly quotes “”, not straight quotes "".
egolint/.agents/skills/architecture/create-meta-architecture-document/SKILL.md:9:17: typography.symbols.curly_quotes: Use curly quotes “”, not straight quotes "".
egolint/.agents/skills/architecture/create-meta-architecture-document/SKILL.md:10:18: typography.symbols.curly_quotes: Use curly quotes “”, not straight quotes "".
egolint/.agents/skills/architecture/create-meta-architecture-document/SKILL.md:11:18: typography.symbols.curly_quotes: Use curly quotes “”, not straight quotes "".
egolint/.agents/skills/architecture/create-methodology-document/SKILL.md:7:18: typography.symbols.curly_quotes: Use curly quotes “”, not straight quotes "".
egolint/.agents/skills/architecture/create-methodology-document/SKILL.md:9:17: typography.symbols.curly_quotes: Use curly quotes “”, not straight quotes "".
egolint/.agents/skills/architecture/create-methodology-document/SKILL.md:10:18: typography.symbols.curly_quotes: Use curly quotes “”, not straight quotes "".
egolint/.agents/skills/architecture/create-methodology-document/SKILL.md:11:18: typography.symbols.curly_quotes: Use curly quotes “”, not straight quotes "".
egolint/.agents/skills/architecture/create-ontology-document/SKILL.md:7:18: typography.symbols.curly_quotes: Use curly quotes “”, not straight quotes "".
egolint/.agents/skills/architecture/create-ontology-document/SKILL.md:9:17: typography.symbols.curly_quotes: Use curly quotes “”, not straight quotes "".
egolint/.agents/skills/architecture/create-ontology-document/SKILL.md:10:18: typography.symbols.curly_quotes: Use curly quotes “”, not straight quotes "".
egolint/.agents/skills/architecture/create-ontology-document/SKILL.md:11:18: typography.symbols.curly_quotes: Use curly quotes “”, not straight quotes "".
egolint/.agents/skills/architecture/create-ontology-document/references/concept-modeling-guide.md:11:10: lexical_illusions: There's a lexical illusion in 'gardens
    gardens' - a phrase is repeated.
egolint/.agents/skills/architecture/create-personal-model-document/SKILL.md:7:18: typography.symbols.curly_quotes: Use curly quotes “”, not straight quotes "".
egolint/.agents/skills/architecture/create-personal-model-document/SKILL.md:9:17: typography.symbols.curly_quotes: Use curly quotes “”, not straight quotes "".
egolint/.agents/skills/architecture/create-personal-model-document/SKILL.md:10:18: typography.symbols.curly_quotes: Use curly quotes “”, not straight quotes "".
egolint/.agents/skills/architecture/create-personal-model-document/SKILL.md:11:18: typography.symbols.curly_quotes: Use curly quotes “”, not straight quotes "".
egolint/.agents/skills/architecture/create-pillars-document/SKILL.md:7:18: typography.symbols.curly_quotes: Use curly quotes “”, not straight quotes "".
egolint/.agents/skills/architecture/create-pillars-document/SKILL.md:9:17: typography.symbols.curly_quotes: Use curly quotes “”, not straight quotes "".
egolint/.agents/skills/architecture/create-pillars-document/SKILL.md:10:18: typography.symbols.curly_quotes: Use curly quotes “”, not straight quotes "".
egolint/.agents/skills/architecture/create-pillars-document/SKILL.md:11:18: typography.symbols.curly_quotes: Use curly quotes “”, not straight quotes "".
egolint/.agents/skills/architecture/create-principles-document/SKILL.md:7:18: typography.symbols.curly_quotes: Use curly quotes “”, not straight quotes "".
egolint/.agents/skills/architecture/create-principles-document/SKILL.md:9:17: typography.symbols.curly_quotes: Use curly quotes “”, not straight quotes "".
egolint/.agents/skills/architecture/create-principles-document/SKILL.md:10:18: typography.symbols.curly_quotes: Use curly quotes “”, not straight quotes "".
egolint/.agents/skills/architecture/create-principles-document/SKILL.md:11:18: typography.symbols.curly_quotes: Use curly quotes “”, not straight quotes "".
egolint/.agents/skills/architecture/create-purpose-document/SKILL.md:7:18: typography.symbols.curly_quotes: Use curly quotes “”, not straight quotes "".
egolint/.agents/skills/architecture/create-purpose-document/SKILL.md:9:17: typography.symbols.curly_quotes: Use curly quotes “”, not straight quotes "".
egolint/.agents/skills/architecture/create-purpose-document/SKILL.md:10:18: typography.symbols.curly_quotes: Use curly quotes “”, not straight quotes "".
egolint/.agents/skills/architecture/create-purpose-document/SKILL.md:11:18: typography.symbols.curly_quotes: Use curly quotes “”, not straight quotes "".
egolint/.agents/skills/architecture/create-roadmap-document/SKILL.md:7:18: typography.symbols.curly_quotes: Use curly quotes “”, not straight quotes "".
egolint/.agents/skills/architecture/create-roadmap-document/SKILL.md:9:17: typography.symbols.curly_quotes: Use curly quotes “”, not straight quotes "".
egolint/.agents/skills/architecture/create-roadmap-document/SKILL.md:10:18: typography.symbols.curly_quotes: Use curly quotes “”, not straight quotes "".
egolint/.agents/skills/architecture/create-roadmap-document/SKILL.md:11:18: typography.symbols.curly_quotes: Use curly quotes “”, not straight quotes "".
egolint/.agents/skills/architecture/create-roadmap-document/SKILL.md:25:27: redundancy.misc.after_the_deadline: Redundancy. Use 'evolve' instead of 'evolve over time'.
egolint/.agents/skills/architecture/create-roadmap-document/references/authoring-guide.md:5:29: redundancy.misc.after_the_deadline: Redundancy. Use 'evolve' instead of 'evolve over time'.
egolint/.agents/skills/architecture/create-roadmap-document/references/validation-checklist.md:12:31: redundancy.misc.after_the_deadline: Redundancy. Use 'evolve' instead of 'evolve over time'.
egolint/.agents/skills/architecture/create-system-document/SKILL.md:7:18: typography.symbols.curly_quotes: Use curly quotes “”, not straight quotes "".
egolint/.agents/skills/architecture/create-system-document/SKILL.md:9:17: typography.symbols.curly_quotes: Use curly quotes “”, not straight quotes "".
egolint/.agents/skills/architecture/create-system-document/SKILL.md:10:18: typography.symbols.curly_quotes: Use curly quotes “”, not straight quotes "".
egolint/.agents/skills/architecture/create-system-document/SKILL.md:11:18: typography.symbols.curly_quotes: Use curly quotes “”, not straight quotes "".
egolint/.agents/skills/architecture/create-vision-document/SKILL.md:7:18: typography.symbols.curly_quotes: Use curly quotes “”, not straight quotes "".
egolint/.agents/skills/architecture/create-vision-document/SKILL.md:9:17: typography.symbols.curly_quotes: Use curly quotes “”, not straight quotes "".
egolint/.agents/skills/architecture/create-vision-document/SKILL.md:10:18: typography.symbols.curly_quotes: Use curly quotes “”, not straight quotes "".
egolint/.agents/skills/architecture/create-vision-document/SKILL.md:11:18: typography.symbols.curly_quotes: Use curly quotes “”, not straight quotes "".
egolint/.agents/skills/authoring/create-specification-file/SKILL.md:7:18: typography.symbols.curly_quotes: Use curly quotes “”, not straight quotes "".
egolint/.agents/skills/authoring/create-specification-file/SKILL.md:8:19: typography.symbols.curly_quotes: Use curly quotes “”, not straight quotes "".
egolint/.agents/skills/authoring/create-specification-file/SKILL.md:9:17: typography.symbols.curly_quotes: Use curly quotes “”, not straight quotes "".
egolint/.agents/skills/authoring/create-specification-file/SKILL.md:10:18: typography.symbols.curly_quotes: Use curly quotes “”, not straight quotes "".
egolint/.agents/skills/authoring/create-specification-file/SKILL.md:11:18: typography.symbols.curly_quotes: Use curly quotes “”, not straight quotes "".
egolint/.agents/skills/authoring/github-issue-authoring/SKILL.md:7:18: typography.symbols.curly_quotes: Use curly quotes “”, not straight quotes "".
egolint/.agents/skills/authoring/github-issue-authoring/SKILL.md:8:17: typography.symbols.curly_quotes: Use curly quotes “”, not straight quotes "".
egolint/.agents/skills/authoring/github-issue-authoring/SKILL.md:9:18: typography.symbols.curly_quotes: Use curly quotes “”, not straight quotes "".
egolint/.agents/skills/authoring/github-issue-authoring/SKILL.md:10:18: typography.symbols.curly_quotes: Use curly quotes “”, not straight quotes "".
egolint/.agents/skills/authoring/implementation-planning/SKILL.md:7:18: typography.symbols.curly_quotes: Use curly quotes “”, not straight quotes "".
egolint/.agents/skills/authoring/implementation-planning/SKILL.md:8:17: typography.symbols.curly_quotes: Use curly quotes “”, not straight quotes "".
egolint/.agents/skills/authoring/implementation-planning/SKILL.md:9:18: typography.symbols.curly_quotes: Use curly quotes “”, not straight quotes "".
egolint/.agents/skills/authoring/implementation-planning/SKILL.md:10:18: typography.symbols.curly_quotes: Use curly quotes “”, not straight quotes "".
egolint/.agents/skills/authoring/skill-authoring/SKILL.md:7:18: typography.symbols.curly_quotes: Use curly quotes “”, not straight quotes "".
egolint/.agents/skills/authoring/skill-authoring/SKILL.md:8:17: typography.symbols.curly_quotes: Use curly quotes “”, not straight quotes "".
egolint/.agents/skills/authoring/skill-authoring/SKILL.md:9:18: typography.symbols.curly_quotes: Use curly quotes “”, not straight quotes "".
egolint/.agents/skills/authoring/skill-authoring/SKILL.md:10:18: typography.symbols.curly_quotes: Use curly quotes “”, not straight quotes "".
egolint/.agents/skills/authoring/skill-authoring/templates/SKILL.template.md:7:18: typography.symbols.curly_quotes: Use curly quotes “”, not straight quotes "".
egolint/.agents/skills/authoring/skill-authoring/templates/SKILL.template.md:8:17: typography.symbols.curly_quotes: Use curly quotes “”, not straight quotes "".
egolint/.agents/skills/authoring/skill-authoring/templates/SKILL.template.md:9:18: typography.symbols.curly_quotes: Use curly quotes “”, not straight quotes "".
egolint/.agents/skills/authoring/skill-authoring/templates/SKILL.template.md:10:18: typography.symbols.curly_quotes: Use curly quotes “”, not straight quotes "".
egolint/.agents/skills/methodology/orchestrate-reflective-development/SKILL.md:7:18: typography.symbols.curly_quotes: Use curly quotes “”, not straight quotes "".
egolint/.agents/skills/methodology/orchestrate-reflective-development/SKILL.md:8:19: typography.symbols.curly_quotes: Use curly quotes “”, not straight quotes "".
egolint/.agents/skills/methodology/orchestrate-reflective-development/SKILL.md:9:17: typography.symbols.curly_quotes: Use curly quotes “”, not straight quotes "".
egolint/.agents/skills/methodology/orchestrate-reflective-development/SKILL.md:10:18: typography.symbols.curly_quotes: Use curly quotes “”, not straight quotes "".
egolint/.agents/skills/methodology/orchestrate-reflective-development/SKILL.md:11:18: typography.symbols.curly_quotes: Use curly quotes “”, not straight quotes "".
egolint/.agents/skills/methodology/orchestrate-reflective-development/SKILL.md:49:26: typography.diacritical_marks: Use diacritical marks in 'résumé'.
egolint/.agents/skills/methodology/orchestrate-reflective-development/templates/REFLECTIVE_CYCLE.template.md:39:9: typography.diacritical_marks: Use diacritical marks in 'résumé'.
egolint/.agents/skills/publishing/prepare-arxiv-release/SKILL.md:7:18: typography.symbols.curly_quotes: Use curly quotes “”, not straight quotes "".
egolint/.agents/skills/publishing/prepare-arxiv-release/SKILL.md:9:17: typography.symbols.curly_quotes: Use curly quotes “”, not straight quotes "".
egolint/.agents/skills/publishing/prepare-arxiv-release/SKILL.md:10:18: typography.symbols.curly_quotes: Use curly quotes “”, not straight quotes "".
egolint/.agents/skills/publishing/prepare-arxiv-release/SKILL.md:11:18: typography.symbols.curly_quotes: Use curly quotes “”, not straight quotes "".
egolint/.agents/skills/quality/audit-repository/SKILL.md:7:18: typography.symbols.curly_quotes: Use curly quotes “”, not straight quotes "".
egolint/.agents/skills/quality/audit-repository/SKILL.md:8:19: typography.symbols.curly_quotes: Use curly quotes “”, not straight quotes "".
egolint/.agents/skills/quality/audit-repository/SKILL.md:9:17: typography.symbols.curly_quotes: Use curly quotes “”, not straight quotes "".
egolint/.agents/skills/quality/audit-repository/SKILL.md:10:18: typography.symbols.curly_quotes: Use curly quotes “”, not straight quotes "".
egolint/.agents/skills/quality/audit-repository/SKILL.md:11:18: typography.symbols.curly_quotes: Use curly quotes “”, not straight quotes "".
egolint/.agents/skills/quality/bug-fixing/SKILL.md:7:18: typography.symbols.curly_quotes: Use curly quotes “”, not straight quotes "".
egolint/.agents/skills/quality/bug-fixing/SKILL.md:8:17: typography.symbols.curly_quotes: Use curly quotes “”, not straight quotes "".
egolint/.agents/skills/quality/bug-fixing/SKILL.md:9:18: typography.symbols.curly_quotes: Use curly quotes “”, not straight quotes "".
egolint/.agents/skills/quality/bug-fixing/SKILL.md:10:18: typography.symbols.curly_quotes: Use curly quotes “”, not straight quotes "".
egolint/.agents/skills/quality/repository-cleanup/SKILL.md:7:18: typography.symbols.curly_quotes: Use curly quotes “”, not straight quotes "".
egolint/.agents/skills/quality/repository-cleanup/SKILL.md:8:17: typography.symbols.curly_quotes: Use curly quotes “”, not straight quotes "".
egolint/.agents/skills/quality/repository-cleanup/SKILL.md:9:18: typography.symbols.curly_quotes: Use curly quotes “”, not straight quotes "".
egolint/.agents/skills/quality/repository-cleanup/SKILL.md:10:18: typography.symbols.curly_quotes: Use curly quotes “”, not straight quotes "".
egolint/.agents/skills/quality/test-engineering/SKILL.md:7:18: typography.symbols.curly_quotes: Use curly quotes “”, not straight quotes "".
egolint/.agents/skills/quality/test-engineering/SKILL.md:8:17: typography.symbols.curly_quotes: Use curly quotes “”, not straight quotes "".
egolint/.agents/skills/quality/test-engineering/SKILL.md:9:18: typography.symbols.curly_quotes: Use curly quotes “”, not straight quotes "".
egolint/.agents/skills/quality/test-engineering/SKILL.md:10:18: typography.symbols.curly_quotes: Use curly quotes “”, not straight quotes "".
egolint/.agents/specs/SCHEMA.md:22:70: typography.symbols.sentence_spacing: More than two spaces after the period; use 1 or 2.
egolint/.agents/specs/SCHEMA.md:23:96: typography.symbols.sentence_spacing: More than two spaces after the period; use 1 or 2.
egolint/.agents/specs/SCHEMA.md:24:56: typography.symbols.sentence_spacing: More than two spaces after the period; use 1 or 2.
egolint/.agents/specs/SCHEMA.md:25:77: typography.symbols.sentence_spacing: More than two spaces after the period; use 1 or 2.
egolint/.agents/specs/SCHEMA.md:26:77: typography.symbols.sentence_spacing: More than two spaces after the period; use 1 or 2.
egolint/.agents/specs/SCHEMA.md:27:100: typography.symbols.sentence_spacing: More than two spaces after the period; use 1 or 2.
egolint/.agents/specs/SCHEMA.md:28:92: typography.symbols.sentence_spacing: More than two spaces after the period; use 1 or 2.
egolint/.agents/specs/SCHEMA.md:29:77: typography.symbols.sentence_spacing: More than two spaces after the period; use 1 or 2.
egolint/.agents/specs/SCHEMA.md:30:79: typography.symbols.sentence_spacing: More than two spaces after the period; use 1 or 2.
egolint/.agents/specs/SCHEMA.md:32:52: typography.symbols.sentence_spacing: More than two spaces after the period; use 1 or 2.
egolint/.agents/specs/SCHEMA.md:41:113: typography.symbols.sentence_spacing: More than two spaces after the period; use 1 or 2.
egolint/.agents/specs/SCHEMA.md:42:107: typography.symbols.sentence_spacing: More than two spaces after the period; use 1 or 2.
egolint/.agents/specs/SCHEMA.md:43:118: typography.symbols.sentence_spacing: More than two spaces after the period; use 1 or 2.
egolint/.agents/specs/SCHEMA.md:125:3: typography.symbols.ellipsis: '...' is an approximation, use the ellipsis symbol '…'.
egolint/.agents/specs/architecture/domain/ontology.spec.md:324:11: lexical_illusions: There's a lexical illusion in 'Concept

    Concept' - a phrase is repeated.
egolint/.agents/specs/architecture/domain/personal-model.spec.md:96:54: lexical_illusions: There's a lexical illusion in 'representation

    Representation' - a phrase is repeated.
egolint/.agents/specs/architecture/foundation/architecture.spec.md:293:9: lexical_illusions: There's a lexical illusion in 'Related Specifications

Related specifications' - a phrase is repeated.
egolint/.agents/specs/architecture/foundation/foundations.spec.md:280:9: lexical_illusions: There's a lexical illusion in 'Related Specifications

Related specifications' - a phrase is repeated.
egolint/.agents/specs/architecture/foundation/methodology.spec.md:287:9: lexical_illusions: There's a lexical illusion in 'Related Specifications

Related specifications' - a phrase is repeated.
egolint/.agents/specs/architecture/foundation/roadmap.spec.md:60:29: redundancy.misc.after_the_deadline: Redundancy. Use 'evolve' instead of 'evolve over time'.
egolint/.agents/specs/architecture/foundation/roadmap.spec.md:281:9: lexical_illusions: There's a lexical illusion in 'Related Specifications

Related specifications' - a phrase is repeated.
egolint/.agents/specs/architecture/foundation/system.spec.md:285:9: lexical_illusions: There's a lexical illusion in 'Related Specifications

Related specifications' - a phrase is repeated.
egolint/.agents/specs/architecture/governance/decisions.spec.md:494:11: lexical_illusions: There's a lexical illusion in 'Decision

    Decision' - a phrase is repeated.
egolint/.agents/specs/architecture/meta/epistemology.spec.md:87:48: lexical_illusions: There's a lexical illusion in 'claim

    claim' - a phrase is repeated.
egolint/.agents/specs/authoring/specfile.spec.md:274:1: needless_variants: Needless variant. 'oversize' is the preferred form.
egolint/.agents/specs/methodology/reflector.spec.md:68:33: typography.diacritical_marks: Use diacritical marks in 'résumé'.
egolint/.agents/specs/methodology/reflector.spec.md:186:8: typography.diacritical_marks: Use diacritical marks in 'résumé'.
egolint/.agents/specs/methodology/reflector.spec.md:198:13: lexical_illusions: There's a lexical illusion in 'Indicators

Indicators' - a phrase is repeated.
egolint/.agents/specs/methodology/reflector.spec.md:213:14: lexical_illusions: There's a lexical illusion in 'Synchronization

Synchronization' - a phrase is repeated.
egolint/.agents/specs/methodology/reflector.spec.md:240:28: typography.diacritical_marks: Use diacritical marks in 'résumé'.
egolint/.agents/specs/publishing/arxiv.spec.md:15:5: misc.phrasal_adjectives.ly: No hyphen is necessary in phrasal adjectives with an adverb ending in -ly, unless the -ly adverb is part of a longer phrase.
egolint/.agents/specs/publishing/arxiv.spec.md:20:5: misc.phrasal_adjectives.ly: No hyphen is necessary in phrasal adjectives with an adverb ending in -ly, unless the -ly adverb is part of a longer phrase.
egolint/.config/lint/prose/styles/proselint/README.md:19:69: typography.symbols.curly_quotes: Use curly quotes “”, not straight quotes "".
egolint/.config/lint/prose/styles/write-good/README.md:8:11: typography.symbols.copyright: (c) is a goofy alphabetic approximation, use the symbol ©.
egolint/.config/lint/prose/styles/write-good/README.md:11:58: typography.symbols.curly_quotes: Use curly quotes “”, not straight quotes "".
egolint/.config/lint/prose/styles/write-good/README.md:20:26: typography.symbols.curly_quotes: Use curly quotes “”, not straight quotes "".
egolint/README.md:3:36: needless_variants: Needless variant. 'extendable' is the preferred form.
egolint/README.md:22:1: lexical_illusions: There's a lexical illusion in 'task lint
task lint' - a phrase is repeated.
egolint/README.md:67:5: misc.phrasal_adjectives.ly: No hyphen is necessary in phrasal adjectives with an adverb ending in -ly, unless the -ly adverb is part of a longer phrase.
egolint/README.md:79:39: misc.phrasal_adjectives.ly: No hyphen is necessary in phrasal adjectives with an adverb ending in -ly, unless the -ly adverb is part of a longer phrase.
holon/packs/react-vite/template/README.md:35:28: typography.diacritical_marks: Use diacritical marks in 'façade'.
holon/packs/react-vite/template/docs/contributing/local-development.md:5:80: typography.symbols.ellipsis: '...' is an approximation, use the ellipsis symbol '…'.
holon/packs/react-vite/template/docs/migration/staging-promotion-ledger.md:16:12: lexical_illusions: There's a lexical illusion in 'source

Source' - a phrase is repeated.
holon/packs/react-vite/template/docs/migration/staging-promotion-ledger.md:26:10: lexical_illusions: There's a lexical illusion in 'source

Source' - a phrase is repeated.
holon/packs/react-vite/template/docs/migration/staging-promotion-ledger.md:43:20: typography.diacritical_marks: Use diacritical marks in 'façade'.
holon/packs/react-vite/template/docs/migration/staging-promotion-ledger.md:61:14: lexical_illusions: There's a lexical illusion in 'source

Source' - a phrase is repeated.
holon/packs/react-vite/template/docs/profiles/commerce/domain-routing.md:23:3: typography.symbols.curly_quotes: Use curly quotes “”, not straight quotes "".
holon/packs/react-vite/template/docs/profiles/commerce/domain-routing.md:24:3: typography.symbols.curly_quotes: Use curly quotes “”, not straight quotes "".
holon/packs/react-vite/template/docs/profiles/commerce/domain-routing.md:28:1: redundancy.misc.after_the_deadline: Redundancy. Use 'add' instead of 'Add an additional'.
holon/packs/react-vite/template/docs/provenance/store-source-readme.md:69:1: lexical_illusions: There's a lexical illusion in 'pnpm test
pnpm test' - a phrase is repeated.
holon/packs/react-vite/template/docs/provenance/universal-ui-source-audit.md:59:9: typography.symbols.multiplication: Use the multiplication symbol ×, not the letter x.
holon/packs/react-vite/template/docs/provenance/universal-ui-source-audit.md:60:9: typography.symbols.multiplication: Use the multiplication symbol ×, not the letter x.
holon/packs/react-vite/template/docs/tooling/tailwind.md:38:26: lexical_illusions: There's a lexical illusion in '9 9' - a phrase is repeated.
holon/packs/react-vite/template/docs/tooling/tailwind.md:38:29: lexical_illusions: There's a lexical illusion in '2 2' - a phrase is repeated.
holon/packs/react-vite/template/docs/tooling/vite.md:53:12: typography.symbols.curly_quotes: Use curly quotes “”, not straight quotes "".
holon/packs/react-vite/template/packages/ui/README.md:22:20: typography.symbols.curly_quotes: Use curly quotes “”, not straight quotes "".
holon/packs/react-vite/template/packages/ui/README.md:22:33: typography.symbols.curly_quotes: Use curly quotes “”, not straight quotes "".
holon/packs/readme/references/research-and-design.md:43:124: typography.diacritical_marks: Use diacritical marks in 'résumé'.
holon/packs/readme/templates/profile/README.md:24:10: typography.symbols.curly_quotes: Use curly quotes “”, not straight quotes "".
holon/packs/readme/templates/profile/README.md:120:40: lexical_illusions: There's a lexical illusion in 'D
    D' - a phrase is repeated.
holon/packs/readme/templates/profile/README.md:226:10: typography.symbols.curly_quotes: Use curly quotes “”, not straight quotes "".
holon/packs/readme/templates/project/README.md:25:10: typography.symbols.curly_quotes: Use curly quotes “”, not straight quotes "".
holon/packs/readme/templates/project/README.md:242:59: typography.symbols.curly_quotes: Use curly quotes “”, not straight quotes "".
holon/packs/readme/templates/project/README.md:362:10: typography.symbols.curly_quotes: Use curly quotes “”, not straight quotes "".
identity/README.md:44:12: typography.symbols.curly_quotes: Use curly quotes “”, not straight quotes "".
mantle/ARCHITECTURE.md:22:109: typography.symbols.sentence_spacing: More than two spaces after the period; use 1 or 2.
mantle/ARCHITECTURE.md:23:116: typography.symbols.sentence_spacing: More than two spaces after the period; use 1 or 2.
mantle/ARCHITECTURE.md:24:117: typography.symbols.sentence_spacing: More than two spaces after the period; use 1 or 2.
mantle/ARCHITECTURE.md:25:128: typography.symbols.sentence_spacing: More than two spaces after the period; use 1 or 2.
mantle/ARCHITECTURE.md:26:122: typography.symbols.sentence_spacing: More than two spaces after the period; use 1 or 2.
mantle/ARCHITECTURE.md:27:132: typography.symbols.sentence_spacing: More than two spaces after the period; use 1 or 2.
mantle/ARCHITECTURE.md:29:141: typography.symbols.sentence_spacing: More than two spaces after the period; use 1 or 2.
mantle/ARCHITECTURE.md:30:144: typography.symbols.sentence_spacing: More than two spaces after the period; use 1 or 2.
mantle/ARCHITECTURE.md:31:149: typography.symbols.sentence_spacing: More than two spaces after the period; use 1 or 2.
mantle/CONTRIBUTING.md:1:19: lexical_illusions: There's a lexical illusion in 'Mantle

Mantle' - a phrase is repeated.
mantle/README.md:10:184: typography.symbols.curly_quotes: Use curly quotes “”, not straight quotes "".
mantle/README.md:15:11: typography.symbols.curly_quotes: Use curly quotes “”, not straight quotes "".
mantle/README.md:15:100: typography.symbols.curly_quotes: Use curly quotes “”, not straight quotes "".
mantle/README.md:18:49: needless_variants: Needless variant. 'extendable' is the preferred form.
mantle/README.md:127:149: typography.symbols.sentence_spacing: More than two spaces after the period; use 1 or 2.
mantle/README.md:128:171: typography.symbols.sentence_spacing: More than two spaces after the period; use 1 or 2.
mantle/README.md:129:162: typography.symbols.sentence_spacing: More than two spaces after the period; use 1 or 2.
mantle/README.md:131:152: typography.symbols.sentence_spacing: More than two spaces after the period; use 1 or 2.
mantle/README.md:132:157: typography.symbols.sentence_spacing: More than two spaces after the period; use 1 or 2.
mantle/README.md:133:177: typography.symbols.sentence_spacing: More than two spaces after the period; use 1 or 2.
mantle/README.md:134:180: typography.symbols.sentence_spacing: More than two spaces after the period; use 1 or 2.
mantle/README.md:171:52: typography.symbols.curly_quotes: Use curly quotes “”, not straight quotes "".
mantle/README.md:172:11: typography.symbols.curly_quotes: Use curly quotes “”, not straight quotes "".
mantle/README.md:223:1: lexical_illusions: There's a lexical illusion in 'mantle help
mantle help' - a phrase is repeated.
mantle/README.md:225:1: lexical_illusions: There's a lexical illusion in 'mantle version
mantle version' - a phrase is repeated.
mantle/README.md:228:1: lexical_illusions: There's a lexical illusion in 'mantle env
mantle env' - a phrase is repeated.
mantle/README.md:309:72: typography.symbols.sentence_spacing: More than two spaces after the period; use 1 or 2.
mantle/README.md:310:83: typography.symbols.sentence_spacing: More than two spaces after the period; use 1 or 2.
mantle/README.md:312:93: typography.symbols.sentence_spacing: More than two spaces after the period; use 1 or 2.
mantle/README.md:313:92: typography.symbols.sentence_spacing: More than two spaces after the period; use 1 or 2.
mantle/README.md:314:95: typography.symbols.sentence_spacing: More than two spaces after the period; use 1 or 2.
mantle/README.md:328:1: lexical_illusions: There's a lexical illusion in 'mantle config validate
mantle config validate' - a phrase is repeated.
mantle/README.md:331:1: lexical_illusions: There's a lexical illusion in 'mantle config explain
mantle config explain' - a phrase is repeated.
mantle/README.md:344:180: typography.symbols.curly_quotes: Use curly quotes “”, not straight quotes "".
mantle/README.md:345:181: typography.symbols.curly_quotes: Use curly quotes “”, not straight quotes "".
mantle/README.md:348:189: typography.symbols.curly_quotes: Use curly quotes “”, not straight quotes "".
mantle/README.md:349:192: typography.symbols.curly_quotes: Use curly quotes “”, not straight quotes "".
mantle/README.md:350:191: typography.symbols.curly_quotes: Use curly quotes “”, not straight quotes "".
mantle/README.md:351:191: typography.symbols.curly_quotes: Use curly quotes “”, not straight quotes "".
mantle/README.md:352:191: typography.symbols.curly_quotes: Use curly quotes “”, not straight quotes "".
mantle/README.md:353:184: typography.symbols.curly_quotes: Use curly quotes “”, not straight quotes "".
mantle/README.md:355:188: typography.symbols.curly_quotes: Use curly quotes “”, not straight quotes "".
mantle/README.md:359:187: typography.symbols.curly_quotes: Use curly quotes “”, not straight quotes "".
mantle/README.md:360:201: typography.symbols.curly_quotes: Use curly quotes “”, not straight quotes "".
mantle/README.md:361:189: typography.symbols.curly_quotes: Use curly quotes “”, not straight quotes "".
mantle/README.md:362:192: typography.symbols.curly_quotes: Use curly quotes “”, not straight quotes "".
mantle/README.md:363:182: typography.symbols.curly_quotes: Use curly quotes “”, not straight quotes "".
mantle/README.md:364:175: typography.symbols.curly_quotes: Use curly quotes “”, not straight quotes "".
mantle/README.md:372:192: typography.symbols.curly_quotes: Use curly quotes “”, not straight quotes "".
mantle/README.md:373:192: typography.symbols.curly_quotes: Use curly quotes “”, not straight quotes "".
mantle/README.md:542:19: typography.symbols.curly_quotes: Use curly quotes “”, not straight quotes "".
mantle/README.md:652:3: uncomparables: Comparison of an uncomparable: 'More complete' is not comparable.
mantle/assets/presentation/mantle-banner.txt:1:2: lexical_illusions: There's a lexical illusion in '__  __' - a phrase is repeated.
mantle/assets/presentation/mantle-banner.txt:1:12: lexical_illusions: There's a lexical illusion in '_    _   _ _' - a phrase is repeated.
mantle/assets/presentation/mantle-banner.txt:1:27: lexical_illusions: There's a lexical illusion in '_ _     _' - a phrase is repeated.
mantle/assets/presentation/mantle-banner.txt:2:23: lexical_illusions: There's a lexical illusion in '_   _' - a phrase is repeated.
mantle/audits/mantle-holistic-polish-20260806T124442Z.md:51:7: typography.symbols.curly_quotes: Use curly quotes “”, not straight quotes "".
mantle/audits/mantle-holistic-polish-20260806T124442Z.md:454:23: typography.symbols.curly_quotes: Use curly quotes “”, not straight quotes "".
mantle/audits/mantle-holistic-polish-20260806T124442Z.md:455:17: typography.symbols.curly_quotes: Use curly quotes “”, not straight quotes "".
mantle/audits/mantle-holistic-polish-20260806T124442Z.md:455:41: typography.symbols.curly_quotes: Use curly quotes “”, not straight quotes "".
mantle/audits/mantle-holistic-polish-20260806T124442Z.md:457:17: typography.symbols.curly_quotes: Use curly quotes “”, not straight quotes "".
mantle/audits/mantle-holistic-polish-20260806T124442Z.md:491:88: typography.symbols.ellipsis: '...' is an approximation, use the ellipsis symbol '…'.
mantle/audits/mantle-holistic-polish-20260806T124442Z.md:527:21: typography.symbols.curly_quotes: Use curly quotes “”, not straight quotes "".
mantle/audits/mantle-holistic-polish-20260806T124442Z.md:527:40: typography.symbols.ellipsis: '...' is an approximation, use the ellipsis symbol '…'.
mantle/audits/mantle-holistic-polish-20260806T124442Z.md:529:21: typography.symbols.curly_quotes: Use curly quotes “”, not straight quotes "".
mantle/audits/mantle-holistic-polish-20260806T124442Z.md:531:25: typography.symbols.curly_quotes: Use curly quotes “”, not straight quotes "".
mantle/audits/mantle-holistic-polish-20260806T124442Z.md:569:1: typography.symbols.ellipsis: '...' is an approximation, use the ellipsis symbol '…'.
mantle/audits/mantle-holistic-polish-20260806T124442Z.md:616:9: typography.symbols.curly_quotes: Use curly quotes “”, not straight quotes "".
mantle/audits/mantle-holistic-polish-20260806T124442Z.md:703:30: typography.symbols.ellipsis: '...' is an approximation, use the ellipsis symbol '…'.
mantle/audits/mantle-holistic-polish-20260806T124442Z.md:704:12: typography.symbols.ellipsis: '...' is an approximation, use the ellipsis symbol '…'.
mantle/audits/mantle-holistic-polish-20260806T124442Z.md:704:32: typography.symbols.ellipsis: '...' is an approximation, use the ellipsis symbol '…'.
mantle/audits/mantle-holistic-polish-20260806T124442Z.md:975:87: typography.symbols.curly_quotes: Use curly quotes “”, not straight quotes "".
mantle/lib/install/README.md:75:26: typography.symbols.curly_quotes: Use curly quotes “”, not straight quotes "".
mantle/lib/install/README.md:77:34: typography.symbols.curly_quotes: Use curly quotes “”, not straight quotes "".
mantle/runtime/shells/fish/README.md:9:46: typography.symbols.curly_quotes: Use curly quotes “”, not straight quotes "".
mantle/tests/README.md:81:35: lexical_illusions: There's a lexical illusion in 'bats
bats' - a phrase is repeated.
mantle/tests/README.md:82:37: lexical_illusions: There's a lexical illusion in 'bats
bats' - a phrase is repeated.
mantle/tests/README.md:101:15: typography.symbols.curly_quotes: Use curly quotes “”, not straight quotes "".
mantle/tests/README.md:101:75: lexical_illusions: There's a lexical illusion in 'bats
bats' - a phrase is repeated.
mantle/tests/README.md:159:34: lexical_illusions: There's a lexical illusion in 'bats
bats' - a phrase is repeated.
mantle/tests/README.md:217:31: typography.symbols.curly_quotes: Use curly quotes “”, not straight quotes "".
mantle/tests/README.md:255:39: typography.symbols.ellipsis: '...' is an approximation, use the ellipsis symbol '…'.
mantle/tests/README.md:255:50: typography.symbols.ellipsis: '...' is an approximation, use the ellipsis symbol '…'.
mantle/tests/README.md:255:88: typography.symbols.ellipsis: '...' is an approximation, use the ellipsis symbol '…'.
mantle/tests/README.md:256:18: typography.symbols.ellipsis: '...' is an approximation, use the ellipsis symbol '…'.
mantle/tests/README.md:271:20: typography.symbols.curly_quotes: Use curly quotes “”, not straight quotes "".
mantle/tests/README.md:273:19: typography.symbols.curly_quotes: Use curly quotes “”, not straight quotes "".
mantle/tests/README.md:284:42: lexical_illusions: There's a lexical illusion in 'stub
stub' - a phrase is repeated.
mantle/tests/README.md:285:48: lexical_illusions: There's a lexical illusion in 'stub
stub' - a phrase is repeated.
mantle/tests/README.md:369:9: typography.symbols.curly_quotes: Use curly quotes “”, not straight quotes "".
mantle/tests/README.md:371:9: typography.symbols.curly_quotes: Use curly quotes “”, not straight quotes "".
mantle/tests/README.md:371:41: typography.symbols.curly_quotes: Use curly quotes “”, not straight quotes "".
mantle/tests/README.md:373:9: typography.symbols.curly_quotes: Use curly quotes “”, not straight quotes "".
mantle/tests/README.md:392:38: lexical_illusions: There's a lexical illusion in 'bats
   bats' - a phrase is repeated.
mindgarden/profiles/agent/README.md:26:4: lexical_illusions: There's a lexical illusion in 'Search

Search' - a phrase is repeated.
mindgarden/profiles/agent/README.md:36:11: typography.symbols.curly_quotes: Use curly quotes “”, not straight quotes "".
mindgarden/profiles/agent/README.md:54:12: typography.symbols.curly_quotes: Use curly quotes “”, not straight quotes "".
mindgarden/profiles/agent/README.md:91:11: typography.symbols.curly_quotes: Use curly quotes “”, not straight quotes "".
mindgarden/profiles/agent/README.md:94:11: typography.symbols.curly_quotes: Use curly quotes “”, not straight quotes "".
mindgarden/profiles/agent/README.md:118:50: needless_variants: Needless variant. 'oversize' is the preferred form.
research/antidote/paper.md:2:8: typography.symbols.curly_quotes: Use curly quotes “”, not straight quotes "".
research/antidote/paper.md:3:9: typography.symbols.curly_quotes: Use curly quotes “”, not straight quotes "".
research/antidote/paper.md:4:7: typography.symbols.curly_quotes: Use curly quotes “”, not straight quotes "".
research/antidote/paper.md:52:52: needless_variants: Needless variant. 'extendable' is the preferred form.
research/antidote/research/bootstrap/01-research-concept-snapshot.md:17:61: needless_variants: Needless variant. 'extendable' is the preferred form.
research/antidote/research/bootstrap/03-scientific-boundaries.md:38:154: typography.symbols.curly_quotes: Use curly quotes “”, not straight quotes "".
research/antidote/research/bootstrap/08-resume-here.md:1:3: typography.diacritical_marks: Use diacritical marks in 'résumé'.

