----------------------------------------------------------------------------------------------------
------------------------------------ MegaLinter, by OX Security ------------------------------------
----------------------------------------------------------------------------------------------------
 - Image Creation Date: 2026-08-08T10:25:08Z
 - Image Revision: 15e5b45552097e318c93de385779ce3b1084052c
 - Image Version: v10.0.0
----------------------------------------------------------------------------------------------------
The MegaLinter documentation can be found at:
 - https://megalinter.io/10.0.0
----------------------------------------------------------------------------------------------------
::group::MegaLinter initialization (expand for details)
MegaLinter will analyze workspace [/github/workspace]
GITHUB_REPOSITORY: egohygiene/empathy
GITHUB_REF: refs/heads/main
GITHUB_RUN_ID: 31895359337
PAT: not set

[Pre] run: [if ! test -d "egolint/node_modules/@eslint/json"; then
  npm install
  --prefix egolint
  --no-save
  --package-lock=false
  --no-audit
  --no-fund
  @eslint/json@2.0.1
  || printf '%s\n'
  'MegaLinter: unable to install @eslint/json; continuing with optional JSON plugin disabled.'
  >&2;
fi] in cwd [/github/workspace]
[Pre] error:
/bin/bash: -c: line 9: syntax error near unexpected token `||'
/bin/bash: -c: line 9: `  || printf '%s\n''

[Activation] JSON_NPM_PACKAGE_JSON_LINT has been set inactive, as none of these files has been found: ['package.json']
[Activation] SALESFORCE_CODE_ANALYZER_APEX has been set inactive, as subdirectory has not been found: force-app (set value "any" to always activate)
[Activation] SALESFORCE_CODE_ANALYZER_AURA has been set inactive, as subdirectory has not been found: force-app (set value "any" to always activate)
[Activation] SALESFORCE_CODE_ANALYZER_LWC has been set inactive, as subdirectory has not been found: force-app (set value "any" to always activate)
[Activation] SALESFORCE_CODE_ANALYZER_FLOW has been set inactive, as subdirectory has not been found: force-app (set value "any" to always activate)
[ApiReporter] Not enabled as API_REPORTER is not defined to true
::endgroup::
::group::MegaLinter now collects the files to analyse (expand for details)
Listing all files in directory [/github/workspace], then filter with:
- File extensions: , *, .R, .RMD, .Rmd, .bash, .bicep, .c, .c++, .cc, .cdxml, .clj, .cljc, .cljs, .coffee, .config, .cpp, .cs, .csproj, .css, .cu, .cuh, .cxx, .dart, .dash, .edn, .env, .feature, .go, .gradle, .graphql, .groovy, .gvy, .h, .h++, .hcl, .hh, .hpp, .htm, .html, .hxx, .ipynb, .java, .js, .json, .json5, .jsonc, .ksh, .kt, .kts, .lua, .markdown, .md, .mdx, .nf, .p6, .php, .pl, .pl6, .pm, .pm6, .props, .proto, .ps1, .ps1xml, .psd1, .psm1, .psrc, .pssc, .py, .pyi, .r, .raku, .rakumod, .rakutest, .rb, .resource, .robot, .rs, .rst, .saas, .scala, .scss, .sh, .smk, .sql, .swift, .t, .targets, .tex, .tf, .ts, .tsx, .txt, .vb, .vue, .xml, .xsd, .yaml, .yml
- File names (regex): (.*\.)?Dockerfile, Containerfile, Jenkinsfile, Snakefile
- Excluding regex: (?x)
(
  # Repository-specific vendored, experimental, and generated trees.
  ^\.github/agents/copilot/awesome-copilot/
  |
  ^\.reports/megalinter/
  |
  ^\.staging/
  |
  # Fixture behavior is owned by the explicit policy contract tests. Keeping
  # the tree out of the holistic pass prevents one linter's valid fixture
  # from being interpreted as production input by unrelated linters.
  ^egolint/tests/fixtures/
  |
  ^docs/generated/
  |
  # Local databases.
  \.(?:db|sqlite|sqlite3)$
  |
  # Archives and packaged artifacts.
  \.(?:7z|gz|jar|rar|tar|tgz|war|zip)$
  |
  # Minified web assets.
  \.min\.[^/]+$
)
- Excluding .gitignored files [0]: 
Kept [825] files on [992] found files

+----MATCHING LINTERS---------------------+------------------------------------------------------------------------+----------------+------------+
| Descriptor   | Linter                   | Criteria                                                               | Matching files | Format/Fix |
+--------------+--------------------------+------------------------------------------------------------------------+----------------+------------+
| PYTHON       | pylint                   | .py|.pyi                                                               | 45             | no         |
| PYTHON       | bandit                   | .py|.pyi|.ipynb                                                        | 45             | no         |
| PYTHON       | mypy                     | .py|.pyi                                                               | project        | no         |
| PYTHON       | pyright                  | .py|.pyi                                                               | project        | no         |
| PYTHON       | ruff                     | .py|.pyi|.ipynb                                                        | 45             | no         |
| PYTHON       | ruff-format              | .py|.pyi|.ipynb                                                        | 45             | no         |
| ACTION       | actionlint               | .yml|.yaml                                                             | 14             | no         |
| ANSIBLE      | ansible-lint             | .yml|.yaml                                                             | project        | no         |
| BASH         | bash-exec                | .sh|.bash|.dash|.ksh                                                   | 47             | no         |
| BASH         | shellcheck               | .sh|.bash|.dash|.ksh                                                   | 116            | no         |
| BASH         | shfmt                    | .sh|.bash|.dash|.ksh                                                   | 4              | no         |
| COPYPASTE    | jscpd                    |                                                                        | project        | no         |
| CSS          | stylelint                | .css|.scss|.saas                                                       | 2              | no         |
| EDITORCONFIG | editorconfig-checker     | *                                                                      | 825            | no         |
| HTML         | htmlhint                 | .html|.htm                                                             | 1              | no         |
| JAVASCRIPT   | eslint                   | .js|.vue                                                               | 1              | no         |
| JAVASCRIPT   | prettier                 | .js                                                                    | 1              | no         |
| JSON         | jsonlint                 | .json                                                                  | 103            | no         |
| JSON         | v8r                      | .json                                                                  | 103            | no         |
| JSON         | prettier                 | .json                                                                  | 103            | no         |
| LATEX        | chktex                   | .tex                                                                   | 1              | no         |
| MARKDOWN     | markdownlint             | .md                                                                    | 232            | no         |
| MARKDOWN     | markdown-table-formatter | .md                                                                    | 232            | no         |
| POWERSHELL   | powershell               | .ps1|.psm1|.psd1|.ps1xml|.pssc|.psrc|.cdxml                            | 1              | no         |
| POWERSHELL   | powershell_formatter     | .ps1|.psm1|.psd1|.ps1xml|.pssc|.psrc|.cdxml                            | 1              | no         |
| REPOSITORY   | checkov                  |                                                                        | project        | no         |
| REPOSITORY   | dustilock                |                                                                        | project        | no         |
| REPOSITORY   | betterleaks              |                                                                        | project        | no         |
| REPOSITORY   | grype                    |                                                                        | project        | no         |
| REPOSITORY   | ls-lint                  |                                                                        | project        | no         |
| REPOSITORY   | secretlint               |                                                                        | project        | no         |
| REPOSITORY   | syft                     |                                                                        | project        | no         |
| REPOSITORY   | trivy                    |                                                                        | project        | no         |
| REPOSITORY   | trivy-sbom               |                                                                        | project        | no         |
| REPOSITORY   | trufflehog               |                                                                        | project        | no         |
| RUST         | clippy                   | .rs                                                                    | project        | no         |
| SPELL        | proselint                | .md|.txt                                                               | 236            | no         |
| SPELL        | vale                     | .md|.rst|.txt                                                          | 236            | no         |
| SPELL        | lychee                   | .md|.mdx|.markdown|.html|.htm|.rst|.txt|.json|.jsonc|.json5|.yaml|.yml | 471            | no         |
| XML          | xmllint                  | .xml|.xsd                                                              | 5              | no         |
| YAML         | prettier                 | .yml|.yaml                                                             | 130            | no         |
| YAML         | yamllint                 | .yml|.yaml                                                             | 130            | no         |
| YAML         | v8r                      | .yml|.yaml                                                             | 130            | no         |
+--------------+--------------------------+------------------------------------------------------------------------+----------------+------------+
::endgroup::
Processing linters on [4] parallel cores… (according to variable PARALLEL_PROCESS_NUMBER)
::group::[32m✅ Linted [ACTION] files with [actionlint] successfully - (0.41s)[0m (expand for details)
- Using [actionlint v1.7.12] https://megalinter.io/10.0.0/descriptors/action_actionlint
- MegaLinter key: [ACTION_ACTIONLINT]
- Rules config: [egolint/.config/lint/actions/actionlint.yml]
- Number of files analyzed: [14]
- CWD: [/github/workspace]
- Command: [actionlint -config-file egolint/.config/lint/actions/actionlint.yml .github/workflows/automation.yml .github/workflows/codeql.yml .github/workflows/commitlint.yml .github/workflows/contributors.yml .github/workflows/dependency-review.yml .github/work...(truncated)]
::endgroup::
::group::[32m✅ Linted [ANSIBLE] files with [ansible-lint] successfully - (9.19s)[0m (expand for details)
- Using [ansible-lint v26.6.0] https://megalinter.io/10.0.0/descriptors/ansible_ansible_lint
- MegaLinter key: [ANSIBLE_ANSIBLE_LINT]
- Rules config: [egolint/.config/lint/ansible/ansible-lint.yml]
- CWD: [/github/workspace]
- Command: [ansible-lint .ansible -c egolint/.config/lint/ansible/ansible-lint.yml -v --exclude .cache --exclude .git --exclude .reports --exclude .reports/megalinter]
[Excluded directories] Forwarded EXCLUDED_DIRECTORIES to ansible-lint through --exclude (disable with ANSIBLE_ANSIBLE_LINT_FORWARD_EXCLUDED_DIRECTORIES: false)
::endgroup::
::group::[32m✅ Linted [BASH] files with [bash-exec] successfully - (0.3s)[0m (expand for details)
- Using [bash-exec v5.3.9] https://megalinter.io/10.0.0/descriptors/bash_bash_exec
- MegaLinter key: [BASH_EXEC]
- Rules config: identified by [bash-exec]
- Number of files analyzed: [47]
- CWD: [/github/workspace]
- Commands:
  [bash-exec egolint/scripts/latexindent.sh]
  [bash-exec egolint/scripts/megalinter.sh]
  [bash-exec egolint/scripts/pnpm.sh]
  [bash-exec egolint/scripts/precommit.sh]
  [bash-exec mantle/install.sh]
  [bash-exec mantle/libexec/mantle/commands/completion.sh]
  [bash-exec mantle/libexec/mantle/commands/config.sh]
  [bash-exec mantle/libexec/mantle/commands/doctor.sh]
  [bash-exec mantle/libexec/mantle/commands/env.sh]
  [bash-exec mantle/libexec/mantle/commands/fastfetch.sh]
  [bash-exec mantle/libexec/mantle/commands/help.sh]
  [bash-exec mantle/libexec/mantle/commands/install.sh]
  [bash-exec mantle/libexec/mantle/commands/path.sh]
  [bash-exec mantle/libexec/mantle/commands/version.sh]
  [bash-exec mantle/libexec/mantle/installers/addlicense.sh]
  [bash-exec mantle/libexec/mantle/installers/asdf.sh]
  [bash-exec mantle/libexec/mantle/installers/calibre.sh]
  [bash-exec mantle/libexec/mantle/installers/ceres-solver.sh]
  [bash-exec mantle/libexec/mantle/installers/crush.sh]
  [bash-exec mantle/libexec/mantle/installers/docker-desktop.sh]
  [bash-exec mantle/libexec/mantle/installers/dockerfmt.sh]
  [bash-exec mantle/libexec/mantle/installers/dust.sh]
  [bash-exec mantle/libexec/mantle/installers/e57format.sh]
  [bash-exec mantle/libexec/mantle/installers/eza.sh]
  [bash-exec mantle/libexec/mantle/installers/git-sim.sh]
  [bash-exec mantle/libexec/mantle/installers/gitinspector.sh]
  [bash-exec mantle/libexec/mantle/installers/google-fonts.sh]
  [bash-exec mantle/libexec/mantle/installers/httpie.sh]
  [bash-exec mantle/libexec/mantle/installers/image-optim.sh]
  [bash-exec mantle/libexec/mantle/installers/imagemagick.sh]
  [bash-exec mantle/libexec/mantle/installers/java.sh]
  [bash-exec mantle/libexec/mantle/installers/linuxbrew.sh]
  [bash-exec mantle/libexec/mantle/installers/lynis.sh]
  [bash-exec mantle/libexec/mantle/installers/mitmproxy.sh]
  [bash-exec mantle/libexec/mantle/installers/nerd-fonts.sh]
  [bash-exec mantle/libexec/mantle/installers/nfpm.sh]
  [bash-exec mantle/libexec/mantle/installers/pdal.sh]
  [bash-exec mantle/libexec/mantle/installers/pyenv.sh]
  [bash-exec mantle/libexec/mantle/installers/scc.sh]
  [bash-exec mantle/libexec/mantle/installers/shdoc.sh]
  [bash-exec mantle/libexec/mantle/installers/shfmt.sh]
  [bash-exec mantle/libexec/mantle/installers/sqlfluff.sh]
  [bash-exec mantle/libexec/mantle/installers/talisman.sh]
  [bash-exec mantle/libexec/mantle/installers/taskfile.sh]
  [bash-exec mantle/libexec/mantle/installers/terminus.sh]
  [bash-exec mantle/libexec/mantle/installers/typos.sh]
  [bash-exec mantle/libexec/mantle/installers/vale.sh]
::endgroup::
::group::[32m✅ Linted [BASH] files with [shellcheck] successfully - (10.31s)[0m (expand for details)
- Using [shellcheck v0.11.0] https://megalinter.io/10.0.0/descriptors/bash_shellcheck
- MegaLinter key: [BASH_SHELLCHECK]
- Rules config: [/github/workspace/.shellcheckrc]
- Number of files analyzed: [116]
- CWD: [/github/workspace]
- Command: [shellcheck --color=auto --external-sources --rcfile=/github/workspace/.shellcheckrc egolint/scripts/latexindent.sh egolint/scripts/megalinter.sh egolint/scripts/pnpm.sh egolint/scripts/precommit.sh mantle/init/bootstrap.sh mantle/init/init.sh mantle/...(truncated)]
::endgroup::
::group::[32m✅ Linted [BASH] files with [shfmt] successfully - (0.04s)[0m (expand for details)
- Using [shfmt v3.13.1] https://megalinter.io/10.0.0/descriptors/bash_shfmt
- MegaLinter key: [BASH_SHFMT]
- Rules config: identified by [shfmt]
- Number of files analyzed: [4]
- CWD: [/github/workspace]
- Command: [shfmt -d egolint/scripts/latexindent.sh egolint/scripts/megalinter.sh egolint/scripts/pnpm.sh egolint/scripts/precommit.sh]
::endgroup::
::group::[33m⚠️ Linted [COPYPASTE] files with [jscpd]: Found 340 non blocking error(s) and 0 non blocking warning(s) - (3.92s)[0m (expand for details)
- Using [jscpd v5.0.14] https://megalinter.io/10.0.0/descriptors/copypaste_jscpd
- MegaLinter key: [COPYPASTE_JSCPD]
- Rules config: [egolint/.config/lint/copypaste/jscpd.json]
- CWD: [/github/workspace]
- Command: [jscpd --reporters console,html --output .reports/megalinter/copy-paste/ -c .reports/megalinter/jscpd-config.json .]
[Excluded directories] Generated .reports/megalinter/jscpd-config.json merging EXCLUDED_DIRECTORIES into the jscpd ignore list (disable with COPYPASTE_JSCPD_FORWARD_EXCLUDED_DIRECTORIES: false)
--Error detail:
Using config from .reports/megalinter/jscpd-config.json
config file .reports/megalinter/jscpd-config.json: unknown field '$schema'
[1mClone found (markdown)[22m
 - [1m[32m.audits/egolint/2026-08-11-complementary-toolchain-audit.md:markdown[39m[22m [27:5 - 34:58] (8 lines, 249 tokens)
   ONTOLOGY.md:markdown [51:37 - 52:4]
[1mClone found (markdown)[22m
 - [1m[32m.audits/egolint/2026-08-11-complementary-toolchain-audit.md:markdown[39m[22m [27:12 - 32:65] (6 lines, 196 tokens)
   ONTOLOGY.md:markdown [89:27 - 90:12]
[1mClone found (markdown)[22m
 - [1m[32m.audits/egolint/2026-08-11-integration-audit.md:markdown[39m[22m [171:101 - 176:36] (6 lines, 201 tokens)
   mantle/README.md:markdown [109:198 - 111:3]
[1mClone found (markdown)[22m
 - [1m[32m.audits/egolint/2026-08-11-integration-audit.md:markdown[39m[22m [202:1 - 208:2] (7 lines, 167 tokens)
   mantle/README.md:markdown [316:44 - 317:4]
[1mClone found (markdown)[22m
 - [1m[32m.audits/egolint/2026-08-11-megalinter-v10-policy-audit.md:markdown[39m[22m [24:93 - 29:45] (6 lines, 170 tokens)
   ONTOLOGY.md:markdown [127:167 - 129:3]
[1mClone found (markdown)[22m
 - [1m[32m.audits/egolint/2026-08-11-megalinter-v10-policy-audit.md:markdown[39m[22m [47:89 - 54:59] (8 lines, 209 tokens)
   AI_CONSTITUTION.md:markdown [84:206 - 86:3]
[1mClone found (markdown)[22m
 - [1m[32m.audits/egolint/2026-08-11-megalinter-v10-policy-audit.md:markdown[39m[22m [105:1 - 117:21] (13 lines, 214 tokens)
   ONTOLOGY.md:markdown [64:33 - 65:12]
[1mClone found (yaml)[22m
 - [1m[32m.github/ISSUE_TEMPLATE/architecture.yml[39m[22m [107:1 - 113:18] (7 lines, 51 tokens)
   .github/ISSUE_TEMPLATE/ci.yml [101:1 - 107:18]
[1mClone found (yaml)[22m
 - [1m[32m.github/ISSUE_TEMPLATE/architecture.yml[39m[22m [107:1 - 113:18] (7 lines, 51 tokens)
   .github/ISSUE_TEMPLATE/dx.yml [73:1 - 79:18]
[1mClone found (yaml)[22m
 - [1m[32m.github/ISSUE_TEMPLATE/architecture.yml[39m[22m [107:1 - 113:18] (7 lines, 51 tokens)
   .github/ISSUE_TEMPLATE/feature.yml [107:1 - 113:18]
[1mClone found (yaml)[22m
 - [1m[32m.github/ISSUE_TEMPLATE/architecture.yml[39m[22m [107:1 - 114:26] (8 lines, 69 tokens)
   .github/ISSUE_TEMPLATE/tech-debt.yml [100:1 - 107:18]
[1mClone found (yaml)[22m
 - [1m[32m.github/actions/commit-if-changed/action.yml[39m[22m [14:63 - 23:69] (10 lines, 64 tokens)
   .github/actions/publish-report-snapshot/action.yml [17:79 - 26:69]
[1mClone found (python)[22m
 - [1m[32m.github/actions/generate-repository-intelligence-dashboard/generate_repository_intelligence_dashboard.py[39m[22m [1845:96 - 1858:5] (14 lines, 89 tokens)
   .github/actions/generate-repository-intelligence/generate_repository_intelligence.py [335:5 - 349:5]
[1mClone found (json)[22m
 - [1m[32m.github/actions/generate-repository-intelligence-dashboard/repository-intelligence-dashboard.schema.json[39m[22m [167:26 - 174:21] (8 lines, 73 tokens)
   .github/actions/generate-repository-intelligence-dashboard/repository-intelligence-dashboard.schema.json [187:24 - 194:21]
[1mClone found (json)[22m
 - [1m[32m.github/actions/generate-repository-intelligence-dashboard/repository-intelligence-dashboard.schema.json[39m[22m [174:49 - 182:20] (9 lines, 51 tokens)
   .github/actions/generate-repository-intelligence-dashboard/repository-intelligence-dashboard.schema.json [196:9 - 204:20]
[1mClone found (json)[22m
 - [1m[32m.github/actions/generate-repository-intelligence-dashboard/repository-intelligence-dashboard.schema.json[39m[22m [233:17 - 243:5] (11 lines, 96 tokens)
   .github/actions/generate-repository-intelligence/repository-analytics.schema.json [129:13 - 139:5]
[1mClone found (json)[22m
 - [1m[32m.github/actions/generate-repository-intelligence-dashboard/repository-intelligence-dashboard.schema.json[39m[22m [243:17 - 254:5] (12 lines, 118 tokens)
   .github/actions/generate-repository-intelligence/repository-tree.schema.json [24:13 - 35:5]
[1mClone found (json)[22m
 - [1m[32m.github/actions/generate-repository-intelligence-dashboard/repository-intelligence-dashboard.schema.json[39m[22m [254:15 - 266:30] (13 lines, 116 tokens)
   .github/actions/generate-repository-intelligence/repository-tree.schema.json [35:11 - 47:30]
[1mClone found (json)[22m
 - [1m[32m.github/actions/generate-repository-intelligence-dashboard/repository-intelligence-dashboard.schema.json[39m[22m [268:54 - 291:2] (24 lines, 143 tokens)
   .github/actions/generate-repository-intelligence/repository-tree.schema.json [49:50 - 72:2]
[1mClone found (python)[22m
 - [1m[32m.github/actions/generate-repository-intelligence/generate_repository_analytics.py[39m[22m [67:1 - 76:5] (10 lines, 71 tokens)
   .github/actions/generate-repository-intelligence/generate_repository_intelligence.py [88:1 - 97:5]
[1mClone found (python)[22m
 - [1m[32m.github/actions/generate-repository-intelligence/generate_repository_analytics.py[39m[22m [80:51 - 97:5] (18 lines, 109 tokens)
   .github/actions/generate-repository-intelligence/generate_repository_intelligence.py [70:21 - 88:5]
[1mClone found (python)[22m
 - [1m[32m.github/actions/generate-repository-intelligence/generate_repository_analytics.py[39m[22m [287:36 - 294:5] (8 lines, 73 tokens)
   .github/actions/generate-repository-intelligence/generate_repository_analytics.py [295:36 - 302:5]
[1mClone found (json)[22m
 - [1m[32m.github/actions/generate-repository-intelligence/repository-analytics.schema.json[39m[22m [128:5 - 139:5] (12 lines, 100 tokens)
   .github/actions/generate-repository-intelligence/repository-tree.schema.json [10:36 - 21:5]
[1mClone found (json)[22m
 - [1m[32m.github/actions/generate-repository-intelligence/repository-analytics.schema.json[39m[22m [153:15 - 159:6] (7 lines, 72 tokens)
   .github/actions/generate-repository-intelligence/repository-analytics.schema.json [165:15 - 171:6]
[1mClone found (yaml)[22m
 - [1m[32m.github/actions/python-poetry-setup/action.yml[39m[22m [10:1 - 15:49] (6 lines, 50 tokens)
   .github/actions/setup-environment/action.yml [39:1 - 44:49]
[1mClone found (yaml)[22m
 - [1m[32m.github/workflows/automation.yml[39m[22m [8:1 - 23:3] (16 lines, 60 tokens)
   .github/workflows/automation.yml [26:1 - 41:3]
[1mClone found (yaml)[22m
 - [1m[32m.github/workflows/automation.yml[39m[22m [53:1 - 69:15] (17 lines, 90 tokens)
   .github/workflows/identity.yml [35:1 - 51:15]
[1mClone found (yaml)[22m
 - [1m[32m.github/workflows/automation.yml[39m[22m [53:1 - 63:24] (11 lines, 61 tokens)
   .github/workflows/repository-intelligence.yml [40:1 - 50:24]
[1mClone found (yaml)[22m
 - [1m[32m.github/workflows/automation.yml[39m[22m [56:1 - 69:15] (14 lines, 74 tokens)
   .github/workflows/codeql.yml [40:1 - 53:15]
[1mClone found (yaml)[22m
 - [1m[32m.github/workflows/automation.yml[39m[22m [56:1 - 69:15] (14 lines, 74 tokens)
   .github/workflows/lint-architecture.yml [52:1 - 65:15]
[1mClone found (yaml)[22m
 - [1m[32m.github/workflows/automation.yml[39m[22m [56:1 - 67:11] (12 lines, 62 tokens)
   .github/workflows/megalinter.yml [35:1 - 46:11]
[1mClone found (yaml)[22m
 - [1m[32m.github/workflows/automation.yml[39m[22m [59:1 - 69:24] (11 lines, 62 tokens)
   .github/workflows/mantle.yml [50:1 - 60:23]
[1mClone found (yaml)[22m
 - [1m[32m.github/workflows/commitlint.yml[39m[22m [24:1 - 34:24] (11 lines, 61 tokens)
   .github/workflows/contributors.yml [19:1 - 29:24]
[1mClone found (yaml)[22m
 - [1m[32m.github/workflows/commitlint.yml[39m[22m [24:1 - 34:24] (11 lines, 61 tokens)
   .github/workflows/lint-architecture.yml [49:1 - 59:24]
[1mClone found (yaml)[22m
 - [1m[32m.github/workflows/contributors.yml[39m[22m [22:1 - 34:11] (13 lines, 71 tokens)
   .github/workflows/megalinter-fix.yml [29:1 - 41:11]
[1mClone found (yaml)[22m
 - [1m[32m.github/workflows/dependency-review.yml[39m[22m [36:1 - 49:11] (14 lines, 96 tokens)
   .staging/github/workflows/security-optional/dependency-review.yml [29:1 - 42:11]
[1mClone found (yaml)[22m
 - [1m[32m.github/workflows/lint-architecture.yml[39m[22m [82:1 - 104:34] (23 lines, 138 tokens)
   .github/workflows/megalinter.yml [132:1 - 154:34]
[1mClone found (yaml)[22m
 - [1m[32m.github/workflows/lint-architecture.yml[39m[22m [85:1 - 97:15] (13 lines, 58 tokens)
   .github/workflows/osv-scan.yml [744:1 - 756:15]
[1mClone found (yaml)[22m
 - [1m[32m.github/workflows/megalinter.yml[39m[22m [33:1 - 47:32] (15 lines, 81 tokens)
   .github/workflows/ossf-scorecard.yml [33:1 - 48:15]
[1mClone found (yaml)[22m
 - [1m[32m.github/workflows/megalinter.yml[39m[22m [131:17 - 154:34] (24 lines, 148 tokens)
   .github/workflows/ossf-scorecard.yml [79:22 - 102:34]
[1mClone found (yaml)[22m
 - [1m[32m.github/workflows/mindgarden-pages.yml[39m[22m [61:1 - 75:15] (15 lines, 85 tokens)
   .github/workflows/repository-intelligence.yml [43:1 - 57:15]
[1mClone found (yaml)[22m
 - [1m[32m.github/workflows/mindgarden-pages.yml[39m[22m [114:1 - 119:9] (6 lines, 82 tokens)
   .github/workflows/mindgarden-pages.yml [123:1 - 128:9]
[1mClone found (yaml)[22m
 - [1m[32m.github/workflows/osv-scan.yml[39m[22m [330:1 - 339:22] (10 lines, 85 tokens)
   .github/workflows/osv-scan.yml [354:1 - 363:22]
[1mClone found (yaml)[22m
 - [1m[32m.github/workflows/osv-scan.yml[39m[22m [330:1 - 339:22] (10 lines, 85 tokens)
   .github/workflows/osv-scan.yml [377:1 - 386:22]
[1mClone found (yaml)[22m
 - [1m[32m.github/workflows/osv-scan.yml[39m[22m [342:51 - 352:15] (11 lines, 85 tokens)
   .github/workflows/osv-scan.yml [365:52 - 375:15]
[1mClone found (yaml)[22m
 - [1m[32m.github/workflows/osv-scan.yml[39m[22m [342:51 - 352:15] (11 lines, 85 tokens)
   .github/workflows/osv-scan.yml [388:54 - 398:15]
[1mClone found (yaml)[22m
 - [1m[32m.staging/github/workflows/application-flutter/autofix.yml[39m[22m [39:1 - 53:15] (15 lines, 103 tokens)
   .staging/github/workflows/release-strategies/changesets-release.yml [98:1 - 112:15]
[1mClone found (yaml)[22m
 - [1m[32m.staging/github/workflows/application-flutter/copilot-setup-steps2.yml[39m[22m [10:7 - 15:60] (6 lines, 68 tokens)
   .staging/github/workflows/application-flutter/copilot-setup-steps2.yml [16:15 - 21:60]
[1mClone found (yaml)[22m
 - [1m[32m.staging/github/workflows/application-flutter/copilot-setup-steps2.yml[39m[22m [36:1 - 45:49] (10 lines, 84 tokens)
   .staging/github/workflows/application-flutter/release-artifacts.yml [245:1 - 254:49]
[1mClone found (yaml)[22m
 - [1m[32m.staging/github/workflows/application-flutter/release-artifacts.yml[39m[22m [25:1 - 42:15] (18 lines, 125 tokens)
   .staging/github/workflows/application-flutter/release-artifacts.yml [151:1 - 168:15]
[1mClone found (yaml)[22m
 - [1m[32m.staging/github/workflows/application-flutter/release-artifacts.yml[39m[22m [25:1 - 42:15] (18 lines, 125 tokens)
   .staging/github/workflows/application-flutter/release-artifacts.yml [233:1 - 250:15]
[1mClone found (yaml)[22m
 - [1m[32m.staging/github/workflows/application-flutter/release-artifacts.yml[39m[22m [26:20 - 46:15] (21 lines, 124 tokens)
   .staging/github/workflows/application-flutter/release-artifacts.yml [190:19 - 209:15]
[1mClone found (yaml)[22m
 - [1m[32m.staging/github/workflows/application-flutter/release-artifacts.yml[39m[22m [56:1 - 64:11] (9 lines, 77 tokens)
   .staging/github/workflows/application-flutter/release-artifacts.yml [86:1 - 94:11]
[1mClone found (yaml)[22m
 - [1m[32m.staging/github/workflows/container-platform/benchmark.yml[39m[22m [26:1 - 43:28] (18 lines, 94 tokens)
   .staging/github/workflows/container-platform/publish.yml [28:1 - 45:28]
[1mClone found (yaml)[22m
 - [1m[32m.staging/github/workflows/container-platform/benchmark.yml[39m[22m [58:1 - 76:16] (19 lines, 94 tokens)
   .staging/github/workflows/container-platform/trivy-scan.yml [44:1 - 62:16]
[1mClone found (yaml)[22m
 - [1m[32m.staging/github/workflows/container-platform/benchmark.yml[39m[22m [60:1 - 69:29] (10 lines, 52 tokens)
   .staging/github/workflows/container-platform/publish.yml [64:1 - 73:29]
[1mClone found (yaml)[22m
 - [1m[32m.staging/github/workflows/container-platform/benchmark.yml[39m[22m [159:45 - 168:19] (10 lines, 74 tokens)
   .staging/github/workflows/container-platform/benchmark.yml [198:23 - 207:19]
[1mClone found (yaml)[22m
 - [1m[32m.staging/github/workflows/container-platform/benchmark.yml[39m[22m [159:76 - 167:13] (9 lines, 60 tokens)
   .staging/github/workflows/container-platform/benchmark.yml [234:89 - 242:13]
[1mClone found (yaml)[22m
 - [1m[32m.staging/github/workflows/container-platform/devcontainer.yml[39m[22m [109:1 - 117:28] (9 lines, 63 tokens)
   .staging/github/workflows/container-platform/devcontainer.yml [191:1 - 199:28]
[1mClone found (yaml)[22m
 - [1m[32m.staging/github/workflows/container-platform/devcontainer.yml[39m[22m [202:41 - 209:52] (8 lines, 57 tokens)
   .staging/github/workflows/container-platform/devcontainer.yml [216:42 - 223:52]
[1mClone found (yaml)[22m
 - [1m[32m.staging/github/workflows/container-platform/devcontainer.yml[39m[22m [209:54 - 215:7] (7 lines, 58 tokens)
   .staging/github/workflows/container-platform/devcontainer.yml [223:54 - 229:7]
[1mClone found (yaml)[22m
 - [1m[32m.staging/github/workflows/container-platform/publish.yml[39m[22m [18:1 - 28:5] (11 lines, 84 tokens)
   .staging/github/workflows/container-platform/trivy-scan.yml [27:1 - 37:5]
[1mClone found (yaml)[22m
 - [1m[32m.staging/github/workflows/container-platform/release-notes.yml[39m[22m [112:25 - 119:45] (8 lines, 70 tokens)
   .staging/github/workflows/container-platform/release-notes.yml [125:28 - 132:45]
[1mClone found (yaml)[22m
 - [1m[32m.staging/github/workflows/container-platform/release-notes.yml[39m[22m [112:25 - 119:45] (8 lines, 70 tokens)
   .staging/github/workflows/container-platform/release-notes.yml [138:27 - 145:45]
[1mClone found (yaml)[22m
 - [1m[32m.staging/github/workflows/container-platform/release-notes.yml[39m[22m [112:25 - 119:45] (8 lines, 70 tokens)
   .staging/github/workflows/container-platform/release-notes.yml [151:25 - 158:45]
[1mClone found (yaml)[22m
 - [1m[32m.staging/github/workflows/container-platform/release-notes.yml[39m[22m [112:25 - 119:7] (8 lines, 56 tokens)
   .staging/github/workflows/container-platform/release-notes.yml [164:25 - 171:7]
[1mClone found (yaml)[22m
 - [1m[32m.staging/github/workflows/content-and-docs/bookmarks-extract.yml[39m[22m [44:1 - 52:15] (9 lines, 91 tokens)
   .staging/github/workflows/content-and-docs/bookmarks-extract.yml [70:1 - 78:15]
[1mClone found (yaml)[22m
 - [1m[32m.staging/github/workflows/content-and-docs/docs.yml[39m[22m [43:1 - 61:7] (19 lines, 85 tokens)
   .staging/github/workflows/content-and-docs/docs.yml [94:1 - 112:7]
[1mClone found (yaml)[22m
 - [1m[32m.staging/github/workflows/source-specific/aether-pr-validation.yml[39m[22m [26:1 - 38:15] (13 lines, 110 tokens)
   .staging/github/workflows/source-specific/aether-release-first-party-skills.yml [62:1 - 74:15]
[1mClone found (yaml)[22m
 - [1m[32m.staging/github/workflows/source-specific/aether-pr-validation.yml[39m[22m [47:1 - 55:69] (9 lines, 123 tokens)
   .staging/github/workflows/source-specific/aether-release-first-party-skills.yml [168:1 - 176:11]
[1mClone found (yaml)[22m
 - [1m[32m.staging/github/workflows/source-specific/aether-release-first-party-skills.yml[39m[22m [59:61 - 74:23] (16 lines, 122 tokens)
   .staging/github/workflows/source-specific/aether-release-first-party-skills.yml [145:35 - 160:23]
[1mClone found (yaml)[22m
 - [1m[32m.staging/github/workflows/source-specific/aether-release-first-party-skills.yml[39m[22m [80:1 - 85:20] (6 lines, 85 tokens)
   .staging/github/workflows/source-specific/aether-release-first-party-skills.yml [163:1 - 168:20]
[1mClone found (markdown)[22m
 - [1m[32mDECISIONS.md:markdown[39m[22m [76:1 - 81:14] (6 lines, 51 tokens)
   DECISIONS.md:markdown [121:1 - 126:14]
[1mClone found (markdown)[22m
 - [1m[32mDECISIONS.md:markdown[39m[22m [76:1 - 81:14] (6 lines, 51 tokens)
   DECISIONS.md:markdown [165:1 - 170:14]
[1mClone found (markdown)[22m
 - [1m[32mDECISIONS.md:markdown[39m[22m [76:1 - 81:14] (6 lines, 51 tokens)
   DECISIONS.md:markdown [204:1 - 209:14]
[1mClone found (markdown)[22m
 - [1m[32mDECISIONS.md:markdown[39m[22m [76:1 - 81:14] (6 lines, 51 tokens)
   DECISIONS.md:markdown [245:1 - 250:14]
[1mClone found (markdown)[22m
 - [1m[32mDECISIONS.md:markdown[39m[22m [76:1 - 81:14] (6 lines, 51 tokens)
   DECISIONS.md:markdown [286:1 - 291:14]
[1mClone found (markdown)[22m
 - [1m[32mMETA.md:markdown[39m[22m [75:75 - 82:2] (8 lines, 156 tokens)
   SYSTEM.md:markdown [141:153 - 143:3]
[1mClone found (toml)[22m
 - [1m[32mbeacon/Cargo.toml[39m[22m [7:1 - 14:55] (8 lines, 67 tokens)
   identity/Cargo.toml [7:1 - 14:55]
[1mClone found (toml)[22m
 - [1m[32mbeacon/Cargo.toml[39m[22m [15:1 - 29:34] (15 lines, 87 tokens)
   identity/Cargo.toml [17:1 - 31:34]
[1mClone found (toml)[22m
 - [1m[32mbeacon/Cargo.toml[39m[22m [20:1 - 25:45] (6 lines, 57 tokens)
   egolint/tests/fixtures/clippy/Cargo.toml [10:1 - 15:45]
[1mClone found (rust)[22m
 - [1m[32mbeacon/src/main.rs[39m[22m [328:40 - 333:35] (6 lines, 71 tokens)
   beacon/src/main.rs [351:36 - 356:9]
[1mClone found (markdown)[22m
 - [1m[32megolint/.agents/agents/AGENT-CONTRACT.md:markdown[39m[22m [22:15 - 28:53] (7 lines, 85 tokens)
   egolint/.agents/skills/SKILL-CONTRACT.md:markdown [20:10 - 26:53]
[1mClone found (yaml)[22m
 - [1m[32megolint/.agents/agents/auditor/AGENT.md:yaml[39m[22m [8:1 - 17:7] (10 lines, 59 tokens)
   egolint/.agents/agents/bug-fix-teammate/AGENT.md:yaml [10:1 - 19:7]
[1mClone found (yaml)[22m
 - [1m[32megolint/.agents/agents/bug-fix-teammate/AGENT.md:yaml[39m[22m [5:1 - 19:7] (15 lines, 77 tokens)
   egolint/.agents/agents/cleanup-specialist/AGENT.md:yaml [5:1 - 19:7]
[1mClone found (yaml)[22m
 - [1m[32megolint/.agents/agents/bug-fix-teammate/AGENT.md:yaml[39m[22m [5:1 - 19:7] (15 lines, 77 tokens)
   egolint/.agents/agents/test-specialist/AGENT.md:yaml [5:1 - 19:7]
[1mClone found (python)[22m
 - [1m[32megolint/.agents/agents/build-projections.py[39m[22m [32:1 - 42:48] (11 lines, 59 tokens)
   egolint/.agents/skills/build-distributions.py [44:1 - 54:48]
[1mClone found (python)[22m
 - [1m[32megolint/.agents/agents/build-projections.py[39m[22m [152:64 - 166:21] (15 lines, 97 tokens)
   egolint/.agents/skills/build-distributions.py [256:66 - 270:21]
[1mClone found (yaml)[22m
 - [1m[32megolint/.agents/agents/github-issue-creator/AGENT.md:yaml[39m[22m [8:1 - 18:7] (11 lines, 63 tokens)
   egolint/.agents/agents/implementation-planner/AGENT.md:yaml [9:1 - 19:7]
[1mClone found (yaml)[22m
 - [1m[32megolint/.agents/agents/implementation-planner/AGENT.md:yaml[39m[22m [5:1 - 19:7] (15 lines, 77 tokens)
   egolint/.agents/agents/specfile-creator/AGENT.md:yaml [5:1 - 19:7]
[1mClone found (python)[22m
 - [1m[32megolint/.agents/agents/validate-agents.py[39m[22m [14:1 - 24:39] (11 lines, 56 tokens)
   egolint/.agents/skills/validate-skills.py [13:1 - 23:39]
[1mClone found (yaml)[22m
 - [1m[32megolint/.agents/skills/SKILL-CONTRACT.md:yaml[39m[22m [96:1 - 107:31] (12 lines, 128 tokens)
   egolint/.agents/skills/architecture/create-purpose-document/SKILL.md:yaml [2:1 - 13:31]
[1mClone found (markdown)[22m
 - [1m[32megolint/.agents/skills/architecture/create-ai-constitution-document/SKILL.md:markdown[39m[22m [24:85 - 36:3] (13 lines, 99 tokens)
   egolint/.agents/skills/architecture/create-epistemology-document/SKILL.md:markdown [24:119 - 36:3]
[1mClone found (markdown)[22m
 - [1m[32megolint/.agents/skills/architecture/create-ai-constitution-document/SKILL.md:markdown[39m[22m [24:85 - 36:3] (13 lines, 99 tokens)
   egolint/.agents/skills/architecture/create-meta-architecture-document/SKILL.md:markdown [24:88 - 36:3]
[1mClone found (markdown)[22m
 - [1m[32megolint/.agents/skills/architecture/create-ai-constitution-document/SKILL.md:markdown[39m[22m [41:1 - 53:14] (13 lines, 79 tokens)
   egolint/.agents/skills/architecture/create-epistemology-document/SKILL.md:markdown [41:1 - 53:14]
[1mClone found (markdown)[22m
 - [1m[32megolint/.agents/skills/architecture/create-ai-constitution-document/SKILL.md:markdown[39m[22m [41:1 - 53:4] (13 lines, 77 tokens)
   egolint/.agents/skills/architecture/create-meta-architecture-document/SKILL.md:markdown [41:1 - 53:4]
[1mClone found (markdown)[22m
 - [1m[32megolint/.agents/skills/architecture/create-ai-constitution-document/SKILL.md:markdown[39m[22m [66:19 - 90:18] (25 lines, 165 tokens)
   egolint/.agents/skills/architecture/create-epistemology-document/SKILL.md:markdown [66:16 - 90:18]
[1mClone found (markdown)[22m
 - [1m[32megolint/.agents/skills/architecture/create-ai-constitution-document/SKILL.md:markdown[39m[22m [66:19 - 75:20] (10 lines, 52 tokens)
   egolint/.agents/skills/architecture/create-manifesto-document/SKILL.md:markdown [61:13 - 70:20]
[1mClone found (markdown)[22m
 - [1m[32megolint/.agents/skills/architecture/create-ai-constitution-document/SKILL.md:markdown[39m[22m [66:19 - 90:18] (25 lines, 165 tokens)
   egolint/.agents/skills/architecture/create-meta-architecture-document/SKILL.md:markdown [66:8 - 90:18]
[1mClone found (markdown)[22m
 - [1m[32megolint/.agents/skills/architecture/create-ai-constitution-document/SKILL.md:markdown[39m[22m [66:19 - 86:5] (21 lines, 145 tokens)
   egolint/.agents/skills/architecture/create-pillars-document/SKILL.md:markdown [60:11 - 78:15]
[1mClone found (markdown)[22m
 - [1m[32megolint/.agents/skills/architecture/create-ai-constitution-document/SKILL.md:markdown[39m[22m [66:19 - 86:5] (21 lines, 145 tokens)
   egolint/.agents/skills/architecture/create-principles-document/SKILL.md:markdown [59:14 - 77:15]
[1mClone found (markdown)[22m
 - [1m[32megolint/.agents/skills/architecture/create-ai-constitution-document/SKILL.md:markdown[39m[22m [66:19 - 86:5] (21 lines, 145 tokens)
   egolint/.agents/skills/architecture/create-purpose-document/SKILL.md:markdown [59:11 - 77:15]
[1mClone found (markdown)[22m
 - [1m[32megolint/.agents/skills/architecture/create-ai-constitution-document/SKILL.md:markdown[39m[22m [66:19 - 86:5] (21 lines, 145 tokens)
   egolint/.agents/skills/architecture/create-vision-document/SKILL.md:markdown [58:10 - 76:15]
[1mClone found (markdown)[22m
 - [1m[32megolint/.agents/skills/architecture/create-ai-constitution-document/SKILL.md:markdown[39m[22m [92:1 - 100:44] (9 lines, 133 tokens)
   egolint/.agents/skills/architecture/create-epistemology-document/SKILL.md:markdown [92:1 - 100:44]
[1mClone found (markdown)[22m
 - [1m[32megolint/.agents/skills/architecture/create-ai-constitution-document/SKILL.md:markdown[39m[22m [92:1 - 100:44] (9 lines, 133 tokens)
   egolint/.agents/skills/architecture/create-meta-architecture-document/SKILL.md:markdown [92:1 - 100:44]
[1mClone found (markdown)[22m
 - [1m[32megolint/.agents/skills/architecture/create-ai-constitution-document/references/examples-and-antipatterns.md:markdown[39m[22m [5:87 - 18:3] (14 lines, 87 tokens)
   egolint/.agents/skills/architecture/create-epistemology-document/references/examples-and-antipatterns.md:markdown [5:121 - 18:3]
[1mClone found (markdown)[22m
 - [1m[32megolint/.agents/skills/architecture/create-ai-constitution-document/references/examples-and-antipatterns.md:markdown[39m[22m [5:87 - 18:3] (14 lines, 87 tokens)
   egolint/.agents/skills/architecture/create-meta-architecture-document/references/examples-and-antipatterns.md:markdown [5:90 - 18:3]
[1mClone found (markdown)[22m
 - [1m[32megolint/.agents/skills/architecture/create-ai-constitution-document/references/examples-and-antipatterns.md:markdown[39m[22m [23:1 - 29:49] (7 lines, 98 tokens)
   egolint/.agents/skills/architecture/create-epistemology-document/references/examples-and-antipatterns.md:markdown [23:1 - 29:49]
[1mClone found (markdown)[22m
 - [1m[32megolint/.agents/skills/architecture/create-ai-constitution-document/references/examples-and-antipatterns.md:markdown[39m[22m [23:1 - 29:49] (7 lines, 98 tokens)
   egolint/.agents/skills/architecture/create-meta-architecture-document/references/examples-and-antipatterns.md:markdown [23:1 - 29:49]
[1mClone found (markdown)[22m
 - [1m[32megolint/.agents/skills/architecture/create-ai-constitution-document/references/validation-checklist.md:markdown[39m[22m [5:36 - 13:7] (9 lines, 71 tokens)
   egolint/.agents/skills/architecture/create-epistemology-document/references/validation-checklist.md:markdown [5:33 - 13:7]
[1mClone found (markdown)[22m
 - [1m[32megolint/.agents/skills/architecture/create-ai-constitution-document/references/validation-checklist.md:markdown[39m[22m [5:36 - 13:13] (9 lines, 73 tokens)
   egolint/.agents/skills/architecture/create-meta-architecture-document/references/validation-checklist.md:markdown [5:25 - 13:11]
[1mClone found (markdown)[22m
 - [1m[32megolint/.agents/skills/architecture/create-ai-constitution-document/references/validation-checklist.md:markdown[39m[22m [5:36 - 13:13] (9 lines, 73 tokens)
   egolint/.agents/skills/architecture/create-pillars-document/references/validation-checklist.md:markdown [5:28 - 12:12]
[1mClone found (markdown)[22m
 - [1m[32megolint/.agents/skills/architecture/create-ai-constitution-document/references/validation-checklist.md:markdown[39m[22m [5:36 - 13:7] (9 lines, 71 tokens)
   egolint/.agents/skills/architecture/create-principles-document/references/validation-checklist.md:markdown [5:31 - 12:7]
[1mClone found (markdown)[22m
 - [1m[32megolint/.agents/skills/architecture/create-ai-constitution-document/references/validation-checklist.md:markdown[39m[22m [5:36 - 13:7] (9 lines, 71 tokens)
   egolint/.agents/skills/architecture/create-purpose-document/references/validation-checklist.md:markdown [5:28 - 12:7]
[1mClone found (markdown)[22m
 - [1m[32megolint/.agents/skills/architecture/create-ai-constitution-document/references/validation-checklist.md:markdown[39m[22m [5:36 - 13:13] (9 lines, 73 tokens)
   egolint/.agents/skills/architecture/create-vision-document/references/validation-checklist.md:markdown [5:27 - 12:12]
[1mClone found (markdown)[22m
 - [1m[32megolint/.agents/skills/architecture/create-ai-constitution-document/references/validation-checklist.md:markdown[39m[22m [13:89 - 38:46] (26 lines, 234 tokens)
   egolint/.agents/skills/architecture/create-epistemology-document/references/validation-checklist.md:markdown [13:123 - 38:46]
[1mClone found (markdown)[22m
 - [1m[32megolint/.agents/skills/architecture/create-ai-constitution-document/references/validation-checklist.md:markdown[39m[22m [13:89 - 38:46] (26 lines, 234 tokens)
   egolint/.agents/skills/architecture/create-meta-architecture-document/references/validation-checklist.md:markdown [13:92 - 38:46]
[1mClone found (markdown)[22m
 - [1m[32megolint/.agents/skills/architecture/create-ai-constitution-document/references/validation-checklist.md:markdown[39m[22m [20:70 - 27:22] (8 lines, 55 tokens)
   egolint/.agents/skills/architecture/create-manifesto-document/references/validation-checklist.md:markdown [19:63 - 26:22]
[1mClone found (markdown)[22m
 - [1m[32megolint/.agents/skills/architecture/create-architecture-document/SKILL.md:markdown[39m[22m [92:80 - 98:67] (7 lines, 52 tokens)
   egolint/.agents/skills/architecture/create-foundations-document/SKILL.md:markdown [91:56 - 97:67]
[1mClone found (markdown)[22m
 - [1m[32megolint/.agents/skills/architecture/create-architecture-document/SKILL.md:markdown[39m[22m [92:80 - 98:67] (7 lines, 52 tokens)
   egolint/.agents/skills/architecture/create-methodology-document/SKILL.md:markdown [92:70 - 98:67]
[1mClone found (markdown)[22m
 - [1m[32megolint/.agents/skills/architecture/create-architecture-document/SKILL.md:markdown[39m[22m [92:80 - 99:9] (8 lines, 53 tokens)
   egolint/.agents/skills/architecture/create-roadmap-document/SKILL.md:markdown [92:51 - 98:68]
[1mClone found (markdown)[22m
 - [1m[32megolint/.agents/skills/architecture/create-architecture-document/SKILL.md:markdown[39m[22m [92:80 - 98:67] (7 lines, 52 tokens)
   egolint/.agents/skills/architecture/create-system-document/SKILL.md:markdown [92:49 - 98:67]
[1mClone found (markdown)[22m
 - [1m[32megolint/.agents/skills/architecture/create-design-document/SKILL.md:markdown[39m[22m [25:78 - 50:9] (26 lines, 180 tokens)
   egolint/.agents/skills/architecture/create-design-system-document/SKILL.md:markdown [25:111 - 50:9]
[1mClone found (markdown)[22m
 - [1m[32megolint/.agents/skills/architecture/create-design-document/SKILL.md:markdown[39m[22m [64:10 - 87:24] (24 lines, 169 tokens)
   egolint/.agents/skills/architecture/create-design-system-document/SKILL.md:markdown [65:17 - 88:24]
[1mClone found (markdown)[22m
 - [1m[32megolint/.agents/skills/architecture/create-design-document/SKILL.md:markdown[39m[22m [89:1 - 97:39] (9 lines, 126 tokens)
   egolint/.agents/skills/architecture/create-design-system-document/SKILL.md:markdown [90:1 - 98:39]
[1mClone found (markdown)[22m
 - [1m[32megolint/.agents/skills/architecture/create-design-document/SKILL.md:markdown[39m[22m [89:1 - 94:7] (6 lines, 62 tokens)
   egolint/.agents/skills/architecture/create-ontology-document/SKILL.md:markdown [82:1 - 87:7]
[1mClone found (markdown)[22m
 - [1m[32megolint/.agents/skills/architecture/create-design-document/SKILL.md:markdown[39m[22m [89:1 - 97:29] (9 lines, 123 tokens)
   egolint/.agents/skills/architecture/create-personal-model-document/SKILL.md:markdown [82:1 - 90:39]
[1mClone found (json)[22m
 - [1m[32megolint/.agents/skills/architecture/create-design-document/evals/evals.json[39m[22m [8:83 - 55:13] (48 lines, 181 tokens)
   egolint/.agents/skills/architecture/create-design-system-document/evals/evals.json [8:90 - 55:13]
[1mClone found (markdown)[22m
 - [1m[32megolint/.agents/skills/architecture/create-design-document/references/validation-checklist.md:markdown[39m[22m [5:27 - 12:7] (8 lines, 59 tokens)
   egolint/.agents/skills/architecture/create-design-system-document/references/validation-checklist.md:markdown [5:34 - 12:7]
[1mClone found (markdown)[22m
 - [1m[32megolint/.agents/skills/architecture/create-design-document/references/validation-checklist.md:markdown[39m[22m [5:27 - 12:12] (8 lines, 61 tokens)
   egolint/.agents/skills/architecture/create-ontology-document/references/validation-checklist.md:markdown [5:29 - 12:12]
[1mClone found (markdown)[22m
 - [1m[32megolint/.agents/skills/architecture/create-design-document/references/validation-checklist.md:markdown[39m[22m [5:27 - 12:12] (8 lines, 61 tokens)
   egolint/.agents/skills/architecture/create-personal-model-document/references/validation-checklist.md:markdown [5:35 - 12:11]
[1mClone found (markdown)[22m
 - [1m[32megolint/.agents/skills/architecture/create-design-document/references/validation-checklist.md:markdown[39m[22m [12:82 - 38:52] (27 lines, 270 tokens)
   egolint/.agents/skills/architecture/create-design-system-document/references/validation-checklist.md:markdown [12:115 - 38:52]
[1mClone found (markdown)[22m
 - [1m[32megolint/.agents/skills/architecture/create-design-document/references/validation-checklist.md:markdown[39m[22m [22:1 - 27:7] (6 lines, 50 tokens)
   egolint/.agents/skills/architecture/create-ontology-document/references/validation-checklist.md:markdown [14:1 - 19:7]
[1mClone found (markdown)[22m
 - [1m[32megolint/.agents/skills/architecture/create-manifesto-document/SKILL.md:markdown[39m[22m [24:72 - 38:3] (15 lines, 86 tokens)
   egolint/.agents/skills/architecture/create-pillars-document/SKILL.md:markdown [24:73 - 38:3]
[1mClone found (markdown)[22m
 - [1m[32megolint/.agents/skills/architecture/create-manifesto-document/SKILL.md:markdown[39m[22m [24:72 - 37:3] (14 lines, 81 tokens)
   egolint/.agents/skills/architecture/create-principles-document/SKILL.md:markdown [24:70 - 37:3]
[1mClone found (markdown)[22m
 - [1m[32megolint/.agents/skills/architecture/create-manifesto-document/SKILL.md:markdown[39m[22m [24:72 - 35:3] (12 lines, 71 tokens)
   egolint/.agents/skills/architecture/create-purpose-document/SKILL.md:markdown [24:74 - 35:3]
[1mClone found (markdown)[22m
 - [1m[32megolint/.agents/skills/architecture/create-manifesto-document/SKILL.md:markdown[39m[22m [24:72 - 36:3] (13 lines, 76 tokens)
   egolint/.agents/skills/architecture/create-vision-document/SKILL.md:markdown [24:72 - 36:3]
[1mClone found (markdown)[22m
 - [1m[32megolint/.agents/skills/architecture/create-manifesto-document/SKILL.md:markdown[39m[22m [48:1 - 57:3] (10 lines, 98 tokens)
   egolint/.agents/specs/architecture/identity/manifesto.spec.md:markdown [155:1 - 164:3]
[1mClone found (markdown)[22m
 - [1m[32megolint/.agents/skills/architecture/create-manifesto-document/SKILL.md:markdown[39m[22m [79:24 - 89:44] (11 lines, 133 tokens)
   egolint/.agents/skills/architecture/create-pillars-document/SKILL.md:markdown [78:22 - 88:44]
[1mClone found (markdown)[22m
 - [1m[32megolint/.agents/skills/architecture/create-manifesto-document/SKILL.md:markdown[39m[22m [79:24 - 89:44] (11 lines, 133 tokens)
   egolint/.agents/skills/architecture/create-principles-document/SKILL.md:markdown [77:25 - 87:44]
[1mClone found (markdown)[22m
 - [1m[32megolint/.agents/skills/architecture/create-manifesto-document/SKILL.md:markdown[39m[22m [79:24 - 89:44] (11 lines, 133 tokens)
   egolint/.agents/skills/architecture/create-purpose-document/SKILL.md:markdown [77:22 - 87:44]
[1mClone found (markdown)[22m
 - [1m[32megolint/.agents/skills/architecture/create-manifesto-document/SKILL.md:markdown[39m[22m [79:24 - 89:44] (11 lines, 133 tokens)
   egolint/.agents/skills/architecture/create-vision-document/SKILL.md:markdown [76:21 - 86:44]
[1mClone found (markdown)[22m
 - [1m[32megolint/.agents/skills/architecture/create-manifesto-document/references/examples-and-antipatterns.md:markdown[39m[22m [5:74 - 18:5] (14 lines, 72 tokens)
   egolint/.agents/skills/architecture/create-pillars-document/references/examples-and-antipatterns.md:markdown [5:75 - 18:5]
[1mClone found (markdown)[22m
 - [1m[32megolint/.agents/skills/architecture/create-manifesto-document/references/examples-and-antipatterns.md:markdown[39m[22m [5:74 - 18:5] (14 lines, 72 tokens)
   egolint/.agents/skills/architecture/create-principles-document/references/examples-and-antipatterns.md:markdown [5:72 - 18:5]
[1mClone found (markdown)[22m
 - [1m[32megolint/.agents/skills/architecture/create-manifesto-document/references/examples-and-antipatterns.md:markdown[39m[22m [5:74 - 18:5] (14 lines, 72 tokens)
   egolint/.agents/skills/architecture/create-purpose-document/references/examples-and-antipatterns.md:markdown [5:76 - 18:5]
[1mClone found (markdown)[22m
 - [1m[32megolint/.agents/skills/architecture/create-manifesto-document/references/examples-and-antipatterns.md:markdown[39m[22m [5:74 - 18:5] (14 lines, 72 tokens)
   egolint/.agents/skills/architecture/create-vision-document/references/examples-and-antipatterns.md:markdown [5:74 - 18:5]
[1mClone found (markdown)[22m
 - [1m[32megolint/.agents/skills/architecture/create-manifesto-document/references/examples-and-antipatterns.md:markdown[39m[22m [24:1 - 30:69] (7 lines, 104 tokens)
   egolint/.agents/skills/architecture/create-pillars-document/references/examples-and-antipatterns.md:markdown [24:1 - 30:69]
[1mClone found (markdown)[22m
 - [1m[32megolint/.agents/skills/architecture/create-manifesto-document/references/validation-checklist.md:markdown[39m[22m [12:76 - 36:46] (25 lines, 216 tokens)
   egolint/.agents/skills/architecture/create-pillars-document/references/validation-checklist.md:markdown [12:77 - 36:46]
[1mClone found (markdown)[22m
 - [1m[32megolint/.agents/skills/architecture/create-manifesto-document/references/validation-checklist.md:markdown[39m[22m [12:76 - 36:46] (25 lines, 216 tokens)
   egolint/.agents/skills/architecture/create-principles-document/references/validation-checklist.md:markdown [12:74 - 36:46]
[1mClone found (markdown)[22m
 - [1m[32megolint/.agents/skills/architecture/create-manifesto-document/references/validation-checklist.md:markdown[39m[22m [12:76 - 36:46] (25 lines, 216 tokens)
   egolint/.agents/skills/architecture/create-purpose-document/references/validation-checklist.md:markdown [12:78 - 36:46]
[1mClone found (markdown)[22m
 - [1m[32megolint/.agents/skills/architecture/create-manifesto-document/references/validation-checklist.md:markdown[39m[22m [12:76 - 36:46] (25 lines, 216 tokens)
   egolint/.agents/skills/architecture/create-vision-document/references/validation-checklist.md:markdown [12:76 - 36:46]
[1mClone found (markdown)[22m
 - [1m[32megolint/.agents/skills/architecture/create-ontology-document/SKILL.md:markdown[39m[22m [24:90 - 43:4] (20 lines, 137 tokens)
   egolint/.agents/skills/architecture/create-personal-model-document/SKILL.md:markdown [24:122 - 43:4]
[1mClone found (markdown)[22m
 - [1m[32megolint/.agents/skills/architecture/create-ontology-document/SKILL.md:markdown[39m[22m [57:12 - 80:18] (24 lines, 158 tokens)
   egolint/.agents/skills/architecture/create-personal-model-document/SKILL.md:markdown [57:18 - 80:18]
[1mClone found (json)[22m
 - [1m[32megolint/.agents/skills/architecture/create-ontology-document/evals/evals.json[39m[22m [8:76 - 43:13] (36 lines, 134 tokens)
   egolint/.agents/skills/architecture/create-personal-model-document/evals/evals.json [8:82 - 43:13]
[1mClone found (markdown)[22m
 - [1m[32megolint/.agents/skills/architecture/create-ontology-document/references/validation-checklist.md:markdown[39m[22m [12:94 - 30:46] (19 lines, 146 tokens)
   egolint/.agents/skills/architecture/create-personal-model-document/references/validation-checklist.md:markdown [12:126 - 30:46]
[1mClone found (markdown)[22m
 - [1m[32megolint/.agents/skills/architecture/create-pillars-document/SKILL.md:markdown[39m[22m [47:1 - 56:3] (10 lines, 102 tokens)
   egolint/.agents/specs/architecture/identity/pillars.spec.md:markdown [156:1 - 165:3]
[1mClone found (markdown)[22m
 - [1m[32megolint/.agents/skills/architecture/create-pillars-document/references/examples-and-antipatterns.md:markdown[39m[22m [22:26 - 30:69] (9 lines, 105 tokens)
   egolint/.agents/skills/architecture/create-principles-document/references/examples-and-antipatterns.md:markdown [22:39 - 30:69]
[1mClone found (markdown)[22m
 - [1m[32megolint/.agents/skills/architecture/create-pillars-document/references/examples-and-antipatterns.md:markdown[39m[22m [22:26 - 30:69] (9 lines, 105 tokens)
   egolint/.agents/skills/architecture/create-purpose-document/references/examples-and-antipatterns.md:markdown [22:64 - 30:69]
[1mClone found (markdown)[22m
 - [1m[32megolint/.agents/skills/architecture/create-pillars-document/references/examples-and-antipatterns.md:markdown[39m[22m [22:26 - 30:69] (9 lines, 105 tokens)
   egolint/.agents/skills/architecture/create-vision-document/references/examples-and-antipatterns.md:markdown [22:78 - 30:69]
[1mClone found (markdown)[22m
 - [1m[32megolint/.agents/skills/architecture/create-principles-document/SKILL.md:markdown[39m[22m [46:1 - 55:3] (10 lines, 96 tokens)
   egolint/.agents/specs/architecture/identity/principles.spec.md:markdown [152:1 - 161:3]
[1mClone found (markdown)[22m
 - [1m[32megolint/.agents/skills/architecture/create-purpose-document/SKILL.md:markdown[39m[22m [46:1 - 55:3] (10 lines, 112 tokens)
   egolint/.agents/specs/architecture/identity/purpose.spec.md:markdown [151:1 - 160:3]
[1mClone found (markdown)[22m
 - [1m[32megolint/.agents/skills/architecture/create-vision-document/SKILL.md:markdown[39m[22m [46:1 - 54:3] (9 lines, 100 tokens)
   egolint/.agents/specs/architecture/identity/vision.spec.md:markdown [151:1 - 159:3]
[1mClone found (markdown)[22m
 - [1m[32megolint/.agents/skills/authoring/create-specification-file/SKILL.md:markdown[39m[22m [24:82 - 42:4] (19 lines, 76 tokens)
   egolint/.agents/skills/methodology/orchestrate-reflective-development/SKILL.md:markdown [24:92 - 42:4]
[1mClone found (markdown)[22m
 - [1m[32megolint/.agents/skills/authoring/create-specification-file/SKILL.md:markdown[39m[22m [24:82 - 42:4] (19 lines, 76 tokens)
   egolint/.agents/skills/publishing/prepare-arxiv-release/SKILL.md:markdown [24:94 - 42:4]
[1mClone found (markdown)[22m
 - [1m[32megolint/.agents/skills/authoring/create-specification-file/SKILL.md:markdown[39m[22m [24:82 - 42:11] (19 lines, 78 tokens)
   egolint/.agents/skills/quality/audit-repository/SKILL.md:markdown [24:94 - 42:12]
[1mClone found (markdown)[22m
 - [1m[32megolint/.agents/skills/authoring/create-specification-file/SKILL.md:markdown[39m[22m [56:23 - 81:40] (26 lines, 255 tokens)
   egolint/.agents/skills/quality/audit-repository/SKILL.md:markdown [56:40 - 81:40]
[1mClone found (markdown)[22m
 - [1m[32megolint/.agents/skills/authoring/create-specification-file/SKILL.md:markdown[39m[22m [58:1 - 77:58] (20 lines, 233 tokens)
   egolint/.agents/skills/methodology/orchestrate-reflective-development/SKILL.md:markdown [58:1 - 77:58]
[1mClone found (markdown)[22m
 - [1m[32megolint/.agents/skills/authoring/create-specification-file/SKILL.md:markdown[39m[22m [58:1 - 81:40] (24 lines, 253 tokens)
   egolint/.agents/skills/publishing/prepare-arxiv-release/SKILL.md:markdown [59:1 - 82:40]
[1mClone found (json)[22m
 - [1m[32megolint/.agents/skills/authoring/create-specification-file/evals/evals.json[39m[22m [3:39 - 54:13] (52 lines, 203 tokens)
   egolint/.agents/skills/methodology/orchestrate-reflective-development/evals/evals.json [3:48 - 54:13]
[1mClone found (json)[22m
 - [1m[32megolint/.agents/skills/authoring/create-specification-file/evals/evals.json[39m[22m [3:39 - 54:13] (52 lines, 203 tokens)
   egolint/.agents/skills/publishing/prepare-arxiv-release/evals/evals.json [3:35 - 54:13]
[1mClone found (json)[22m
 - [1m[32megolint/.agents/skills/authoring/create-specification-file/evals/evals.json[39m[22m [3:39 - 54:13] (52 lines, 203 tokens)
   egolint/.agents/skills/quality/audit-repository/evals/evals.json [3:30 - 54:13]
[1mClone found (markdown)[22m
 - [1m[32megolint/.agents/skills/authoring/create-specification-file/references/validation-checklist.md:markdown[39m[22m [5:16 - 28:53] (24 lines, 245 tokens)
   egolint/.agents/skills/methodology/orchestrate-reflective-development/references/validation-checklist.md:markdown [5:17 - 28:53]
[1mClone found (markdown)[22m
 - [1m[32megolint/.agents/skills/authoring/create-specification-file/references/validation-checklist.md:markdown[39m[22m [5:16 - 28:53] (24 lines, 245 tokens)
   egolint/.agents/skills/publishing/prepare-arxiv-release/references/validation-checklist.md:markdown [5:24 - 28:53]
[1mClone found (markdown)[22m
 - [1m[32megolint/.agents/skills/authoring/create-specification-file/references/validation-checklist.md:markdown[39m[22m [5:16 - 28:53] (24 lines, 245 tokens)
   egolint/.agents/skills/quality/audit-repository/references/validation-checklist.md:markdown [5:15 - 28:53]
[1mClone found (yaml)[22m
 - [1m[32megolint/.agents/skills/authoring/github-issue-authoring/SKILL.md:yaml[39m[22m [3:249 - 12:31] (10 lines, 56 tokens)
   egolint/.agents/skills/authoring/implementation-planning/SKILL.md:yaml [3:277 - 12:31]
[1mClone found (yaml)[22m
 - [1m[32megolint/.agents/skills/authoring/github-issue-authoring/SKILL.md:yaml[39m[22m [3:249 - 12:31] (10 lines, 56 tokens)
   egolint/.agents/skills/authoring/skill-authoring/SKILL.md:yaml [3:275 - 12:31]
[1mClone found (python)[22m
 - [1m[32megolint/.agents/skills/build-distributions.py[39m[22m [150:1 - 156:21] (7 lines, 66 tokens)
   egolint/.agents/skills/build-distributions.py [173:1 - 179:21]
[1mClone found (python)[22m
 - [1m[32megolint/.agents/skills/build-distributions.py[39m[22m [216:52 - 230:29] (15 lines, 107 tokens)
   egolint/.agents/specs/build-distributions.py [69:41 - 83:29]
[1mClone found (python)[22m
 - [1m[32megolint/.agents/skills/build-distributions.py[39m[22m [252:5 - 259:87] (8 lines, 53 tokens)
   egolint/.agents/specs/build-distributions.py [104:98 - 111:87]
[1mClone found (yaml)[22m
 - [1m[32megolint/.agents/skills/quality/bug-fixing/SKILL.md:yaml[39m[22m [3:256 - 12:31] (10 lines, 56 tokens)
   egolint/.agents/skills/quality/repository-cleanup/SKILL.md:yaml [3:239 - 12:31]
[1mClone found (yaml)[22m
 - [1m[32megolint/.agents/skills/quality/bug-fixing/SKILL.md:yaml[39m[22m [3:256 - 12:31] (10 lines, 56 tokens)
   egolint/.agents/skills/quality/test-engineering/SKILL.md:yaml [3:248 - 12:31]
[1mClone found (yaml)[22m
 - [1m[32megolint/.agents/specs/SCHEMA.md:yaml[39m[22m [66:1 - 91:15] (26 lines, 123 tokens)
   egolint/.agents/specs/architecture/foundation/system.spec.md:yaml [2:1 - 27:15]
[1mClone found (yaml)[22m
 - [1m[32megolint/.agents/specs/SCHEMA.md:yaml[39m[22m [68:14 - 80:5] (13 lines, 55 tokens)
   egolint/.agents/specs/architecture/foundation/architecture.spec.md:yaml [4:20 - 16:5]
[1mClone found (yaml)[22m
 - [1m[32megolint/.agents/specs/SCHEMA.md:yaml[39m[22m [68:14 - 80:5] (13 lines, 55 tokens)
   egolint/.agents/specs/architecture/foundation/foundations.spec.md:yaml [4:19 - 16:5]
[1mClone found (yaml)[22m
 - [1m[32megolint/.agents/specs/SCHEMA.md:yaml[39m[22m [68:14 - 80:5] (13 lines, 55 tokens)
   egolint/.agents/specs/architecture/foundation/methodology.spec.md:yaml [4:19 - 16:5]
[1mClone found (yaml)[22m
 - [1m[32megolint/.agents/specs/SCHEMA.md:yaml[39m[22m [68:14 - 80:5] (13 lines, 55 tokens)
   egolint/.agents/specs/architecture/foundation/roadmap.spec.md:yaml [4:15 - 16:5]
[1mClone found (yaml)[22m
 - [1m[32megolint/.agents/specs/architecture/domain/ontology.spec.md:yaml[39m[22m [4:16 - 16:5] (13 lines, 57 tokens)
   egolint/.agents/specs/architecture/domain/personal-model.spec.md:yaml [4:22 - 16:5]
[1mClone found (yaml)[22m
 - [1m[32megolint/.agents/specs/architecture/domain/ontology.spec.md:yaml[39m[22m [4:16 - 15:5] (12 lines, 53 tokens)
   egolint/.agents/specs/architecture/experience/design-system.spec.md:yaml [4:21 - 15:5]
[1mClone found (yaml)[22m
 - [1m[32megolint/.agents/specs/architecture/domain/ontology.spec.md:yaml[39m[22m [4:16 - 16:13] (13 lines, 58 tokens)
   egolint/.agents/specs/architecture/experience/design.spec.md:yaml [4:14 - 16:11]
[1mClone found (yaml)[22m
 - [1m[32megolint/.agents/specs/architecture/domain/ontology.spec.md:yaml[39m[22m [4:16 - 15:5] (12 lines, 53 tokens)
   egolint/.agents/specs/architecture/governance/decisions.spec.md:yaml [4:17 - 15:5]
[1mClone found (yaml)[22m
 - [1m[32megolint/.agents/specs/architecture/domain/ontology.spec.md:yaml[39m[22m [4:16 - 15:5] (12 lines, 53 tokens)
   egolint/.agents/specs/architecture/meta/ai-constitution.spec.md:yaml [4:23 - 15:5]
[1mClone found (yaml)[22m
 - [1m[32megolint/.agents/specs/architecture/domain/ontology.spec.md:yaml[39m[22m [4:16 - 16:5] (13 lines, 57 tokens)
   egolint/.agents/specs/architecture/meta/epistemology.spec.md:yaml [4:20 - 16:5]
[1mClone found (yaml)[22m
 - [1m[32megolint/.agents/specs/architecture/domain/ontology.spec.md:yaml[39m[22m [4:16 - 16:5] (13 lines, 57 tokens)
   egolint/.agents/specs/architecture/meta/meta.spec.md:yaml [4:12 - 16:5]
[1mClone found (yaml)[22m
 - [1m[32megolint/.agents/specs/architecture/experience/design-system.spec.md:yaml[39m[22m [4:43 - 16:12] (13 lines, 54 tokens)
   egolint/.agents/specs/architecture/experience/design.spec.md:yaml [4:36 - 17:3]
[1mClone found (markdown)[22m
 - [1m[32megolint/.agents/specs/architecture/foundation/architecture.spec.md:markdown[39m[22m [45:1 - 59:17] (15 lines, 64 tokens)
   egolint/.agents/specs/architecture/foundation/foundations.spec.md:markdown [42:1 - 56:17]
[1mClone found (markdown)[22m
 - [1m[32megolint/.agents/specs/architecture/foundation/architecture.spec.md:markdown[39m[22m [168:1 - 177:4] (10 lines, 50 tokens)
   egolint/.agents/specs/architecture/foundation/roadmap.spec.md:markdown [153:1 - 162:4]
[1mClone found (markdown)[22m
 - [1m[32megolint/.agents/specs/architecture/foundation/architecture.spec.md:markdown[39m[22m [172:1 - 180:6] (9 lines, 54 tokens)
   egolint/.agents/specs/architecture/foundation/architecture.spec.md:markdown [245:1 - 253:6]
[1mClone found (markdown)[22m
 - [1m[32megolint/.agents/specs/architecture/foundation/architecture.spec.md:markdown[39m[22m [237:25 - 249:4] (13 lines, 50 tokens)
   egolint/.agents/specs/architecture/foundation/methodology.spec.md:markdown [225:8 - 237:4]
[1mClone found (markdown)[22m
 - [1m[32megolint/.agents/specs/architecture/foundation/architecture.spec.md:markdown[39m[22m [237:25 - 250:4] (14 lines, 57 tokens)
   egolint/.agents/specs/architecture/foundation/roadmap.spec.md:markdown [221:52 - 234:4]
[1mClone found (markdown)[22m
 - [1m[32megolint/.agents/specs/architecture/foundation/foundations.spec.md:markdown[39m[22m [40:76 - 56:17] (17 lines, 65 tokens)
   egolint/.agents/specs/architecture/foundation/methodology.spec.md:markdown [41:62 - 57:17]
[1mClone found (markdown)[22m
 - [1m[32megolint/.agents/specs/architecture/foundation/foundations.spec.md:markdown[39m[22m [40:76 - 56:17] (17 lines, 65 tokens)
   egolint/.agents/specs/architecture/foundation/roadmap.spec.md:markdown [40:78 - 56:17]
[1mClone found (markdown)[22m
 - [1m[32megolint/.agents/specs/architecture/foundation/foundations.spec.md:markdown[39m[22m [40:76 - 56:17] (17 lines, 65 tokens)
   egolint/.agents/specs/architecture/foundation/system.spec.md:markdown [43:57 - 59:17]
[1mClone found (markdown)[22m
 - [1m[32megolint/.agents/specs/architecture/foundation/roadmap.spec.md:markdown[39m[22m [157:1 - 165:6] (9 lines, 54 tokens)
   egolint/.agents/specs/architecture/foundation/roadmap.spec.md:markdown [229:1 - 237:6]
[1mClone found (markdown)[22m
 - [1m[32megolint/.agents/specs/architecture/identity/manifesto.spec.md:markdown[39m[22m [42:72 - 49:43] (8 lines, 51 tokens)
   egolint/.agents/specs/architecture/identity/pillars.spec.md:markdown [44:73 - 51:43]
[1mClone found (markdown)[22m
 - [1m[32megolint/.agents/specs/architecture/identity/manifesto.spec.md:markdown[39m[22m [42:72 - 49:43] (8 lines, 51 tokens)
   egolint/.agents/specs/architecture/identity/principles.spec.md:markdown [43:70 - 50:43]
[1mClone found (markdown)[22m
 - [1m[32megolint/.agents/specs/architecture/identity/manifesto.spec.md:markdown[39m[22m [42:72 - 49:43] (8 lines, 51 tokens)
   egolint/.agents/specs/architecture/identity/purpose.spec.md:markdown [41:74 - 48:43]
[1mClone found (markdown)[22m
 - [1m[32megolint/.agents/specs/architecture/identity/manifesto.spec.md:markdown[39m[22m [42:72 - 49:43] (8 lines, 51 tokens)
   egolint/.agents/specs/architecture/identity/vision.spec.md:markdown [42:72 - 49:43]
[1mClone found (markdown)[22m
 - [1m[32megolint/.agents/specs/architecture/identity/manifesto.spec.md:markdown[39m[22m [49:52 - 63:2] (15 lines, 115 tokens)
   egolint/.agents/specs/architecture/identity/pillars.spec.md:markdown [51:50 - 65:2]
[1mClone found (markdown)[22m
 - [1m[32megolint/.agents/specs/architecture/identity/manifesto.spec.md:markdown[39m[22m [49:52 - 63:2] (15 lines, 115 tokens)
   egolint/.agents/specs/architecture/identity/principles.spec.md:markdown [50:53 - 64:2]
[1mClone found (markdown)[22m
 - [1m[32megolint/.agents/specs/architecture/identity/manifesto.spec.md:markdown[39m[22m [49:52 - 63:2] (15 lines, 115 tokens)
   egolint/.agents/specs/architecture/identity/purpose.spec.md:markdown [48:50 - 62:2]
[1mClone found (markdown)[22m
 - [1m[32megolint/.agents/specs/architecture/identity/manifesto.spec.md:markdown[39m[22m [49:52 - 63:2] (15 lines, 115 tokens)
   egolint/.agents/specs/architecture/identity/vision.spec.md:markdown [49:49 - 63:2]
[1mClone found (markdown)[22m
 - [1m[32megolint/.agents/specs/architecture/identity/manifesto.spec.md:markdown[39m[22m [162:45 - 191:16] (30 lines, 211 tokens)
   egolint/.agents/specs/architecture/identity/pillars.spec.md:markdown [163:36 - 192:16]
[1mClone found (markdown)[22m
 - [1m[32megolint/.agents/specs/architecture/identity/manifesto.spec.md:markdown[39m[22m [162:45 - 190:12] (29 lines, 206 tokens)
   egolint/.agents/specs/architecture/identity/principles.spec.md:markdown [159:43 - 187:12]
[1mClone found (markdown)[22m
 - [1m[32megolint/.agents/specs/architecture/identity/manifesto.spec.md:markdown[39m[22m [162:45 - 189:3] (28 lines, 198 tokens)
   egolint/.agents/specs/architecture/identity/purpose.spec.md:markdown [158:34 - 185:3]
[1mClone found (markdown)[22m
 - [1m[32megolint/.agents/specs/architecture/identity/manifesto.spec.md:markdown[39m[22m [162:45 - 189:13] (28 lines, 201 tokens)
   egolint/.agents/specs/architecture/identity/vision.spec.md:markdown [157:63 - 184:13]
[1mClone found (markdown)[22m
 - [1m[32megolint/.agents/specs/architecture/identity/manifesto.spec.md:markdown[39m[22m [230:60 - 241:5] (12 lines, 103 tokens)
   egolint/.agents/specs/architecture/identity/pillars.spec.md:markdown [229:55 - 240:5]
[1mClone found (markdown)[22m
 - [1m[32megolint/.agents/specs/architecture/identity/manifesto.spec.md:markdown[39m[22m [230:60 - 241:5] (12 lines, 103 tokens)
   egolint/.agents/specs/architecture/identity/principles.spec.md:markdown [225:44 - 236:5]
[1mClone found (markdown)[22m
 - [1m[32megolint/.agents/specs/architecture/identity/manifesto.spec.md:markdown[39m[22m [230:60 - 241:5] (12 lines, 103 tokens)
   egolint/.agents/specs/architecture/identity/purpose.spec.md:markdown [226:58 - 237:5]
[1mClone found (markdown)[22m
 - [1m[32megolint/.agents/specs/architecture/identity/manifesto.spec.md:markdown[39m[22m [230:60 - 241:5] (12 lines, 103 tokens)
   egolint/.agents/specs/architecture/identity/vision.spec.md:markdown [224:53 - 235:5]
[1mClone found (yaml)[22m
 - [1m[32megolint/.agents/specs/architecture/identity/manifesto.spec.md:yaml[39m[22m [4:17 - 16:5] (13 lines, 57 tokens)
   egolint/.agents/specs/architecture/identity/pillars.spec.md:yaml [4:15 - 16:5]
[1mClone found (yaml)[22m
 - [1m[32megolint/.agents/specs/architecture/identity/manifesto.spec.md:yaml[39m[22m [4:17 - 16:5] (13 lines, 57 tokens)
   egolint/.agents/specs/architecture/identity/principles.spec.md:yaml [4:18 - 16:5]
[1mClone found (yaml)[22m
 - [1m[32megolint/.agents/specs/architecture/identity/manifesto.spec.md:yaml[39m[22m [4:17 - 16:5] (13 lines, 57 tokens)
   egolint/.agents/specs/architecture/identity/purpose.spec.md:yaml [4:15 - 16:5]
[1mClone found (yaml)[22m
 - [1m[32megolint/.agents/specs/architecture/identity/manifesto.spec.md:yaml[39m[22m [4:17 - 16:5] (13 lines, 57 tokens)
   egolint/.agents/specs/architecture/identity/vision.spec.md:yaml [4:14 - 16:5]
[1mClone found (hcl)[22m
 - [1m[32megolint/.config/lint/terraform/.tflint.hcl[39m[22m [44:36 - 49:3] (6 lines, 91 tokens)
   egolint/.config/lint/terraform/.tflint.hcl [52:33 - 57:3]
[1mClone found (yaml)[22m
 - [1m[32megolint/.config/megalinter/policy.yml[39m[22m [210:1 - 216:54] (7 lines, 60 tokens)
   egolint/.config/megalinter/policy.yml [232:1 - 238:54]
[1mClone found (json)[22m
 - [1m[32megolint/.config/megalinter/snapshots/fast.json[39m[22m [7:18 - 26:5] (20 lines, 56 tokens)
   egolint/.config/megalinter/snapshots/holistic.json [33:17 - 52:5]
[1mClone found (json)[22m
 - [1m[32megolint/.config/megalinter/snapshots/fast.json[39m[22m [80:25 - 99:5] (20 lines, 56 tokens)
   egolint/.config/megalinter/snapshots/holistic.json [96:28 - 115:5]
[1mClone found (json)[22m
 - [1m[32megolint/.config/megalinter/tool-matrix.json[39m[22m [123:1 - 132:13] (10 lines, 53 tokens)
   egolint/.config/megalinter/tool-matrix.json [141:1 - 150:13]
[1mClone found (json)[22m
 - [1m[32megolint/.config/megalinter/tool-matrix.json[39m[22m [1850:1 - 1859:13] (10 lines, 53 tokens)
   egolint/.config/megalinter/tool-matrix.json [1868:1 - 1877:13]
[1mClone found (json)[22m
 - [1m[32megolint/.config/megalinter/tool-matrix.json[39m[22m [1956:90 - 1967:13] (12 lines, 59 tokens)
   egolint/.config/megalinter/tool-matrix.json [1974:90 - 1985:13]
[1mClone found (json)[22m
 - [1m[32megolint/.config/megalinter/tool-matrix.json[39m[22m [1956:90 - 1967:13] (12 lines, 59 tokens)
   egolint/.config/megalinter/tool-matrix.json [1992:90 - 2003:13]
[1mClone found (json)[22m
 - [1m[32megolint/.config/megalinter/v10-catalog.json[39m[22m [65:1 - 106:5] (42 lines, 124 tokens)
   egolint/.config/megalinter/v10-catalog.json [2721:1 - 2762:5]
[1mClone found (json)[22m
 - [1m[32megolint/.config/megalinter/v10-catalog.json[39m[22m [404:23 - 421:5] (18 lines, 50 tokens)
   egolint/.config/megalinter/v10-catalog.json [2761:43 - 2778:5]
[1mClone found (json)[22m
 - [1m[32megolint/.config/megalinter/v10-catalog.json[39m[22m [1146:41 - 1166:5] (21 lines, 59 tokens)
   egolint/.config/megalinter/v10-catalog.json [2833:41 - 2853:5]
[1mClone found (json)[22m
 - [1m[32megolint/.config/megalinter/v10-catalog.json[39m[22m [1185:52 - 1202:5] (18 lines, 50 tokens)
   egolint/.config/megalinter/v10-catalog.json [2852:28 - 2869:5]
[1mClone found (json)[22m
 - [1m[32megolint/.config/megalinter/v10-catalog.json[39m[22m [1451:49 - 1471:5] (21 lines, 59 tokens)
   egolint/.config/megalinter/v10-catalog.json [2897:26 - 2917:5]
[1mClone found (json)[22m
 - [1m[32megolint/.config/megalinter/v10-catalog.json[39m[22m [1728:38 - 1745:5] (18 lines, 50 tokens)
   egolint/.config/megalinter/v10-catalog.json [2916:49 - 2933:5]
[1mClone found (json)[22m
 - [1m[32megolint/.config/megalinter/v10-catalog.json[39m[22m [2379:43 - 2411:5] (33 lines, 95 tokens)
   egolint/.config/megalinter/v10-catalog.json [3020:34 - 3052:5]
[1mClone found (json)[22m
 - [1m[32megolint/.config/megalinter/v10-catalog.json[39m[22m [3308:42 - 3324:22] (17 lines, 58 tokens)
   egolint/.config/megalinter/v10-catalog.json [3330:31 - 3346:22]
[1mClone found (json)[22m
 - [1m[32megolint/.config/megalinter/v10-catalog.json[39m[22m [3328:19 - 3346:22] (19 lines, 72 tokens)
   egolint/.config/megalinter/v10-catalog.json [3350:18 - 3368:22]
[1mClone found (json)[22m
 - [1m[32megolint/.config/megalinter/v10-catalog.json[39m[22m [4462:41 - 4479:22] (18 lines, 61 tokens)
   egolint/.config/megalinter/v10-catalog.json [4495:40 - 4512:22]
[1mClone found (yaml)[22m
 - [1m[32megolint/.config/security/trivy/trivy-sbom.yaml[39m[22m [39:1 - 84:24] (46 lines, 157 tokens)
   egolint/.config/security/trivy/trivy.yaml [27:1 - 72:24]
[1mClone found (json)[22m
 - [1m[32megolint/.config/toolchain/tool-matrix.json[39m[22m [124:25 - 138:11] (15 lines, 51 tokens)
   egolint/.config/toolchain/tool-matrix.json [186:26 - 200:11]
[1mClone found (json)[22m
 - [1m[32megolint/.config/toolchain/tool-matrix.json[39m[22m [272:25 - 286:11] (15 lines, 51 tokens)
   egolint/.config/toolchain/tool-matrix.json [494:24 - 508:11]
[1mClone found (yaml)[22m
 - [1m[32megolint/.mega-linter.yml[39m[22m [1237:37 - 1249:5] (13 lines, 53 tokens)
   egolint/.mega-linter.yml [1266:32 - 1278:5]
[1mClone found (toml)[22m
 - [1m[32megolint/poetry.toml[39m[22m [1:1 - 107:15] (107 lines, 185 tokens)
   poetry.toml [1:1 - 107:15]
[1mClone found (java)[22m
 - [1m[32megolint/tests/fixtures/checkstyle/GreetingService.java[39m[22m [27:1 - 34:2] (8 lines, 62 tokens)
   egolint/tests/fixtures/pmd/GreetingService.java [13:1 - 20:2]
[1mClone found (yaml)[22m
 - [1m[32mmantle/.github/workflows/test.yml[39m[22m [66:1 - 91:34] (26 lines, 248 tokens)
   mantle/.github/workflows/test.yml [115:1 - 140:34]
[1mClone found (markdown)[22m
 - [1m[32mmantle/CONTRIBUTING.md:markdown[39m[22m [14:41 - 19:32] (6 lines, 319 tokens)
   mantle/audits/mantle-holistic-polish-20260806T124442Z.md:markdown [270:1 - 281:4]
[1mClone found (markdown)[22m
 - [1m[32mmantle/audits/mantle-holistic-polish-20260806T124442Z.md:markdown[39m[22m [261:1 - 266:2] (6 lines, 103 tokens)
   mantle/audits/mantle-holistic-polish-20260806T124442Z.md:markdown [304:1 - 309:2]
[1mClone found (markdown)[22m
 - [1m[32mmantle/audits/mantle-holistic-polish-20260806T124442Z.md:markdown[39m[22m [266:303 - 276:7] (11 lines, 154 tokens)
   mantle/audits/mantle-holistic-polish-20260806T124442Z.md:markdown [309:276 - 316:4]
[1mClone found (markdown)[22m
 - [1m[32mmantle/audits/mantle-holistic-polish-20260806T124442Z.md:markdown[39m[22m [266:303 - 271:35] (6 lines, 58 tokens)
   mantle/audits/mantle-holistic-polish-20260806T124442Z.md:markdown [352:211 - 359:4]
[1mClone found (markdown)[22m
 - [1m[32mmantle/audits/mantle-holistic-polish-20260806T124442Z.md:markdown[39m[22m [266:303 - 276:14] (11 lines, 161 tokens)
   mantle/audits/mantle-holistic-polish-20260806T124442Z.md:markdown [383:282 - 391:4]
[1mClone found (markdown)[22m
 - [1m[32mmantle/audits/mantle-holistic-polish-20260806T124442Z.md:markdown[39m[22m [266:299 - 274:2] (9 lines, 116 tokens)
   mantle/audits/mantle-holistic-polish-20260806T124442Z.md:markdown [415:267 - 424:4]
[1mClone found (markdown)[22m
 - [1m[32mmantle/audits/mantle-holistic-polish-20260806T124442Z.md:markdown[39m[22m [266:303 - 277:17] (12 lines, 178 tokens)
   mantle/audits/mantle-holistic-polish-20260806T124442Z.md:markdown [448:273 - 459:4]
[1mClone found (markdown)[22m
 - [1m[32mmantle/audits/mantle-holistic-polish-20260806T124442Z.md:markdown[39m[22m [266:303 - 285:7] (20 lines, 353 tokens)
   mantle/audits/mantle-holistic-polish-20260806T124442Z.md:markdown [519:264 - 537:21]
[1mClone found (markdown)[22m
 - [1m[32mmantle/audits/mantle-holistic-polish-20260806T124442Z.md:markdown[39m[22m [266:303 - 274:3] (9 lines, 113 tokens)
   mantle/audits/mantle-holistic-polish-20260806T124442Z.md:markdown [561:245 - 572:13]
[1mClone found (markdown)[22m
 - [1m[32mmantle/audits/mantle-holistic-polish-20260806T124442Z.md:markdown[39m[22m [266:303 - 275:10] (10 lines, 135 tokens)
   mantle/audits/mantle-holistic-polish-20260806T124442Z.md:markdown [695:293 - 707:13]
[1mClone found (markdown)[22m
 - [1m[32mmantle/audits/mantle-holistic-polish-20260806T124442Z.md:markdown[39m[22m [309:274 - 318:55] (10 lines, 210 tokens)
   mantle/audits/mantle-holistic-polish-20260806T124442Z.md:markdown [609:328 - 621:4]
[1mClone found (markdown)[22m
 - [1m[32mmantle/audits/mantle-holistic-polish-20260806T124442Z.md:markdown[39m[22m [337:1 - 342:17] (6 lines, 130 tokens)
   mantle/audits/mantle-holistic-polish-20260806T124442Z.md:markdown [406:1 - 411:15]
[1mClone found (markdown)[22m
 - [1m[32mmantle/audits/mantle-holistic-polish-20260806T124442Z.md:markdown[39m[22m [340:27 - 345:19] (6 lines, 95 tokens)
   mantle/audits/mantle-holistic-polish-20260806T124442Z.md:markdown [440:22 - 445:19]
[1mClone found (markdown)[22m
 - [1m[32mmantle/audits/mantle-holistic-polish-20260806T124442Z.md:markdown[39m[22m [340:1 - 346:5] (7 lines, 136 tokens)
   mantle/audits/mantle-holistic-polish-20260806T124442Z.md:markdown [513:1 - 519:5]
[1mClone found (markdown)[22m
 - [1m[32mmantle/audits/mantle-holistic-polish-20260806T124442Z.md:markdown[39m[22m [356:1 - 361:21] (6 lines, 64 tokens)
   mantle/audits/mantle-holistic-polish-20260806T124442Z.md:markdown [420:45 - 426:21]
[1mClone found (markdown)[22m
 - [1m[32mmantle/audits/mantle-holistic-polish-20260806T124442Z.md:markdown[39m[22m [383:281 - 395:43] (13 lines, 231 tokens)
   mantle/audits/mantle-holistic-polish-20260806T124442Z.md:markdown [643:229 - 654:27]
[1mClone found (markdown)[22m
 - [1m[32mmantle/audits/mantle-holistic-polish-20260806T124442Z.md:markdown[39m[22m [405:1 - 410:15] (6 lines, 152 tokens)
   mantle/audits/mantle-holistic-polish-20260806T124442Z.md:markdown [585:1 - 590:15]
[1mClone found (markdown)[22m
 - [1m[32mmantle/audits/mantle-holistic-polish-20260806T124442Z.md:markdown[39m[22m [410:1 - 415:5] (6 lines, 109 tokens)
   mantle/audits/mantle-holistic-polish-20260806T124442Z.md:markdown [478:1 - 483:5]
[1mClone found (markdown)[22m
 - [1m[32mmantle/audits/mantle-holistic-polish-20260806T124442Z.md:markdown[39m[22m [448:272 - 463:25] (16 lines, 253 tokens)
   mantle/audits/mantle-holistic-polish-20260806T124442Z.md:markdown [485:153 - 495:4]
[1mClone found (markdown)[22m
 - [1m[32mmantle/audits/mantle-holistic-polish-20260806T124442Z.md:markdown[39m[22m [556:1 - 561:2] (6 lines, 102 tokens)
   mantle/audits/mantle-holistic-polish-20260806T124442Z.md:markdown [604:1 - 609:2]
[1mClone found (markdown)[22m
 - [1m[32mmantle/audits/mantle-holistic-polish-20260806T124442Z.md:markdown[39m[22m [556:1 - 561:5] (6 lines, 105 tokens)
   mantle/audits/mantle-holistic-polish-20260806T124442Z.md:markdown [690:1 - 695:5]
[1mClone found (markdown)[22m
 - [1m[32mmantle/audits/mantle-holistic-polish-20260806T124442Z.md:markdown[39m[22m [603:25 - 608:30] (6 lines, 106 tokens)
   mantle/audits/mantle-holistic-polish-20260806T124442Z.md:markdown [666:21 - 671:30]
[1mClone found (bash)[22m
 - [1m[32mmantle/init/init.sh[39m[22m [30:1 - 48:2] (19 lines, 112 tokens)
   mantle/init/load-core.sh [51:1 - 69:2]
[1mClone found (bash)[22m
 - [1m[32mmantle/install.sh[39m[22m [108:1 - 121:45] (14 lines, 122 tokens)
   mantle/libexec/mantle/commands/version.sh [25:1 - 38:45]
[1mClone found (bash)[22m
 - [1m[32mmantle/lib/bash/collection.sh[39m[22m [28:23 - 46:2] (19 lines, 103 tokens)
   mantle/lib/bash/collection.sh [121:22 - 139:2]
[1mClone found (bash)[22m
 - [1m[32mmantle/lib/bash/collection.sh[39m[22m [33:1 - 39:3] (7 lines, 55 tokens)
   mantle/lib/bash/collection.sh [53:1 - 59:3]
[1mClone found (bash)[22m
 - [1m[32mmantle/lib/bash/collection.sh[39m[22m [33:1 - 39:3] (7 lines, 55 tokens)
   mantle/lib/bash/collection.sh [108:1 - 114:3]
[1mClone found (bash)[22m
 - [1m[32mmantle/lib/bash/collection.sh[39m[22m [35:1 - 48:73] (14 lines, 70 tokens)
   mantle/lib/bash/collection.sh [128:1 - 141:65]
[1mClone found (bash)[22m
 - [1m[32mmantle/lib/bash/collection.sh[39m[22m [49:24 - 59:33] (11 lines, 76 tokens)
   mantle/lib/bash/collection.sh [66:25 - 76:34]
[1mClone found (bash)[22m
 - [1m[32mmantle/lib/bash/collection.sh[39m[22m [49:24 - 62:8] (14 lines, 91 tokens)
   mantle/lib/bash/collection.sh [83:23 - 94:27]
[1mClone found (bash)[22m
 - [1m[32mmantle/lib/bash/collection.sh[39m[22m [49:24 - 59:22] (11 lines, 73 tokens)
   mantle/lib/bash/collection.sh [142:25 - 152:6]
[1mClone found (bash)[22m
 - [1m[32mmantle/lib/bash/collection.sh[39m[22m [49:24 - 59:43] (11 lines, 81 tokens)
   mantle/lib/bash/collection.sh [159:23 - 169:43]
[1mClone found (bash)[22m
 - [1m[32mmantle/lib/bash/collection.sh[39m[22m [72:1 - 78:3] (7 lines, 64 tokens)
   mantle/lib/bash/collection.sh [89:1 - 95:4]
[1mClone found (bash)[22m
 - [1m[32mmantle/lib/bash/file.sh[39m[22m [54:21 - 61:3] (8 lines, 80 tokens)
   mantle/lib/bash/file.sh [68:22 - 75:3]
[1mClone found (bash)[22m
 - [1m[32mmantle/lib/core/core.sh[39m[22m [217:1 - 238:8] (22 lines, 137 tokens)
   mantle/lib/core/core.sh [255:1 - 276:8]
[1mClone found (bash)[22m
 - [1m[32mmantle/lib/extensions/wget.sh[39m[22m [195:52 - 201:5] (7 lines, 51 tokens)
   mantle/lib/extensions/wget.sh [219:55 - 225:5]
[1mClone found (bash)[22m
 - [1m[32mmantle/lib/install/github.sh[39m[22m [411:1 - 423:5] (13 lines, 51 tokens)
   mantle/lib/install/python-tool.sh [76:1 - 88:5]
[1mClone found (bash)[22m
 - [1m[32mmantle/lib/modules.sh[39m[22m [40:80 - 55:2] (16 lines, 84 tokens)
   mantle/lib/modules.sh [143:85 - 158:2]
[1mClone found (bash)[22m
 - [1m[32mmantle/libexec/mantle/installers/addlicense.sh[39m[22m [8:1 - 20:26] (13 lines, 63 tokens)
   mantle/libexec/mantle/installers/asdf.sh [8:1 - 20:26]
[1mClone found (bash)[22m
 - [1m[32mmantle/libexec/mantle/installers/addlicense.sh[39m[22m [8:1 - 20:26] (13 lines, 63 tokens)
   mantle/libexec/mantle/installers/calibre.sh [8:1 - 20:26]
[1mClone found (bash)[22m
 - [1m[32mmantle/libexec/mantle/installers/addlicense.sh[39m[22m [8:1 - 20:26] (13 lines, 63 tokens)
   mantle/libexec/mantle/installers/ceres-solver.sh [8:1 - 20:26]
[1mClone found (bash)[22m
 - [1m[32mmantle/libexec/mantle/installers/addlicense.sh[39m[22m [8:1 - 20:26] (13 lines, 63 tokens)
   mantle/libexec/mantle/installers/crush.sh [8:1 - 20:26]
[1mClone found (bash)[22m
 - [1m[32mmantle/libexec/mantle/installers/addlicense.sh[39m[22m [8:1 - 18:47] (11 lines, 61 tokens)
   mantle/libexec/mantle/installers/docker-desktop.sh [8:1 - 18:47]
[1mClone found (bash)[22m
 - [1m[32mmantle/libexec/mantle/installers/addlicense.sh[39m[22m [8:1 - 20:26] (13 lines, 63 tokens)
   mantle/libexec/mantle/installers/dockerfmt.sh [8:1 - 20:26]
[1mClone found (bash)[22m
 - [1m[32mmantle/libexec/mantle/installers/addlicense.sh[39m[22m [8:1 - 20:26] (13 lines, 63 tokens)
   mantle/libexec/mantle/installers/dust.sh [8:1 - 20:26]
[1mClone found (bash)[22m
 - [1m[32mmantle/libexec/mantle/installers/addlicense.sh[39m[22m [8:1 - 20:26] (13 lines, 63 tokens)
   mantle/libexec/mantle/installers/e57format.sh [8:1 - 20:26]
[1mClone found (bash)[22m
 - [1m[32mmantle/libexec/mantle/installers/addlicense.sh[39m[22m [8:1 - 20:26] (13 lines, 63 tokens)
   mantle/libexec/mantle/installers/eza.sh [8:1 - 20:26]
[1mClone found (bash)[22m
 - [1m[32mmantle/libexec/mantle/installers/addlicense.sh[39m[22m [8:1 - 20:26] (13 lines, 63 tokens)
   mantle/libexec/mantle/installers/git-sim.sh [8:1 - 20:26]
[1mClone found (bash)[22m
 - [1m[32mmantle/libexec/mantle/installers/addlicense.sh[39m[22m [8:1 - 20:26] (13 lines, 63 tokens)
   mantle/libexec/mantle/installers/gitinspector.sh [8:1 - 20:26]
[1mClone found (bash)[22m
 - [1m[32mmantle/libexec/mantle/installers/addlicense.sh[39m[22m [8:1 - 18:47] (11 lines, 61 tokens)
   mantle/libexec/mantle/installers/google-fonts.sh [9:1 - 19:47]
[1mClone found (bash)[22m
 - [1m[32mmantle/libexec/mantle/installers/addlicense.sh[39m[22m [8:1 - 20:26] (13 lines, 63 tokens)
   mantle/libexec/mantle/installers/httpie.sh [8:1 - 20:26]
[1mClone found (bash)[22m
 - [1m[32mmantle/libexec/mantle/installers/addlicense.sh[39m[22m [8:1 - 18:47] (11 lines, 61 tokens)
   mantle/libexec/mantle/installers/image-optim.sh [8:1 - 18:47]
[1mClone found (bash)[22m
 - [1m[32mmantle/libexec/mantle/installers/addlicense.sh[39m[22m [8:1 - 20:26] (13 lines, 63 tokens)
   mantle/libexec/mantle/installers/imagemagick.sh [8:1 - 20:26]
[1mClone found (bash)[22m
 - [1m[32mmantle/libexec/mantle/installers/addlicense.sh[39m[22m [8:1 - 18:47] (11 lines, 61 tokens)
   mantle/libexec/mantle/installers/java.sh [8:1 - 18:47]
[1mClone found (bash)[22m
 - [1m[32mmantle/libexec/mantle/installers/addlicense.sh[39m[22m [8:1 - 18:47] (11 lines, 61 tokens)
   mantle/libexec/mantle/installers/linuxbrew.sh [9:1 - 19:47]
[1mClone found (bash)[22m
 - [1m[32mmantle/libexec/mantle/installers/addlicense.sh[39m[22m [8:1 - 20:26] (13 lines, 63 tokens)
   mantle/libexec/mantle/installers/lynis.sh [8:1 - 20:26]
[1mClone found (bash)[22m
 - [1m[32mmantle/libexec/mantle/installers/addlicense.sh[39m[22m [8:1 - 20:26] (13 lines, 63 tokens)
   mantle/libexec/mantle/installers/mitmproxy.sh [8:1 - 20:26]
[1mClone found (bash)[22m
 - [1m[32mmantle/libexec/mantle/installers/addlicense.sh[39m[22m [8:1 - 18:47] (11 lines, 61 tokens)
   mantle/libexec/mantle/installers/nerd-fonts.sh [9:1 - 19:47]
[1mClone found (bash)[22m
 - [1m[32mmantle/libexec/mantle/installers/addlicense.sh[39m[22m [8:1 - 20:26] (13 lines, 63 tokens)
   mantle/libexec/mantle/installers/nfpm.sh [8:1 - 20:26]
[1mClone found (bash)[22m
 - [1m[32mmantle/libexec/mantle/installers/addlicense.sh[39m[22m [8:1 - 20:26] (13 lines, 63 tokens)
   mantle/libexec/mantle/installers/pdal.sh [8:1 - 20:26]
[1mClone found (bash)[22m
 - [1m[32mmantle/libexec/mantle/installers/addlicense.sh[39m[22m [8:1 - 18:47] (11 lines, 61 tokens)
   mantle/libexec/mantle/installers/pyenv.sh [9:1 - 19:47]
[1mClone found (bash)[22m
 - [1m[32mmantle/libexec/mantle/installers/addlicense.sh[39m[22m [8:1 - 20:26] (13 lines, 63 tokens)
   mantle/libexec/mantle/installers/scc.sh [8:1 - 20:26]
[1mClone found (bash)[22m
 - [1m[32mmantle/libexec/mantle/installers/addlicense.sh[39m[22m [8:1 - 18:47] (11 lines, 61 tokens)
   mantle/libexec/mantle/installers/shdoc.sh [8:1 - 18:47]
[1mClone found (bash)[22m
 - [1m[32mmantle/libexec/mantle/installers/addlicense.sh[39m[22m [8:1 - 20:26] (13 lines, 63 tokens)
   mantle/libexec/mantle/installers/shfmt.sh [8:1 - 20:26]
[1mClone found (bash)[22m
 - [1m[32mmantle/libexec/mantle/installers/addlicense.sh[39m[22m [8:1 - 20:26] (13 lines, 63 tokens)
   mantle/libexec/mantle/installers/sqlfluff.sh [8:1 - 20:26]
[1mClone found (bash)[22m
 - [1m[32mmantle/libexec/mantle/installers/addlicense.sh[39m[22m [8:1 - 18:47] (11 lines, 61 tokens)
   mantle/libexec/mantle/installers/talisman.sh [9:1 - 19:47]
[1mClone found (bash)[22m
 - [1m[32mmantle/libexec/mantle/installers/addlicense.sh[39m[22m [8:1 - 20:26] (13 lines, 63 tokens)
   mantle/libexec/mantle/installers/taskfile.sh [8:1 - 20:26]
[1mClone found (bash)[22m
 - [1m[32mmantle/libexec/mantle/installers/addlicense.sh[39m[22m [8:1 - 20:26] (13 lines, 63 tokens)
   mantle/libexec/mantle/installers/terminus.sh [8:1 - 20:26]
[1mClone found (bash)[22m
 - [1m[32mmantle/libexec/mantle/installers/addlicense.sh[39m[22m [8:1 - 20:26] (13 lines, 63 tokens)
   mantle/libexec/mantle/installers/typos.sh [8:1 - 20:26]
[1mClone found (bash)[22m
 - [1m[32mmantle/libexec/mantle/installers/addlicense.sh[39m[22m [8:1 - 20:26] (13 lines, 63 tokens)
   mantle/libexec/mantle/installers/vale.sh [8:1 - 20:26]
[1mClone found (bash)[22m
 - [1m[32mmantle/libexec/mantle/installers/image-optim.sh[39m[22m [42:41 - 52:4] (11 lines, 54 tokens)
   mantle/libexec/mantle/installers/shdoc.sh [32:35 - 42:4]
[1mClone found (bash)[22m
 - [1m[32mmantle/modules/aliases-network.sh[39m[22m [13:1 - 26:67] (14 lines, 137 tokens)
   mantle/modules/aliases.sh [175:1 - 188:67]
[1mClone found (bash)[22m
 - [1m[32mmantle/modules/aliases-network.sh[39m[22m [41:1 - 51:2] (11 lines, 120 tokens)
   mantle/modules/aliases.sh [211:1 - 221:2]
[1mClone found (bash)[22m
 - [1m[32mmantle/modules/aliases-safe.sh[39m[22m [13:1 - 23:72] (11 lines, 65 tokens)
   mantle/modules/aliases.sh [26:1 - 38:72]
[1mClone found (bash)[22m
 - [1m[32mmantle/modules/aliases-safe.sh[39m[22m [24:1 - 33:68] (10 lines, 61 tokens)
   mantle/modules/aliases.sh [43:1 - 53:68]
[1mClone found (bash)[22m
 - [1m[32mmantle/modules/aliases-safe.sh[39m[22m [56:1 - 65:2] (10 lines, 61 tokens)
   mantle/modules/aliases.sh [94:1 - 103:2]
[1mClone found (bash)[22m
 - [1m[32mmantle/modules/aliases-safe.sh[39m[22m [74:1 - 89:67] (16 lines, 148 tokens)
   mantle/modules/aliases.sh [244:1 - 259:67]
[1mClone found (bash)[22m
 - [1m[32mmantle/modules/aliases-safe.sh[39m[22m [90:1 - 103:2] (14 lines, 150 tokens)
   mantle/modules/aliases.sh [262:1 - 275:2]
[1mClone found (bash)[22m
 - [1m[32mmantle/modules/aliases-system.sh[39m[22m [13:1 - 37:2] (25 lines, 289 tokens)
   mantle/modules/aliases.sh [351:1 - 380:2]
[1mClone found (bash)[22m
 - [1m[32mmantle/modules/cache.sh[39m[22m [32:1 - 39:2] (8 lines, 51 tokens)
   mantle/modules/tooling.sh [28:1 - 35:2]
[1mClone found (python)[22m
 - [1m[32mmindgarden/scripts/garden_agent.py[39m[22m [58:75 - 67:5] (10 lines, 63 tokens)
   mindgarden/scripts/publish_garden.py [85:52 - 94:5]
[1mClone found (python)[22m
 - [1m[32mmindgarden/tests/test_garden_agent.py[39m[22m [12:1 - 22:14] (11 lines, 57 tokens)
   mindgarden/tests/test_validate_garden.py [8:1 - 18:14]
[1mClone found (python)[22m
 - [1m[32mmindgarden/tests/test_garden_agent.py[39m[22m [13:1 - 22:14] (10 lines, 54 tokens)
   mindgarden/tests/test_publish_garden.py [8:1 - 17:14]
[1mClone found (python)[22m
 - [1m[32mmindgarden/tests/test_garden_agent.py[39m[22m [33:1 - 47:5] (15 lines, 79 tokens)
   mindgarden/tests/test_publish_garden.py [24:1 - 38:5]
[1mClone found (python)[22m
 - [1m[32mmindgarden/tests/test_garden_agent.py[39m[22m [159:68 - 167:13] (9 lines, 64 tokens)
   mindgarden/tests/test_garden_agent.py [179:57 - 186:13]
[1mClone found (python)[22m
 - [1m[32mmindgarden/tests/test_garden_agent.py[39m[22m [257:58 - 262:13] (6 lines, 57 tokens)
   mindgarden/tests/test_garden_agent.py [272:46 - 277:13]
[1mClone found (python)[22m
 - [1m[32mmindgarden/tests/test_garden_agent.py[39m[22m [257:58 - 270:45] (14 lines, 125 tokens)
   mindgarden/tests/test_garden_agent.py [288:58 - 301:13]
[1mClone found (python)[22m
 - [1m[32mmindgarden/tests/test_publish_garden.py[39m[22m [90:1 - 95:48] (6 lines, 53 tokens)
   mindgarden/tests/test_validate_garden.py [71:1 - 76:48]
[1mClone found (json)[22m
 - [1m[32mtests/fixtures/repository-intelligence-dashboard/osv/summary.json[39m[22m [13:15 - 24:15] (12 lines, 54 tokens)
   tests/fixtures/repository-intelligence-dashboard/scorecard/summary.json [11:16 - 22:15]
[1mClone found (python)[22m
 - [1m[32mtests/test_repository_intelligence_dashboard.py[39m[22m [308:1 - 313:64] (6 lines, 62 tokens)
   tests/test_repository_intelligence_dashboard.py [323:1 - 328:64]
[1mClone found (python)[22m
 - [1m[32mtests/test_validate_automation.py[39m[22m [45:53 - 57:32] (13 lines, 66 tokens)
   tests/test_validate_automation.py [108:47 - 120:32]
[1mClone found (python)[22m
 - [1m[32mtests/test_validate_automation.py[39m[22m [46:9 - 57:32] (12 lines, 56 tokens)
   tests/test_validate_automation.py [64:16 - 75:32]
[90m┌────────────┬────────────────┬─────────────┬──────────────┬──────────────┬──────────────────┬───────────────────┐[39m
[90m│[39m[31m Format     [39m[90m│[39m[31m Files analyzed [39m[90m│[39m[31m Total lines [39m[90m│[39m[31m Total tokens [39m[90m│[39m[31m Clones found [39m[90m│[39m[31m Duplicated lines [39m[90m│[39m[31m Duplicated tokens [39m[90m│[39m
[90m├────────────┼────────────────┼─────────────┼──────────────┼──────────────┼──────────────────┼───────────────────┤[39m
[90m│[39m apex       [90m│[39m 1              [90m│[39m 13          [90m│[39m 88           [90m│[39m 0            [90m│[39m 0 (0.00%)        [90m│[39m 0 (0.00%)         [90m│[39m
[90m├────────────┼────────────────┼─────────────┼──────────────┼──────────────┼──────────────────┼───────────────────┤[39m
[90m│[39m bash       [90m│[39m 128            [90m│[39m 19219       [90m│[39m 90185        [90m│[39m 58           [90m│[39m 670 (3.49%)      [90m│[39m 4439 (4.92%)      [90m│[39m
[90m├────────────┼────────────────┼─────────────┼──────────────┼──────────────┼──────────────────┼───────────────────┤[39m
[90m│[39m c          [90m│[39m 1              [90m│[39m 50          [90m│[39m 296          [90m│[39m 0            [90m│[39m 0 (0.00%)        [90m│[39m 0 (0.00%)         [90m│[39m
[90m├────────────┼────────────────┼─────────────┼──────────────┼──────────────┼──────────────────┼───────────────────┤[39m
[90m│[39m clojure    [90m│[39m 2              [90m│[39m 280         [90m│[39m 919          [90m│[39m 0            [90m│[39m 0 (0.00%)        [90m│[39m 0 (0.00%)         [90m│[39m
[90m├────────────┼────────────────┼─────────────┼──────────────┼──────────────┼──────────────────┼───────────────────┤[39m
[90m│[39m cpp        [90m│[39m 1              [90m│[39m 44          [90m│[39m 233          [90m│[39m 0            [90m│[39m 0 (0.00%)        [90m│[39m 0 (0.00%)         [90m│[39m
[90m├────────────┼────────────────┼─────────────┼──────────────┼──────────────┼──────────────────┼───────────────────┤[39m
[90m│[39m css        [90m│[39m 3              [90m│[39m 1255        [90m│[39m 8490         [90m│[39m 0            [90m│[39m 0 (0.00%)        [90m│[39m 0 (0.00%)         [90m│[39m
[90m├────────────┼────────────────┼─────────────┼──────────────┼──────────────┼──────────────────┼───────────────────┤[39m
[90m│[39m dart       [90m│[39m 1              [90m│[39m 15          [90m│[39m 67           [90m│[39m 0            [90m│[39m 0 (0.00%)        [90m│[39m 0 (0.00%)         [90m│[39m
[90m├────────────┼────────────────┼─────────────┼──────────────┼──────────────┼──────────────────┼───────────────────┤[39m
[90m│[39m diff       [90m│[39m 1              [90m│[39m 704         [90m│[39m 59           [90m│[39m 0            [90m│[39m 0 (0.00%)        [90m│[39m 0 (0.00%)         [90m│[39m
[90m├────────────┼────────────────┼─────────────┼──────────────┼──────────────┼──────────────────┼───────────────────┤[39m
[90m│[39m gherkin    [90m│[39m 1              [90m│[39m 13          [90m│[39m 155          [90m│[39m 0            [90m│[39m 0 (0.00%)        [90m│[39m 0 (0.00%)         [90m│[39m
[90m├────────────┼────────────────┼─────────────┼──────────────┼──────────────┼──────────────────┼───────────────────┤[39m
[90m│[39m go         [90m│[39m 1              [90m│[39m 29          [90m│[39m 125          [90m│[39m 0            [90m│[39m 0 (0.00%)        [90m│[39m 0 (0.00%)         [90m│[39m
[90m├────────────┼────────────────┼─────────────┼──────────────┼──────────────┼──────────────────┼───────────────────┤[39m
[90m│[39m graphql    [90m│[39m 1              [90m│[39m 34          [90m│[39m 177          [90m│[39m 0            [90m│[39m 0 (0.00%)        [90m│[39m 0 (0.00%)         [90m│[39m
[90m├────────────┼────────────────┼─────────────┼──────────────┼──────────────┼──────────────────┼───────────────────┤[39m
[90m│[39m groovy     [90m│[39m 1              [90m│[39m 20          [90m│[39m 74           [90m│[39m 0            [90m│[39m 0 (0.00%)        [90m│[39m 0 (0.00%)         [90m│[39m
[90m├────────────┼────────────────┼─────────────┼──────────────┼──────────────┼──────────────────┼───────────────────┤[39m
[90m│[39m hcl        [90m│[39m 2              [90m│[39m 101         [90m│[39m 1134         [90m│[39m 1            [90m│[39m 5 (4.95%)        [90m│[39m 91 (8.02%)        [90m│[39m
[90m├────────────┼────────────────┼─────────────┼──────────────┼──────────────┼──────────────────┼───────────────────┤[39m
[90m│[39m ini        [90m│[39m 3              [90m│[39m 233         [90m│[39m 3111         [90m│[39m 0            [90m│[39m 0 (0.00%)        [90m│[39m 0 (0.00%)         [90m│[39m
[90m├────────────┼────────────────┼─────────────┼──────────────┼──────────────┼──────────────────┼───────────────────┤[39m
[90m│[39m java       [90m│[39m 2              [90m│[39m 54          [90m│[39m 504          [90m│[39m 1            [90m│[39m 7 (12.96%)       [90m│[39m 62 (12.30%)       [90m│[39m
[90m├────────────┼────────────────┼─────────────┼──────────────┼──────────────┼──────────────────┼───────────────────┤[39m
[90m│[39m javascript [90m│[39m 7              [90m│[39m 785         [90m│[39m 2906         [90m│[39m 0            [90m│[39m 0 (0.00%)        [90m│[39m 0 (0.00%)         [90m│[39m
[90m├────────────┼────────────────┼─────────────┼──────────────┼──────────────┼──────────────────┼───────────────────┤[39m
[90m│[39m json       [90m│[39m 97             [90m│[39m 15235       [90m│[39m 67028        [90m│[39m 32           [90m│[39m 655 (4.30%)      [90m│[39m 2863 (4.27%)      [90m│[39m
[90m├────────────┼────────────────┼─────────────┼──────────────┼──────────────┼──────────────────┼───────────────────┤[39m
[90m│[39m jsx        [90m│[39m 1              [90m│[39m 10          [90m│[39m 52           [90m│[39m 0            [90m│[39m 0 (0.00%)        [90m│[39m 0 (0.00%)         [90m│[39m
[90m├────────────┼────────────────┼─────────────┼──────────────┼──────────────┼──────────────────┼───────────────────┤[39m
[90m│[39m latex      [90m│[39m 3              [90m│[39m 152         [90m│[39m 902          [90m│[39m 0            [90m│[39m 0 (0.00%)        [90m│[39m 0 (0.00%)         [90m│[39m
[90m├────────────┼────────────────┼─────────────┼──────────────┼──────────────┼──────────────────┼───────────────────┤[39m
[90m│[39m markdown   [90m│[39m 235            [90m│[39m 24178       [90m│[39m 274888       [90m│[39m 138          [90m│[39m 1660 (6.87%)     [90m│[39m 17050 (6.20%)     [90m│[39m
[90m├────────────┼────────────────┼─────────────┼──────────────┼──────────────┼──────────────────┼───────────────────┤[39m
[90m│[39m markup     [90m│[39m 8              [90m│[39m 917         [90m│[39m 9897         [90m│[39m 0            [90m│[39m 0 (0.00%)        [90m│[39m 0 (0.00%)         [90m│[39m
[90m├────────────┼────────────────┼─────────────┼──────────────┼──────────────┼──────────────────┼───────────────────┤[39m
[90m│[39m mermaid    [90m│[39m 2              [90m│[39m 232         [90m│[39m 283          [90m│[39m 0            [90m│[39m 0 (0.00%)        [90m│[39m 0 (0.00%)         [90m│[39m
[90m├────────────┼────────────────┼─────────────┼──────────────┼──────────────┼──────────────────┼───────────────────┤[39m
[90m│[39m php        [90m│[39m 1              [90m│[39m 19          [90m│[39m 92           [90m│[39m 0            [90m│[39m 0 (0.00%)        [90m│[39m 0 (0.00%)         [90m│[39m
[90m├────────────┼────────────────┼─────────────┼──────────────┼──────────────┼──────────────────┼───────────────────┤[39m
[90m│[39m powershell [90m│[39m 3              [90m│[39m 163         [90m│[39m 583          [90m│[39m 0            [90m│[39m 0 (0.00%)        [90m│[39m 0 (0.00%)         [90m│[39m
[90m├────────────┼────────────────┼─────────────┼──────────────┼──────────────┼──────────────────┼───────────────────┤[39m
[90m│[39m protobuf   [90m│[39m 1              [90m│[39m 31          [90m│[39m 99           [90m│[39m 0            [90m│[39m 0 (0.00%)        [90m│[39m 0 (0.00%)         [90m│[39m
[90m├────────────┼────────────────┼─────────────┼──────────────┼──────────────┼──────────────────┼───────────────────┤[39m
[90m│[39m python     [90m│[39m 45             [90m│[39m 12792       [90m│[39m 99909        [90m│[39m 21           [90m│[39m 208 (1.63%)      [90m│[39m 1516 (1.52%)      [90m│[39m
[90m├────────────┼────────────────┼─────────────┼──────────────┼──────────────┼──────────────────┼───────────────────┤[39m
[90m│[39m r          [90m│[39m 1              [90m│[39m 14          [90m│[39m 54           [90m│[39m 0            [90m│[39m 0 (0.00%)        [90m│[39m 0 (0.00%)         [90m│[39m
[90m├────────────┼────────────────┼─────────────┼──────────────┼──────────────┼──────────────────┼───────────────────┤[39m
[90m│[39m ruby       [90m│[39m 1              [90m│[39m 204         [90m│[39m 810          [90m│[39m 0            [90m│[39m 0 (0.00%)        [90m│[39m 0 (0.00%)         [90m│[39m
[90m├────────────┼────────────────┼─────────────┼──────────────┼──────────────┼──────────────────┼───────────────────┤[39m
[90m│[39m rust       [90m│[39m 8              [90m│[39m 1541        [90m│[39m 12504        [90m│[39m 1            [90m│[39m 5 (0.32%)        [90m│[39m 71 (0.57%)        [90m│[39m
[90m├────────────┼────────────────┼─────────────┼──────────────┼──────────────┼──────────────────┼───────────────────┤[39m
[90m│[39m scala      [90m│[39m 1              [90m│[39m 13          [90m│[39m 63           [90m│[39m 0            [90m│[39m 0 (0.00%)        [90m│[39m 0 (0.00%)         [90m│[39m
[90m├────────────┼────────────────┼─────────────┼──────────────┼──────────────┼──────────────────┼───────────────────┤[39m
[90m│[39m sql        [90m│[39m 2              [90m│[39m 28          [90m│[39m 133          [90m│[39m 0            [90m│[39m 0 (0.00%)        [90m│[39m 0 (0.00%)         [90m│[39m
[90m├────────────┼────────────────┼─────────────┼──────────────┼──────────────┼──────────────────┼───────────────────┤[39m
[90m│[39m swift      [90m│[39m 1              [90m│[39m 15          [90m│[39m 67           [90m│[39m 0            [90m│[39m 0 (0.00%)        [90m│[39m 0 (0.00%)         [90m│[39m
[90m├────────────┼────────────────┼─────────────┼──────────────┼──────────────┼──────────────────┼───────────────────┤[39m
[90m│[39m text       [90m│[39m 12             [90m│[39m 1956        [90m│[39m 2200         [90m│[39m 0            [90m│[39m 0 (0.00%)        [90m│[39m 0 (0.00%)         [90m│[39m
[90m├────────────┼────────────────┼─────────────┼──────────────┼──────────────┼──────────────────┼───────────────────┤[39m
[90m│[39m toml       [90m│[39m 23             [90m│[39m 2013        [90m│[39m 6208         [90m│[39m 4            [90m│[39m 132 (6.56%)      [90m│[39m 396 (6.38%)       [90m│[39m
[90m├────────────┼────────────────┼─────────────┼──────────────┼──────────────┼──────────────────┼───────────────────┤[39m
[90m│[39m txt        [90m│[39m 5              [90m│[39m 138         [90m│[39m 2136         [90m│[39m 0            [90m│[39m 0 (0.00%)        [90m│[39m 0 (0.00%)         [90m│[39m
[90m├────────────┼────────────────┼─────────────┼──────────────┼──────────────┼──────────────────┼───────────────────┤[39m
[90m│[39m typescript [90m│[39m 2              [90m│[39m 23          [90m│[39m 121          [90m│[39m 0            [90m│[39m 0 (0.00%)        [90m│[39m 0 (0.00%)         [90m│[39m
[90m├────────────┼────────────────┼─────────────┼──────────────┼──────────────┼──────────────────┼───────────────────┤[39m
[90m│[39m yaml       [90m│[39m 235            [90m│[39m 19596       [90m│[39m 103635       [90m│[39m 84           [90m│[39m 986 (5.03%)      [90m│[39m 6500 (6.27%)      [90m│[39m
[90m├────────────┼────────────────┼─────────────┼──────────────┼──────────────┼──────────────────┼───────────────────┤[39m
[90m│[39m [1mTotal:[22m     [90m│[39m 843            [90m│[39m 102119      [90m│[39m 690187       [90m│[39m 340          [90m│[39m 4328 (4.24%)     [90m│[39m 32988 (4.78%)     [90m│[39m
[90m└────────────┴────────────────┴─────────────┴──────────────┴──────────────┴──────────────────┴───────────────────┘[39m
[90mFound 340 clones.[39m
[32mHTML report saved to .reports/megalinter/copy-paste/jscpd-report.html[39m
ERROR: jscpd found too many duplicates (4.2%) over threshold (3.0%)
[90mtime: 1.76s[39m

::endgroup::
::group::[31m❌ Linted [CSS] files with [stylelint]: Found 108 error(s) and 0 warning(s) - (2.08s)[0m (expand for details)
- Using [stylelint v17.14.1] https://megalinter.io/10.0.0/descriptors/css_stylelint
- MegaLinter key: [CSS_STYLELINT]
- Rules config: [egolint/.config/lint/css/stylelint.json]
- Number of files analyzed: [2]
- CWD: [/github/workspace]
- Command: [stylelint --config egolint/.config/lint/css/stylelint.json .github/actions/generate-repository-intelligence-dashboard/dashboard.css .obsidian/snippets/mindgarden.css --config-basedir /node-deps]
--Error detail:

.github/actions/generate-repository-intelligence-dashboard/dashboard.css
     [2m2:1[22m   [31m[31m✖[39m  Expected empty line before comment                                                                                                              [2mcomment-empty-line-before[22m
     [2m6:3[22m   [31m[31m✖[39m  Expected empty line before custom property                                                                                                      [2mcustom-property-empty-line-before[22m
     [2m7:14[22m  [31m[31m✖[39m  Expected "rgba" to be "rgb"                                                                                                                     [2mcolor-function-alias-notation[22m
     [2m7:14[22m  [31m[31m✖[39m  Expected modern color-function notation                                                                                                         [2mcolor-function-notation[22m
     [2m7:31[22m  [31m[31m✖[39m  Expected "0.88" to be "88%"                                                                                                                     [2malpha-value-notation[22m
     [2m9:13[22m  [31m[31m✖[39m  Expected "rgba" to be "rgb"                                                                                                                     [2mcolor-function-alias-notation[22m
     [2m9:13[22m  [31m[31m✖[39m  Expected modern color-function notation                                                                                                         [2mcolor-function-notation[22m
     [2m9:33[22m  [31m[31m✖[39m  Expected "0.2" to be "20%"                                                                                                                      [2malpha-value-notation[22m
    [2m25:25[22m  [31m[31m✖[39m  Expected "rgba" to be "rgb"                                                                                                                     [2mcolor-function-alias-notation[22m
    [2m25:25[22m  [31m[31m✖[39m  Expected modern color-function notation                                                                                                         [2mcolor-function-notation[22m
    [2m25:39[22m  [31m[31m✖[39m  Expected "0.32" to be "32%"                                                                                                                     [2malpha-value-notation[22m
    [2m43:40[22m  [31m[31m✖[39m  Expected "rgba" to be "rgb"                                                                                                                     [2mcolor-function-alias-notation[22m
    [2m43:40[22m  [31m[31m✖[39m  Expected modern color-function notation                                                                                                         [2mcolor-function-notation[22m
    [2m43:59[22m  [31m[31m✖[39m  Expected "0.27" to be "27%"                                                                                                                     [2malpha-value-notation[22m
    [2m44:39[22m  [31m[31m✖[39m  Expected "rgba" to be "rgb"                                                                                                                     [2mcolor-function-alias-notation[22m
    [2m44:39[22m  [31m[31m✖[39m  Expected modern color-function notation                                                                                                         [2mcolor-function-notation[22m
    [2m44:58[22m  [31m[31m✖[39m  Expected "0.18" to be "18%"                                                                                                                     [2malpha-value-notation[22m
    [2m71:1[22m   [31m[31m✖[39m  Expected selector ".skip-link" to come before selector ".skip-link:focus-visible", at line 65                                                   [2mno-descending-specificity[22m
   [2m126:39[22m  [31m[31m✖[39m  Expected "#ffffff" to be "#fff"                                                                                                                 [2mcolor-hex-length[22m
   [2m155:15[22m  [31m[31m✖[39m  Expected "rgba" to be "rgb"                                                                                                                     [2mcolor-function-alias-notation[22m
   [2m155:15[22m  [31m[31m✖[39m  Expected modern color-function notation                                                                                                         [2mcolor-function-notation[22m
   [2m155:32[22m  [31m[31m✖[39m  Expected "0.8" to be "80%"                                                                                                                      [2malpha-value-notation[22m
   [2m164:15[22m  [31m[31m✖[39m  Expected "currentColor" to be "currentcolor"                                                                                                    [2mvalue-keyword-case[22m
   [2m256:39[22m  [31m[31m✖[39m  Expected "rgba" to be "rgb"                                                                                                                     [2mcolor-function-alias-notation[22m
   [2m256:39[22m  [31m[31m✖[39m  Expected modern color-function notation                                                                                                         [2mcolor-function-notation[22m
   [2m256:56[22m  [31m[31m✖[39m  Expected "0.9" to be "90%"                                                                                                                      [2malpha-value-notation[22m
   [2m294:39[22m  [31m[31m✖[39m  Expected "rgba" to be "rgb"                                                                                                                     [2mcolor-function-alias-notation[22m
   [2m294:39[22m  [31m[31m✖[39m  Expected modern color-function notation                                                                                                         [2mcolor-function-notation[22m
   [2m294:59[22m  [31m[31m✖[39m  Expected "0.17" to be "17%"                                                                                                                     [2malpha-value-notation[22m
   [2m334:28[22m  [31m[31m✖[39m  Expected "rgba" to be "rgb"                                                                                                                     [2mcolor-function-alias-notation[22m
   [2m334:28[22m  [31m[31m✖[39m  Expected modern color-function notation                                                                                                         [2mcolor-function-notation[22m
   [2m334:48[22m  [31m[31m✖[39m  Expected "0.12" to be "12%"                                                                                                                     [2malpha-value-notation[22m
   [2m420:11[22m  [31m[31m✖[39m  Expected "rgba" to be "rgb"                                                                                                                     [2mcolor-function-alias-notation[22m
   [2m420:11[22m  [31m[31m✖[39m  Expected modern color-function notation                                                                                                         [2mcolor-function-notation[22m
   [2m420:31[22m  [31m[31m✖[39m  Expected "0.16" to be "16%"                                                                                                                     [2malpha-value-notation[22m
   [2m522:11[22m  [31m[31m✖[39m  Expected "rgba" to be "rgb"                                                                                                                     [2mcolor-function-alias-notation[22m
   [2m522:11[22m  [31m[31m✖[39m  Expected modern color-function notation                                                                                                         [2mcolor-function-notation[22m
   [2m522:31[22m  [31m[31m✖[39m  Expected "0.12" to be "12%"                                                                                                                     [2malpha-value-notation[22m
   [2m601:9[22m   [31m[31m✖[39m  Expected "rgba" to be "rgb"                                                                                                                     [2mcolor-function-alias-notation[22m
   [2m601:9[22m   [31m[31m✖[39m  Expected modern color-function notation                                                                                                         [2mcolor-function-notation[22m
   [2m601:29[22m  [31m[31m✖[39m  Expected "0.12" to be "12%"                                                                                                                     [2malpha-value-notation[22m
   [2m617:9[22m   [31m[31m✖[39m  Expected "rgba" to be "rgb"                                                                                                                     [2mcolor-function-alias-notation[22m
   [2m617:9[22m   [31m[31m✖[39m  Expected modern color-function notation                                                                                                         [2mcolor-function-notation[22m
   [2m617:29[22m  [31m[31m✖[39m  Expected "0.18" to be "18%"                                                                                                                     [2malpha-value-notation[22m
   [2m632:15[22m  [31m[31m✖[39m  Expected "rgba" to be "rgb"                                                                                                                     [2mcolor-function-alias-notation[22m
   [2m632:15[22m  [31m[31m✖[39m  Expected modern color-function notation                                                                                                         [2mcolor-function-notation[22m
   [2m632:35[22m  [31m[31m✖[39m  Expected "0.18" to be "18%"                                                                                                                     [2malpha-value-notation[22m
   [2m675:1[22m   [31m[31m✖[39m  Expected selector ".freshness-row p" to come before selector ".chart-empty-card > p:last-child", at line 397                                    [2mno-descending-specificity[22m
   [2m689:15[22m  [31m[31m✖[39m  Expected "rgba" to be "rgb"                                                                                                                     [2mcolor-function-alias-notation[22m
   [2m689:15[22m  [31m[31m✖[39m  Expected modern color-function notation                                                                                                         [2mcolor-function-notation[22m
   [2m689:35[22m  [31m[31m✖[39m  Expected "0.14" to be "14%"                                                                                                                     [2malpha-value-notation[22m
   [2m694:15[22m  [31m[31m✖[39m  Expected "rgba" to be "rgb"                                                                                                                     [2mcolor-function-alias-notation[22m
   [2m694:15[22m  [31m[31m✖[39m  Expected modern color-function notation                                                                                                         [2mcolor-function-notation[22m
   [2m694:35[22m  [31m[31m✖[39m  Expected "0.14" to be "14%"                                                                                                                     [2malpha-value-notation[22m
   [2m713:25[22m  [31m[31m✖[39m  Expected "rgba" to be "rgb"                                                                                                                     [2mcolor-function-alias-notation[22m
   [2m713:25[22m  [31m[31m✖[39m  Expected modern color-function notation                                                                                                         [2mcolor-function-notation[22m
   [2m713:45[22m  [31m[31m✖[39m  Expected "0.12" to be "12%"                                                                                                                     [2malpha-value-notation[22m
   [2m739:28[22m  [31m[31m✖[39m  Expected "rgba" to be "rgb"                                                                                                                     [2mcolor-function-alias-notation[22m
   [2m739:28[22m  [31m[31m✖[39m  Expected modern color-function notation                                                                                                         [2mcolor-function-notation[22m
   [2m739:48[22m  [31m[31m✖[39m  Expected "0.1" to be "10%"                                                                                                                      [2malpha-value-notation[22m
   [2m749:1[22m   [31m[31m✖[39m  Expected selector ".data-table thead th" to come before selector ".data-table th:first-child", at line 744                                      [2mno-descending-specificity[22m
   [2m760:3[22m   [31m[31m✖[39m  Deprecated property "clip"                                                                                                                      [2mproperty-no-deprecated[22m
   [2m769:39[22m  [31m[31m✖[39m  Expected "rgba" to be "rgb"                                                                                                                     [2mcolor-function-alias-notation[22m
   [2m769:39[22m  [31m[31m✖[39m  Expected modern color-function notation                                                                                                         [2mcolor-function-notation[22m
   [2m769:56[22m  [31m[31m✖[39m  Expected "0.94" to be "94%"                                                                                                                     [2malpha-value-notation[22m
   [2m779:28[22m  [31m[31m✖[39m  Expected "rgba" to be "rgb"                                                                                                                     [2mcolor-function-alias-notation[22m
   [2m779:28[22m  [31m[31m✖[39m  Expected modern color-function notation                                                                                                         [2mcolor-function-notation[22m
   [2m779:48[22m  [31m[31m✖[39m  Expected "0.12" to be "12%"                                                                                                                     [2malpha-value-notation[22m
   [2m782:1[22m   [31m[31m✖[39m  Expected selector ".anatomy-overview p" to come before selector ".chart-empty-card > p:last-child", at line 397                                 [2mno-descending-specificity[22m
   [2m786:1[22m   [31m[31m✖[39m  Expected selector ".anatomy-overview > p" to come before selector ".chart-empty-card > p:last-child", at line 397                               [2mno-descending-specificity[22m
   [2m835:15[22m  [31m[31m✖[39m  Expected "rgba" to be "rgb"                                                                                                                     [2mcolor-function-alias-notation[22m
   [2m835:15[22m  [31m[31m✖[39m  Expected modern color-function notation                                                                                                         [2mcolor-function-notation[22m
   [2m835:31[22m  [31m[31m✖[39m  Expected "0.72" to be "72%"                                                                                                                     [2malpha-value-notation[22m
   [2m841:29[22m  [31m[31m✖[39m  Expected "rgba" to be "rgb"                                                                                                                     [2mcolor-function-alias-notation[22m
   [2m841:29[22m  [31m[31m✖[39m  Expected modern color-function notation                                                                                                         [2mcolor-function-notation[22m
   [2m841:48[22m  [31m[31m✖[39m  Expected "0.16" to be "16%"                                                                                                                     [2malpha-value-notation[22m
   [2m856:15[22m  [31m[31m✖[39m  Expected "rgba" to be "rgb"                                                                                                                     [2mcolor-function-alias-notation[22m
   [2m856:15[22m  [31m[31m✖[39m  Expected modern color-function notation                                                                                                         [2mcolor-function-notation[22m
   [2m856:32[22m  [31m[31m✖[39m  Expected "0.82" to be "82%"                                                                                                                     [2malpha-value-notation[22m
   [2m884:21[22m  [31m[31m✖[39m  Expected "rgba" to be "rgb"                                                                                                                     [2mcolor-function-alias-notation[22m
   [2m884:21[22m  [31m[31m✖[39m  Expected modern color-function notation                                                                                                         [2mcolor-function-notation[22m
   [2m884:41[22m  [31m[31m✖[39m  Expected "0.14" to be "14%"                                                                                                                     [2malpha-value-notation[22m
   [2m887:28[22m  [31m[31m✖[39m  Expected "rgba" to be "rgb"                                                                                                                     [2mcolor-function-alias-notation[22m
   [2m887:28[22m  [31m[31m✖[39m  Expected modern color-function notation                                                                                                         [2mcolor-function-notation[22m
   [2m887:47[22m  [31m[31m✖[39m  Expected "0.035" to be "3.5%"                                                                                                                   [2malpha-value-notation[22m
   [2m887:77[22m  [31m[31m✖[39m  Expected "rgba" to be "rgb"                                                                                                                     [2mcolor-function-alias-notation[22m
   [2m887:77[22m  [31m[31m✖[39m  Expected modern color-function notation                                                                                                         [2mcolor-function-notation[22m
   [2m887:92[22m  [31m[31m✖[39m  Expected "0.72" to be "72%"                                                                                                                     [2malpha-value-notation[22m
   [2m913:26[22m  [31m[31m✖[39m  Expected "rgba" to be "rgb"                                                                                                                     [2mcolor-function-alias-notation[22m
   [2m913:26[22m  [31m[31m✖[39m  Expected modern color-function notation                                                                                                         [2mcolor-function-notation[22m
   [2m913:46[22m  [31m[31m✖[39m  Expected "0.16" to be "16%"                                                                                                                     [2malpha-value-notation[22m
   [2m917:17[22m  [31m[31m✖[39m  Disallowed !important                                                                                                                           [2mdeclaration-no-important[22m
   [2m958:15[22m  [31m[31m✖[39m  Expected "rgba" to be "rgb"                                                                                                                     [2mcolor-function-alias-notation[22m
   [2m958:15[22m  [31m[31m✖[39m  Expected modern color-function notation                                                                                                         [2mcolor-function-notation[22m
   [2m958:35[22m  [31m[31m✖[39m  Expected "0.08" to be "8%"                                                                                                                      [2malpha-value-notation[22m
   [2m969:11[22m  [31m[31m✖[39m  Expected "currentColor" to be "currentcolor"                                                                                                    [2mvalue-keyword-case[22m
   [2m977:9[22m   [31m[31m✖[39m  Expected "rgba" to be "rgb"                                                                                                                     [2mcolor-function-alias-notation[22m
   [2m977:9[22m   [31m[31m✖[39m  Expected modern color-function notation                                                                                                         [2mcolor-function-notation[22m
   [2m977:28[22m  [31m[31m✖[39m  Expected "0.12" to be "12%"                                                                                                                     [2malpha-value-notation[22m
   [2m980:1[22m   [31m[31m✖[39m  Expected selector ".tree-node-file .tree-icon" to come before selector ".tree-node-directory > details > summary .tree-icon", at line 975       [2mno-descending-specificity[22m
   [2m984:1[22m   [31m[31m✖[39m  Expected selector ".tree-node-symlink .tree-icon" to come before selector ".tree-node-directory > details > summary .tree-icon", at line 975    [2mno-descending-specificity[22m
   [2m988:1[22m   [31m[31m✖[39m  Expected selector ".tree-node-submodule .tree-icon" to come before selector ".tree-node-directory > details > summary .tree-icon", at line 975  [2mno-descending-specificity[22m
  [2m1013:21[22m  [31m[31m✖[39m  Expected "rgba" to be "rgb"                                                                                                                     [2mcolor-function-alias-notation[22m
  [2m1013:21[22m  [31m[31m✖[39m  Expected modern color-function notation                                                                                                         [2mcolor-function-notation[22m
  [2m1013:41[22m  [31m[31m✖[39m  Expected "0.15" to be "15%"                                                                                                                     [2malpha-value-notation[22m
  [2m1056:1[22m   [31m[31m✖[39m  Expected selector ".provenance p" to come before selector ".chart-empty-card > p:last-child", at line 397                                       [2mno-descending-specificity[22m
  [2m1067:8[22m   [31m[31m✖[39m  Expected "context" media feature range notation                                                                                                 [2mmedia-feature-range-notation[22m
  [2m1092:8[22m   [31m[31m✖[39m  Expected "context" media feature range notation                                                                                                 [2mmedia-feature-range-notation[22m

[31m✖[39m 108 problems ([31m108 errors[39m, [33m0 warnings[39m)
  98 errors potentially fixable with the "--fix" option.


::endgroup::
::group::[32m✅ Linted [EDITORCONFIG] files with [editorconfig-checker] successfully - (1.0s)[0m (expand for details)
- Using [editorconfig-checker v3.10.0] https://megalinter.io/10.0.0/descriptors/editorconfig_editorconfig_checker
- MegaLinter key: [EDITORCONFIG_EDITORCONFIG_CHECKER]
- Rules config: [egolint/.config/lint/editorconfig/editorconfig-checker.json]
- Number of files analyzed: [825]
- CWD: [/github/workspace]
- Command: [editorconfig-checker -config egolint/.config/lint/editorconfig/editorconfig-checker.json .actrc .allcontributorsrc .audits/egolint/2026-08-11-complementary-toolchain-audit.md .audits/egolint/2026-08-11-integration-audit.md .audits/egolint/2026-08-11-...(truncated)]
::endgroup::
::group::[32m✅ Linted [HTML] files with [htmlhint] successfully - (0.24s)[0m (expand for details)
- Using [htmlhint v1.9.2] https://megalinter.io/10.0.0/descriptors/html_htmlhint
- MegaLinter key: [HTML_HTMLHINT]
- Rules config: [egolint/.config/lint/html/htmlhint.json]
- Number of files analyzed: [1]
- CWD: [/github/workspace]
- Command: [htmlhint --config egolint/.config/lint/html/htmlhint.json beacon/templates/research-paper/template.html]
::endgroup::
::group::[31m❌ Linted [JAVASCRIPT] files with [eslint]: Found 1 error(s) and 0 warning(s) - (2.29s)[0m (expand for details)
- Using [eslint v10.8.0] https://megalinter.io/10.0.0/descriptors/javascript_eslint
- MegaLinter key: [JAVASCRIPT_ES]
- Rules config: [egolint/.config/lint/javascript/eslint.config.mjs]
- Number of files analyzed: [1]
- CWD: [/github/workspace]
- Command: [eslint --no-ignore --cache --cache-location .cache/eslint/javascript --cache-strategy content -c egolint/.config/lint/javascript/eslint.config.mjs .github/actions/generate-repository-intelligence-dashboard/explorer.js]
[Pre][JAVASCRIPT_ES] run: [mkdir -p ".cache/eslint/javascript"] in cwd [/github/workspace]
[Pre][JAVASCRIPT_ES] result:

--Error detail:

Oops! Something went wrong! :(

ESLint: 10.8.0

Error: Cannot find module 'eslint-plugin-react'
Require stack:
- /github/workspace/egolint/.config/lint/javascript/eslint.config.mjs
    at Module._resolveFilename (node:internal/modules/cjs/loader:1519:15)
    at wrapResolveFilename (node:internal/modules/cjs/loader:1073:27)
    at defaultResolveImplForCJSLoading (node:internal/modules/cjs/loader:1097:10)
    at resolveForCJSWithHooks (node:internal/modules/cjs/loader:1124:12)
    at Module._load (node:internal/modules/cjs/loader:1296:5)
    at wrapModuleLoad (node:internal/modules/cjs/loader:255:19)
    at Module.require (node:internal/modules/cjs/loader:1619:12)
    at require (node:internal/modules/helpers:191:16)
    at file:///github/workspace/egolint/.config/lint/javascript/eslint.config.mjs?mtime=1786811180811:25:21
    at ModuleJob.run (node:internal/modules/esm/module_job:439:25)


[JAVASCRIPT_ES_ERROR_PLUGIN_NOT_FOUND] ESLint could not load a plugin referenced in your config. The plugin is not installed in MegaLinter's bundled `node_modules` (`/node-deps/node_modules`).
Resolutions:
  - Pre-install the missing plugin into MegaLinter's npm root via a pre-command in your .mega-linter.yml:
      JAVASCRIPT_ES_PRE_COMMANDS:
        - command: "npm install eslint-plugin-NAME"
          cwd: "root"
          continue_if_failed: false
  - Or install your project's full dependency tree and run ESLint from the workspace `node_modules`:
      JAVASCRIPT_ES_PRE_COMMANDS:
        - command: yarn install --frozen-lockfile --ignore-scripts
          cwd: workspace
          continue_if_failed: false
      JAVASCRIPT_ES_CLI_EXECUTABLE: node_modules/.bin/eslint
  - Verify the plugin name in your ESLint config matches the published npm package name.
::endgroup::
::group::[32m✅ Linted [JAVASCRIPT] files with [prettier] successfully - (0.5s)[0m (expand for details)
- Using [prettier v3.9.6] https://megalinter.io/10.0.0/descriptors/javascript_prettier
- MegaLinter key: [JAVASCRIPT_PRETTIER]
- Rules config: [egolint/.config/lint/javascript/prettier.config.mjs]
- Number of files analyzed: [1]
- CWD: [/github/workspace]
- Command: [prettier --check --config egolint/.config/lint/javascript/prettier.config.mjs .github/actions/generate-repository-intelligence-dashboard/explorer.js]
::endgroup::
::group::[32m✅ Linted [JSON] files with [jsonlint] successfully - (0.26s)[0m (expand for details)
- Using [jsonlint v17.0.1] https://megalinter.io/10.0.0/descriptors/json_jsonlint
- MegaLinter key: [JSON_JSONLINT]
- Rules config: [egolint/.config/lint/json/jsonlint.json]
- Number of files analyzed: [103]
- CWD: [/github/workspace]
- Command: [jsonlint --quiet --config egolint/.config/lint/json/jsonlint.json .devcontainer/devcontainer.json .github/actions/generate-repository-intelligence-dashboard/repository-intelligence-dashboard.schema.json .github/actions/generate-repository-intelligenc...(truncated)]
::endgroup::
::group::[31m❌ Linted [JSON] files with [prettier]: Found 1 error(s) and 0 warning(s) - (2.78s)[0m (expand for details)
- Using [prettier v3.9.6] https://megalinter.io/10.0.0/descriptors/json_prettier
- MegaLinter key: [JSON_PRETTIER]
- Rules config: [egolint/.config/lint/javascript/prettier.config.mjs]
- Number of files analyzed: [103]
- CWD: [/github/workspace]
- Command: [prettier --check --config egolint/.config/lint/javascript/prettier.config.mjs .devcontainer/devcontainer.json .github/actions/generate-repository-intelligence-dashboard/repository-intelligence-dashboard.schema.json .github/actions/generate-repository...(truncated)]
--Error detail:
Checking formatting...
[[33mwarn[39m] .github/actions/generate-repository-intelligence/repository-analytics.schema.json
[[33mwarn[39m] beacon/contracts/template-manifest.schema.json
[[33mwarn[39m] Code style issues found in 2 files. Run Prettier with --write to fix.

::endgroup::
::group::[32m✅ Linted [JSON] files with [v8r] successfully - (27.48s)[0m (expand for details)
- Using [v8r v6.1.0] https://megalinter.io/10.0.0/descriptors/json_v8r
- MegaLinter key: [JSON_V8R]
- Rules config: [egolint/.config/lint/yaml/.v8rrc.yml]
- Number of files analyzed: [103]
- CWD: [/github/workspace]
- Command: [v8r --ignore-errors .devcontainer/devcontainer.json .github/actions/generate-repository-intelligence-dashboard/repository-intelligence-dashboard.schema.json .github/actions/generate-repository-intelligence/repository-analytics.schema.json .github/act...(truncated)]
::endgroup::
::group::[31m❌ Linted [LATEX] files with [chktex]: Found 5 error(s) and 0 warning(s) - (0.05s)[0m (expand for details)
- Using [chktex v1.7.8] https://megalinter.io/10.0.0/descriptors/latex_chktex
- MegaLinter key: [LATEX_CHKTEX]
- Rules config: [egolint/.config/lint/latex/.chktexrc]
- Number of files analyzed: [1]
- CWD: [/github/workspace]
- Command: [chktex -q -l egolint/.config/lint/latex/.chktexrc beacon/templates/research-paper/template.tex]
[31m[chktex] beacon/templates/research-paper/template.tex - ERROR - 5 error(s) and 0 warning(s)[0m
[31m--Error detail:
chktex: WARNING -- Could not find global resource file.
Warning 45 in beacon/templates/research-paper/template.tex line 16: Use \[ ... \] instead of $$ ... $$.
\documentclass[$if(fontsize)$$fontsize$$else$11pt$endif$,$if(papersize)$$papersize$$else$a4paper$endif$]{article}  
                                      ^^^^^^^^
Warning 45 in beacon/templates/research-paper/template.tex line 16: Use \[ ... \] instead of $$ ... $$.
\documentclass[$if(fontsize)$$fontsize$$else$11pt$endif$,$if(papersize)$$papersize$$else$a4paper$endif$]{article}  
                                                                                  ^^^^^^^^
Warning 45 in beacon/templates/research-paper/template.tex line 25: Use \[ ... \] instead of $$ ... $$.
  $if(geometry)$$geometry$$else$  
                         ^^^^^^^^
Warning 45 in beacon/templates/research-paper/template.tex line 49: Use \[ ... \] instead of $$ ... $$.
\fancyhead[L]{\small\itshape $if(title)$$title$$endif$}  
                                              ^^^^^^^^^
Warning 45 in beacon/templates/research-paper/template.tex line 50: Use \[ ... \] instead of $$ ... $$.
\fancyhead[R]{\small\itshape $if(author)$$author$$endif$}  
                                                ^^^^^^^^^
[0m
::endgroup::
::group::[32m✅ Linted [MARKDOWN] files with [markdownlint] successfully - (4.21s)[0m (expand for details)
- Using [markdownlint v0.49.1] https://megalinter.io/10.0.0/descriptors/markdown_markdownlint
- MegaLinter key: [MARKDOWN_MARKDOWNLINT]
- Rules config: [/github/workspace/.markdownlint.json]
- Number of files analyzed: [232]
- CWD: [/github/workspace]
- Command: [markdownlint --ignore-path egolint/.markdownlintignore -c /github/workspace/.markdownlint.json .audits/egolint/2026-08-11-complementary-toolchain-audit.md .audits/egolint/2026-08-11-integration-audit.md .audits/egolint/2026-08-11-megalinter-v10-polic...(truncated)]
::endgroup::
::group::[33m⚠️ Linted [MARKDOWN] files with [markdown-table-formatter]: Found 1 non blocking error(s) and 0 non blocking warning(s) - (0.87s)[0m (expand for details)
- Using [markdown-table-formatter v1.7.0] https://megalinter.io/10.0.0/descriptors/markdown_markdown_table_formatter
- MegaLinter key: [MARKDOWN_MARKDOWN_TABLE_FORMATTER]
- Rules config: identified by [markdown-table-formatter]
- Number of files analyzed: [232]
- CWD: [/github/workspace]
- Command: [markdown-table-formatter --check .audits/egolint/2026-08-11-complementary-toolchain-audit.md .audits/egolint/2026-08-11-integration-audit.md .audits/egolint/2026-08-11-megalinter-v10-policy-audit.md .audits/egolint/2026-08-11-reporting-and-dependency...(truncated)]
--Error detail:
38 files contain markdown tables to format:
- .audits/egolint/2026-08-11-complementary-toolchain-audit.md
- .audits/egolint/2026-08-11-integration-audit.md
- .audits/egolint/2026-08-11-megalinter-v10-policy-audit.md
- .audits/egolint/2026-08-11-reporting-and-dependency-audit.md
- .garden/dashboard.md
- .garden/projects/repository-intelligence-dashboard.md
- .github/actions/README.md
- .github/actions/generate-repository-intelligence/README.md
- .github/actions/normalize-repository-report/README.md
- .github/security/dependabot-dismissals.md
- AI_CONSTITUTION.md
- ARCHITECTURE.md
- DECISIONS.md
- DESIGN_SYSTEM.md
- EPISTEMOLOGY.md
- META.md
- ONTOLOGY.md
- ROADMAP.md
- SYSTEM.md
- egolint/.agents/agents/AGENT-CONTRACT.md
- egolint/.agents/skills/SKILL-CONTRACT.md
- egolint/.agents/specs/SCHEMA.md
- egolint/.agents/specs/architecture/document.spec.md
- egolint/.agents/specs/architecture/domain/README.md
- egolint/.agents/specs/architecture/experience/README.md
- egolint/.agents/specs/architecture/governance/README.md
- egolint/.agents/specs/architecture/identity/README.md
- egolint/.agents/specs/architecture/meta/README.md
- egolint/.agents/specs/architecture/meta/ai-constitution.spec.md
- egolint/.agents/specs/architecture/meta/epistemology.spec.md
- egolint/.agents/specs/architecture/meta/meta.spec.md
- mantle/ARCHITECTURE.md
- mantle/CONTRIBUTING.md
- mantle/INSTALLER_ASSURANCE.md
- mantle/README.md
- mantle/audits/mantle-holistic-polish-20260806T124442Z.md
- mantle/platforms/README.md
- mantle/tests/README.md

::endgroup::
::group::[32m✅ Linted [POWERSHELL] files with [powershell] successfully - (1.56s)[0m (expand for details)
- Using [powershell v7.6.4] https://megalinter.io/10.0.0/descriptors/powershell_powershell
- MegaLinter key: [POWERSHELL_POWERSHELL]
- Rules config: [egolint/.config/lint/powershell/powershell-psscriptanalyzer.psd1]
- Number of files analyzed: [1]
- CWD: [/github/workspace]
- Command: [pwsh -NoProfile -NoLogo -Command $PSStyle.OutputRendering = 'Ansi'; Invoke-ScriptAnalyzer -EnableExit -Settings egolint/.config/lint/powershell/powershell-psscriptanalyzer.psd1 -Path 'egolint/.config/lint/arm/arm-ttk.psd1' | Format-Table -AutoSize -W...(truncated)]
::endgroup::
::group::[32m✅ Linted [POWERSHELL] files with [powershell_formatter] successfully - (1.17s)[0m (expand for details)
- Using [powershell_formatter v7.6.4] https://megalinter.io/10.0.0/descriptors/powershell_powershell_formatter
- MegaLinter key: [POWERSHELL_POWERSHELL_FORMATTER]
- Rules config: [egolint/.config/lint/powershell/powershell-formatter.psd1]
- Number of files analyzed: [1]
- CWD: [/github/workspace]
- Command: [pwsh -NoProfile -NoLogo -Command Invoke-Formatter -Settings egolint/.config/lint/powershell/powershell-formatter.psd1 -ScriptDefinition (Get-Content -Path 'egolint/.config/lint/arm/arm-ttk.psd1' -Raw)]
::endgroup::
::group::[31m❌ Linted [PYTHON] files with [bandit]: Found 11 error(s) and 0 warning(s) - (2.41s)[0m (expand for details)
- Using [bandit v1.9.4] https://megalinter.io/10.0.0/descriptors/python_bandit
- MegaLinter key: [PYTHON_BANDIT]
- Rules config: [egolint/.config/lint/python/.bandit.yml]
- Number of files analyzed: [45]
- CWD: [/github/workspace]
- Command: [bandit --quiet -c egolint/.config/lint/python/.bandit.yml .github/actions/generate-lint-infographic/generate_lint_infographic.py .github/actions/generate-repository-intelligence-dashboard/generate_repository_intelligence_dashboard.py .github/actions/...(truncated)]
--Error detail:
[tester]	WARNING	nosec encountered (B108), but no failed test on file ./egolint/scripts/validate_megalinter_policy.py:269
[tester]	WARNING	nosec encountered (B108), but no failed test on file ./egolint/scripts/validate_megalinter_policy.py:270
[tester]	WARNING	nosec encountered (B108), but no failed test on file ./egolint/tests/test_megalinter_policy.py:123
[tester]	WARNING	nosec encountered (B108), but no failed test on file ./egolint/tests/test_megalinter_policy.py:124
Run started:2026-08-15 16:27:43.278699+00:00

Test results:
>> Issue: [B404:blacklist] Consider possible security implications associated with the subprocess module.
   Severity: Low   Confidence: High
   CWE: CWE-78 (https://cwe.mitre.org/data/definitions/78.html)
   More Info: https://bandit.readthedocs.io/en/1.9.4/blacklists/blacklist_imports.html#b404-import-subprocess
   Location: ./tests/test_repository_analytics.py:11:0
10	from pathlib import Path
11	import subprocess
12	import tempfile

--------------------------------------------------
>> Issue: [B607:start_process_with_partial_path] Starting a process with a partial executable path
   Severity: Low   Confidence: High
   CWE: CWE-78 (https://cwe.mitre.org/data/definitions/78.html)
   More Info: https://bandit.readthedocs.io/en/1.9.4/plugins/b607_start_process_with_partial_path.html
   Location: ./tests/test_repository_analytics.py:30:11
29	        environment["GIT_COMMITTER_DATE"] = date
30	    return subprocess.run(
31	        ["git", "-C", str(repository_root), *arguments],
32	        check=True,
33	        capture_output=True,
34	        text=True,
35	        env=environment,
36	    ).stdout.strip()
37	

--------------------------------------------------
>> Issue: [B603:subprocess_without_shell_equals_true] subprocess call - check for execution of untrusted input.
   Severity: Low   Confidence: High
   CWE: CWE-78 (https://cwe.mitre.org/data/definitions/78.html)
   More Info: https://bandit.readthedocs.io/en/1.9.4/plugins/b603_subprocess_without_shell_equals_true.html
   Location: ./tests/test_repository_analytics.py:30:11
29	        environment["GIT_COMMITTER_DATE"] = date
30	    return subprocess.run(
31	        ["git", "-C", str(repository_root), *arguments],
32	        check=True,
33	        capture_output=True,
34	        text=True,
35	        env=environment,
36	    ).stdout.strip()
37	

--------------------------------------------------
>> Issue: [B607:start_process_with_partial_path] Starting a process with a partial executable path
   Severity: Low   Confidence: High
   CWE: CWE-78 (https://cwe.mitre.org/data/definitions/78.html)
   More Info: https://bandit.readthedocs.io/en/1.9.4/plugins/b607_start_process_with_partial_path.html
   Location: ./tests/test_repository_analytics.py:141:12
140	
141	            subprocess.run(
142	                [
143	                    "bash",
144	                    str(ACTION_ROOT / "repo-activity"),
145	                    "--repo",
146	                    str(repository_root),
147	                    "--output",
148	                    ".cache/activity",
149	                    "--since",
150	                    "2 years ago",
151	                    "--ref",
152	                    "HEAD",
153	                    "--color",
154	                    "never",
155	                    "--quiet",
156	                ],
157	                check=True,
158	                capture_output=True,
159	                text=True,
160	            )
161	            summary = (repository_root / ".cache/activity/summary.md").read_text(encoding="utf-8")

--------------------------------------------------
>> Issue: [B603:subprocess_without_shell_equals_true] subprocess call - check for execution of untrusted input.
   Severity: Low   Confidence: High
   CWE: CWE-78 (https://cwe.mitre.org/data/definitions/78.html)
   More Info: https://bandit.readthedocs.io/en/1.9.4/plugins/b603_subprocess_without_shell_equals_true.html
   Location: ./tests/test_repository_analytics.py:141:12
140	
141	            subprocess.run(
142	                [
143	                    "bash",
144	                    str(ACTION_ROOT / "repo-activity"),
145	                    "--repo",
146	                    str(repository_root),
147	                    "--output",
148	                    ".cache/activity",
149	                    "--since",
150	                    "2 years ago",
151	                    "--ref",
152	                    "HEAD",
153	                    "--color",
154	                    "never",
155	                    "--quiet",
156	                ],
157	                check=True,
158	                capture_output=True,
159	                text=True,
160	            )
161	            summary = (repository_root / ".cache/activity/summary.md").read_text(encoding="utf-8")

--------------------------------------------------
>> Issue: [B404:blacklist] Consider possible security implications associated with the subprocess module.
   Severity: Low   Confidence: High
   CWE: CWE-78 (https://cwe.mitre.org/data/definitions/78.html)
   More Info: https://bandit.readthedocs.io/en/1.9.4/blacklists/blacklist_imports.html#b404-import-subprocess
   Location: ./tests/test_repository_intelligence.py:9:0
8	from pathlib import Path
9	import subprocess
10	import tempfile

--------------------------------------------------
>> Issue: [B607:start_process_with_partial_path] Starting a process with a partial executable path
   Severity: Low   Confidence: High
   CWE: CWE-78 (https://cwe.mitre.org/data/definitions/78.html)
   More Info: https://bandit.readthedocs.io/en/1.9.4/plugins/b607_start_process_with_partial_path.html
   Location: ./tests/test_repository_intelligence.py:28:11
27	def git(repository_root: Path, *arguments: str) -> str:
28	    return subprocess.run(
29	        ["git", "-C", str(repository_root), *arguments],
30	        check=True,
31	        capture_output=True,
32	        text=True,
33	    ).stdout.strip()
34	

--------------------------------------------------
>> Issue: [B603:subprocess_without_shell_equals_true] subprocess call - check for execution of untrusted input.
   Severity: Low   Confidence: High
   CWE: CWE-78 (https://cwe.mitre.org/data/definitions/78.html)
   More Info: https://bandit.readthedocs.io/en/1.9.4/plugins/b603_subprocess_without_shell_equals_true.html
   Location: ./tests/test_repository_intelligence.py:28:11
27	def git(repository_root: Path, *arguments: str) -> str:
28	    return subprocess.run(
29	        ["git", "-C", str(repository_root), *arguments],
30	        check=True,
31	        capture_output=True,
32	        text=True,
33	    ).stdout.strip()
34	

--------------------------------------------------
>> Issue: [B404:blacklist] Consider possible security implications associated with the subprocess module.
   Severity: Low   Confidence: High
   CWE: CWE-78 (https://cwe.mitre.org/data/definitions/78.html)
   More Info: https://bandit.readthedocs.io/en/1.9.4/blacklists/blacklist_imports.html#b404-import-subprocess
   Location: ./tests/test_repository_intelligence_dashboard.py:14:0
13	import shutil
14	import subprocess
15	import tempfile

--------------------------------------------------
>> Issue: [B607:start_process_with_partial_path] Starting a process with a partial executable path
   Severity: Low   Confidence: High
   CWE: CWE-78 (https://cwe.mitre.org/data/definitions/78.html)
   More Info: https://bandit.readthedocs.io/en/1.9.4/plugins/b607_start_process_with_partial_path.html
   Location: ./tests/test_repository_intelligence_dashboard.py:37:13
36	
37	    result = subprocess.run(
38	        ["git", "-C", str(repository), *arguments],
39	        check=True,
40	        capture_output=True,
41	        text=True,
42	        env=environment,
43	    )
44	    return result.stdout.strip()

--------------------------------------------------
>> Issue: [B603:subprocess_without_shell_equals_true] subprocess call - check for execution of untrusted input.
   Severity: Low   Confidence: High
   CWE: CWE-78 (https://cwe.mitre.org/data/definitions/78.html)
   More Info: https://bandit.readthedocs.io/en/1.9.4/plugins/b603_subprocess_without_shell_equals_true.html
   Location: ./tests/test_repository_intelligence_dashboard.py:37:13
36	
37	    result = subprocess.run(
38	        ["git", "-C", str(repository), *arguments],
39	        check=True,
40	        capture_output=True,
41	        text=True,
42	        env=environment,
43	    )
44	    return result.stdout.strip()

--------------------------------------------------

Code scanned:
	Total lines of code: 6740
	Total lines skipped (#nosec): 1
	Total potential issues skipped due to specifically being disabled (e.g., #nosec BXXX): 22

Run metrics:
	Total issues (by severity):
		Undefined: 0
		Low: 11
		Medium: 0
		High: 0
	Total issues (by confidence):
		Undefined: 0
		Low: 0
		Medium: 0
		High: 11
Files skipped (0):

::endgroup::
::group::[31m❌ Linted [PYTHON] files with [mypy]: Found 22 error(s) and 0 warning(s) - (13.91s)[0m (expand for details)
- Using [mypy v1.19.1] https://megalinter.io/10.0.0/descriptors/python_mypy
- MegaLinter key: [PYTHON_MYPY]
- Rules config: [egolint/.config/lint/python/.mypy.ini]
- CWD: [/github/workspace]
- Command: [mypy --install-types --non-interactive --config-file egolint/.config/lint/python/.mypy.ini --exclude /.cache/ --exclude /.git/ --exclude /.reports/ --exclude /.reports/megalinter/ .]
[Pre][PYTHON_MYPY] run: [mkdir -p ".cache/mypy"] in cwd [/github/workspace]
[Pre][PYTHON_MYPY] result:

[Excluded directories] Forwarded EXCLUDED_DIRECTORIES to mypy through --exclude (disable with PYTHON_MYPY_FORWARD_EXCLUDED_DIRECTORIES: false)
--Error detail:
[33mWARNING: The directory '/github/home/.cache/pip' or its parent directory is not owned or is not writable by the current user. The cache has been disabled. Check the permissions and owner of that directory. If executing pip with sudo, you should use sudo's -H flag.[0m[33m
[0mCollecting types-PyYAML
  Downloading types_pyyaml-6.0.12.20260815-py3-none-any.whl.metadata (1.8 kB)
Downloading types_pyyaml-6.0.12.20260815-py3-none-any.whl (21 kB)
Installing collected packages: types-PyYAML
Successfully installed types-PyYAML-6.0.12.20260815
tests/test_repository_intelligence_dashboard.py: note: In member "build" of class "RepositoryIntelligenceDashboardTests":
tests/test_repository_intelligence_dashboard.py:94:9: error: Returning Any from
function declared to return "dict[str, object]"  [no-any-return]
            return dashboard_builder.build_dashboard(
            ^~~~~~~~~~~~~~~~~~~~~~~~~~~~~~~~~~~~~~~~~
tests/test_repository_intelligence_dashboard.py: note: In member "test_complete_reports_preserve_independent_states" of class "RepositoryIntelligenceDashboardTests":
tests/test_repository_intelligence_dashboard.py:252:26: error: Value of type
"object" is not indexable  [index]
            self.assertEqual(dashboard["states"]["execution"]["success"], ...
                             ^~~~~~~~~~~~~~~~~~~~~~~~~~~~~~~~
tests/test_repository_intelligence_dashboard.py:253:26: error: Value of type
"object" is not indexable  [index]
            self.assertEqual(dashboard["states"]["execution"]["failure"], ...
                             ^~~~~~~~~~~~~~~~~~~~~~~~~~~~~~~~
tests/test_repository_intelligence_dashboard.py:254:26: error: Value of type
"object" is not indexable  [index]
            self.assertEqual(dashboard["states"]["findings"]["attention"],...
                             ^~~~~~~~~~~~~~~~~~~~~~~~~~~~~~~
tests/test_repository_intelligence_dashboard.py:255:26: error: Value of type
"object" is not indexable  [index]
            self.assertEqual(dashboard["states"]["findings"]["clear"], 1)
                             ^~~~~~~~~~~~~~~~~~~~~~~~~~~~~~~
tests/test_repository_intelligence_dashboard.py:256:26: error: Value of type
"object" is not indexable  [index]
            self.assertEqual(dashboard["states"]["freshness"]["fresh"], 2)
                             ^~~~~~~~~~~~~~~~~~~~~~~~~~~~~~~~
tests/test_repository_intelligence_dashboard.py:257:26: error: Value of type
"object" is not indexable  [index]
            self.assertEqual(dashboard["states"]["freshness"]["stale"], 1)
                             ^~~~~~~~~~~~~~~~~~~~~~~~~~~~~~~~
tests/test_repository_intelligence_dashboard.py:258:26: error: Value of type
"object" is not indexable  [index]
            self.assertEqual(dashboard["producers"]["scorecard"]["metrics"...
                             ^~~~~~~~~~~~~~~~~~~~~~~~~~~~~~~~~~~
tests/test_repository_intelligence_dashboard.py: note: In member "test_missing_reports_are_unavailable_and_unknown" of class "RepositoryIntelligenceDashboardTests":
tests/test_repository_intelligence_dashboard.py:263:26: error: Value of type
"object" is not indexable  [index]
            self.assertEqual(dashboard["states"]["availability"]["unavaila...
                             ^~~~~~~~~~~~~~~~~~~~~~~~~~~~~~~~~~~
tests/test_repository_intelligence_dashboard.py:264:26: error: Value of type
"object" is not indexable  [index]
            self.assertEqual(dashboard["states"]["execution"]["unknown"], ...
                             ^~~~~~~~~~~~~~~~~~~~~~~~~~~~~~~~
tests/test_repository_intelligence_dashboard.py:265:26: error: Value of type
"object" is not indexable  [index]
            self.assertEqual(dashboard["states"]["findings"]["unknown"], 3...
                             ^~~~~~~~~~~~~~~~~~~~~~~~~~~~~~~
tests/test_repository_intelligence_dashboard.py:266:26: error: Value of type
"object" is not indexable  [index]
            self.assertEqual(dashboard["states"]["freshness"]["unknown"], ...
                             ^~~~~~~~~~~~~~~~~~~~~~~~~~~~~~~~
tests/test_repository_intelligence_dashboard.py: note: In member "test_public_analytics_renders_accessible_statistical_snapshots" of class "RepositoryIntelligenceDashboardTests":
tests/test_repository_intelligence_dashboard.py:275:26: error: Value of type
"object" is not indexable  [index]
            self.assertEqual(dashboard["analytics"]["availability"], "avai...
                             ^~~~~~~~~~~~~~~~~~~~~~~~~~~~~~~~~~~~~~
tests/test_repository_intelligence_dashboard.py: note: In member "test_repository_tree_renders_searchable_source_pinned_anatomy" of class "RepositoryIntelligenceDashboardTests":
tests/test_repository_intelligence_dashboard.py:292:26: error: Value of type
"object" is not indexable  [index]
            self.assertEqual(dashboard["anatomy"]["availability"], "availa...
                             ^~~~~~~~~~~~~~~~~~~~~~~~~~~~~~~~~~~~
tests/test_repository_intelligence_dashboard.py:293:26: error: Value of type
"object" is not indexable  [index]
            self.assertEqual(dashboard["anatomy"]["summary"]["node_count"]...
                             ^~~~~~~~~~~~~~~~~~~~~~~~~~~~~~~
tests/test_repository_intelligence_dashboard.py: note: In member "test_repository_tree_for_another_commit_is_invalid_not_rendered" of class "RepositoryIntelligenceDashboardTests":
tests/test_repository_intelligence_dashboard.py:313:26: error: Value of type
"object" is not indexable  [index]
            self.assertEqual(dashboard["anatomy"]["availability"], "invali...
                             ^~~~~~~~~~~~~~~~~~~~~~~~~~~~~~~~~~~~
tests/test_repository_intelligence_dashboard.py: note: In member "test_repository_tree_names_are_escaped_and_source_paths_are_encoded" of class "RepositoryIntelligenceDashboardTests":
tests/test_repository_intelligence_dashboard.py:328:26: error: Value of type
"object" is not indexable  [index]
            self.assertEqual(dashboard["anatomy"]["availability"], "availa...
                             ^~~~~~~~~~~~~~~~~~~~~~~~~~~~~~~~~~~~
tests/test_repository_intelligence_dashboard.py: note: In member "test_analytics_for_another_commit_is_invalid_not_rendered" of class "RepositoryIntelligenceDashboardTests":
tests/test_repository_intelligence_dashboard.py:342:26: error: Value of type
"object" is not indexable  [index]
            self.assertEqual(dashboard["analytics"]["availability"], "inva...
                             ^~~~~~~~~~~~~~~~~~~~~~~~~~~~~~~~~~~~~~
tests/test_repository_intelligence_dashboard.py: note: In member "test_malformed_report_is_invalid_instead_of_green" of class "RepositoryIntelligenceDashboardTests":
tests/test_repository_intelligence_dashboard.py:354:21: error: Value of type
"object" is not indexable  [index]
            scorecard = dashboard["producers"]["scorecard"]
                        ^~~~~~~~~~~~~~~~~~~~~~~~~~~~~~~~~~~
tests/test_repository_intelligence_dashboard.py: note: In member "test_stale_boundary_is_inclusive" of class "RepositoryIntelligenceDashboardTests":
tests/test_repository_intelligence_dashboard.py:369:26: error: Value of type
"object" is not indexable  [index]
            self.assertEqual(dashboard["producers"]["osv"]["freshness"]["s...
                             ^~~~~~~~~~~~~~~~~~~~~~~~~~~~~
tests/test_repository_intelligence_dashboard.py: note: In member "test_bundle_is_deterministic_and_contains_no_contributor_identities" of class "RepositoryIntelligenceDashboardTests":
tests/test_repository_intelligence_dashboard.py:414:26: error: Value of type
"object" is not indexable  [index]
            self.assertEqual(first["vitality"]["metrics"]["contributors_90...
                             ^~~~~~~~~~~~~~~~~~~~~~~~~~~~
tests/test_repository_intelligence_dashboard.py: note: In member "test_vitality_uses_the_represented_commit_not_untracked_files" of class "RepositoryIntelligenceDashboardTests":
tests/test_repository_intelligence_dashboard.py:427:19: error: Value of type
"object" is not indexable  [index]
            metrics = dashboard["vitality"]["metrics"]
                      ^~~~~~~~~~~~~~~~~~~~~~~~~~~~~~~~
Installing missing stub packages:
/venvs/mypy/bin/python3 -m pip install types-PyYAML


Found 22 errors in 1 file (checked 37 source files)

::endgroup::
::group::[33m⚠️ Linted [PYTHON] files with [pylint]: Found 36 non blocking error(s) and 0 non blocking warning(s) - (15.47s)[0m (expand for details)
- Using [pylint v4.0.6] https://megalinter.io/10.0.0/descriptors/python_pylint
- MegaLinter key: [PYTHON_PYLINT]
- Rules config: [egolint/.config/lint/python/.pylintrc]
- Number of files analyzed: [45]
- CWD: [/github/workspace]
- Command: [pylint --rcfile egolint/.config/lint/python/.pylintrc .github/actions/generate-lint-infographic/generate_lint_infographic.py .github/actions/generate-repository-intelligence-dashboard/generate_repository_intelligence_dashboard.py .github/actions/gene...(truncated)]
--Error detail:
************* Module generate_lint_infographic
.github/actions/generate-lint-infographic/generate_lint_infographic.py:150:0: R0913: Too many arguments (8/7) (too-many-arguments)
.github/actions/generate-lint-infographic/generate_lint_infographic.py:171:0: R0917: Too many positional arguments (6/5) (too-many-positional-arguments)
************* Module generate_repository_intelligence_dashboard
.github/actions/generate-repository-intelligence-dashboard/generate_repository_intelligence_dashboard.py:1:0: C0302: Too many lines in module (1929/1000) (too-many-lines)
.github/actions/generate-repository-intelligence-dashboard/generate_repository_intelligence_dashboard.py:252:0: R0914: Too many local variables (34/20) (too-many-locals)
.github/actions/generate-repository-intelligence-dashboard/generate_repository_intelligence_dashboard.py:252:0: R0912: Too many branches (17/12) (too-many-branches)
.github/actions/generate-repository-intelligence-dashboard/generate_repository_intelligence_dashboard.py:252:0: R0915: Too many statements (64/60) (too-many-statements)
.github/actions/generate-repository-intelligence-dashboard/generate_repository_intelligence_dashboard.py:439:0: R0914: Too many local variables (25/20) (too-many-locals)
.github/actions/generate-repository-intelligence-dashboard/generate_repository_intelligence_dashboard.py:439:0: R0912: Too many branches (13/12) (too-many-branches)
.github/actions/generate-repository-intelligence-dashboard/generate_repository_intelligence_dashboard.py:640:0: R0914: Too many local variables (25/20) (too-many-locals)
.github/actions/generate-repository-intelligence-dashboard/generate_repository_intelligence_dashboard.py:640:0: R0912: Too many branches (19/12) (too-many-branches)
.github/actions/generate-repository-intelligence-dashboard/generate_repository_intelligence_dashboard.py:937:0: R0913: Too many arguments (8/7) (too-many-arguments)
.github/actions/generate-repository-intelligence-dashboard/generate_repository_intelligence_dashboard.py:1160:0: R0914: Too many local variables (26/20) (too-many-locals)
************* Module normalize_repository_report
.github/actions/normalize-repository-report/normalize_repository_report.py:139:0: R0913: Too many arguments (11/7) (too-many-arguments)
.github/actions/normalize-repository-report/normalize_repository_report.py:232:0: R0914: Too many local variables (22/20) (too-many-locals)
.github/actions/normalize-repository-report/normalize_repository_report.py:310:0: R0911: Too many return statements (7/6) (too-many-return-statements)
************* Module validate_templates
beacon/scripts/validate_templates.py:27:0: R0914: Too many local variables (24/20) (too-many-locals)
beacon/scripts/validate_templates.py:27:0: R0912: Too many branches (26/12) (too-many-branches)
************* Module validate-agents
egolint/.agents/agents/validate-agents.py:84:0: R0912: Too many branches (26/12) (too-many-branches)
************* Module build-distributions
egolint/.agents/skills/build-distributions.py:209:15: W0718: Catching too general exception Exception (broad-exception-caught)
************* Module build-release-artifacts
egolint/.agents/skills/build-release-artifacts.py:20:0: E0401: Unable to import 'jsonschema' (import-error)
************* Module validate-skills
egolint/.agents/skills/validate-skills.py:37:0: R0912: Too many branches (15/12) (too-many-branches)
************* Module validate-specs
egolint/.agents/specs/validate-specs.py:33:0: E0401: Unable to import 'yaml' (import-error)
egolint/.agents/specs/validate-specs.py:115:0: R0914: Too many local variables (27/20) (too-many-locals)
egolint/.agents/specs/validate-specs.py:115:0: R0912: Too many branches (33/12) (too-many-branches)
egolint/.agents/specs/validate-specs.py:115:0: R0915: Too many statements (72/60) (too-many-statements)
************* Module complementary_tools
egolint/scripts/complementary_tools.py:138:0: R0911: Too many return statements (7/6) (too-many-return-statements)
egolint/scripts/complementary_tools.py:202:0: R0912: Too many branches (14/12) (too-many-branches)
egolint/scripts/complementary_tools.py:531:0: R0911: Too many return statements (7/6) (too-many-return-statements)
************* Module validate_megalinter_policy
egolint/scripts/validate_megalinter_policy.py:18:0: E0401: Unable to import 'yaml' (import-error)
egolint/scripts/validate_megalinter_policy.py:301:0: R0912: Too many branches (15/12) (too-many-branches)
egolint/scripts/validate_megalinter_policy.py:359:0: R0914: Too many local variables (22/20) (too-many-locals)
egolint/scripts/validate_megalinter_policy.py:359:0: R0912: Too many branches (23/12) (too-many-branches)
egolint/scripts/validate_megalinter_policy.py:452:0: R0914: Too many local variables (31/20) (too-many-locals)
************* Module scripts.garden_agent
mindgarden/scripts/garden_agent.py:938:4: R1705: Unnecessary "else" after "return", remove the "else" and de-indent the code inside it (no-else-return)
************* Module scripts.publish_garden
mindgarden/scripts/publish_garden.py:123:0: R0912: Too many branches (13/12) (too-many-branches)
************* Module test_repository_intelligence_dashboard
tests/test_repository_intelligence_dashboard.py:80:35: R1732: Consider using 'with' for resource-allocating operations (consider-using-with)

-----------------------------------
Your code has been rated at 9.92/10


::endgroup::
::group::[33m⚠️ Linted [PYTHON] files with [pyright]: Found 815 non blocking error(s) and 0 non blocking warning(s) - (11.76s)[0m (expand for details)
- Using [pyright v1.1.411] https://megalinter.io/10.0.0/descriptors/python_pyright
- MegaLinter key: [PYTHON_PYRIGHT]
- Rules config: [egolint/.config/lint/python/pyrightconfig.json]
- CWD: [/github/workspace]
- Command: [pyright -p egolint/.config/lint/python/pyrightconfig.json .]
--Error detail:
/github/workspace/.github/actions/generate-lint-infographic/generate_lint_infographic.py
  /github/workspace/.github/actions/generate-lint-infographic/generate_lint_infographic.py:64:12 - error: Return type, "dict[Unknown, Unknown]", is partially unknown (reportUnknownVariableType)
  /github/workspace/.github/actions/generate-lint-infographic/generate_lint_infographic.py:73:43 - error: Type of "tool" is unknown (reportUnknownVariableType)
  /github/workspace/.github/actions/generate-lint-infographic/generate_lint_infographic.py:75:12 - error: Return type, "list[Unknown]", is partially unknown (reportUnknownVariableType)
/github/workspace/.github/actions/generate-repository-intelligence-dashboard/generate_repository_intelligence_dashboard.py
  /github/workspace/.github/actions/generate-repository-intelligence-dashboard/generate_repository_intelligence_dashboard.py:120:9 - error: Type of "candidate" is unknown (reportUnknownVariableType)
  /github/workspace/.github/actions/generate-repository-intelligence-dashboard/generate_repository_intelligence_dashboard.py:123:30 - error: Type of "get" is partially unknown
    Type of "get" is "Overload[(key: Unknown, default: None = None, /) -> (Unknown | None), (key: Unknown, default: Unknown, /) -> Unknown, (key: Unknown, default: _T@get, /) -> (Unknown | _T@get)]" (reportUnknownMemberType)
  /github/workspace/.github/actions/generate-repository-intelligence-dashboard/generate_repository_intelligence_dashboard.py:124:30 - error: Type of "get" is partially unknown
    Type of "get" is "Overload[(key: Unknown, default: None = None, /) -> (Unknown | None), (key: Unknown, default: Unknown, /) -> Unknown, (key: Unknown, default: _T@get, /) -> (Unknown | _T@get)]" (reportUnknownMemberType)
  /github/workspace/.github/actions/generate-repository-intelligence-dashboard/generate_repository_intelligence_dashboard.py:126:13 - error: Type of "append" is partially unknown
    Type of "append" is "(object: Unknown, /) -> None" (reportUnknownMemberType)
  /github/workspace/.github/actions/generate-repository-intelligence-dashboard/generate_repository_intelligence_dashboard.py:127:12 - error: Return type, "list[Unknown]", is partially unknown (reportUnknownVariableType)
  /github/workspace/.github/actions/generate-repository-intelligence-dashboard/generate_repository_intelligence_dashboard.py:193:12 - error: Return type, "dict[Unknown, Unknown]", is partially unknown (reportUnknownVariableType)
  /github/workspace/.github/actions/generate-repository-intelligence-dashboard/generate_repository_intelligence_dashboard.py:202:9 - error: Type of "severity" is partially unknown
    Type of "severity" is "Unknown | dict[Unknown, Unknown]" (reportUnknownVariableType)
  /github/workspace/.github/actions/generate-repository-intelligence-dashboard/generate_repository_intelligence_dashboard.py:202:20 - error: Type of "get" is partially unknown
    Type of "get" is "Overload[(key: Unknown, default: None = None, /) -> (Unknown | None), (key: Unknown, default: Unknown, /) -> Unknown, (key: Unknown, default: _T@get, /) -> (Unknown | _T@get)]" (reportUnknownMemberType)
  /github/workspace/.github/actions/generate-repository-intelligence-dashboard/generate_repository_intelligence_dashboard.py:204:47 - error: Type of "get" is partially unknown
    Type of "get" is "Overload[(key: Unknown, default: None = None, /) -> (Unknown | None), (key: Unknown, default: Unknown, /) -> Unknown, (key: Unknown, default: _T@get, /) -> (Unknown | _T@get)]" (reportUnknownMemberType)
  /github/workspace/.github/actions/generate-repository-intelligence-dashboard/generate_repository_intelligence_dashboard.py:207:49 - error: Type of "get" is partially unknown
    Type of "get" is "Overload[(key: Unknown, default: None = None, /) -> (Unknown | None), (key: Unknown, default: Unknown, /) -> Unknown, (key: Unknown, default: _T@get, /) -> (Unknown | _T@get)]" (reportUnknownMemberType)
  /github/workspace/.github/actions/generate-repository-intelligence-dashboard/generate_repository_intelligence_dashboard.py:210:42 - error: Type of "get" is partially unknown
    Type of "get" is "Overload[(key: Unknown, default: None = None, /) -> (Unknown | None), (key: Unknown, default: Unknown, /) -> Unknown, (key: Unknown, default: _T@get, /) -> (Unknown | _T@get)]" (reportUnknownMemberType)
  /github/workspace/.github/actions/generate-repository-intelligence-dashboard/generate_repository_intelligence_dashboard.py:215:21 - error: Argument type is unknown
    Argument corresponds to parameter "object" in function "__new__" (reportUnknownArgumentType)
  /github/workspace/.github/actions/generate-repository-intelligence-dashboard/generate_repository_intelligence_dashboard.py:216:21 - error: Type of "key" is unknown (reportUnknownVariableType)
  /github/workspace/.github/actions/generate-repository-intelligence-dashboard/generate_repository_intelligence_dashboard.py:216:26 - error: Type of "value" is unknown (reportUnknownVariableType)
  /github/workspace/.github/actions/generate-repository-intelligence-dashboard/generate_repository_intelligence_dashboard.py:216:42 - error: Argument type is partially unknown
    Argument corresponds to parameter "iterable" in function "sorted"
    Argument type is "dict_items[Unknown, Unknown]" (reportUnknownArgumentType)
  /github/workspace/.github/actions/generate-repository-intelligence-dashboard/generate_repository_intelligence_dashboard.py:228:21 - error: Argument type is unknown
    Argument corresponds to parameter "object" in function "__new__" (reportUnknownArgumentType)
  /github/workspace/.github/actions/generate-repository-intelligence-dashboard/generate_repository_intelligence_dashboard.py:229:21 - error: Type of "key" is unknown (reportUnknownVariableType)
  /github/workspace/.github/actions/generate-repository-intelligence-dashboard/generate_repository_intelligence_dashboard.py:229:26 - error: Type of "value" is unknown (reportUnknownVariableType)
  /github/workspace/.github/actions/generate-repository-intelligence-dashboard/generate_repository_intelligence_dashboard.py:229:42 - error: Argument type is partially unknown
    Argument corresponds to parameter "iterable" in function "sorted"
    Argument type is "dict_items[Unknown, Unknown]" (reportUnknownArgumentType)
  /github/workspace/.github/actions/generate-repository-intelligence-dashboard/generate_repository_intelligence_dashboard.py:235:21 - error: Argument type is unknown
    Argument corresponds to parameter "object" in function "__new__" (reportUnknownArgumentType)
  /github/workspace/.github/actions/generate-repository-intelligence-dashboard/generate_repository_intelligence_dashboard.py:236:21 - error: Type of "key" is unknown (reportUnknownVariableType)
  /github/workspace/.github/actions/generate-repository-intelligence-dashboard/generate_repository_intelligence_dashboard.py:236:26 - error: Type of "value" is unknown (reportUnknownVariableType)
  /github/workspace/.github/actions/generate-repository-intelligence-dashboard/generate_repository_intelligence_dashboard.py:236:42 - error: Argument type is partially unknown
    Argument corresponds to parameter "iterable" in function "sorted"
    Argument type is "dict_items[Unknown, Unknown]" (reportUnknownArgumentType)
  /github/workspace/.github/actions/generate-repository-intelligence-dashboard/generate_repository_intelligence_dashboard.py:291:13 - error: Argument type is unknown
    Argument corresponds to parameter "object" in function "__new__" (reportUnknownArgumentType)
  /github/workspace/.github/actions/generate-repository-intelligence-dashboard/generate_repository_intelligence_dashboard.py:291:43 - error: Type of "key" is unknown (reportUnknownVariableType)
  /github/workspace/.github/actions/generate-repository-intelligence-dashboard/generate_repository_intelligence_dashboard.py:291:48 - error: Type of "value" is unknown (reportUnknownVariableType)
  /github/workspace/.github/actions/generate-repository-intelligence-dashboard/generate_repository_intelligence_dashboard.py:291:64 - error: Argument type is partially unknown
    Argument corresponds to parameter "iterable" in function "sorted"
    Argument type is "dict_items[Unknown, Unknown]" (reportUnknownArgumentType)
  /github/workspace/.github/actions/generate-repository-intelligence-dashboard/generate_repository_intelligence_dashboard.py:381:32 - error: Argument type is partially unknown
    Argument corresponds to parameter "document" in function "validate_report"
    Argument type is "dict[Unknown, Unknown]" (reportUnknownArgumentType)
  /github/workspace/.github/actions/generate-repository-intelligence-dashboard/generate_repository_intelligence_dashboard.py:421:16 - error: Type of "candidate" is unknown (reportUnknownVariableType)
  /github/workspace/.github/actions/generate-repository-intelligence-dashboard/generate_repository_intelligence_dashboard.py:421:39 - error: Argument type is partially unknown
    Argument corresponds to parameter "iterable" in function "__new__"
    Argument type is "list[Unknown]" (reportUnknownArgumentType)
  /github/workspace/.github/actions/generate-repository-intelligence-dashboard/generate_repository_intelligence_dashboard.py:424:9 - error: Type of "identity" is partially unknown
    Type of "identity" is "Unknown | None" (reportUnknownVariableType)
  /github/workspace/.github/actions/generate-repository-intelligence-dashboard/generate_repository_intelligence_dashboard.py:424:20 - error: Type of "get" is partially unknown
    Type of "get" is "Overload[(key: Unknown, default: None = None, /) -> (Unknown | None), (key: Unknown, default: Unknown, /) -> Unknown, (key: Unknown, default: _T@get, /) -> (Unknown | _T@get)]" (reportUnknownMemberType)
  /github/workspace/.github/actions/generate-repository-intelligence-dashboard/generate_repository_intelligence_dashboard.py:430:17 - error: Type of "get" is partially unknown
    Type of "get" is "Overload[(key: Unknown, default: None = None, /) -> (Unknown | None), (key: Unknown, default: Unknown, /) -> Unknown, (key: Unknown, default: _T@get, /) -> (Unknown | _T@get)]" (reportUnknownMemberType)
  /github/workspace/.github/actions/generate-repository-intelligence-dashboard/generate_repository_intelligence_dashboard.py:597:38 - error: Argument type is partially unknown
    Argument corresponds to parameter "document" in function "validate_analytics"
    Argument type is "dict[Unknown, Unknown]" (reportUnknownArgumentType)
  /github/workspace/.github/actions/generate-repository-intelligence-dashboard/generate_repository_intelligence_dashboard.py:657:5 - error: Type of "name" is partially unknown
    Type of "name" is "Unknown | None" (reportUnknownVariableType)
  /github/workspace/.github/actions/generate-repository-intelligence-dashboard/generate_repository_intelligence_dashboard.py:657:12 - error: Type of "get" is partially unknown
    Type of "get" is "Overload[(key: Unknown, default: None = None, /) -> (Unknown | None), (key: Unknown, default: Unknown, /) -> Unknown, (key: Unknown, default: _T@get, /) -> (Unknown | _T@get)]" (reportUnknownMemberType)
  /github/workspace/.github/actions/generate-repository-intelligence-dashboard/generate_repository_intelligence_dashboard.py:658:5 - error: Type of "node_type" is partially unknown
    Type of "node_type" is "Unknown | None" (reportUnknownVariableType)
  /github/workspace/.github/actions/generate-repository-intelligence-dashboard/generate_repository_intelligence_dashboard.py:658:17 - error: Type of "get" is partially unknown
    Type of "get" is "Overload[(key: Unknown, default: None = None, /) -> (Unknown | None), (key: Unknown, default: Unknown, /) -> Unknown, (key: Unknown, default: _T@get, /) -> (Unknown | _T@get)]" (reportUnknownMemberType)
  /github/workspace/.github/actions/generate-repository-intelligence-dashboard/generate_repository_intelligence_dashboard.py:672:9 - error: Type of "get" is partially unknown
    Type of "get" is "Overload[(key: Unknown, default: None = None, /) -> (Unknown | None), (key: Unknown, default: Unknown, /) -> Unknown, (key: Unknown, default: _T@get, /) -> (Unknown | _T@get)]" (reportUnknownMemberType)
  /github/workspace/.github/actions/generate-repository-intelligence-dashboard/generate_repository_intelligence_dashboard.py:686:26 - error: Argument type is unknown
    Argument corresponds to parameter "x" in function "__new__" (reportUnknownArgumentType)
  /github/workspace/.github/actions/generate-repository-intelligence-dashboard/generate_repository_intelligence_dashboard.py:687:29 - error: Argument type is unknown
    Argument corresponds to parameter "x" in function "__new__" (reportUnknownArgumentType)
  /github/workspace/.github/actions/generate-repository-intelligence-dashboard/generate_repository_intelligence_dashboard.py:688:31 - error: Argument type is unknown
    Argument corresponds to parameter "x" in function "__new__" (reportUnknownArgumentType)
  /github/workspace/.github/actions/generate-repository-intelligence-dashboard/generate_repository_intelligence_dashboard.py:692:5 - error: Type of "children" is partially unknown
    Type of "children" is "Unknown | None" (reportUnknownVariableType)
  /github/workspace/.github/actions/generate-repository-intelligence-dashboard/generate_repository_intelligence_dashboard.py:692:16 - error: Type of "get" is partially unknown
    Type of "get" is "Overload[(key: Unknown, default: None = None, /) -> (Unknown | None), (key: Unknown, default: Unknown, /) -> Unknown, (key: Unknown, default: _T@get, /) -> (Unknown | _T@get)]" (reportUnknownMemberType)
  /github/workspace/.github/actions/generate-repository-intelligence-dashboard/generate_repository_intelligence_dashboard.py:693:5 - error: Type of "descendants" is partially unknown
    Type of "descendants" is "Unknown | None" (reportUnknownVariableType)
  /github/workspace/.github/actions/generate-repository-intelligence-dashboard/generate_repository_intelligence_dashboard.py:693:19 - error: Type of "get" is partially unknown
    Type of "get" is "Overload[(key: Unknown, default: None = None, /) -> (Unknown | None), (key: Unknown, default: Unknown, /) -> Unknown, (key: Unknown, default: _T@get, /) -> (Unknown | _T@get)]" (reportUnknownMemberType)
  /github/workspace/.github/actions/generate-repository-intelligence-dashboard/generate_repository_intelligence_dashboard.py:696:8 - error: Type of "get" is partially unknown
    Type of "get" is "Overload[(key: Unknown, default: None = None, /) -> (Unknown | None), (key: Unknown, default: Unknown, /) -> Unknown, (key: Unknown, default: _T@get, /) -> (Unknown | _T@get)]" (reportUnknownMemberType)
  /github/workspace/.github/actions/generate-repository-intelligence-dashboard/generate_repository_intelligence_dashboard.py:703:9 - error: Type of "child" is unknown (reportUnknownVariableType)
  /github/workspace/.github/actions/generate-repository-intelligence-dashboard/generate_repository_intelligence_dashboard.py:721:25 - error: Type of "get" is partially unknown
    Type of "get" is "Overload[(key: Unknown, default: None = None, /) -> (Unknown | None), (key: Unknown, default: Unknown, /) -> Unknown, (key: Unknown, default: _T@get, /) -> (Unknown | _T@get)]" (reportUnknownMemberType)
  /github/workspace/.github/actions/generate-repository-intelligence-dashboard/generate_repository_intelligence_dashboard.py:733:8 - error: Type of "get" is partially unknown
    Type of "get" is "Overload[(key: Unknown, default: None = None, /) -> (Unknown | None), (key: Unknown, default: Unknown, /) -> Unknown, (key: Unknown, default: _T@get, /) -> (Unknown | _T@get)]" (reportUnknownMemberType)
  /github/workspace/.github/actions/generate-repository-intelligence-dashboard/generate_repository_intelligence_dashboard.py:792:44 - error: Argument type is partially unknown
    Argument corresponds to parameter "document" in function "validate_repository_tree"
    Argument type is "dict[Unknown, Unknown]" (reportUnknownArgumentType)
  /github/workspace/.github/actions/generate-repository-intelligence-dashboard/generate_repository_intelligence_dashboard.py:1001:39 - error: Type of "get" is partially unknown
    Type of "get" is "Overload[(key: Unknown, default: None = None, /) -> (Unknown | None), (key: Unknown, default: Unknown, /) -> Unknown, (key: Unknown, default: _T@get, /) -> (Unknown | _T@get)]" (reportUnknownMemberType)
  /github/workspace/.github/actions/generate-repository-intelligence-dashboard/generate_repository_intelligence_dashboard.py:1002:35 - error: Type of "get" is partially unknown
    Type of "get" is "Overload[(key: Unknown, default: None = None, /) -> (Unknown | None), (key: Unknown, default: Unknown, /) -> Unknown, (key: Unknown, default: _T@get, /) -> (Unknown | _T@get)]" (reportUnknownMemberType)
  /github/workspace/.github/actions/generate-repository-intelligence-dashboard/generate_repository_intelligence_dashboard.py:1200:9 - error: Type of "append" is partially unknown
    Type of "append" is "(object: Unknown, /) -> None" (reportUnknownMemberType)
  /github/workspace/.github/actions/generate-repository-intelligence-dashboard/generate_repository_intelligence_dashboard.py:1214:9 - error: Type of "append" is partially unknown
    Type of "append" is "(object: Unknown, /) -> None" (reportUnknownMemberType)
  /github/workspace/.github/actions/generate-repository-intelligence-dashboard/generate_repository_intelligence_dashboard.py:1230:14 - error: Argument type is partially unknown
    Argument corresponds to parameter "iterable" in function "join"
    Argument type is "list[Unknown]" (reportUnknownArgumentType)
  /github/workspace/.github/actions/generate-repository-intelligence-dashboard/generate_repository_intelligence_dashboard.py:1233:14 - error: Argument type is partially unknown
    Argument corresponds to parameter "iterable" in function "join"
    Argument type is "list[Unknown]" (reportUnknownArgumentType)
  /github/workspace/.github/actions/generate-repository-intelligence-dashboard/generate_repository_intelligence_dashboard.py:1284:9 - error: Type of "append" is partially unknown
    Type of "append" is "(object: Unknown, /) -> None" (reportUnknownMemberType)
  /github/workspace/.github/actions/generate-repository-intelligence-dashboard/generate_repository_intelligence_dashboard.py:1290:9 - error: Type of "append" is partially unknown
    Type of "append" is "(object: Unknown, /) -> None" (reportUnknownMemberType)
  /github/workspace/.github/actions/generate-repository-intelligence-dashboard/generate_repository_intelligence_dashboard.py:1300:49 - error: Argument type is partially unknown
    Argument corresponds to parameter "iterable" in function "join"
    Argument type is "list[Unknown]" (reportUnknownArgumentType)
  /github/workspace/.github/actions/generate-repository-intelligence-dashboard/generate_repository_intelligence_dashboard.py:1304:55 - error: Argument type is partially unknown
    Argument corresponds to parameter "iterable" in function "join"
    Argument type is "list[Unknown]" (reportUnknownArgumentType)
  /github/workspace/.github/actions/generate-repository-intelligence-dashboard/generate_repository_intelligence_dashboard.py:1343:9 - error: Type of "append" is partially unknown
    Type of "append" is "(object: Unknown, /) -> None" (reportUnknownMemberType)
  /github/workspace/.github/actions/generate-repository-intelligence-dashboard/generate_repository_intelligence_dashboard.py:1353:14 - error: Argument type is partially unknown
    Argument corresponds to parameter "iterable" in function "join"
    Argument type is "list[Unknown]" (reportUnknownArgumentType)
  /github/workspace/.github/actions/generate-repository-intelligence-dashboard/generate_repository_intelligence_dashboard.py:1404:9 - error: Type of "append" is partially unknown
    Type of "append" is "(object: Unknown, /) -> None" (reportUnknownMemberType)
  /github/workspace/.github/actions/generate-repository-intelligence-dashboard/generate_repository_intelligence_dashboard.py:1413:9 - error: Type of "append" is partially unknown
    Type of "append" is "(object: Unknown, /) -> None" (reportUnknownMemberType)
  /github/workspace/.github/actions/generate-repository-intelligence-dashboard/generate_repository_intelligence_dashboard.py:1415:13 - error: Type of "append" is partially unknown
    Type of "append" is "(object: Unknown, /) -> None" (reportUnknownMemberType)
  /github/workspace/.github/actions/generate-repository-intelligence-dashboard/generate_repository_intelligence_dashboard.py:1424:9 - error: Type of "append" is partially unknown
    Type of "append" is "(object: Unknown, /) -> None" (reportUnknownMemberType)
  /github/workspace/.github/actions/generate-repository-intelligence-dashboard/generate_repository_intelligence_dashboard.py:1434:14 - error: Argument type is partially unknown
    Argument corresponds to parameter "iterable" in function "join"
    Argument type is "list[Unknown]" (reportUnknownArgumentType)
  /github/workspace/.github/actions/generate-repository-intelligence-dashboard/generate_repository_intelligence_dashboard.py:1451:13 - error: Argument type is partially unknown
    Argument corresponds to parameter "rows" in function "render_data_table"
    Argument type is "list[Unknown]" (reportUnknownArgumentType)
  /github/workspace/.github/actions/generate-repository-intelligence-dashboard/generate_repository_intelligence_dashboard.py:1487:9 - error: Type of "append" is partially unknown
    Type of "append" is "(object: Unknown, /) -> None" (reportUnknownMemberType)
  /github/workspace/.github/actions/generate-repository-intelligence-dashboard/generate_repository_intelligence_dashboard.py:1494:9 - error: Type of "append" is partially unknown
    Type of "append" is "(object: Unknown, /) -> None" (reportUnknownMemberType)
  /github/workspace/.github/actions/generate-repository-intelligence-dashboard/generate_repository_intelligence_dashboard.py:1507:62 - error: Argument type is partially unknown
    Argument corresponds to parameter "iterable" in function "join"
    Argument type is "list[Unknown]" (reportUnknownArgumentType)
  /github/workspace/.github/actions/generate-repository-intelligence-dashboard/generate_repository_intelligence_dashboard.py:1511:13 - error: Argument type is partially unknown
    Argument corresponds to parameter "rows" in function "render_data_table"
    Argument type is "list[Unknown]" (reportUnknownArgumentType)
  /github/workspace/.github/actions/generate-repository-intelligence-dashboard/generate_repository_intelligence_dashboard.py:1523:35 - error: Argument type is partially unknown
    Argument corresponds to parameter "summary" in function "render_activity_chart"
    Argument type is "dict[Unknown, Unknown]" (reportUnknownArgumentType)
  /github/workspace/.github/actions/generate-repository-intelligence-dashboard/generate_repository_intelligence_dashboard.py:1524:40 - error: Argument type is partially unknown
    Argument corresponds to parameter "summary" in function "render_composition_chart"
    Argument type is "dict[Unknown, Unknown]" (reportUnknownArgumentType)
  /github/workspace/.github/actions/generate-repository-intelligence-dashboard/generate_repository_intelligence_dashboard.py:1525:36 - error: Argument type is partially unknown
    Argument corresponds to parameter "summary" in function "render_hotspot_chart"
    Argument type is "dict[Unknown, Unknown]" (reportUnknownArgumentType)
  /github/workspace/.github/actions/generate-repository-intelligence-dashboard/generate_repository_intelligence_dashboard.py:1668:5 - error: Type of "tree" is unknown (reportUnknownVariableType)
  /github/workspace/.github/actions/generate-repository-intelligence-dashboard/generate_repository_intelligence_dashboard.py:1669:5 - error: Type of "counts" is unknown (reportUnknownVariableType)
  /github/workspace/.github/actions/generate-repository-intelligence-dashboard/generate_repository_intelligence_dashboard.py:1683:13 - error: Argument type is unknown
    Argument corresponds to parameter "node" in function "render_tree_node" (reportUnknownArgumentType)
  /github/workspace/.github/actions/generate-repository-intelligence-dashboard/generate_repository_intelligence_dashboard.py:1688:13 - error: Type of "child" is unknown (reportUnknownVariableType)
  /github/workspace/.github/actions/generate-repository-intelligence-dashboard/generate_repository_intelligence_dashboard.py:1690:30 - error: Argument type is unknown
    Argument corresponds to parameter "arg2" in function "max" (reportUnknownArgumentType)
/github/workspace/.github/actions/generate-repository-intelligence/generate_repository_intelligence.py
  /github/workspace/.github/actions/generate-repository-intelligence/generate_repository_intelligence.py:152:13 - error: Argument of type "Literal[True]" cannot be assigned to parameter "value" of type "str" in function "__setitem__"
    "Literal[True]" is not assignable to "str" (reportArgumentType)
  /github/workspace/.github/actions/generate-repository-intelligence/generate_repository_intelligence.py:168:9 - error: Type of "append" is partially unknown
    Type of "append" is "Any | Unknown" (reportUnknownMemberType)
  /github/workspace/.github/actions/generate-repository-intelligence/generate_repository_intelligence.py:168:29 - error: Cannot access attribute "append" for class "str"
    Attribute "append" is unknown (reportAttributeAccessIssue)
  /github/workspace/.github/actions/generate-repository-intelligence/generate_repository_intelligence.py:182:20 - error: Type of parameter "child" is unknown (reportUnknownLambdaType)
  /github/workspace/.github/actions/generate-repository-intelligence/generate_repository_intelligence.py:182:27 - error: Return type of lambda, "tuple[Unknown, Unknown, Unknown]", is partially unknown (reportUnknownLambdaType)
  /github/workspace/.github/actions/generate-repository-intelligence/generate_repository_intelligence.py:184:13 - error: Type of "casefold" is unknown (reportUnknownMemberType)
/github/workspace/.github/actions/normalize-repository-report/normalize_repository_report.py
  /github/workspace/.github/actions/normalize-repository-report/normalize_repository_report.py:57:12 - error: Return type, "dict[Unknown, Unknown]", is partially unknown (reportUnknownVariableType)
  /github/workspace/.github/actions/normalize-repository-report/normalize_repository_report.py:195:5 - error: Type of "scan" is partially unknown
    Type of "scan" is "Any | Unknown | None" (reportUnknownVariableType)
  /github/workspace/.github/actions/normalize-repository-report/normalize_repository_report.py:195:12 - error: Type of "get" is partially unknown
    Type of "get" is "Overload[(key: Unknown, default: None = None, /) -> (Unknown | None), (key: Unknown, default: Unknown, /) -> Unknown, (key: Unknown, default: _T@get, /) -> (Unknown | _T@get)] | Overload[(key: str, default: None = None, /) -> (Any | None), (key: str, default: Any, /) -> Any, (key: str, default: _T@get, /) -> (Any | _T@get)]" (reportUnknownMemberType)
  /github/workspace/.github/actions/normalize-repository-report/normalize_repository_report.py:196:5 - error: Type of "threshold" is partially unknown
    Type of "threshold" is "Any | Unknown | None" (reportUnknownVariableType)
  /github/workspace/.github/actions/normalize-repository-report/normalize_repository_report.py:196:17 - error: Type of "get" is partially unknown
    Type of "get" is "Overload[(key: Unknown, default: None = None, /) -> (Unknown | None), (key: Unknown, default: Unknown, /) -> Unknown, (key: Unknown, default: _T@get, /) -> (Unknown | _T@get)] | Overload[(key: str, default: None = None, /) -> (Any | None), (key: str, default: Any, /) -> Any, (key: str, default: _T@get, /) -> (Any | _T@get)]" (reportUnknownMemberType)
  /github/workspace/.github/actions/normalize-repository-report/normalize_repository_report.py:199:5 - error: Type of "severity" is partially unknown
    Type of "severity" is "Unknown | None" (reportUnknownVariableType)
  /github/workspace/.github/actions/normalize-repository-report/normalize_repository_report.py:199:16 - error: Type of "get" is partially unknown
    Type of "get" is "Overload[(key: Unknown, default: None = None, /) -> (Unknown | None), (key: Unknown, default: Unknown, /) -> Unknown, (key: Unknown, default: _T@get, /) -> (Unknown | _T@get)]" (reportUnknownMemberType)
  /github/workspace/.github/actions/normalize-repository-report/normalize_repository_report.py:202:25 - error: Type of "get" is partially unknown
    Type of "get" is "Overload[(key: Unknown, default: None = None, /) -> (Unknown | None), (key: Unknown, default: Unknown, /) -> Unknown, (key: Unknown, default: _T@get, /) -> (Unknown | _T@get)]" (reportUnknownMemberType)
  /github/workspace/.github/actions/normalize-repository-report/normalize_repository_report.py:202:25 - error: Argument type is unknown
    Argument corresponds to parameter "x" in function "__new__" (reportUnknownArgumentType)
  /github/workspace/.github/actions/normalize-repository-report/normalize_repository_report.py:229:38 - error: Type of "key" is partially unknown
    Type of "key" is "str | Unknown" (reportUnknownVariableType)
  /github/workspace/.github/actions/normalize-repository-report/normalize_repository_report.py:229:43 - error: Type of "value" is partially unknown
    Type of "value" is "Any | Unknown" (reportUnknownVariableType)
  /github/workspace/.github/actions/normalize-repository-report/normalize_repository_report.py:242:13 - error: Type of "get" is partially unknown
    Type of "get" is "Overload[(key: Unknown, default: None = None, /) -> (Unknown | None), (key: Unknown, default: Unknown, /) -> Unknown, (key: Unknown, default: _T@get, /) -> (Unknown | _T@get)]" (reportUnknownMemberType)
  /github/workspace/.github/actions/normalize-repository-report/normalize_repository_report.py:242:13 - error: Argument type is partially unknown
    Argument corresponds to parameter "object" in function "__new__"
    Argument type is "Unknown | None" (reportUnknownArgumentType)
  /github/workspace/.github/actions/normalize-repository-report/normalize_repository_report.py:242:34 - error: Type of "get" is partially unknown
    Type of "get" is "Overload[(key: Unknown, default: None = None, /) -> (Unknown | None), (key: Unknown, default: Unknown, /) -> Unknown, (key: Unknown, default: _T@get, /) -> (Unknown | _T@get)]" (reportUnknownMemberType)
  /github/workspace/.github/actions/normalize-repository-report/normalize_repository_report.py:242:34 - error: Argument type is unknown
    Argument corresponds to parameter "object" in function "__new__" (reportUnknownArgumentType)
  /github/workspace/.github/actions/normalize-repository-report/normalize_repository_report.py:243:13 - error: Type of "tool" is unknown (reportUnknownVariableType)
  /github/workspace/.github/actions/normalize-repository-report/normalize_repository_report.py:244:39 - error: Type of "get" is partially unknown
    Type of "get" is "Overload[(key: Unknown, default: None = None, /) -> (Unknown | None), (key: Unknown, default: Unknown, /) -> Unknown, (key: Unknown, default: _T@get, /) -> (Unknown | _T@get)]" (reportUnknownMemberType)
  /github/workspace/.github/actions/normalize-repository-report/normalize_repository_report.py:252:9 - error: Type of "linter" is unknown (reportUnknownVariableType)
  /github/workspace/.github/actions/normalize-repository-report/normalize_repository_report.py:255:26 - error: Type of "get" is partially unknown
    Type of "get" is "Overload[(key: Unknown, default: None = None, /) -> (Unknown | None), (key: Unknown, default: Unknown, /) -> Unknown, (key: Unknown, default: _T@get, /) -> (Unknown | _T@get)]" (reportUnknownMemberType)
  /github/workspace/.github/actions/normalize-repository-report/normalize_repository_report.py:255:26 - error: Argument type is unknown
    Argument corresponds to parameter "object" in function "__new__" (reportUnknownArgumentType)
  /github/workspace/.github/actions/normalize-repository-report/normalize_repository_report.py:256:22 - error: Type of "get" is partially unknown
    Type of "get" is "Overload[(key: Unknown, default: None = None, /) -> (Unknown | None), (key: Unknown, default: Unknown, /) -> Unknown, (key: Unknown, default: _T@get, /) -> (Unknown | _T@get)]" (reportUnknownMemberType)
  /github/workspace/.github/actions/normalize-repository-report/normalize_repository_report.py:256:22 - error: Argument type is unknown
    Argument corresponds to parameter "object" in function "__new__" (reportUnknownArgumentType)
  /github/workspace/.github/actions/normalize-repository-report/normalize_repository_report.py:257:27 - error: Type of "get" is partially unknown
    Type of "get" is "Overload[(key: Unknown, default: None = None, /) -> (Unknown | None), (key: Unknown, default: Unknown, /) -> Unknown, (key: Unknown, default: _T@get, /) -> (Unknown | _T@get)]" (reportUnknownMemberType)
  /github/workspace/.github/actions/normalize-repository-report/normalize_repository_report.py:257:27 - error: Argument type is partially unknown
    Argument corresponds to parameter "x" in function "__new__"
    Argument type is "Unknown | Literal[0]" (reportUnknownArgumentType)
  /github/workspace/.github/actions/normalize-repository-report/normalize_repository_report.py:257:64 - error: Type of "get" is partially unknown
    Type of "get" is "Overload[(key: Unknown, default: None = None, /) -> (Unknown | None), (key: Unknown, default: Unknown, /) -> Unknown, (key: Unknown, default: _T@get, /) -> (Unknown | _T@get)]" (reportUnknownMemberType)
  /github/workspace/.github/actions/normalize-repository-report/normalize_repository_report.py:258:29 - error: Type of "get" is partially unknown
    Type of "get" is "Overload[(key: Unknown, default: None = None, /) -> (Unknown | None), (key: Unknown, default: Unknown, /) -> Unknown, (key: Unknown, default: _T@get, /) -> (Unknown | _T@get)]" (reportUnknownMemberType)
  /github/workspace/.github/actions/normalize-repository-report/normalize_repository_report.py:258:29 - error: Argument type is partially unknown
    Argument corresponds to parameter "x" in function "__new__"
    Argument type is "Unknown | Literal[0]" (reportUnknownArgumentType)
  /github/workspace/.github/actions/normalize-repository-report/normalize_repository_report.py:296:27 - error: Argument type is partially unknown
    Argument corresponds to parameter "obj" in function "len"
    Argument type is "list[Unknown]" (reportUnknownArgumentType)
  /github/workspace/.github/actions/normalize-repository-report/normalize_repository_report.py:317:26 - error: Type of "get" is partially unknown
    Type of "get" is "Overload[(key: Unknown, default: None = None, /) -> (Unknown | None), (key: Unknown, default: Unknown, /) -> Unknown, (key: Unknown, default: _T@get, /) -> (Unknown | _T@get)]" (reportUnknownMemberType)
  /github/workspace/.github/actions/normalize-repository-report/normalize_repository_report.py:317:26 - error: Argument type is unknown
    Argument corresponds to parameter "x" in function "__new__" (reportUnknownArgumentType)
  /github/workspace/.github/actions/normalize-repository-report/normalize_repository_report.py:342:9 - error: Type of "driver" is unknown (reportUnknownVariableType)
  /github/workspace/.github/actions/normalize-repository-report/normalize_repository_report.py:342:18 - error: Type of "get" is partially unknown
    Type of "get" is "Overload[(key: Unknown, default: None = None, /) -> (Unknown | None), (key: Unknown, default: Unknown, /) -> Unknown, (key: Unknown, default: _T@get, /) -> (Unknown | _T@get)]" (reportUnknownMemberType)
  /github/workspace/.github/actions/normalize-repository-report/normalize_repository_report.py:342:18 - error: Type of "get" is unknown (reportUnknownMemberType)
  /github/workspace/.github/actions/normalize-repository-report/normalize_repository_report.py:343:9 - error: Type of "rules" is partially unknown
    Type of "rules" is "Unknown | list[Unknown]" (reportUnknownVariableType)
  /github/workspace/.github/actions/normalize-repository-report/normalize_repository_report.py:343:17 - error: Type of "get" is partially unknown
    Type of "get" is "Overload[(key: Unknown, default: None = None, /) -> (Unknown | None), (key: Unknown, default: Unknown, /) -> Unknown, (key: Unknown, default: _T@get, /) -> (Unknown | _T@get)]" (reportUnknownMemberType)
  /github/workspace/.github/actions/normalize-repository-report/normalize_repository_report.py:345:32 - error: Argument type is partially unknown
    Argument corresponds to parameter "obj" in function "len"
    Argument type is "list[Unknown]" (reportUnknownArgumentType)
  /github/workspace/.github/actions/normalize-repository-report/normalize_repository_report.py:346:17 - error: Type of "rule" is unknown (reportUnknownVariableType)
  /github/workspace/.github/actions/normalize-repository-report/normalize_repository_report.py:347:47 - error: Type of "get" is partially unknown
    Type of "get" is "Overload[(key: Unknown, default: None = None, /) -> (Unknown | None), (key: Unknown, default: Unknown, /) -> Unknown, (key: Unknown, default: _T@get, /) -> (Unknown | _T@get)]" (reportUnknownMemberType)
  /github/workspace/.github/actions/normalize-repository-report/normalize_repository_report.py:348:37 - error: Argument type is unknown
    Argument corresponds to parameter "object" in function "__new__" (reportUnknownArgumentType)
  /github/workspace/.github/actions/normalize-repository-report/normalize_repository_report.py:349:9 - error: Type of "run_results" is unknown (reportUnknownVariableType)
  /github/workspace/.github/actions/normalize-repository-report/normalize_repository_report.py:349:23 - error: Type of "get" is partially unknown
    Type of "get" is "Overload[(key: Unknown, default: None = None, /) -> (Unknown | None), (key: Unknown, default: Unknown, /) -> Unknown, (key: Unknown, default: _T@get, /) -> (Unknown | _T@get)]" (reportUnknownMemberType)
  /github/workspace/.github/actions/normalize-repository-report/normalize_repository_report.py:351:28 - error: Argument type is partially unknown
    Argument corresponds to parameter "iterable" in function "extend"
    Argument type is "Generator[dict[Unknown, Unknown], None, None]" (reportUnknownArgumentType)
  /github/workspace/.github/actions/normalize-repository-report/normalize_repository_report.py:351:39 - error: Type of "result" is unknown (reportUnknownVariableType)
  /github/workspace/.github/actions/normalize-repository-report/normalize_repository_report.py:357:20 - error: Type of "get" is partially unknown
    Type of "get" is "Overload[(key: Unknown, default: None = None, /) -> (Unknown | None), (key: Unknown, default: Unknown, /) -> Unknown, (key: Unknown, default: _T@get, /) -> (Unknown | _T@get)]" (reportUnknownMemberType)
  /github/workspace/.github/actions/normalize-repository-report/normalize_repository_report.py:357:20 - error: Argument type is unknown
    Argument corresponds to parameter "object" in function "__new__" (reportUnknownArgumentType)
  /github/workspace/.github/actions/normalize-repository-report/normalize_repository_report.py:388:12 - error: Type of "get" is partially unknown
    Type of "get" is "Overload[(key: Unknown, default: None = None, /) -> (Unknown | None), (key: Unknown, default: Unknown, /) -> Unknown, (key: Unknown, default: _T@get, /) -> (Unknown | _T@get)]" (reportUnknownMemberType)
  /github/workspace/.github/actions/normalize-repository-report/normalize_repository_report.py:388:12 - error: Argument type is unknown
    Argument corresponds to parameter "object" in function "__new__" (reportUnknownArgumentType)
  /github/workspace/.github/actions/normalize-repository-report/normalize_repository_report.py:390:8 - error: Type of "get" is partially unknown
    Type of "get" is "Overload[(key: Unknown, default: None = None, /) -> (Unknown | None), (key: Unknown, default: Unknown, /) -> Unknown, (key: Unknown, default: _T@get, /) -> (Unknown | _T@get)]" (reportUnknownMemberType)
  /github/workspace/.github/actions/normalize-repository-report/normalize_repository_report.py:418:62 - error: Type of "get" is partially unknown
    Type of "get" is "Overload[(key: Unknown, default: None = None, /) -> (Unknown | None), (key: Unknown, default: Unknown, /) -> Unknown, (key: Unknown, default: _T@get, /) -> (Unknown | _T@get)]" (reportUnknownMemberType)
  /github/workspace/.github/actions/normalize-repository-report/normalize_repository_report.py:420:25 - error: Argument type is unknown
    Argument corresponds to parameter "x" in function "__new__" (reportUnknownArgumentType)
  /github/workspace/.github/actions/normalize-repository-report/normalize_repository_report.py:423:13 - error: Type of "documentation" is unknown (reportUnknownVariableType)
  /github/workspace/.github/actions/normalize-repository-report/normalize_repository_report.py:423:29 - error: Type of "get" is partially unknown
    Type of "get" is "Overload[(key: Unknown, default: None = None, /) -> (Unknown | None), (key: Unknown, default: Unknown, /) -> Unknown, (key: Unknown, default: _T@get, /) -> (Unknown | _T@get)]" (reportUnknownMemberType)
  /github/workspace/.github/actions/normalize-repository-report/normalize_repository_report.py:424:13 - error: Type of "append" is partially unknown
    Type of "append" is "(object: Unknown, /) -> None" (reportUnknownMemberType)
  /github/workspace/.github/actions/normalize-repository-report/normalize_repository_report.py:426:31 - error: Type of "get" is partially unknown
    Type of "get" is "Overload[(key: Unknown, default: None = None, /) -> (Unknown | None), (key: Unknown, default: Unknown, /) -> Unknown, (key: Unknown, default: _T@get, /) -> (Unknown | _T@get)]" (reportUnknownMemberType)
  /github/workspace/.github/actions/normalize-repository-report/normalize_repository_report.py:426:31 - error: Argument type is unknown
    Argument corresponds to parameter "object" in function "__new__" (reportUnknownArgumentType)
  /github/workspace/.github/actions/normalize-repository-report/normalize_repository_report.py:427:33 - error: Type of "get" is partially unknown
    Type of "get" is "Overload[(key: Unknown, default: None = None, /) -> (Unknown | None), (key: Unknown, default: Unknown, /) -> Unknown, (key: Unknown, default: _T@get, /) -> (Unknown | _T@get)]" (reportUnknownMemberType)
  /github/workspace/.github/actions/normalize-repository-report/normalize_repository_report.py:427:33 - error: Argument type is unknown
    Argument corresponds to parameter "object" in function "__new__" (reportUnknownArgumentType)
  /github/workspace/.github/actions/normalize-repository-report/normalize_repository_report.py:433:52 - error: Type of "get" is partially unknown
    Type of "get" is "Overload[(key: Unknown, default: None = None, /) -> (Unknown | None), (key: Unknown, default: Unknown, /) -> Unknown, (key: Unknown, default: _T@get, /) -> (Unknown | _T@get)]" (reportUnknownMemberType)
  /github/workspace/.github/actions/normalize-repository-report/normalize_repository_report.py:433:52 - error: Argument type is unknown
    Argument corresponds to parameter "object" in function "__new__" (reportUnknownArgumentType)
  /github/workspace/.github/actions/normalize-repository-report/normalize_repository_report.py:437:35 - error: Type of "get" is partially unknown
    Type of "get" is "Overload[(key: Unknown, default: None = None, /) -> (Unknown | None), (key: Unknown, default: Unknown, /) -> Unknown, (key: Unknown, default: _T@get, /) -> (Unknown | _T@get)]" (reportUnknownMemberType)
  /github/workspace/.github/actions/normalize-repository-report/normalize_repository_report.py:437:35 - error: Argument type is unknown
    Argument corresponds to parameter "object" in function "__new__" (reportUnknownArgumentType)
  /github/workspace/.github/actions/normalize-repository-report/normalize_repository_report.py:439:29 - error: Type of "get" is partially unknown
    Type of "get" is "Overload[(key: Unknown, default: None = None, /) -> (Unknown | None), (key: Unknown, default: Unknown, /) -> Unknown, (key: Unknown, default: _T@get, /) -> (Unknown | _T@get)]" (reportUnknownMemberType)
  /github/workspace/.github/actions/normalize-repository-report/normalize_repository_report.py:439:29 - error: Argument type is unknown
    Argument corresponds to parameter "object" in function "__new__" (reportUnknownArgumentType)
  /github/workspace/.github/actions/normalize-repository-report/normalize_repository_report.py:443:9 - error: Type of "checks" is partially unknown
    Type of "checks" is "list[Unknown]" (reportUnknownVariableType)
  /github/workspace/.github/actions/normalize-repository-report/normalize_repository_report.py:443:25 - error: Argument type is partially unknown
    Argument corresponds to parameter "iterable" in function "sorted"
    Argument type is "list[Unknown]" (reportUnknownArgumentType)
  /github/workspace/.github/actions/normalize-repository-report/normalize_repository_report.py:443:41 - error: Argument type is partially unknown
    Argument corresponds to parameter "key" in function "sorted"
    Argument type is "(item: Unknown) -> tuple[Unknown, Unknown]" (reportUnknownArgumentType)
  /github/workspace/.github/actions/normalize-repository-report/normalize_repository_report.py:443:48 - error: Type of parameter "item" is unknown (reportUnknownLambdaType)
  /github/workspace/.github/actions/normalize-repository-report/normalize_repository_report.py:443:54 - error: Return type of lambda, "tuple[Unknown, Unknown]", is partially unknown (reportUnknownLambdaType)
  /github/workspace/.github/actions/normalize-repository-report/normalize_repository_report.py:448:9 - error: Type of "check" is partially unknown
    Type of "check" is "Unknown | dict[str, Any]" (reportUnknownVariableType)
  /github/workspace/.github/actions/normalize-repository-report/normalize_repository_report.py:449:20 - error: Type of "get" is partially unknown
    Type of "get" is "Unknown | Overload[(key: str, default: None = None, /) -> (Any | None), (key: str, default: Any, /) -> Any, (key: str, default: _T@get, /) -> (Any | _T@get)]" (reportUnknownMemberType)
  /github/workspace/.github/actions/normalize-repository-report/normalize_repository_report.py:449:20 - error: Argument type is partially unknown
    Argument corresponds to parameter "object" in function "__new__"
    Argument type is "Any | Unknown" (reportUnknownArgumentType)
  /github/workspace/.github/actions/normalize-repository-report/normalize_repository_report.py:455:40 - error: Argument type is partially unknown
    Argument corresponds to parameter "obj" in function "len"
    Argument type is "list[Unknown] | list[dict[str, Any]]" (reportUnknownArgumentType)
  /github/workspace/.github/actions/normalize-repository-report/normalize_repository_report.py:462:41 - error: Argument type is partially unknown
    Argument corresponds to parameter "obj" in function "len"
    Argument type is "list[Unknown] | list[dict[str, Any]]" (reportUnknownArgumentType)
/github/workspace/beacon/scripts/validate_templates.py
  /github/workspace/beacon/scripts/validate_templates.py:66:16 - error: Type of "output" is unknown (reportUnknownVariableType)
  /github/workspace/beacon/scripts/validate_templates.py:66:36 - error: Argument type is partially unknown
    Argument corresponds to parameter "iterable" in function "__new__"
    Argument type is "list[Unknown]" (reportUnknownArgumentType)
  /github/workspace/beacon/scripts/validate_templates.py:72:31 - error: Type of "get" is partially unknown
    Type of "get" is "Overload[(key: Unknown, default: None = None, /) -> (Unknown | None), (key: Unknown, default: Unknown, /) -> Unknown, (key: Unknown, default: _T@get, /) -> (Unknown | _T@get)]" (reportUnknownMemberType)
  /github/workspace/beacon/scripts/validate_templates.py:72:60 - error: Type of "strip" is unknown (reportUnknownMemberType)
  /github/workspace/beacon/scripts/validate_templates.py:75:9 - error: Type of "template_name" is partially unknown
    Type of "template_name" is "Unknown | None" (reportUnknownVariableType)
  /github/workspace/beacon/scripts/validate_templates.py:75:25 - error: Type of "get" is partially unknown
    Type of "get" is "Overload[(key: Unknown, default: None = None, /) -> (Unknown | None), (key: Unknown, default: Unknown, /) -> Unknown, (key: Unknown, default: _T@get, /) -> (Unknown | _T@get)]" (reportUnknownMemberType)
  /github/workspace/beacon/scripts/validate_templates.py:76:9 - error: Type of "renderer" is partially unknown
    Type of "renderer" is "Unknown | None" (reportUnknownVariableType)
  /github/workspace/beacon/scripts/validate_templates.py:76:20 - error: Type of "get" is partially unknown
    Type of "get" is "Overload[(key: Unknown, default: None = None, /) -> (Unknown | None), (key: Unknown, default: Unknown, /) -> Unknown, (key: Unknown, default: _T@get, /) -> (Unknown | _T@get)]" (reportUnknownMemberType)
  /github/workspace/beacon/scripts/validate_templates.py:97:13 - error: Type of "values" is partially unknown
    Type of "values" is "Unknown | None" (reportUnknownVariableType)
  /github/workspace/beacon/scripts/validate_templates.py:97:22 - error: Type of "get" is partially unknown
    Type of "get" is "Overload[(key: Unknown, default: None = None, /) -> (Unknown | None), (key: Unknown, default: Unknown, /) -> Unknown, (key: Unknown, default: _T@get, /) -> (Unknown | _T@get)]" (reportUnknownMemberType)
  /github/workspace/beacon/scripts/validate_templates.py:99:54 - error: Type of "value" is unknown (reportUnknownVariableType)
/github/workspace/egolint/.agents/agents/build-projections.py
  /github/workspace/egolint/.agents/agents/build-projections.py:64:24 - error: Type of parameter "fm" is partially unknown
    Parameter type is "dict[Unknown, Unknown]" (reportUnknownParameterType)
  /github/workspace/egolint/.agents/agents/build-projections.py:64:28 - error: Expected type arguments for generic class "dict" (reportMissingTypeArgument)
  /github/workspace/egolint/.agents/agents/build-projections.py:66:5 - error: Type of "out" is partially unknown
    Type of "out" is "dict[str, Unknown]" (reportUnknownVariableType)
  /github/workspace/egolint/.agents/agents/build-projections.py:76:5 - error: Type of "fm" is partially unknown
    Type of "fm" is "Any | dict[Unknown, Unknown]" (reportUnknownVariableType)
  /github/workspace/egolint/.agents/agents/build-projections.py:89:17 - error: Type of "append" is partially unknown
    Type of "append" is "(object: Unknown, /) -> None" (reportUnknownMemberType)
  /github/workspace/egolint/.agents/agents/build-projections.py:90:12 - error: Return type, "list[Unknown]", is partially unknown (reportUnknownVariableType)
/github/workspace/egolint/.agents/agents/validate-agents.py
  /github/workspace/egolint/.agents/agents/validate-agents.py:52:5 - error: Return type, "list[Unknown]", is partially unknown (reportUnknownParameterType)
  /github/workspace/egolint/.agents/agents/validate-agents.py:58:17 - error: Type of "append" is partially unknown
    Type of "append" is "(object: Unknown, /) -> None" (reportUnknownMemberType)
  /github/workspace/egolint/.agents/agents/validate-agents.py:59:12 - error: Return type, "list[Unknown]", is partially unknown (reportUnknownVariableType)
  /github/workspace/egolint/.agents/agents/validate-agents.py:62:5 - error: Return type, "tuple[set[Unknown], set[Unknown]]", is partially unknown (reportUnknownParameterType)
  /github/workspace/egolint/.agents/agents/validate-agents.py:64:5 - error: Type of "skill_ids" is partially unknown
    Type of "skill_ids" is "set[Unknown]" (reportUnknownVariableType)
  /github/workspace/egolint/.agents/agents/validate-agents.py:67:13 - error: Type of "add" is partially unknown
    Type of "add" is "(element: Unknown, /) -> None" (reportUnknownMemberType)
  /github/workspace/egolint/.agents/agents/validate-agents.py:69:5 - error: Type of "spec_ids" is partially unknown
    Type of "spec_ids" is "set[Unknown]" (reportUnknownVariableType)
  /github/workspace/egolint/.agents/agents/validate-agents.py:75:17 - error: Type of "fm" is partially unknown
    Type of "fm" is "Any | dict[Unknown, Unknown]" (reportUnknownVariableType)
  /github/workspace/egolint/.agents/agents/validate-agents.py:77:21 - error: Type of "add" is partially unknown
    Type of "add" is "(element: Unknown, /) -> None" (reportUnknownMemberType)
  /github/workspace/egolint/.agents/agents/validate-agents.py:81:12 - error: Return type, "tuple[set[Unknown], set[Unknown]]", is partially unknown (reportUnknownVariableType)
  /github/workspace/egolint/.agents/agents/validate-agents.py:84:5 - error: Return type, "list[str] | list[Unknown]", is partially unknown (reportUnknownParameterType)
  /github/workspace/egolint/.agents/agents/validate-agents.py:84:47 - error: Type of parameter "skill_ids" is partially unknown
    Parameter type is "set[Unknown]" (reportUnknownParameterType)
  /github/workspace/egolint/.agents/agents/validate-agents.py:84:58 - error: Expected type arguments for generic class "set" (reportMissingTypeArgument)
  /github/workspace/egolint/.agents/agents/validate-agents.py:84:63 - error: Type of parameter "spec_ids" is partially unknown
    Parameter type is "set[Unknown]" (reportUnknownParameterType)
  /github/workspace/egolint/.agents/agents/validate-agents.py:84:73 - error: Expected type arguments for generic class "set" (reportMissingTypeArgument)
  /github/workspace/egolint/.agents/agents/validate-agents.py:93:9 - error: Type of "fm" is partially unknown
    Type of "fm" is "Any | dict[Unknown, Unknown]" (reportUnknownVariableType)
  /github/workspace/egolint/.agents/agents/validate-agents.py:103:13 - error: Type of "append" is partially unknown
    Type of "append" is "(object: Unknown, /) -> None" (reportUnknownMemberType)
  /github/workspace/egolint/.agents/agents/validate-agents.py:106:5 - error: Type of "aether_id" is unknown (reportUnknownVariableType)
  /github/workspace/egolint/.agents/agents/validate-agents.py:106:17 - error: Type of "get" is partially unknown
    Type of "get" is "Overload[(key: Unknown, default: None = None, /) -> (Unknown | None), (key: Unknown, default: Unknown, /) -> Unknown, (key: Unknown, default: _T@get, /) -> (Unknown | _T@get)]" (reportUnknownMemberType)
  /github/workspace/egolint/.agents/agents/validate-agents.py:108:9 - error: Type of "append" is partially unknown
    Type of "append" is "(object: Unknown, /) -> None" (reportUnknownMemberType)
  /github/workspace/egolint/.agents/agents/validate-agents.py:109:28 - error: Argument type is unknown
    Argument corresponds to parameter "object" in function "__new__" (reportUnknownArgumentType)
  /github/workspace/egolint/.agents/agents/validate-agents.py:110:9 - error: Type of "append" is partially unknown
    Type of "append" is "(object: Unknown, /) -> None" (reportUnknownMemberType)
  /github/workspace/egolint/.agents/agents/validate-agents.py:111:18 - error: Argument type is unknown
    Argument corresponds to parameter "object" in function "__new__" (reportUnknownArgumentType)
  /github/workspace/egolint/.agents/agents/validate-agents.py:112:9 - error: Type of "append" is partially unknown
    Type of "append" is "(object: Unknown, /) -> None" (reportUnknownMemberType)
  /github/workspace/egolint/.agents/agents/validate-agents.py:115:5 - error: Type of "tools" is partially unknown
    Type of "tools" is "Unknown | None" (reportUnknownVariableType)
  /github/workspace/egolint/.agents/agents/validate-agents.py:115:13 - error: Type of "get" is partially unknown
    Type of "get" is "Overload[(key: Unknown, default: None = None, /) -> (Unknown | None), (key: Unknown, default: Unknown, /) -> Unknown, (key: Unknown, default: _T@get, /) -> (Unknown | _T@get)]" (reportUnknownMemberType)
  /github/workspace/egolint/.agents/agents/validate-agents.py:117:9 - error: Type of "append" is partially unknown
    Type of "append" is "(object: Unknown, /) -> None" (reportUnknownMemberType)
  /github/workspace/egolint/.agents/agents/validate-agents.py:121:9 - error: Type of "append" is partially unknown
    Type of "append" is "(object: Unknown, /) -> None" (reportUnknownMemberType)
  /github/workspace/egolint/.agents/agents/validate-agents.py:123:9 - error: Type of "append" is partially unknown
    Type of "append" is "(object: Unknown, /) -> None" (reportUnknownMemberType)
  /github/workspace/egolint/.agents/agents/validate-agents.py:127:13 - error: Type of "t" is unknown (reportUnknownVariableType)
  /github/workspace/egolint/.agents/agents/validate-agents.py:129:17 - error: Type of "append" is partially unknown
    Type of "append" is "(object: Unknown, /) -> None" (reportUnknownMemberType)
  /github/workspace/egolint/.agents/agents/validate-agents.py:132:5 - error: Type of "meta" is partially unknown
    Type of "meta" is "Unknown | None" (reportUnknownVariableType)
  /github/workspace/egolint/.agents/agents/validate-agents.py:132:12 - error: Type of "get" is partially unknown
    Type of "get" is "Overload[(key: Unknown, default: None = None, /) -> (Unknown | None), (key: Unknown, default: Unknown, /) -> Unknown, (key: Unknown, default: _T@get, /) -> (Unknown | _T@get)]" (reportUnknownMemberType)
  /github/workspace/egolint/.agents/agents/validate-agents.py:135:13 - error: Type of "append" is partially unknown
    Type of "append" is "(object: Unknown, /) -> None" (reportUnknownMemberType)
  /github/workspace/egolint/.agents/agents/validate-agents.py:139:21 - error: Type of "append" is partially unknown
    Type of "append" is "(object: Unknown, /) -> None" (reportUnknownMemberType)
  /github/workspace/egolint/.agents/agents/validate-agents.py:141:13 - error: Type of "status" is unknown (reportUnknownVariableType)
  /github/workspace/egolint/.agents/agents/validate-agents.py:141:22 - error: Type of "get" is partially unknown
    Type of "get" is "Overload[(key: Unknown, default: None = None, /) -> (Unknown | None), (key: Unknown, default: Unknown, /) -> Unknown, (key: Unknown, default: _T@get, /) -> (Unknown | _T@get)]" (reportUnknownMemberType)
  /github/workspace/egolint/.agents/agents/validate-agents.py:143:17 - error: Type of "append" is partially unknown
    Type of "append" is "(object: Unknown, /) -> None" (reportUnknownMemberType)
  /github/workspace/egolint/.agents/agents/validate-agents.py:146:17 - error: Type of "skill_id" is unknown (reportUnknownVariableType)
  /github/workspace/egolint/.agents/agents/validate-agents.py:146:29 - error: Type of "get" is partially unknown
    Type of "get" is "Overload[(key: Unknown, default: None = None, /) -> (Unknown | None), (key: Unknown, default: Unknown, /) -> Unknown, (key: Unknown, default: _T@get, /) -> (Unknown | _T@get)]" (reportUnknownMemberType)
  /github/workspace/egolint/.agents/agents/validate-agents.py:148:21 - error: Type of "append" is partially unknown
    Type of "append" is "(object: Unknown, /) -> None" (reportUnknownMemberType)
  /github/workspace/egolint/.agents/agents/validate-agents.py:151:17 - error: Type of "spec_id" is unknown (reportUnknownVariableType)
  /github/workspace/egolint/.agents/agents/validate-agents.py:151:28 - error: Type of "get" is partially unknown
    Type of "get" is "Overload[(key: Unknown, default: None = None, /) -> (Unknown | None), (key: Unknown, default: Unknown, /) -> Unknown, (key: Unknown, default: _T@get, /) -> (Unknown | _T@get)]" (reportUnknownMemberType)
  /github/workspace/egolint/.agents/agents/validate-agents.py:153:21 - error: Type of "append" is partially unknown
    Type of "append" is "(object: Unknown, /) -> None" (reportUnknownMemberType)
  /github/workspace/egolint/.agents/agents/validate-agents.py:159:13 - error: Type of "append" is partially unknown
    Type of "append" is "(object: Unknown, /) -> None" (reportUnknownMemberType)
  /github/workspace/egolint/.agents/agents/validate-agents.py:161:12 - error: Return type, "list[Unknown]", is partially unknown (reportUnknownVariableType)
  /github/workspace/egolint/.agents/agents/validate-agents.py:165:5 - error: Type of "agents" is partially unknown
    Type of "agents" is "list[Unknown]" (reportUnknownVariableType)
  /github/workspace/egolint/.agents/agents/validate-agents.py:170:5 - error: Type of "skill_ids" is partially unknown
    Type of "skill_ids" is "set[Unknown]" (reportUnknownVariableType)
  /github/workspace/egolint/.agents/agents/validate-agents.py:170:16 - error: Type of "spec_ids" is partially unknown
    Type of "spec_ids" is "set[Unknown]" (reportUnknownVariableType)
  /github/workspace/egolint/.agents/agents/validate-agents.py:175:9 - error: Type of "dir_name" is unknown (reportUnknownVariableType)
  /github/workspace/egolint/.agents/agents/validate-agents.py:175:19 - error: Type of "path" is unknown (reportUnknownVariableType)
  /github/workspace/egolint/.agents/agents/validate-agents.py:176:9 - error: Type of "errors" is partially unknown
    Type of "errors" is "list[str] | list[Unknown]" (reportUnknownVariableType)
  /github/workspace/egolint/.agents/agents/validate-agents.py:176:33 - error: Argument type is unknown
    Argument corresponds to parameter "dir_name" in function "validate_agent" (reportUnknownArgumentType)
  /github/workspace/egolint/.agents/agents/validate-agents.py:176:43 - error: Argument type is unknown
    Argument corresponds to parameter "path" in function "validate_agent" (reportUnknownArgumentType)
  /github/workspace/egolint/.agents/agents/validate-agents.py:177:9 - error: Type of "rel" is unknown (reportUnknownVariableType)
  /github/workspace/egolint/.agents/agents/validate-agents.py:177:15 - error: Type of "relative_to" is unknown (reportUnknownMemberType)
  /github/workspace/egolint/.agents/agents/validate-agents.py:179:17 - error: Type of "e" is partially unknown
    Type of "e" is "str | Unknown" (reportUnknownVariableType)
  /github/workspace/egolint/.agents/agents/validate-agents.py:181:33 - error: Argument type is partially unknown
    Argument corresponds to parameter "obj" in function "len"
    Argument type is "list[str] | list[Unknown]" (reportUnknownArgumentType)
  /github/workspace/egolint/.agents/agents/validate-agents.py:184:9 - error: Type of "append" is partially unknown
    Type of "append" is "(object: Unknown, /) -> None" (reportUnknownMemberType)
  /github/workspace/egolint/.agents/agents/validate-agents.py:184:24 - error: Argument type is unknown
    Argument corresponds to parameter "object" in function "append" (reportUnknownArgumentType)
  /github/workspace/egolint/.agents/agents/validate-agents.py:187:12 - error: Argument type is partially unknown
    Argument corresponds to parameter "obj" in function "len"
    Argument type is "list[Unknown]" (reportUnknownArgumentType)
  /github/workspace/egolint/.agents/agents/validate-agents.py:187:28 - error: Argument type is partially unknown
    Argument corresponds to parameter "obj" in function "len"
    Argument type is "set[Unknown]" (reportUnknownArgumentType)
  /github/workspace/egolint/.agents/agents/validate-agents.py:187:32 - error: Argument type is partially unknown
    Argument corresponds to parameter "iterable" in function "__init__"
    Argument type is "list[Unknown]" (reportUnknownArgumentType)
  /github/workspace/egolint/.agents/agents/validate-agents.py:192:57 - error: Argument type is partially unknown
    Argument corresponds to parameter "obj" in function "len"
    Argument type is "list[Unknown]" (reportUnknownArgumentType)
  /github/workspace/egolint/.agents/agents/validate-agents.py:195:20 - error: Argument type is partially unknown
    Argument corresponds to parameter "obj" in function "len"
    Argument type is "list[Unknown]" (reportUnknownArgumentType)
/github/workspace/egolint/.agents/skills/build-distributions.py
  /github/workspace/egolint/.agents/skills/build-distributions.py:82:5 - error: Return type, "dict[Unknown, Unknown]", is partially unknown (reportUnknownParameterType)
  /github/workspace/egolint/.agents/skills/build-distributions.py:82:38 - error: Expected type arguments for generic class "dict" (reportMissingTypeArgument)
  /github/workspace/egolint/.agents/skills/build-distributions.py:87:12 - error: Return type, "Any | dict[Unknown, Unknown]", is partially unknown (reportUnknownVariableType)
  /github/workspace/egolint/.agents/skills/build-distributions.py:106:17 - error: Type of "append" is partially unknown
    Type of "append" is "(object: Unknown, /) -> None" (reportUnknownMemberType)
  /github/workspace/egolint/.agents/skills/build-distributions.py:107:12 - error: Return type, "list[Unknown]", is partially unknown (reportUnknownVariableType)
  /github/workspace/egolint/.agents/skills/build-distributions.py:115:5 - error: Return type, "dict[Unknown, Unknown]", is partially unknown (reportUnknownParameterType)
  /github/workspace/egolint/.agents/skills/build-distributions.py:117:5 - error: Type of parameter "fm" is partially unknown
    Parameter type is "dict[Unknown, Unknown]" (reportUnknownParameterType)
  /github/workspace/egolint/.agents/skills/build-distributions.py:117:9 - error: Expected type arguments for generic class "dict" (reportMissingTypeArgument)
  /github/workspace/egolint/.agents/skills/build-distributions.py:120:6 - error: Expected type arguments for generic class "dict" (reportMissingTypeArgument)
  /github/workspace/egolint/.agents/skills/build-distributions.py:122:5 - error: Type of "artifact_version" is unknown (reportUnknownVariableType)
  /github/workspace/egolint/.agents/skills/build-distributions.py:122:24 - error: Type of "get" is partially unknown
    Type of "get" is "Unknown | Overload[(key: Unknown, default: None = None, /) -> (Unknown | None), (key: Unknown, default: Unknown, /) -> Unknown, (key: Unknown, default: _T@get, /) -> (Unknown | _T@get)]" (reportUnknownMemberType)
  /github/workspace/egolint/.agents/skills/build-distributions.py:122:25 - error: Type of "get" is partially unknown
    Type of "get" is "Overload[(key: Unknown, default: None = None, /) -> (Unknown | None), (key: Unknown, default: Unknown, /) -> Unknown, (key: Unknown, default: _T@get, /) -> (Unknown | _T@get)]" (reportUnknownMemberType)
  /github/workspace/egolint/.agents/skills/build-distributions.py:123:5 - error: Type of "compatibility" is partially unknown
    Type of "compatibility" is "Unknown | dict[str, list[Unknown]]" (reportUnknownVariableType)
  /github/workspace/egolint/.agents/skills/build-distributions.py:123:21 - error: Type of "get" is partially unknown
    Type of "get" is "Overload[(key: Unknown, default: None = None, /) -> (Unknown | None), (key: Unknown, default: Unknown, /) -> Unknown, (key: Unknown, default: _T@get, /) -> (Unknown | _T@get)]" (reportUnknownMemberType)
  /github/workspace/egolint/.agents/skills/build-distributions.py:125:9 - error: Type of "compatibility" is partially unknown
    Type of "compatibility" is "dict[str, list[Unknown]]" (reportUnknownVariableType)
  /github/workspace/egolint/.agents/skills/build-distributions.py:127:12 - error: Return type, "dict[Unknown, Unknown]", is partially unknown (reportUnknownVariableType)
  /github/workspace/egolint/.agents/skills/build-distributions.py:164:5 - error: Type of "fm" is partially unknown
    Type of "fm" is "dict[Unknown, Unknown]" (reportUnknownVariableType)
  /github/workspace/egolint/.agents/skills/build-distributions.py:182:5 - error: Type of "manifest" is partially unknown
    Type of "manifest" is "dict[Unknown, Unknown]" (reportUnknownVariableType)
  /github/workspace/egolint/.agents/skills/build-distributions.py:183:39 - error: Argument type is partially unknown
    Argument corresponds to parameter "data" in function "_canonical_json"
    Argument type is "dict[Unknown, Unknown]" (reportUnknownArgumentType)
/github/workspace/egolint/.agents/skills/build-release-artifacts.py
  /github/workspace/egolint/.agents/skills/build-release-artifacts.py:37:5 - error: Return type, "dict[Unknown, Unknown]", is partially unknown (reportUnknownParameterType)
  /github/workspace/egolint/.agents/skills/build-release-artifacts.py:37:31 - error: Expected type arguments for generic class "dict" (reportMissingTypeArgument)
  /github/workspace/egolint/.agents/skills/build-release-artifacts.py:41:5 - error: Return type, "list[dict[Unknown, Unknown]]", is partially unknown (reportUnknownParameterType)
  /github/workspace/egolint/.agents/skills/build-release-artifacts.py:41:55 - error: Expected type arguments for generic class "dict" (reportMissingTypeArgument)
  /github/workspace/egolint/.agents/skills/build-release-artifacts.py:42:5 - error: Type of "catalog" is partially unknown
    Type of "catalog" is "dict[Unknown, Unknown]" (reportUnknownVariableType)
  /github/workspace/egolint/.agents/skills/build-release-artifacts.py:44:9 - error: Type of "record" is unknown (reportUnknownVariableType)
  /github/workspace/egolint/.agents/skills/build-release-artifacts.py:44:19 - error: Type of "get" is partially unknown
    Type of "get" is "Overload[(key: Unknown, default: None = None, /) -> (Unknown | None), (key: Unknown, default: Unknown, /) -> Unknown, (key: Unknown, default: _T@get, /) -> (Unknown | _T@get)]" (reportUnknownMemberType)
  /github/workspace/egolint/.agents/skills/build-release-artifacts.py:45:12 - error: Type of "get" is unknown (reportUnknownMemberType)
  /github/workspace/egolint/.agents/skills/build-release-artifacts.py:47:13 - error: Type of "get" is partially unknown
    Type of "get" is "Unknown | Overload[(key: Unknown, default: None = None, /) -> (Unknown | None), (key: Unknown, default: Unknown, /) -> Unknown, (key: Unknown, default: _T@get, /) -> (Unknown | _T@get)]" (reportUnknownMemberType)
  /github/workspace/egolint/.agents/skills/build-release-artifacts.py:47:14 - error: Type of "get" is unknown (reportUnknownMemberType)
  /github/workspace/egolint/.agents/skills/build-release-artifacts.py:49:16 - error: Type of "get" is partially unknown
    Type of "get" is "Unknown | Overload[(key: Unknown, default: None = None, /) -> (Unknown | None), (key: Unknown, default: Unknown, /) -> Unknown, (key: Unknown, default: _T@get, /) -> (Unknown | _T@get)]" (reportUnknownMemberType)
  /github/workspace/egolint/.agents/skills/build-release-artifacts.py:49:17 - error: Type of "get" is unknown (reportUnknownMemberType)
  /github/workspace/egolint/.agents/skills/build-release-artifacts.py:51:9 - error: Type of "append" is partially unknown
    Type of "append" is "(object: Unknown, /) -> None" (reportUnknownMemberType)
  /github/workspace/egolint/.agents/skills/build-release-artifacts.py:51:24 - error: Argument type is unknown
    Argument corresponds to parameter "object" in function "append" (reportUnknownArgumentType)
  /github/workspace/egolint/.agents/skills/build-release-artifacts.py:52:12 - error: Return type, "list[dict[Unknown, Unknown]]", is partially unknown (reportUnknownVariableType)
  /github/workspace/egolint/.agents/skills/build-release-artifacts.py:52:19 - error: Argument type is partially unknown
    Argument corresponds to parameter "iterable" in function "sorted"
    Argument type is "list[Unknown]" (reportUnknownArgumentType)
  /github/workspace/egolint/.agents/skills/build-release-artifacts.py:52:32 - error: Argument type is partially unknown
    Argument corresponds to parameter "key" in function "sorted"
    Argument type is "(item: dict[Unknown, Unknown]) -> Unknown" (reportUnknownArgumentType)
  /github/workspace/egolint/.agents/skills/build-release-artifacts.py:52:39 - error: Type of parameter "item" is partially unknown (reportUnknownLambdaType)
  /github/workspace/egolint/.agents/skills/build-release-artifacts.py:52:45 - error: Return type of lambda is unknown (reportUnknownLambdaType)
  /github/workspace/egolint/.agents/skills/build-release-artifacts.py:55:5 - error: Return type, "dict[Unknown, Unknown]", is partially unknown (reportUnknownParameterType)
  /github/workspace/egolint/.agents/skills/build-release-artifacts.py:55:77 - error: Expected type arguments for generic class "dict" (reportMissingTypeArgument)
  /github/workspace/egolint/.agents/skills/build-release-artifacts.py:59:12 - error: Return type, "dict[Unknown, Unknown]", is partially unknown (reportUnknownVariableType)
  /github/workspace/egolint/.agents/skills/build-release-artifacts.py:62:5 - error: Return type, "dict[Unknown, Unknown]", is partially unknown (reportUnknownParameterType)
  /github/workspace/egolint/.agents/skills/build-release-artifacts.py:62:47 - error: Type of parameter "records" is partially unknown
    Parameter type is "list[dict[Unknown, Unknown]]" (reportUnknownParameterType)
  /github/workspace/egolint/.agents/skills/build-release-artifacts.py:62:61 - error: Expected type arguments for generic class "dict" (reportMissingTypeArgument)
  /github/workspace/egolint/.agents/skills/build-release-artifacts.py:62:95 - error: Expected type arguments for generic class "dict" (reportMissingTypeArgument)
  /github/workspace/egolint/.agents/skills/build-release-artifacts.py:64:9 - error: Type of "record" is partially unknown
    Type of "record" is "dict[Unknown, Unknown]" (reportUnknownVariableType)
  /github/workspace/egolint/.agents/skills/build-release-artifacts.py:65:9 - error: Type of "skill_name" is unknown (reportUnknownVariableType)
  /github/workspace/egolint/.agents/skills/build-release-artifacts.py:65:22 - error: Type of "split" is unknown (reportUnknownMemberType)
  /github/workspace/egolint/.agents/skills/build-release-artifacts.py:66:9 - error: Type of "dist_manifest" is partially unknown
    Type of "dist_manifest" is "dict[Unknown, Unknown]" (reportUnknownVariableType)
  /github/workspace/egolint/.agents/skills/build-release-artifacts.py:66:71 - error: Argument type is unknown
    Argument corresponds to parameter "skill_name" in function "_load_distribution_manifest" (reportUnknownArgumentType)
  /github/workspace/egolint/.agents/skills/build-release-artifacts.py:67:12 - error: Type of "get" is partially unknown
    Type of "get" is "Overload[(key: Unknown, default: None = None, /) -> (Unknown | None), (key: Unknown, default: Unknown, /) -> Unknown, (key: Unknown, default: _T@get, /) -> (Unknown | _T@get)]" (reportUnknownMemberType)
  /github/workspace/egolint/.agents/skills/build-release-artifacts.py:70:20 - error: Type of "get" is partially unknown
    Type of "get" is "Overload[(key: Unknown, default: None = None, /) -> (Unknown | None), (key: Unknown, default: Unknown, /) -> Unknown, (key: Unknown, default: _T@get, /) -> (Unknown | _T@get)]" (reportUnknownMemberType)
  /github/workspace/egolint/.agents/skills/build-release-artifacts.py:72:12 - error: Type of "get" is partially unknown
    Type of "get" is "Overload[(key: Unknown, default: None = None, /) -> (Unknown | None), (key: Unknown, default: Unknown, /) -> Unknown, (key: Unknown, default: _T@get, /) -> (Unknown | _T@get)]" (reportUnknownMemberType)
  /github/workspace/egolint/.agents/skills/build-release-artifacts.py:75:20 - error: Type of "get" is partially unknown
    Type of "get" is "Overload[(key: Unknown, default: None = None, /) -> (Unknown | None), (key: Unknown, default: Unknown, /) -> Unknown, (key: Unknown, default: _T@get, /) -> (Unknown | _T@get)]" (reportUnknownMemberType)
  /github/workspace/egolint/.agents/skills/build-release-artifacts.py:77:12 - error: Type of "get" is partially unknown
    Type of "get" is "Unknown | Overload[(key: Unknown, default: None = None, /) -> (Unknown | None), (key: Unknown, default: Unknown, /) -> Unknown, (key: Unknown, default: _T@get, /) -> (Unknown | _T@get)]" (reportUnknownMemberType)
  /github/workspace/egolint/.agents/skills/build-release-artifacts.py:77:13 - error: Type of "get" is partially unknown
    Type of "get" is "Overload[(key: Unknown, default: None = None, /) -> (Unknown | None), (key: Unknown, default: Unknown, /) -> Unknown, (key: Unknown, default: _T@get, /) -> (Unknown | _T@get)]" (reportUnknownMemberType)
  /github/workspace/egolint/.agents/skills/build-release-artifacts.py:78:13 - error: Type of "get" is partially unknown
    Type of "get" is "Unknown | Overload[(key: Unknown, default: None = None, /) -> (Unknown | None), (key: Unknown, default: Unknown, /) -> Unknown, (key: Unknown, default: _T@get, /) -> (Unknown | _T@get)]" (reportUnknownMemberType)
  /github/workspace/egolint/.agents/skills/build-release-artifacts.py:78:14 - error: Type of "get" is partially unknown
    Type of "get" is "Overload[(key: Unknown, default: None = None, /) -> (Unknown | None), (key: Unknown, default: Unknown, /) -> Unknown, (key: Unknown, default: _T@get, /) -> (Unknown | _T@get)]" (reportUnknownMemberType)
  /github/workspace/egolint/.agents/skills/build-release-artifacts.py:81:9 - error: Type of "append" is partially unknown
    Type of "append" is "(object: Unknown, /) -> None" (reportUnknownMemberType)
  /github/workspace/egolint/.agents/skills/build-release-artifacts.py:95:12 - error: Return type, "dict[Unknown, Unknown]", is partially unknown (reportUnknownVariableType)
  /github/workspace/egolint/.agents/skills/build-release-artifacts.py:102:32 - error: Type of parameter "release_manifest" is partially unknown
    Parameter type is "dict[Unknown, Unknown]" (reportUnknownParameterType)
  /github/workspace/egolint/.agents/skills/build-release-artifacts.py:102:50 - error: Expected type arguments for generic class "dict" (reportMissingTypeArgument)
  /github/workspace/egolint/.agents/skills/build-release-artifacts.py:103:5 - error: Type of "schema" is partially unknown
    Type of "schema" is "dict[Unknown, Unknown]" (reportUnknownVariableType)
  /github/workspace/egolint/.agents/skills/build-release-artifacts.py:104:38 - error: Argument type is partially unknown
    Argument corresponds to parameter "schema" in function "__init__"
    Argument type is "dict[Unknown, Unknown]" (reportUnknownArgumentType)
  /github/workspace/egolint/.agents/skills/build-release-artifacts.py:105:21 - error: Type of "iter_errors" is partially unknown
    Type of "iter_errors" is "Overload[(instance: str | int | float | bool | Mapping[str, _JsonParameter] | Sequence[_JsonParameter] | None) -> Generator[Any, None, None], (instance: Unknown, _schema: Unknown | None) -> Generator[Any, None, None]]" (reportUnknownMemberType)
  /github/workspace/egolint/.agents/skills/build-release-artifacts.py:105:43 - error: Argument type is partially unknown
    Argument corresponds to parameter "instance" in function "iter_errors"
    Argument type is "dict[Unknown, Unknown]" (reportUnknownArgumentType)
  /github/workspace/egolint/.agents/skills/build-release-artifacts.py:117:9 - error: Type of "append" is partially unknown
    Type of "append" is "(object: Unknown, /) -> None" (reportUnknownMemberType)
  /github/workspace/egolint/.agents/skills/build-release-artifacts.py:118:22 - error: Argument type is partially unknown
    Argument corresponds to parameter "iterable" in function "join"
    Argument type is "list[Unknown]" (reportUnknownArgumentType)
  /github/workspace/egolint/.agents/skills/build-release-artifacts.py:121:28 - error: Type of parameter "records" is partially unknown
    Parameter type is "list[dict[Unknown, Unknown]]" (reportUnknownParameterType)
  /github/workspace/egolint/.agents/skills/build-release-artifacts.py:121:42 - error: Expected type arguments for generic class "dict" (reportMissingTypeArgument)
  /github/workspace/egolint/.agents/skills/build-release-artifacts.py:130:9 - error: Type of "record" is partially unknown
    Type of "record" is "dict[Unknown, Unknown]" (reportUnknownVariableType)
  /github/workspace/egolint/.agents/skills/build-release-artifacts.py:132:82 - error: Type of "get" is partially unknown
    Type of "get" is "Overload[(key: Unknown, default: None = None, /) -> (Unknown | None), (key: Unknown, default: Unknown, /) -> Unknown, (key: Unknown, default: _T@get, /) -> (Unknown | _T@get)]" (reportUnknownMemberType)
  /github/workspace/egolint/.agents/skills/build-release-artifacts.py:153:13 - error: Type of "append" is partially unknown
    Type of "append" is "(object: Unknown, /) -> None" (reportUnknownMemberType)
  /github/workspace/egolint/.agents/skills/build-release-artifacts.py:158:13 - error: Type of "append" is partially unknown
    Type of "append" is "(object: Unknown, /) -> None" (reportUnknownMemberType)
  /github/workspace/egolint/.agents/skills/build-release-artifacts.py:159:22 - error: Argument type is partially unknown
    Argument corresponds to parameter "iterable" in function "join"
    Argument type is "list[Unknown]" (reportUnknownArgumentType)
  /github/workspace/egolint/.agents/skills/build-release-artifacts.py:162:44 - error: Type of parameter "release_manifest" is partially unknown
    Parameter type is "dict[Unknown, Unknown]" (reportUnknownParameterType)
  /github/workspace/egolint/.agents/skills/build-release-artifacts.py:162:62 - error: Expected type arguments for generic class "dict" (reportMissingTypeArgument)
  /github/workspace/egolint/.agents/skills/build-release-artifacts.py:165:13 - error: Type of "artifact" is unknown (reportUnknownVariableType)
  /github/workspace/egolint/.agents/skills/build-release-artifacts.py:182:5 - error: Return type, "dict[Unknown, Unknown]", is partially unknown (reportUnknownParameterType)
  /github/workspace/egolint/.agents/skills/build-release-artifacts.py:185:5 - error: Type of parameter "release_manifest" is partially unknown
    Parameter type is "dict[Unknown, Unknown]" (reportUnknownParameterType)
  /github/workspace/egolint/.agents/skills/build-release-artifacts.py:185:23 - error: Expected type arguments for generic class "dict" (reportMissingTypeArgument)
  /github/workspace/egolint/.agents/skills/build-release-artifacts.py:187:6 - error: Expected type arguments for generic class "dict" (reportMissingTypeArgument)
  /github/workspace/egolint/.agents/skills/build-release-artifacts.py:191:13 - error: Type of "append" is partially unknown
    Type of "append" is "(object: Unknown, /) -> None" (reportUnknownMemberType)
  /github/workspace/egolint/.agents/skills/build-release-artifacts.py:197:12 - error: Return type, "dict[Unknown, Unknown]", is partially unknown (reportUnknownVariableType)
  /github/workspace/egolint/.agents/skills/build-release-artifacts.py:211:5 - error: Type of "records" is partially unknown
    Type of "records" is "list[dict[Unknown, Unknown]]" (reportUnknownVariableType)
  /github/workspace/egolint/.agents/skills/build-release-artifacts.py:215:5 - error: Type of "release_manifest" is partially unknown
    Type of "release_manifest" is "dict[Unknown, Unknown]" (reportUnknownVariableType)
  /github/workspace/egolint/.agents/skills/build-release-artifacts.py:219:25 - error: Argument type is partially unknown
    Argument corresponds to parameter "data" in function "_canonical_json"
    Argument type is "dict[Unknown, Unknown]" (reportUnknownArgumentType)
  /github/workspace/egolint/.agents/skills/build-release-artifacts.py:236:13 - error: Argument type is partially unknown
    Argument corresponds to parameter "data" in function "_canonical_json"
    Argument type is "dict[Unknown, Unknown]" (reportUnknownArgumentType)
/github/workspace/egolint/.agents/skills/validate-skills.py
  /github/workspace/egolint/.agents/skills/validate-skills.py:31:5 - error: Return type, "list[tuple[Unknown, Unknown]]", is partially unknown (reportUnknownParameterType)
  /github/workspace/egolint/.agents/skills/validate-skills.py:31:17 - error: Type of parameter "base" is unknown (reportUnknownParameterType)
  /github/workspace/egolint/.agents/skills/validate-skills.py:31:17 - error: Type annotation is missing for parameter "base" (reportMissingParameterType)
  /github/workspace/egolint/.agents/skills/validate-skills.py:32:12 - error: Return type, "list[tuple[Unknown, Unknown]]", is partially unknown (reportUnknownVariableType)
  /github/workspace/egolint/.agents/skills/validate-skills.py:33:9 - error: Argument type is partially unknown
    Argument corresponds to parameter "iterable" in function "sorted"
    Argument type is "Generator[tuple[Unknown, Unknown], None, None]" (reportUnknownArgumentType)
  /github/workspace/egolint/.agents/skills/validate-skills.py:33:10 - error: Type of "parent" is unknown (reportUnknownMemberType)
  /github/workspace/egolint/.agents/skills/validate-skills.py:33:10 - error: Type of "relative_to" is unknown (reportUnknownMemberType)
  /github/workspace/egolint/.agents/skills/validate-skills.py:33:63 - error: Type of "skill_path" is unknown (reportUnknownVariableType)
  /github/workspace/egolint/.agents/skills/validate-skills.py:33:77 - error: Type of "rglob" is unknown (reportUnknownMemberType)
  /github/workspace/egolint/.agents/skills/validate-skills.py:37:5 - error: Return type, "list[str] | list[Unknown]", is partially unknown (reportUnknownParameterType)
  /github/workspace/egolint/.agents/skills/validate-skills.py:37:20 - error: Type of parameter "rel" is unknown (reportUnknownParameterType)
  /github/workspace/egolint/.agents/skills/validate-skills.py:37:20 - error: Type annotation is missing for parameter "rel" (reportMissingParameterType)
  /github/workspace/egolint/.agents/skills/validate-skills.py:37:25 - error: Type of parameter "path" is unknown (reportUnknownParameterType)
  /github/workspace/egolint/.agents/skills/validate-skills.py:37:25 - error: Type annotation is missing for parameter "path" (reportMissingParameterType)
  /github/workspace/egolint/.agents/skills/validate-skills.py:38:5 - error: Type of "dir_name" is unknown (reportUnknownVariableType)
  /github/workspace/egolint/.agents/skills/validate-skills.py:38:16 - error: Type of "name" is unknown (reportUnknownMemberType)
  /github/workspace/egolint/.agents/skills/validate-skills.py:41:10 - error: Type of "open" is unknown (reportUnknownMemberType)
  /github/workspace/egolint/.agents/skills/validate-skills.py:41:41 - error: Type of "f" is unknown (reportUnknownVariableType)
  /github/workspace/egolint/.agents/skills/validate-skills.py:42:9 - error: Type of "content" is unknown (reportUnknownVariableType)
  /github/workspace/egolint/.agents/skills/validate-skills.py:42:19 - error: Type of "read" is unknown (reportUnknownMemberType)
  /github/workspace/egolint/.agents/skills/validate-skills.py:44:30 - error: Argument type is unknown
    Argument corresponds to parameter "string" in function "match" (reportUnknownArgumentType)
  /github/workspace/egolint/.agents/skills/validate-skills.py:58:13 - error: Type of "append" is partially unknown
    Type of "append" is "(object: Unknown, /) -> None" (reportUnknownMemberType)
  /github/workspace/egolint/.agents/skills/validate-skills.py:61:20 - error: Argument type is unknown
    Argument corresponds to parameter "object" in function "__new__" (reportUnknownArgumentType)
  /github/workspace/egolint/.agents/skills/validate-skills.py:63:13 - error: Type of "append" is partially unknown
    Type of "append" is "(object: Unknown, /) -> None" (reportUnknownMemberType)
  /github/workspace/egolint/.agents/skills/validate-skills.py:65:13 - error: Type of "append" is partially unknown
    Type of "append" is "(object: Unknown, /) -> None" (reportUnknownMemberType)
  /github/workspace/egolint/.agents/skills/validate-skills.py:67:13 - error: Type of "append" is partially unknown
    Type of "append" is "(object: Unknown, /) -> None" (reportUnknownMemberType)
  /github/workspace/egolint/.agents/skills/validate-skills.py:70:20 - error: Argument type is unknown
    Argument corresponds to parameter "object" in function "__new__" (reportUnknownArgumentType)
  /github/workspace/egolint/.agents/skills/validate-skills.py:72:13 - error: Type of "append" is partially unknown
    Type of "append" is "(object: Unknown, /) -> None" (reportUnknownMemberType)
  /github/workspace/egolint/.agents/skills/validate-skills.py:74:13 - error: Type of "append" is partially unknown
    Type of "append" is "(object: Unknown, /) -> None" (reportUnknownMemberType)
  /github/workspace/egolint/.agents/skills/validate-skills.py:76:9 - error: Type of "key" is unknown (reportUnknownVariableType)
  /github/workspace/egolint/.agents/skills/validate-skills.py:78:13 - error: Type of "append" is partially unknown
    Type of "append" is "(object: Unknown, /) -> None" (reportUnknownMemberType)
  /github/workspace/egolint/.agents/skills/validate-skills.py:81:9 - error: Type of "append" is partially unknown
    Type of "append" is "(object: Unknown, /) -> None" (reportUnknownMemberType)
  /github/workspace/egolint/.agents/skills/validate-skills.py:83:12 - error: Return type, "list[Unknown]", is partially unknown (reportUnknownVariableType)
  /github/workspace/egolint/.agents/skills/validate-skills.py:92:9 - error: Type of "errs" is partially unknown
    Type of "errs" is "list[str] | list[Unknown]" (reportUnknownVariableType)
  /github/workspace/egolint/.agents/skills/validate-skills.py:96:13 - error: Type of "e" is partially unknown
    Type of "e" is "str | Unknown" (reportUnknownVariableType)
  /github/workspace/egolint/.agents/skills/validate-skills.py:99:28 - error: Argument type is unknown
    Argument corresponds to parameter "obj" in function "len" (reportUnknownArgumentType)
  /github/workspace/egolint/.agents/skills/validate-skills.py:99:35 - error: Type of "v" is unknown (reportUnknownVariableType)
  /github/workspace/egolint/.agents/skills/validate-skills.py:104:55 - error: Type of "v" is unknown (reportUnknownVariableType)
/github/workspace/egolint/.agents/specs/validate-specs.py
  /github/workspace/egolint/.agents/specs/validate-specs.py:60:5 - error: Return type, "Any | dict[Unknown, Unknown] | None", is partially unknown (reportUnknownParameterType)
  /github/workspace/egolint/.agents/specs/validate-specs.py:60:23 - error: Type of parameter "path" is unknown (reportUnknownParameterType)
  /github/workspace/egolint/.agents/specs/validate-specs.py:60:23 - error: Type annotation is missing for parameter "path" (reportMissingParameterType)
  /github/workspace/egolint/.agents/specs/validate-specs.py:62:5 - error: Type of "text" is unknown (reportUnknownVariableType)
  /github/workspace/egolint/.agents/specs/validate-specs.py:62:12 - error: Type of "read_text" is unknown (reportUnknownMemberType)
  /github/workspace/egolint/.agents/specs/validate-specs.py:63:45 - error: Argument type is unknown
    Argument corresponds to parameter "string" in function "match" (reportUnknownArgumentType)
  /github/workspace/egolint/.agents/specs/validate-specs.py:67:16 - error: Return type, "Any | dict[Unknown, Unknown]", is partially unknown (reportUnknownVariableType)
  /github/workspace/egolint/.agents/specs/validate-specs.py:72:5 - error: Return type, "dict[Unknown, Unknown]", is partially unknown (reportUnknownParameterType)
  /github/workspace/egolint/.agents/specs/validate-specs.py:72:17 - error: Type of parameter "directory" is unknown (reportUnknownParameterType)
  /github/workspace/egolint/.agents/specs/validate-specs.py:72:17 - error: Type annotation is missing for parameter "directory" (reportMissingParameterType)
  /github/workspace/egolint/.agents/specs/validate-specs.py:72:28 - error: Type of parameter "filename" is unknown (reportUnknownParameterType)
  /github/workspace/egolint/.agents/specs/validate-specs.py:72:28 - error: Type annotation is missing for parameter "filename" (reportMissingParameterType)
  /github/workspace/egolint/.agents/specs/validate-specs.py:72:38 - error: Type annotation is missing for parameter "identity_field" (reportMissingParameterType)
  /github/workspace/egolint/.agents/specs/validate-specs.py:75:9 - error: Type of "path" is unknown (reportUnknownVariableType)
  /github/workspace/egolint/.agents/specs/validate-specs.py:75:24 - error: Type of "rglob" is unknown (reportUnknownMemberType)
  /github/workspace/egolint/.agents/specs/validate-specs.py:75:24 - error: Argument type is unknown
    Argument corresponds to parameter "iterable" in function "sorted" (reportUnknownArgumentType)
  /github/workspace/egolint/.agents/specs/validate-specs.py:76:9 - error: Type of "fm" is partially unknown
    Type of "fm" is "Any | dict[Unknown, Unknown] | None" (reportUnknownVariableType)
  /github/workspace/egolint/.agents/specs/validate-specs.py:76:32 - error: Argument type is unknown
    Argument corresponds to parameter "path" in function "parse_frontmatter" (reportUnknownArgumentType)
  /github/workspace/egolint/.agents/specs/validate-specs.py:79:12 - error: Return type, "dict[Unknown, Unknown]", is partially unknown (reportUnknownVariableType)
  /github/workspace/egolint/.agents/specs/validate-specs.py:82:5 - error: Return type, "Unknown | bool", is partially unknown (reportUnknownParameterType)
  /github/workspace/egolint/.agents/specs/validate-specs.py:82:23 - error: Type of parameter "ref" is unknown (reportUnknownParameterType)
  /github/workspace/egolint/.agents/specs/validate-specs.py:82:23 - error: Type annotation is missing for parameter "ref" (reportMissingParameterType)
  /github/workspace/egolint/.agents/specs/validate-specs.py:84:12 - error: Return type, "Unknown | bool", is partially unknown (reportUnknownVariableType)
  /github/workspace/egolint/.agents/specs/validate-specs.py:85:9 - error: Type of "startswith" is unknown (reportUnknownMemberType)
  /github/workspace/egolint/.agents/specs/validate-specs.py:87:25 - error: Argument type is unknown
    Argument corresponds to parameter "args" in function "__init__" (reportUnknownArgumentType)
  /github/workspace/egolint/.agents/specs/validate-specs.py:87:46 - error: Argument type is unknown
    Argument corresponds to parameter "args" in function "__init__" (reportUnknownArgumentType)
  /github/workspace/egolint/.agents/specs/validate-specs.py:91:5 - error: Return type, "list[Unknown]", is partially unknown (reportUnknownParameterType)
  /github/workspace/egolint/.agents/specs/validate-specs.py:91:17 - error: Type of parameter "graph" is unknown (reportUnknownParameterType)
  /github/workspace/egolint/.agents/specs/validate-specs.py:91:17 - error: Type annotation is missing for parameter "graph" (reportMissingParameterType)
  /github/workspace/egolint/.agents/specs/validate-specs.py:93:5 - error: Type of "visited" is partially unknown
    Type of "visited" is "set[Unknown]" (reportUnknownVariableType)
  /github/workspace/egolint/.agents/specs/validate-specs.py:94:5 - error: Type of "stack" is partially unknown
    Type of "stack" is "set[Unknown]" (reportUnknownVariableType)
  /github/workspace/egolint/.agents/specs/validate-specs.py:97:13 - error: Type of parameter "node" is unknown (reportUnknownParameterType)
  /github/workspace/egolint/.agents/specs/validate-specs.py:97:13 - error: Type annotation is missing for parameter "node" (reportMissingParameterType)
  /github/workspace/egolint/.agents/specs/validate-specs.py:97:19 - error: Type of parameter "path" is unknown (reportUnknownParameterType)
  /github/workspace/egolint/.agents/specs/validate-specs.py:97:19 - error: Type annotation is missing for parameter "path" (reportMissingParameterType)
  /github/workspace/egolint/.agents/specs/validate-specs.py:99:13 - error: Type of "idx" is unknown (reportUnknownVariableType)
  /github/workspace/egolint/.agents/specs/validate-specs.py:99:19 - error: Type of "index" is unknown (reportUnknownMemberType)
  /github/workspace/egolint/.agents/specs/validate-specs.py:100:13 - error: Type of "append" is partially unknown
    Type of "append" is "(object: Unknown, /) -> None" (reportUnknownMemberType)
  /github/workspace/egolint/.agents/specs/validate-specs.py:104:9 - error: Type of "add" is partially unknown
    Type of "add" is "(element: Unknown, /) -> None" (reportUnknownMemberType)
  /github/workspace/egolint/.agents/specs/validate-specs.py:104:21 - error: Argument type is unknown
    Argument corresponds to parameter "element" in function "add" (reportUnknownArgumentType)
  /github/workspace/egolint/.agents/specs/validate-specs.py:105:9 - error: Type of "add" is partially unknown
    Type of "add" is "(element: Unknown, /) -> None" (reportUnknownMemberType)
  /github/workspace/egolint/.agents/specs/validate-specs.py:105:19 - error: Argument type is unknown
    Argument corresponds to parameter "element" in function "add" (reportUnknownArgumentType)
  /github/workspace/egolint/.agents/specs/validate-specs.py:106:13 - error: Type of "neighbour" is unknown (reportUnknownVariableType)
  /github/workspace/egolint/.agents/specs/validate-specs.py:106:26 - error: Type of "get" is unknown (reportUnknownMemberType)
  /github/workspace/egolint/.agents/specs/validate-specs.py:107:17 - error: Argument type is unknown
    Argument corresponds to parameter "node" in function "dfs" (reportUnknownArgumentType)
  /github/workspace/egolint/.agents/specs/validate-specs.py:108:23 - error: Argument type is unknown
    Argument corresponds to parameter "element" in function "discard" (reportUnknownArgumentType)
  /github/workspace/egolint/.agents/specs/validate-specs.py:110:9 - error: Type of "node" is unknown (reportUnknownVariableType)
  /github/workspace/egolint/.agents/specs/validate-specs.py:110:22 - error: Argument type is unknown
    Argument corresponds to parameter "iterable" in function "__init__" (reportUnknownArgumentType)
  /github/workspace/egolint/.agents/specs/validate-specs.py:111:13 - error: Argument type is unknown
    Argument corresponds to parameter "node" in function "dfs" (reportUnknownArgumentType)
  /github/workspace/egolint/.agents/specs/validate-specs.py:112:12 - error: Return type, "list[Unknown]", is partially unknown (reportUnknownVariableType)
  /github/workspace/egolint/.agents/specs/validate-specs.py:124:5 - error: Type of "skill_ids" is partially unknown
    Type of "skill_ids" is "dict[Unknown, Unknown]" (reportUnknownVariableType)
  /github/workspace/egolint/.agents/specs/validate-specs.py:128:9 - error: Type of "fm" is partially unknown
    Type of "fm" is "Any | dict[Unknown, Unknown] | None" (reportUnknownVariableType)
  /github/workspace/egolint/.agents/specs/validate-specs.py:130:13 - error: Type of "append" is partially unknown
    Type of "append" is "(object: Unknown, /) -> None" (reportUnknownMemberType)
  /github/workspace/egolint/.agents/specs/validate-specs.py:136:9 - error: Type of "path" is unknown (reportUnknownVariableType)
  /github/workspace/egolint/.agents/specs/validate-specs.py:136:15 - error: Type of "fm" is unknown (reportUnknownVariableType)
  /github/workspace/egolint/.agents/specs/validate-specs.py:137:9 - error: Type of "rel" is unknown (reportUnknownVariableType)
  /github/workspace/egolint/.agents/specs/validate-specs.py:137:15 - error: Type of "relative_to" is unknown (reportUnknownMemberType)
  /github/workspace/egolint/.agents/specs/validate-specs.py:138:9 - error: Type of "schema" is unknown (reportUnknownVariableType)
  /github/workspace/egolint/.agents/specs/validate-specs.py:138:18 - error: Type of "get" is unknown (reportUnknownMemberType)
  /github/workspace/egolint/.agents/specs/validate-specs.py:140:13 - error: Type of "append" is partially unknown
    Type of "append" is "(object: Unknown, /) -> None" (reportUnknownMemberType)
  /github/workspace/egolint/.agents/specs/validate-specs.py:143:17 - error: Type of "append" is partially unknown
    Type of "append" is "(object: Unknown, /) -> None" (reportUnknownMemberType)
  /github/workspace/egolint/.agents/specs/validate-specs.py:144:9 - error: Type of "spec_id" is unknown (reportUnknownVariableType)
  /github/workspace/egolint/.agents/specs/validate-specs.py:144:19 - error: Type of "get" is unknown (reportUnknownMemberType)
  /github/workspace/egolint/.agents/specs/validate-specs.py:147:17 - error: Type of "append" is partially unknown
    Type of "append" is "(object: Unknown, /) -> None" (reportUnknownMemberType)
  /github/workspace/egolint/.agents/specs/validate-specs.py:148:62 - error: Type of "relative_to" is unknown (reportUnknownMemberType)
  /github/workspace/egolint/.agents/specs/validate-specs.py:154:5 - error: Type of "update" is partially unknown
    Type of "update" is "Overload[(m: SupportsKeysAndGetItem[Unknown, Unknown], /) -> None, (m: SupportsKeysAndGetItem[str, Unknown], /, **kwargs: Unknown) -> None, (m: Iterable[tuple[Unknown, Unknown]], /) -> None, (m: Iterable[tuple[str, Unknown]], /, **kwargs: Unknown) -> None, (**kwargs: Unknown) -> None]" (reportUnknownMemberType)
  /github/workspace/egolint/.agents/specs/validate-specs.py:155:5 - error: Type of "update" is partially unknown
    Type of "update" is "Overload[(m: SupportsKeysAndGetItem[Unknown, Unknown], /) -> None, (m: SupportsKeysAndGetItem[str, Unknown], /, **kwargs: Unknown) -> None, (m: Iterable[tuple[Unknown, Unknown]], /) -> None, (m: Iterable[tuple[str, Unknown]], /, **kwargs: Unknown) -> None, (**kwargs: Unknown) -> None]" (reportUnknownMemberType)
  /github/workspace/egolint/.agents/specs/validate-specs.py:158:5 - error: Type of "dep_graph" is partially unknown
    Type of "dep_graph" is "dict[Unknown, list[Unknown]]" (reportUnknownVariableType)
  /github/workspace/egolint/.agents/specs/validate-specs.py:158:30 - error: Type of "sid" is unknown (reportUnknownVariableType)
  /github/workspace/egolint/.agents/specs/validate-specs.py:159:9 - error: Type of "path" is unknown (reportUnknownVariableType)
  /github/workspace/egolint/.agents/specs/validate-specs.py:159:15 - error: Type of "fm" is unknown (reportUnknownVariableType)
  /github/workspace/egolint/.agents/specs/validate-specs.py:160:9 - error: Type of "rel" is unknown (reportUnknownVariableType)
  /github/workspace/egolint/.agents/specs/validate-specs.py:160:15 - error: Type of "relative_to" is unknown (reportUnknownMemberType)
  /github/workspace/egolint/.agents/specs/validate-specs.py:161:9 - error: Type of "spec_id" is unknown (reportUnknownVariableType)
  /github/workspace/egolint/.agents/specs/validate-specs.py:161:19 - error: Type of "get" is unknown (reportUnknownMemberType)
  /github/workspace/egolint/.agents/specs/validate-specs.py:163:13 - error: Type of "targets" is partially unknown
    Type of "targets" is "Unknown | list[Unknown]" (reportUnknownVariableType)
  /github/workspace/egolint/.agents/specs/validate-specs.py:163:23 - error: Type of "get" is unknown (reportUnknownMemberType)
  /github/workspace/egolint/.agents/specs/validate-specs.py:166:17 - error: Type of "target" is partially unknown
    Type of "target" is "str | Unknown" (reportUnknownVariableType)
  /github/workspace/egolint/.agents/specs/validate-specs.py:167:17 - error: Type of "setdefault" is partially unknown
    Type of "setdefault" is "(key: Unknown, default: list[Unknown], /) -> list[Unknown]" (reportUnknownMemberType)
  /github/workspace/egolint/.agents/specs/validate-specs.py:167:17 - error: Type of "append" is partially unknown
    Type of "append" is "(object: Unknown, /) -> None" (reportUnknownMemberType)
  /github/workspace/egolint/.agents/specs/validate-specs.py:167:38 - error: Argument type is unknown
    Argument corresponds to parameter "key" in function "setdefault" (reportUnknownArgumentType)
  /github/workspace/egolint/.agents/specs/validate-specs.py:169:21 - error: Type of "append" is partially unknown
    Type of "append" is "(object: Unknown, /) -> None" (reportUnknownMemberType)
  /github/workspace/egolint/.agents/specs/validate-specs.py:171:13 - error: Type of "targets" is partially unknown
    Type of "targets" is "Unknown | list[Unknown]" (reportUnknownVariableType)
  /github/workspace/egolint/.agents/specs/validate-specs.py:171:23 - error: Type of "get" is unknown (reportUnknownMemberType)
  /github/workspace/egolint/.agents/specs/validate-specs.py:174:17 - error: Type of "target" is partially unknown
    Type of "target" is "str | Unknown" (reportUnknownVariableType)
  /github/workspace/egolint/.agents/specs/validate-specs.py:176:21 - error: Type of "append" is partially unknown
    Type of "append" is "(object: Unknown, /) -> None" (reportUnknownMemberType)
  /github/workspace/egolint/.agents/specs/validate-specs.py:179:5 - error: Type of "cycles" is partially unknown
    Type of "cycles" is "list[Unknown]" (reportUnknownVariableType)
  /github/workspace/egolint/.agents/specs/validate-specs.py:180:9 - error: Type of "cycle" is unknown (reportUnknownVariableType)
  /github/workspace/egolint/.agents/specs/validate-specs.py:181:9 - error: Type of "append" is partially unknown
    Type of "append" is "(object: Unknown, /) -> None" (reportUnknownMemberType)
  /github/workspace/egolint/.agents/specs/validate-specs.py:181:65 - error: Argument type is unknown
    Argument corresponds to parameter "iterable" in function "join" (reportUnknownArgumentType)
  /github/workspace/egolint/.agents/specs/validate-specs.py:190:13 - error: Type of "skill_fm" is partially unknown
    Type of "skill_fm" is "Any | dict[Unknown, Unknown]" (reportUnknownVariableType)
  /github/workspace/egolint/.agents/specs/validate-specs.py:193:9 - error: Type of "refs" is partially unknown
    Type of "refs" is "Unknown | Any | list[Unknown]" (reportUnknownVariableType)
  /github/workspace/egolint/.agents/specs/validate-specs.py:193:16 - error: Type of "get" is partially unknown
    Type of "get" is "Any | Overload[(key: Unknown, default: None = None, /) -> (Unknown | None), (key: Unknown, default: Unknown, /) -> Unknown, (key: Unknown, default: _T@get, /) -> (Unknown | _T@get)]" (reportUnknownMemberType)
  /github/workspace/egolint/.agents/specs/validate-specs.py:194:9 - error: Type of "implements" is partially unknown
    Type of "implements" is "Unknown | Any | list[Unknown]" (reportUnknownVariableType)
  /github/workspace/egolint/.agents/specs/validate-specs.py:194:22 - error: Type of "get" is partially unknown
    Type of "get" is "Any | Overload[(key: Unknown, default: None = None, /) -> (Unknown | None), (key: Unknown, default: Unknown, /) -> Unknown, (key: Unknown, default: _T@get, /) -> (Unknown | _T@get)]" (reportUnknownMemberType)
  /github/workspace/egolint/.agents/specs/validate-specs.py:199:9 - error: Type of "metadata" is partially unknown
    Type of "metadata" is "Unknown | Any | dict[Unknown, Unknown]" (reportUnknownVariableType)
  /github/workspace/egolint/.agents/specs/validate-specs.py:199:20 - error: Type of "get" is partially unknown
    Type of "get" is "Any | Overload[(key: Unknown, default: None = None, /) -> (Unknown | None), (key: Unknown, default: Unknown, /) -> Unknown, (key: Unknown, default: _T@get, /) -> (Unknown | _T@get)]" (reportUnknownMemberType)
  /github/workspace/egolint/.agents/specs/validate-specs.py:200:9 - error: Type of "metadata_spec_id" is partially unknown
    Type of "metadata_spec_id" is "Unknown | Any | None" (reportUnknownVariableType)
  /github/workspace/egolint/.agents/specs/validate-specs.py:200:28 - error: Type of "get" is partially unknown
    Type of "get" is "Unknown | Any | Overload[(key: Unknown, default: None = None, /) -> (Unknown | None), (key: Unknown, default: Unknown, /) -> Unknown, (key: Unknown, default: _T@get, /) -> (Unknown | _T@get)]" (reportUnknownMemberType)
  /github/workspace/egolint/.agents/specs/validate-specs.py:202:13 - error: Type of "append" is partially unknown
    Type of "append" is "((object: str, /) -> None) | Unknown | Any" (reportUnknownMemberType)
  /github/workspace/egolint/.agents/specs/validate-specs.py:202:31 - error: Argument type is partially unknown
    Argument corresponds to parameter "object" in function "append"
    Argument type is "Unknown | Any" (reportUnknownArgumentType)
  /github/workspace/egolint/.agents/specs/validate-specs.py:203:13 - error: Type of "ref" is partially unknown
    Type of "ref" is "str | Unknown | Any" (reportUnknownVariableType)
  /github/workspace/egolint/.agents/specs/validate-specs.py:207:17 - error: Type of "append" is partially unknown
    Type of "append" is "(object: Unknown, /) -> None" (reportUnknownMemberType)
  /github/workspace/egolint/.agents/specs/validate-specs.py:211:17 - error: Type of "append" is partially unknown
    Type of "append" is "(object: Unknown, /) -> None" (reportUnknownMemberType)
  /github/workspace/egolint/.agents/specs/validate-specs.py:217:43 - error: Argument type is partially unknown
    Argument corresponds to parameter "obj" in function "len"
    Argument type is "list[Unknown]" (reportUnknownArgumentType)
  /github/workspace/egolint/.agents/specs/validate-specs.py:218:13 - error: Type of "err" is unknown (reportUnknownVariableType)
  /github/workspace/egolint/.agents/specs/validate-specs.py:222:39 - error: Argument type is partially unknown
    Argument corresponds to parameter "obj" in function "len"
    Argument type is "dict[Unknown, Unknown]" (reportUnknownArgumentType)
/github/workspace/egolint/scripts/complementary_tools.py
  /github/workspace/egolint/scripts/complementary_tools.py:463:44 - error: Type of "endswith" is partially unknown
    Type of "endswith" is "Unknown | Any | ((suffix: str | tuple[str, ...], start: SupportsIndex | None = None, end: SupportsIndex | None = None, /) -> bool) | ((suffix: Buffer | tuple[Buffer, ...], start: SupportsIndex | None = None, end: SupportsIndex | None = None, /) -> bool)" (reportUnknownMemberType)
  /github/workspace/egolint/scripts/complementary_tools.py:463:62 - error: Cannot access attribute "endswith" for class "int"
    Attribute "endswith" is unknown (reportAttributeAccessIssue)
  /github/workspace/egolint/scripts/complementary_tools.py:463:62 - error: Cannot access attribute "endswith" for class "float"
    Attribute "endswith" is unknown (reportAttributeAccessIssue)
  /github/workspace/egolint/scripts/complementary_tools.py:463:62 - error: Cannot access attribute "endswith" for class "list[str]"
    Attribute "endswith" is unknown (reportAttributeAccessIssue)
  /github/workspace/egolint/scripts/complementary_tools.py:463:71 - error: Argument of type "Literal['\n']" cannot be assigned to parameter "suffix" of type "ReadableBuffer | tuple[ReadableBuffer, ...]" in function "endswith"
    Type "Literal['\n']" is not assignable to type "ReadableBuffer | tuple[ReadableBuffer, ...]"
      "Literal['\n']" is incompatible with protocol "Buffer"
        "__buffer__" is not present
      "Literal['\n']" is not assignable to "tuple[ReadableBuffer, ...]" (reportArgumentType)
  /github/workspace/egolint/scripts/complementary_tools.py:466:59 - error: Type of "endswith" is partially unknown
    Type of "endswith" is "Unknown | Any | ((suffix: str | tuple[str, ...], start: SupportsIndex | None = None, end: SupportsIndex | None = None, /) -> bool) | ((suffix: Buffer | tuple[Buffer, ...], start: SupportsIndex | None = None, end: SupportsIndex | None = None, /) -> bool)" (reportUnknownMemberType)
  /github/workspace/egolint/scripts/complementary_tools.py:466:77 - error: Cannot access attribute "endswith" for class "int"
    Attribute "endswith" is unknown (reportAttributeAccessIssue)
  /github/workspace/egolint/scripts/complementary_tools.py:466:77 - error: Cannot access attribute "endswith" for class "float"
    Attribute "endswith" is unknown (reportAttributeAccessIssue)
  /github/workspace/egolint/scripts/complementary_tools.py:466:77 - error: Cannot access attribute "endswith" for class "list[str]"
    Attribute "endswith" is unknown (reportAttributeAccessIssue)
  /github/workspace/egolint/scripts/complementary_tools.py:466:86 - error: Argument of type "Literal['\n']" cannot be assigned to parameter "suffix" of type "ReadableBuffer | tuple[ReadableBuffer, ...]" in function "endswith"
    Type "Literal['\n']" is not assignable to type "ReadableBuffer | tuple[ReadableBuffer, ...]"
      "Literal['\n']" is incompatible with protocol "Buffer"
        "__buffer__" is not present
      "Literal['\n']" is not assignable to "tuple[ReadableBuffer, ...]" (reportArgumentType)
  /github/workspace/egolint/scripts/complementary_tools.py:469:16 - error: Argument of type "int | Any | str | float | list[str] | bytes" cannot be assigned to parameter "x" of type "ConvertibleToInt" in function "__new__"
    Type "int | Any | str | float | list[str] | bytes" is not assignable to type "ConvertibleToInt"
      Type "list[str]" is not assignable to type "ConvertibleToInt"
        "list[str]" is not assignable to "str"
        "list[str]" is incompatible with protocol "Buffer"
          "__buffer__" is not present
        "list[str]" is incompatible with protocol "SupportsInt"
          "__int__" is not present
        "list[str]" is incompatible with protocol "SupportsIndex"
    ... (reportArgumentType)
  /github/workspace/egolint/scripts/complementary_tools.py:469:16 - error: Argument of type "int | Any | str | float | list[str] | bytes" cannot be assigned to parameter "x" of type "ConvertibleToInt" in function "__new__"
    Type "int | Any | str | float | list[str] | bytes" is not assignable to type "ConvertibleToInt"
      Type "list[str]" is not assignable to type "ConvertibleToInt"
        "list[str]" is not assignable to "str"
        "list[str]" is incompatible with protocol "Buffer"
          "__buffer__" is not present
        "list[str]" is incompatible with protocol "SupportsInt"
          "__int__" is not present
        "list[str]" is incompatible with protocol "SupportsIndex" (reportArgumentType)
  /github/workspace/egolint/scripts/complementary_tools.py:478:9 - error: Type of "append" is partially unknown
    Type of "append" is "(object: Unknown, /) -> None" (reportUnknownMemberType)
  /github/workspace/egolint/scripts/complementary_tools.py:489:13 - error: Type of "row" is unknown (reportUnknownVariableType)
/github/workspace/egolint/scripts/validate_megalinter_policy.py
  /github/workspace/egolint/scripts/validate_megalinter_policy.py:77:12 - error: Return type, "dict[Unknown, Unknown]", is partially unknown (reportUnknownVariableType)
  /github/workspace/egolint/scripts/validate_megalinter_policy.py:88:12 - error: Return type, "dict[Unknown, Unknown]", is partially unknown (reportUnknownVariableType)
  /github/workspace/egolint/scripts/validate_megalinter_policy.py:177:61 - error: Argument type is partially unknown
    Argument corresponds to parameter "linter" in function "normalized_linter_id"
    Argument type is "dict[Unknown, Unknown]" (reportUnknownArgumentType)
  /github/workspace/egolint/scripts/validate_megalinter_policy.py:179:34 - error: Type of "get" is partially unknown
    Type of "get" is "Overload[(key: Unknown, default: None = None, /) -> (Unknown | None), (key: Unknown, default: Unknown, /) -> Unknown, (key: Unknown, default: _T@get, /) -> (Unknown | _T@get)]" (reportUnknownMemberType)
  /github/workspace/egolint/scripts/validate_megalinter_policy.py:180:37 - error: Type of "get" is partially unknown
    Type of "get" is "Overload[(key: Unknown, default: None = None, /) -> (Unknown | None), (key: Unknown, default: Unknown, /) -> Unknown, (key: Unknown, default: _T@get, /) -> (Unknown | _T@get)]" (reportUnknownMemberType)
  /github/workspace/egolint/scripts/validate_megalinter_policy.py:182:36 - error: Type of "get" is partially unknown
    Type of "get" is "Overload[(key: Unknown, default: None = None, /) -> (Unknown | None), (key: Unknown, default: Unknown, /) -> Unknown, (key: Unknown, default: _T@get, /) -> (Unknown | _T@get)]" (reportUnknownMemberType)
  /github/workspace/egolint/scripts/validate_megalinter_policy.py:185:37 - error: Type of "get" is partially unknown
    Type of "get" is "Overload[(key: Unknown, default: None = None, /) -> (Unknown | None), (key: Unknown, default: Unknown, /) -> Unknown, (key: Unknown, default: _T@get, /) -> (Unknown | _T@get)]" (reportUnknownMemberType)
  /github/workspace/egolint/scripts/validate_megalinter_policy.py:188:32 - error: Type of "get" is partially unknown
    Type of "get" is "Overload[(key: Unknown, default: None = None, /) -> (Unknown | None), (key: Unknown, default: Unknown, /) -> Unknown, (key: Unknown, default: _T@get, /) -> (Unknown | _T@get)]" (reportUnknownMemberType)
  /github/workspace/egolint/scripts/validate_megalinter_policy.py:189:32 - error: Type of "get" is partially unknown
    Type of "get" is "Overload[(key: Unknown, default: None = None, /) -> (Unknown | None), (key: Unknown, default: Unknown, /) -> Unknown, (key: Unknown, default: _T@get, /) -> (Unknown | _T@get)]" (reportUnknownMemberType)
  /github/workspace/egolint/scripts/validate_megalinter_policy.py:194:21 - error: Argument type is partially unknown
    Argument corresponds to parameter "linter" in function "extract_documented_version"
    Argument type is "dict[Unknown, Unknown]" (reportUnknownArgumentType)
  /github/workspace/egolint/scripts/validate_megalinter_policy.py:199:5 - error: Type of "deprecated_variables" is partially unknown
    Type of "deprecated_variables" is "list[Unknown]" (reportUnknownVariableType)
  /github/workspace/egolint/scripts/validate_megalinter_policy.py:200:9 - error: Argument type is partially unknown
    Argument corresponds to parameter "iterable" in function "sorted"
    Argument type is "Generator[Unknown, None, None]" (reportUnknownArgumentType)
  /github/workspace/egolint/scripts/validate_megalinter_policy.py:201:13 - error: Type of "key" is unknown (reportUnknownVariableType)
  /github/workspace/egolint/scripts/validate_megalinter_policy.py:201:18 - error: Type of "value" is unknown (reportUnknownVariableType)
  /github/workspace/egolint/scripts/validate_megalinter_policy.py:202:40 - error: Type of "get" is partially unknown
    Type of "get" is "Overload[(key: Unknown, default: None = None, /) -> (Unknown | None), (key: Unknown, default: Unknown, /) -> Unknown, (key: Unknown, default: _T@get, /) -> (Unknown | _T@get)]" (reportUnknownMemberType)
  /github/workspace/egolint/scripts/validate_megalinter_policy.py:210:43 - error: Argument type is partially unknown
    Argument corresponds to parameter "iterable" in function "sorted"
    Argument type is "dict[Unknown, Unknown]" (reportUnknownArgumentType)
  /github/workspace/egolint/scripts/validate_megalinter_policy.py:236:9 - error: Type of "reference" is partially unknown
    Type of "reference" is "str | Unknown" (reportUnknownVariableType)
  /github/workspace/egolint/scripts/validate_megalinter_policy.py:260:66 - error: Type of "item" is unknown (reportUnknownVariableType)
  /github/workspace/egolint/scripts/validate_megalinter_policy.py:261:21 - error: Argument type is partially unknown
    Argument corresponds to parameter "iterable" in function "__init__"
    Argument type is "list[Unknown]" (reportUnknownArgumentType)
  /github/workspace/egolint/scripts/validate_megalinter_policy.py:369:5 - error: Type of "policy_release" is partially unknown
    Type of "policy_release" is "Unknown | None" (reportUnknownVariableType)
  /github/workspace/egolint/scripts/validate_megalinter_policy.py:369:22 - error: Type of "get" is partially unknown
    Type of "get" is "Overload[(key: Unknown, default: None = None, /) -> (Unknown | None), (key: Unknown, default: Unknown, /) -> Unknown, (key: Unknown, default: _T@get, /) -> (Unknown | _T@get)]" (reportUnknownMemberType)
  /github/workspace/egolint/scripts/validate_megalinter_policy.py:370:5 - error: Type of "policy_commit" is partially unknown
    Type of "policy_commit" is "Unknown | None" (reportUnknownVariableType)
  /github/workspace/egolint/scripts/validate_megalinter_policy.py:370:21 - error: Type of "get" is partially unknown
    Type of "get" is "Overload[(key: Unknown, default: None = None, /) -> (Unknown | None), (key: Unknown, default: Unknown, /) -> Unknown, (key: Unknown, default: _T@get, /) -> (Unknown | _T@get)]" (reportUnknownMemberType)
  /github/workspace/egolint/scripts/validate_megalinter_policy.py:396:9 - error: Type of "reason" is partially unknown
    Type of "reason" is "Unknown | None" (reportUnknownVariableType)
  /github/workspace/egolint/scripts/validate_megalinter_policy.py:396:18 - error: Type of "get" is partially unknown
    Type of "get" is "Overload[(key: Unknown, default: None = None, /) -> (Unknown | None), (key: Unknown, default: Unknown, /) -> Unknown, (key: Unknown, default: _T@get, /) -> (Unknown | _T@get)]" (reportUnknownMemberType)
  /github/workspace/egolint/scripts/validate_megalinter_policy.py:399:9 - error: Type of "linter_id" is unknown (reportUnknownVariableType)
  /github/workspace/egolint/scripts/validate_megalinter_policy.py:399:29 - error: Argument type is partially unknown
    Argument corresponds to parameter "iterable" in function "sorted"
    Argument type is "dict[Unknown, Unknown]" (reportUnknownArgumentType)
  /github/workspace/egolint/scripts/validate_megalinter_policy.py:407:9 - error: Type of "reason" is partially unknown
    Type of "reason" is "Unknown | None" (reportUnknownVariableType)
  /github/workspace/egolint/scripts/validate_megalinter_policy.py:407:18 - error: Type of "get" is partially unknown
    Type of "get" is "Overload[(key: Unknown, default: None = None, /) -> (Unknown | None), (key: Unknown, default: Unknown, /) -> Unknown, (key: Unknown, default: _T@get, /) -> (Unknown | _T@get)]" (reportUnknownMemberType)
  /github/workspace/egolint/scripts/validate_megalinter_policy.py:410:9 - error: Type of "linter_id" is unknown (reportUnknownVariableType)
  /github/workspace/egolint/scripts/validate_megalinter_policy.py:410:29 - error: Argument type is partially unknown
    Argument corresponds to parameter "iterable" in function "sorted"
    Argument type is "dict[Unknown, Unknown]" (reportUnknownArgumentType)
  /github/workspace/egolint/scripts/validate_megalinter_policy.py:417:9 - error: Type of "linter_id" is unknown (reportUnknownVariableType)
  /github/workspace/egolint/scripts/validate_megalinter_policy.py:417:20 - error: Type of "metadata" is unknown (reportUnknownVariableType)
  /github/workspace/egolint/scripts/validate_megalinter_policy.py:424:9 - error: Type of "configuration_path" is partially unknown
    Type of "configuration_path" is "Unknown | None" (reportUnknownVariableType)
  /github/workspace/egolint/scripts/validate_megalinter_policy.py:424:30 - error: Type of "get" is partially unknown
    Type of "get" is "Overload[(key: Unknown, default: None = None, /) -> (Unknown | None), (key: Unknown, default: Unknown, /) -> Unknown, (key: Unknown, default: _T@get, /) -> (Unknown | _T@get)]" (reportUnknownMemberType)
  /github/workspace/egolint/scripts/validate_megalinter_policy.py:433:9 - error: Type of "fixture_metadata" is partially unknown
    Type of "fixture_metadata" is "Unknown | None" (reportUnknownVariableType)
  /github/workspace/egolint/scripts/validate_megalinter_policy.py:433:28 - error: Type of "get" is partially unknown
    Type of "get" is "Overload[(key: Unknown, default: None = None, /) -> (Unknown | None), (key: Unknown, default: Unknown, /) -> Unknown, (key: Unknown, default: _T@get, /) -> (Unknown | _T@get)]" (reportUnknownMemberType)
  /github/workspace/egolint/scripts/validate_megalinter_policy.py:439:9 - error: Type of "positive" is unknown (reportUnknownVariableType)
  /github/workspace/egolint/scripts/validate_megalinter_policy.py:439:20 - error: Type of "get" is partially unknown
    Type of "get" is "Overload[(key: Unknown, default: None = None, /) -> (Unknown | None), (key: Unknown, default: Unknown, /) -> Unknown, (key: Unknown, default: _T@get, /) -> (Unknown | _T@get)]" (reportUnknownMemberType)
  /github/workspace/egolint/scripts/validate_megalinter_policy.py:440:9 - error: Type of "negative" is unknown (reportUnknownVariableType)
  /github/workspace/egolint/scripts/validate_megalinter_policy.py:440:20 - error: Type of "get" is partially unknown
    Type of "get" is "Overload[(key: Unknown, default: None = None, /) -> (Unknown | None), (key: Unknown, default: Unknown, /) -> Unknown, (key: Unknown, default: _T@get, /) -> (Unknown | _T@get)]" (reportUnknownMemberType)
  /github/workspace/egolint/scripts/validate_megalinter_policy.py:441:9 - error: Type of "blocker" is partially unknown
    Type of "blocker" is "Unknown | None" (reportUnknownVariableType)
  /github/workspace/egolint/scripts/validate_megalinter_policy.py:441:19 - error: Type of "get" is partially unknown
    Type of "get" is "Overload[(key: Unknown, default: None = None, /) -> (Unknown | None), (key: Unknown, default: Unknown, /) -> Unknown, (key: Unknown, default: _T@get, /) -> (Unknown | _T@get)]" (reportUnknownMemberType)
  /github/workspace/egolint/scripts/validate_megalinter_policy.py:446:13 - error: Type of "fixture_path" is unknown (reportUnknownVariableType)
  /github/workspace/egolint/scripts/validate_megalinter_policy.py:447:20 - error: Type of "is_file" is unknown (reportUnknownMemberType)
  /github/workspace/egolint/scripts/validate_megalinter_policy.py:545:13 - error: Type of "disabled_for_profile" is partially unknown
    Type of "disabled_for_profile" is "set[Unknown]" (reportUnknownVariableType)
  /github/workspace/egolint/scripts/validate_megalinter_policy.py:553:43 - error: Argument type is partially unknown
    Argument corresponds to parameter "iterable" in function "sorted"
    Argument type is "set[Any] | set[Unknown]" (reportUnknownArgumentType)
/github/workspace/egolint/tests/fixtures/negative/complexipy/complex.py
  /github/workspace/egolint/tests/fixtures/negative/complexipy/complex.py:1:19 - error: Type of parameter "values" is unknown (reportUnknownParameterType)
  /github/workspace/egolint/tests/fixtures/negative/complexipy/complex.py:1:19 - error: Type annotation is missing for parameter "values" (reportMissingParameterType)
  /github/workspace/egolint/tests/fixtures/negative/complexipy/complex.py:3:9 - error: Type of "value" is unknown (reportUnknownVariableType)
  /github/workspace/egolint/tests/fixtures/negative/complexipy/complex.py:6:40 - error: Argument type is unknown
    Argument corresponds to parameter "stop" in function "__new__" (reportUnknownArgumentType)
/github/workspace/egolint/tests/fixtures/negative/deptry/src/example/__init__.py
  /github/workspace/egolint/tests/fixtures/negative/deptry/src/example/__init__.py:1:8 - warning: Import "undeclared_dependency" could not be resolved (reportMissingImports)
  /github/workspace/egolint/tests/fixtures/negative/deptry/src/example/__init__.py:3:1 - error: Type of "VALUE" is unknown (reportUnknownVariableType)
  /github/workspace/egolint/tests/fixtures/negative/deptry/src/example/__init__.py:3:9 - error: Type of "value" is unknown (reportUnknownMemberType)
/github/workspace/egolint/tests/fixtures/negative/vulture/unused.py
  /github/workspace/egolint/tests/fixtures/negative/vulture/unused.py:1:8 - warning: Import "os" is not accessed (reportUnusedImport)
/github/workspace/egolint/tests/fixtures/python/test_greeting_service.py
  /github/workspace/egolint/tests/fixtures/python/test_greeting_service.py:3:6 - warning: Import "greeting_service" could not be resolved (reportMissingImports)
  /github/workspace/egolint/tests/fixtures/python/test_greeting_service.py:3:30 - error: Type of "format_greeting" is unknown (reportUnknownVariableType)
/github/workspace/egolint/tests/test_complementary_tools.py
  /github/workspace/egolint/tests/test_complementary_tools.py:86:32 - error: Type of parameter "pattern" is unknown (reportUnknownLambdaType)
/github/workspace/egolint/tests/test_megalinter_policy.py
  /github/workspace/egolint/tests/test_megalinter_policy.py:192:45 - error: Argument type is unknown
    Argument corresponds to parameter "container" in function "assertIn" (reportUnknownArgumentType)
  /github/workspace/egolint/tests/test_megalinter_policy.py:193:43 - error: Argument type is unknown
    Argument corresponds to parameter "container" in function "assertIn" (reportUnknownArgumentType)
  /github/workspace/egolint/tests/test_megalinter_policy.py:196:13 - error: Argument type is unknown
    Argument corresponds to parameter "container" in function "assertIn" (reportUnknownArgumentType)
/github/workspace/mindgarden/scripts/garden_agent.py
  /github/workspace/mindgarden/scripts/garden_agent.py:37:9 - error: Type of "ContractError" is unknown (reportUnknownVariableType)
  /github/workspace/mindgarden/scripts/garden_agent.py:38:9 - error: Type of "discover_note_paths" is unknown (reportUnknownVariableType)
  /github/workspace/mindgarden/scripts/garden_agent.py:39:9 - error: Type of "parse_manifest" is unknown (reportUnknownVariableType)
  /github/workspace/mindgarden/scripts/garden_agent.py:40:9 - error: Type of "parse_note" is unknown (reportUnknownVariableType)
  /github/workspace/mindgarden/scripts/garden_agent.py:41:9 - error: Type of "parse_simple_yaml" is unknown (reportUnknownVariableType)
  /github/workspace/mindgarden/scripts/garden_agent.py:42:9 - error: Type of "require_string" is unknown (reportUnknownVariableType)
  /github/workspace/mindgarden/scripts/garden_agent.py:43:9 - error: Type of "require_string_list" is unknown (reportUnknownVariableType)
  /github/workspace/mindgarden/scripts/garden_agent.py:44:9 - error: Type of "validate_repository" is unknown (reportUnknownVariableType)
  /github/workspace/mindgarden/scripts/garden_agent.py:116:5 - error: Type of "manifest" is partially unknown
    Type of "manifest" is "dict[str, str | bool | int | list[str]] | Unknown" (reportUnknownVariableType)
  /github/workspace/mindgarden/scripts/garden_agent.py:117:12 - error: Return type, "tuple[Path, Path, dict[str, str | bool | int | list[str]] | Unknown]", is partially unknown (reportUnknownVariableType)
  /github/workspace/mindgarden/scripts/garden_agent.py:123:73 - error: Type of "item" is unknown (reportUnknownVariableType)
  /github/workspace/mindgarden/scripts/garden_agent.py:125:12 - error: Return type, "list[Unknown]", is partially unknown (reportUnknownVariableType)
  /github/workspace/mindgarden/scripts/garden_agent.py:133:5 - error: Type of "content_roots" is partially unknown
    Type of "content_roots" is "list[str] | Unknown" (reportUnknownVariableType)
  /github/workspace/mindgarden/scripts/garden_agent.py:136:9 - error: Type of "note_path" is partially unknown
    Type of "note_path" is "Path | Unknown" (reportUnknownVariableType)
  /github/workspace/mindgarden/scripts/garden_agent.py:136:55 - error: Argument type is partially unknown
    Argument corresponds to parameter "content_roots" in function "discover_note_paths"
    Argument type is "list[str] | Unknown" (reportUnknownArgumentType)
  /github/workspace/mindgarden/scripts/garden_agent.py:137:9 - error: Type of "text" is partially unknown
    Type of "text" is "str | Unknown" (reportUnknownVariableType)
  /github/workspace/mindgarden/scripts/garden_agent.py:137:16 - error: Type of "read_text" is partially unknown
    Type of "read_text" is "((encoding: str | None = None, errors: str | None = None) -> str) | Unknown" (reportUnknownMemberType)
  /github/workspace/mindgarden/scripts/garden_agent.py:138:9 - error: Type of "metadata" is partially unknown
    Type of "metadata" is "dict[str, str | bool | int | list[str]] | Unknown" (reportUnknownVariableType)
  /github/workspace/mindgarden/scripts/garden_agent.py:138:31 - error: Argument type is partially unknown
    Argument corresponds to parameter "path" in function "parse_note"
    Argument type is "Path | Unknown" (reportUnknownArgumentType)
  /github/workspace/mindgarden/scripts/garden_agent.py:139:30 - error: Argument type is partially unknown
    Argument corresponds to parameter "value" in function "markdown_body"
    Argument type is "str | Unknown" (reportUnknownArgumentType)
  /github/workspace/mindgarden/scripts/garden_agent.py:141:9 - error: Type of "title" is partially unknown
    Type of "title" is "str | Unknown" (reportUnknownVariableType)
  /github/workspace/mindgarden/scripts/garden_agent.py:141:32 - error: Argument type is partially unknown
    Argument corresponds to parameter "metadata" in function "require_string"
    Argument type is "dict[str, str | bool | int | list[str]] | Unknown" (reportUnknownArgumentType)
  /github/workspace/mindgarden/scripts/garden_agent.py:141:51 - error: Argument type is partially unknown
    Argument corresponds to parameter "source" in function "require_string"
    Argument type is "Path | Unknown" (reportUnknownArgumentType)
  /github/workspace/mindgarden/scripts/garden_agent.py:142:30 - error: Argument type is partially unknown
    Argument corresponds to parameter "metadata" in function "metadata_list"
    Argument type is "dict[str, str | bool | int | list[str]] | Unknown" (reportUnknownArgumentType)
  /github/workspace/mindgarden/scripts/garden_agent.py:147:38 - error: Argument type is partially unknown
    Argument corresponds to parameter "metadata" in function "require_string"
    Argument type is "dict[str, str | bool | int | list[str]] | Unknown" (reportUnknownArgumentType)
  /github/workspace/mindgarden/scripts/garden_agent.py:147:54 - error: Argument type is partially unknown
    Argument corresponds to parameter "source" in function "require_string"
    Argument type is "Path | Unknown" (reportUnknownArgumentType)
  /github/workspace/mindgarden/scripts/garden_agent.py:148:25 - error: Type of "relative_to" is partially unknown
    Type of "relative_to" is "Overload[(other: str | PathLike[str], /, *, walk_up: bool = False) -> Path, (other: str | PathLike[str], /, *_deprecated: str | PathLike[str], walk_up: bool = False) -> Path] | Unknown" (reportUnknownMemberType)
  /github/workspace/mindgarden/scripts/garden_agent.py:148:25 - error: Type of "as_posix" is partially unknown
    Type of "as_posix" is "(() -> str) | Unknown" (reportUnknownMemberType)
  /github/workspace/mindgarden/scripts/garden_agent.py:149:40 - error: Type of "read_bytes" is partially unknown
    Type of "read_bytes" is "(() -> bytes) | Unknown" (reportUnknownMemberType)
  /github/workspace/mindgarden/scripts/garden_agent.py:149:40 - error: Argument type is partially unknown
    Argument corresponds to parameter "value" in function "sha256_bytes"
    Argument type is "bytes | Unknown" (reportUnknownArgumentType)
  /github/workspace/mindgarden/scripts/garden_agent.py:151:40 - error: Argument type is partially unknown
    Argument corresponds to parameter "metadata" in function "require_string"
    Argument type is "dict[str, str | bool | int | list[str]] | Unknown" (reportUnknownArgumentType)
  /github/workspace/mindgarden/scripts/garden_agent.py:151:58 - error: Argument type is partially unknown
    Argument corresponds to parameter "source" in function "require_string"
    Argument type is "Path | Unknown" (reportUnknownArgumentType)
  /github/workspace/mindgarden/scripts/garden_agent.py:152:42 - error: Argument type is partially unknown
    Argument corresponds to parameter "metadata" in function "require_string"
    Argument type is "dict[str, str | bool | int | list[str]] | Unknown" (reportUnknownArgumentType)
  /github/workspace/mindgarden/scripts/garden_agent.py:152:62 - error: Argument type is partially unknown
    Argument corresponds to parameter "source" in function "require_string"
    Argument type is "Path | Unknown" (reportUnknownArgumentType)
  /github/workspace/mindgarden/scripts/garden_agent.py:154:46 - error: Argument type is partially unknown
    Argument corresponds to parameter "metadata" in function "require_string"
    Argument type is "dict[str, str | bool | int | list[str]] | Unknown" (reportUnknownArgumentType)
  /github/workspace/mindgarden/scripts/garden_agent.py:154:70 - error: Argument type is partially unknown
    Argument corresponds to parameter "source" in function "require_string"
    Argument type is "Path | Unknown" (reportUnknownArgumentType)
  /github/workspace/mindgarden/scripts/garden_agent.py:155:46 - error: Argument type is partially unknown
    Argument corresponds to parameter "metadata" in function "require_string"
    Argument type is "dict[str, str | bool | int | list[str]] | Unknown" (reportUnknownArgumentType)
  /github/workspace/mindgarden/scripts/garden_agent.py:155:70 - error: Argument type is partially unknown
    Argument corresponds to parameter "source" in function "require_string"
    Argument type is "Path | Unknown" (reportUnknownArgumentType)
  /github/workspace/mindgarden/scripts/garden_agent.py:156:43 - error: Argument type is partially unknown
    Argument corresponds to parameter "metadata" in function "require_string"
    Argument type is "dict[str, str | bool | int | list[str]] | Unknown" (reportUnknownArgumentType)
  /github/workspace/mindgarden/scripts/garden_agent.py:156:64 - error: Argument type is partially unknown
    Argument corresponds to parameter "source" in function "require_string"
    Argument type is "Path | Unknown" (reportUnknownArgumentType)
  /github/workspace/mindgarden/scripts/garden_agent.py:157:47 - error: Argument type is partially unknown
    Argument corresponds to parameter "metadata" in function "require_string_list"
    Argument type is "dict[str, str | bool | int | list[str]] | Unknown" (reportUnknownArgumentType)
  /github/workspace/mindgarden/scripts/garden_agent.py:157:67 - error: Argument type is partially unknown
    Argument corresponds to parameter "source" in function "require_string_list"
    Argument type is "Path | Unknown" (reportUnknownArgumentType)
  /github/workspace/mindgarden/scripts/garden_agent.py:158:48 - error: Argument type is partially unknown
    Argument corresponds to parameter "metadata" in function "require_string_list"
    Argument type is "dict[str, str | bool | int | list[str]] | Unknown" (reportUnknownArgumentType)
  /github/workspace/mindgarden/scripts/garden_agent.py:158:69 - error: Argument type is partially unknown
    Argument corresponds to parameter "source" in function "require_string_list"
    Argument type is "Path | Unknown" (reportUnknownArgumentType)
  /github/workspace/mindgarden/scripts/garden_agent.py:159:48 - error: Argument type is partially unknown
    Argument corresponds to parameter "metadata" in function "require_string_list"
    Argument type is "dict[str, str | bool | int | list[str]] | Unknown" (reportUnknownArgumentType)
  /github/workspace/mindgarden/scripts/garden_agent.py:159:69 - error: Argument type is partially unknown
    Argument corresponds to parameter "source" in function "require_string_list"
    Argument type is "Path | Unknown" (reportUnknownArgumentType)
  /github/workspace/mindgarden/scripts/garden_agent.py:164:51 - error: Argument type is partially unknown
    Argument corresponds to parameter "value" in function "tokenize"
    Argument type is "str | Unknown" (reportUnknownArgumentType)
  /github/workspace/mindgarden/scripts/garden_agent.py:280:5 - error: Type of "root_value" is partially unknown
    Type of "root_value" is "str | Unknown" (reportUnknownVariableType)
  /github/workspace/mindgarden/scripts/garden_agent.py:281:5 - error: Type of "profile_root" is partially unknown
    Type of "profile_root" is "Path | Unknown" (reportUnknownVariableType)
  /github/workspace/mindgarden/scripts/garden_agent.py:284:28 - error: Type of "glob" is partially unknown
    Type of "glob" is "((pattern: str, *, case_sensitive: bool | None = None) -> Generator[Path, None, None]) | Unknown" (reportUnknownMemberType)
  /github/workspace/mindgarden/scripts/garden_agent.py:284:28 - error: Argument type is partially unknown
    Argument corresponds to parameter "iterable" in function "sorted"
    Argument type is "Generator[Path, None, None] | Unknown" (reportUnknownArgumentType)
  /github/workspace/mindgarden/scripts/garden_agent.py:323:9 - error: Argument type is partially unknown
    Argument corresponds to parameter "query" in function "rank_notes"
    Argument type is "str | Unknown" (reportUnknownArgumentType)
  /github/workspace/mindgarden/scripts/garden_agent.py:630:5 - error: Type of "parsed_origin" is unknown (reportUnknownVariableType)
  /github/workspace/mindgarden/scripts/garden_agent.py:631:8 - error: Type of "scheme" is unknown (reportUnknownMemberType)
  /github/workspace/mindgarden/scripts/garden_agent.py:644:5 - error: Type of "visibility" is partially unknown
    Type of "visibility" is "str | Unknown" (reportUnknownVariableType)
  /github/workspace/mindgarden/scripts/garden_agent.py:651:20 - error: Argument type is partially unknown
    Argument corresponds to parameter "visibility" in function "source_note"
    Argument type is "str | Unknown" (reportUnknownArgumentType)
  /github/workspace/mindgarden/scripts/garden_agent.py:659:5 - error: Type of "provenance_root" is partially unknown
    Type of "provenance_root" is "Path | Unknown" (reportUnknownVariableType)
  /github/workspace/mindgarden/scripts/garden_agent.py:664:5 - error: Type of "record_path" is partially unknown
    Type of "record_path" is "Path | Unknown" (reportUnknownVariableType)
  /github/workspace/mindgarden/scripts/garden_agent.py:684:12 - error: Return type, "tuple[Path, Path | Unknown, str, str]", is partially unknown (reportUnknownVariableType)
  /github/workspace/mindgarden/scripts/garden_agent.py:695:5 - error: Type of "visibility" is partially unknown
    Type of "visibility" is "str | Unknown" (reportUnknownVariableType)
  /github/workspace/mindgarden/scripts/garden_agent.py:696:5 - error: Type of "result" is partially unknown
    Type of "result" is "dict[str, str | Any | Unknown | bool]" (reportUnknownVariableType)
  /github/workspace/mindgarden/scripts/garden_agent.py:707:30 - error: Argument type is partially unknown
    Argument corresponds to parameter "value" in function "canonical_json"
    Argument type is "dict[str, str | Any | Unknown | bool]" (reportUnknownArgumentType)
  /github/workspace/mindgarden/scripts/garden_agent.py:723:26 - error: Argument type is partially unknown
    Argument corresponds to parameter "value" in function "canonical_json"
    Argument type is "dict[str, str | Any | Unknown | bool]" (reportUnknownArgumentType)
  /github/workspace/mindgarden/scripts/garden_agent.py:730:5 - error: Type of "roots" is partially unknown
    Type of "roots" is "list[str] | Unknown" (reportUnknownVariableType)
  /github/workspace/mindgarden/scripts/garden_agent.py:736:12 - error: Return type, "Path | Unknown", is partially unknown (reportUnknownVariableType)
  /github/workspace/mindgarden/scripts/garden_agent.py:815:5 - error: Type of "note_count" is partially unknown
    Type of "note_count" is "int | Unknown" (reportUnknownVariableType)
  /github/workspace/mindgarden/scripts/garden_agent.py:940:74 - error: Type of "error" is partially unknown
    Type of "error" is "Unknown | OSError | ValueError | JSONDecodeError" (reportUnknownVariableType)
/github/workspace/mindgarden/scripts/publish_garden.py
  /github/workspace/mindgarden/scripts/publish_garden.py:39:9 - error: Type of "ContractError" is unknown (reportUnknownVariableType)
  /github/workspace/mindgarden/scripts/publish_garden.py:40:9 - error: Type of "discover_note_paths" is unknown (reportUnknownVariableType)
  /github/workspace/mindgarden/scripts/publish_garden.py:41:9 - error: Type of "parse_manifest" is unknown (reportUnknownVariableType)
  /github/workspace/mindgarden/scripts/publish_garden.py:42:9 - error: Type of "parse_note" is unknown (reportUnknownVariableType)
  /github/workspace/mindgarden/scripts/publish_garden.py:43:9 - error: Type of "parse_simple_yaml" is unknown (reportUnknownVariableType)
  /github/workspace/mindgarden/scripts/publish_garden.py:44:9 - error: Type of "require_string" is unknown (reportUnknownVariableType)
  /github/workspace/mindgarden/scripts/publish_garden.py:45:9 - error: Type of "require_string_list" is unknown (reportUnknownVariableType)
  /github/workspace/mindgarden/scripts/publish_garden.py:46:9 - error: Type of "validate_repository" is unknown (reportUnknownVariableType)
  /github/workspace/mindgarden/scripts/publish_garden.py:117:5 - error: Type of "observed" is partially unknown
    Type of "observed" is "list[str] | Unknown" (reportUnknownVariableType)
  /github/workspace/mindgarden/scripts/publish_garden.py:120:12 - error: Return type, "list[str] | Unknown", is partially unknown (reportUnknownVariableType)
  /github/workspace/mindgarden/scripts/publish_garden.py:135:5 - error: Type of "profile" is partially unknown
    Type of "profile" is "dict[str, str | bool | int | list[str]] | Unknown" (reportUnknownVariableType)
  /github/workspace/mindgarden/scripts/publish_garden.py:138:12 - error: Argument type is partially unknown
    Argument corresponds to parameter "iterable" in function "__init__"
    Argument type is "dict[str, Any] | Unknown" (reportUnknownArgumentType)
  /github/workspace/mindgarden/scripts/publish_garden.py:139:56 - error: Argument type is partially unknown
    Argument corresponds to parameter "iterable" in function "__init__"
    Argument type is "dict[str, Any] | Unknown" (reportUnknownArgumentType)
  /github/workspace/mindgarden/scripts/publish_garden.py:140:28 - error: Argument type is partially unknown
    Argument corresponds to parameter "iterable" in function "__init__"
    Argument type is "dict[str, Any] | Unknown" (reportUnknownArgumentType)
  /github/workspace/mindgarden/scripts/publish_garden.py:145:23 - error: Argument type is partially unknown
    Argument corresponds to parameter "metadata" in function "require_string"
    Argument type is "dict[str, Any] | Unknown" (reportUnknownArgumentType)
  /github/workspace/mindgarden/scripts/publish_garden.py:147:5 - error: Type of "profile_id" is partially unknown
    Type of "profile_id" is "str | Unknown" (reportUnknownVariableType)
  /github/workspace/mindgarden/scripts/publish_garden.py:147:33 - error: Argument type is partially unknown
    Argument corresponds to parameter "metadata" in function "require_string"
    Argument type is "dict[str, Any] | Unknown" (reportUnknownArgumentType)
  /github/workspace/mindgarden/scripts/publish_garden.py:148:37 - error: Argument type is partially unknown
    Argument corresponds to parameter "string" in function "fullmatch"
    Argument type is "str | Unknown" (reportUnknownArgumentType)
  /github/workspace/mindgarden/scripts/publish_garden.py:150:23 - error: Argument type is partially unknown
    Argument corresponds to parameter "metadata" in function "require_string"
    Argument type is "dict[str, Any] | Unknown" (reportUnknownArgumentType)
  /github/workspace/mindgarden/scripts/publish_garden.py:152:23 - error: Argument type is partially unknown
    Argument corresponds to parameter "metadata" in function "require_string"
    Argument type is "dict[str, Any] | Unknown" (reportUnknownArgumentType)
  /github/workspace/mindgarden/scripts/publish_garden.py:155:5 - error: Type of "repository_url" is partially unknown
    Type of "repository_url" is "str | Unknown" (reportUnknownVariableType)
  /github/workspace/mindgarden/scripts/publish_garden.py:155:37 - error: Argument type is partially unknown
    Argument corresponds to parameter "metadata" in function "require_string"
    Argument type is "dict[str, Any] | Unknown" (reportUnknownArgumentType)
  /github/workspace/mindgarden/scripts/publish_garden.py:156:34 - error: Argument type is partially unknown
    Argument corresponds to parameter "url" in function "urlsplit"
    Argument type is "str | Unknown" (reportUnknownArgumentType)
  /github/workspace/mindgarden/scripts/publish_garden.py:163:20 - error: Argument type is partially unknown
    Argument corresponds to parameter "metadata" in function "require_string"
    Argument type is "dict[str, Any] | Unknown" (reportUnknownArgumentType)
  /github/workspace/mindgarden/scripts/publish_garden.py:165:5 - error: Type of "base_url" is partially unknown
    Type of "base_url" is "str | Unknown" (reportUnknownVariableType)
  /github/workspace/mindgarden/scripts/publish_garden.py:165:31 - error: Argument type is partially unknown
    Argument corresponds to parameter "metadata" in function "require_string"
    Argument type is "dict[str, Any] | Unknown" (reportUnknownArgumentType)
  /github/workspace/mindgarden/scripts/publish_garden.py:166:29 - error: Type of "startswith" is partially unknown
    Type of "startswith" is "((prefix: str | tuple[str, ...], start: SupportsIndex | None = None, end: SupportsIndex | None = None, /) -> bool) | Unknown" (reportUnknownMemberType)
  /github/workspace/mindgarden/scripts/publish_garden.py:166:57 - error: Type of "endswith" is partially unknown
    Type of "endswith" is "((suffix: str | tuple[str, ...], start: SupportsIndex | None = None, end: SupportsIndex | None = None, /) -> bool) | Unknown" (reportUnknownMemberType)
  /github/workspace/mindgarden/scripts/publish_garden.py:168:5 - error: Type of "quartz_repository" is partially unknown
    Type of "quartz_repository" is "str | Unknown" (reportUnknownVariableType)
  /github/workspace/mindgarden/scripts/publish_garden.py:168:40 - error: Argument type is partially unknown
    Argument corresponds to parameter "metadata" in function "require_string"
    Argument type is "dict[str, Any] | Unknown" (reportUnknownArgumentType)
  /github/workspace/mindgarden/scripts/publish_garden.py:171:5 - error: Type of "quartz_commit" is partially unknown
    Type of "quartz_commit" is "str | Unknown" (reportUnknownVariableType)
  /github/workspace/mindgarden/scripts/publish_garden.py:171:36 - error: Argument type is partially unknown
    Argument corresponds to parameter "metadata" in function "require_string"
    Argument type is "dict[str, Any] | Unknown" (reportUnknownArgumentType)
  /github/workspace/mindgarden/scripts/publish_garden.py:172:33 - error: Argument type is partially unknown
    Argument corresponds to parameter "string" in function "fullmatch"
    Argument type is "str | Unknown" (reportUnknownArgumentType)
  /github/workspace/mindgarden/scripts/publish_garden.py:175:5 - error: Type of "node_major" is partially unknown
    Type of "node_major" is "Any | Unknown | None" (reportUnknownVariableType)
  /github/workspace/mindgarden/scripts/publish_garden.py:175:18 - error: Type of "get" is partially unknown
    Type of "get" is "Overload[(key: str, default: None = None, /) -> (Any | None), (key: str, default: Any, /) -> Any, (key: str, default: _T@get, /) -> (Any | _T@get)] | Unknown" (reportUnknownMemberType)
  /github/workspace/mindgarden/scripts/publish_garden.py:182:31 - error: Argument type is partially unknown
    Argument corresponds to parameter "metadata" in function "require_exact_string_list"
    Argument type is "dict[str, Any] | Unknown" (reportUnknownArgumentType)
  /github/workspace/mindgarden/scripts/publish_garden.py:183:31 - error: Argument type is partially unknown
    Argument corresponds to parameter "metadata" in function "require_exact_string_list"
    Argument type is "dict[str, Any] | Unknown" (reportUnknownArgumentType)
  /github/workspace/mindgarden/scripts/publish_garden.py:186:5 - error: Type of "manifest" is partially unknown
    Type of "manifest" is "dict[str, str | bool | int | list[str]] | Unknown" (reportUnknownVariableType)
  /github/workspace/mindgarden/scripts/publish_garden.py:187:23 - error: Argument type is partially unknown
    Argument corresponds to parameter "metadata" in function "require_string"
    Argument type is "dict[str, Any] | Unknown" (reportUnknownArgumentType)
  /github/workspace/mindgarden/scripts/publish_garden.py:188:9 - error: Argument type is partially unknown
    Argument corresponds to parameter "metadata" in function "require_string"
    Argument type is "dict[str, Any] | Unknown" (reportUnknownArgumentType)
  /github/workspace/mindgarden/scripts/publish_garden.py:191:23 - error: Argument type is partially unknown
    Argument corresponds to parameter "metadata" in function "require_string"
    Argument type is "dict[str, Any] | Unknown" (reportUnknownArgumentType)
  /github/workspace/mindgarden/scripts/publish_garden.py:192:9 - error: Argument type is partially unknown
    Argument corresponds to parameter "metadata" in function "require_string"
    Argument type is "dict[str, Any] | Unknown" (reportUnknownArgumentType)
  /github/workspace/mindgarden/scripts/publish_garden.py:196:12 - error: Return type, "tuple[Path, dict[str, Any] | Unknown]", is partially unknown (reportUnknownVariableType)
  /github/workspace/mindgarden/scripts/publish_garden.py:449:5 - error: Type of "manifest" is partially unknown
    Type of "manifest" is "dict[str, str | bool | int | list[str]] | Unknown" (reportUnknownVariableType)
  /github/workspace/mindgarden/scripts/publish_garden.py:450:5 - error: Type of "content_roots" is partially unknown
    Type of "content_roots" is "list[str] | Unknown" (reportUnknownVariableType)
  /github/workspace/mindgarden/scripts/publish_garden.py:450:41 - error: Argument type is partially unknown
    Argument corresponds to parameter "metadata" in function "require_string_list"
    Argument type is "dict[str, str | bool | int | list[str]] | Unknown" (reportUnknownArgumentType)
  /github/workspace/mindgarden/scripts/publish_garden.py:451:23 - error: Argument type is partially unknown
    Argument corresponds to parameter "args" in function "__init__"
    Argument type is "str | Unknown" (reportUnknownArgumentType)
  /github/workspace/mindgarden/scripts/publish_garden.py:453:5 - error: Type of "all_source_files" is partially unknown
    Type of "all_source_files" is "list[Path] | Unknown" (reportUnknownVariableType)
  /github/workspace/mindgarden/scripts/publish_garden.py:453:57 - error: Argument type is partially unknown
    Argument corresponds to parameter "content_roots" in function "discover_note_paths"
    Argument type is "list[str] | Unknown" (reportUnknownArgumentType)
  /github/workspace/mindgarden/scripts/publish_garden.py:457:9 - error: Type of "source_file" is partially unknown
    Type of "source_file" is "Path | Unknown" (reportUnknownVariableType)
  /github/workspace/mindgarden/scripts/publish_garden.py:458:12 - error: Type of "is_symlink" is partially unknown
    Type of "is_symlink" is "(() -> bool) | Unknown" (reportUnknownMemberType)
  /github/workspace/mindgarden/scripts/publish_garden.py:458:44 - error: Type of "is_file" is partially unknown
    Type of "is_file" is "(() -> bool) | Unknown" (reportUnknownMemberType)
  /github/workspace/mindgarden/scripts/publish_garden.py:460:9 - error: Type of "relative" is partially unknown
    Type of "relative" is "Path | Unknown" (reportUnknownVariableType)
  /github/workspace/mindgarden/scripts/publish_garden.py:460:20 - error: Type of "relative_to" is partially unknown
    Type of "relative_to" is "Overload[(other: str | PathLike[str], /, *, walk_up: bool = False) -> Path, (other: str | PathLike[str], /, *_deprecated: str | PathLike[str], walk_up: bool = False) -> Path] | Unknown" (reportUnknownMemberType)
  /github/workspace/mindgarden/scripts/publish_garden.py:461:23 - error: Argument type is partially unknown
    Argument corresponds to parameter "element" in function "add"
    Argument type is "Path | Unknown" (reportUnknownArgumentType)
  /github/workspace/mindgarden/scripts/publish_garden.py:463:49 - error: Argument type is partially unknown
    Argument corresponds to parameter "path" in function "parse_note"
    Argument type is "Path | Unknown" (reportUnknownArgumentType)
  /github/workspace/mindgarden/scripts/publish_garden.py:465:20 - error: Argument type is partially unknown
    Argument corresponds to parameter "iterable" in function "__init__"
    Argument type is "list[str] | Unknown" (reportUnknownArgumentType)
  /github/workspace/mindgarden/scripts/publish_garden.py:466:24 - error: Argument type is partially unknown
    Argument corresponds to parameter "iterable" in function "__init__"
    Argument type is "list[str] | Unknown" (reportUnknownArgumentType)
  /github/workspace/mindgarden/scripts/publish_garden.py:596:76 - error: Type of "error" is partially unknown
    Type of "error" is "Unknown | OSError | UnicodeError | JSONDecodeError" (reportUnknownVariableType)
/github/workspace/mindgarden/scripts/quartz_site.py
  /github/workspace/mindgarden/scripts/quartz_site.py:31:9 - error: Type of "DEFAULT_OUTPUT_PATH" is unknown (reportUnknownVariableType)
  /github/workspace/mindgarden/scripts/quartz_site.py:32:9 - error: Type of "DEFAULT_PROFILE_PATH" is unknown (reportUnknownVariableType)
  /github/workspace/mindgarden/scripts/quartz_site.py:33:9 - error: Type of "load_publish_profile" is unknown (reportUnknownVariableType)
  /github/workspace/mindgarden/scripts/quartz_site.py:34:9 - error: Type of "project_garden" is unknown (reportUnknownVariableType)
  /github/workspace/mindgarden/scripts/quartz_site.py:158:5 - error: Type of "resolved_profile" is partially unknown
    Type of "resolved_profile" is "Path | Unknown" (reportUnknownVariableType)
  /github/workspace/mindgarden/scripts/quartz_site.py:158:23 - error: Type of "profile" is partially unknown
    Type of "profile" is "dict[str, Any] | Unknown" (reportUnknownVariableType)
  /github/workspace/mindgarden/scripts/quartz_site.py:161:5 - error: Type of "expected_node_major" is partially unknown
    Type of "expected_node_major" is "Any | Unknown" (reportUnknownVariableType)
  /github/workspace/mindgarden/scripts/quartz_site.py:175:33 - error: Argument type is partially unknown
    Argument corresponds to parameter "profile" in function "prepare_engine"
    Argument type is "dict[str, Any] | Unknown" (reportUnknownArgumentType)
  /github/workspace/mindgarden/scripts/quartz_site.py:176:5 - error: Type of "configuration_path" is partially unknown
    Type of "configuration_path" is "Path | Unknown" (reportUnknownVariableType)
  /github/workspace/mindgarden/scripts/quartz_site.py:176:26 - error: Type of "parent" is partially unknown
    Type of "parent" is "Path | Unknown" (reportUnknownMemberType)
  /github/workspace/mindgarden/scripts/quartz_site.py:177:12 - error: Type of "is_file" is partially unknown
    Type of "is_file" is "(() -> bool) | Unknown" (reportUnknownMemberType)
  /github/workspace/mindgarden/scripts/quartz_site.py:177:44 - error: Type of "is_symlink" is partially unknown
    Type of "is_symlink" is "(() -> bool) | Unknown" (reportUnknownMemberType)
  /github/workspace/mindgarden/scripts/quartz_site.py:179:21 - error: Argument type is partially unknown
    Argument corresponds to parameter "src" in function "copyfile"
    Argument type is "Path | Unknown" (reportUnknownArgumentType)
  /github/workspace/mindgarden/scripts/quartz_site.py:252:10 - error: Type of "error" is partially unknown
    Type of "error" is "Unknown | OSError | UnicodeError | JSONDecodeError | CalledProcessError" (reportUnknownVariableType)
/github/workspace/mindgarden/scripts/validate_garden.py
  /github/workspace/mindgarden/scripts/validate_garden.py:198:85 - error: Type of "item" is unknown (reportUnknownVariableType)
  /github/workspace/mindgarden/scripts/validate_garden.py:202:12 - error: Argument type is partially unknown
    Argument corresponds to parameter "obj" in function "len"
    Argument type is "list[Unknown]" (reportUnknownArgumentType)
  /github/workspace/mindgarden/scripts/validate_garden.py:202:26 - error: Argument type is partially unknown
    Argument corresponds to parameter "obj" in function "len"
    Argument type is "set[Unknown]" (reportUnknownArgumentType)
  /github/workspace/mindgarden/scripts/validate_garden.py:202:30 - error: Argument type is partially unknown
    Argument corresponds to parameter "iterable" in function "__init__"
    Argument type is "list[Unknown]" (reportUnknownArgumentType)
  /github/workspace/mindgarden/scripts/validate_garden.py:204:12 - error: Return type, "list[Unknown]", is partially unknown (reportUnknownVariableType)
  /github/workspace/mindgarden/scripts/validate_garden.py:390:9 - error: Type of "observed_fields" is partially unknown
    Type of "observed_fields" is "set[Unknown]" (reportUnknownVariableType)
  /github/workspace/mindgarden/scripts/validate_garden.py:390:31 - error: Argument type is partially unknown
    Argument corresponds to parameter "iterable" in function "__init__"
    Argument type is "dict[Unknown, Unknown]" (reportUnknownArgumentType)
  /github/workspace/mindgarden/scripts/validate_garden.py:393:13 - error: Type of "unknown" is partially unknown
    Type of "unknown" is "list[Unknown]" (reportUnknownVariableType)
  /github/workspace/mindgarden/scripts/validate_garden.py:393:30 - error: Argument type is partially unknown
    Argument corresponds to parameter "iterable" in function "sorted"
    Argument type is "set[Unknown]" (reportUnknownArgumentType)
  /github/workspace/mindgarden/scripts/validate_garden.py:398:32 - error: Argument type is partially unknown
    Argument corresponds to parameter "record" in function "require_json_string"
    Argument type is "dict[Unknown, Unknown]" (reportUnknownArgumentType)
  /github/workspace/mindgarden/scripts/validate_garden.py:400:41 - error: Argument type is partially unknown
    Argument corresponds to parameter "record" in function "require_json_string"
    Argument type is "dict[Unknown, Unknown]" (reportUnknownArgumentType)
  /github/workspace/mindgarden/scripts/validate_garden.py:403:39 - error: Argument type is partially unknown
    Argument corresponds to parameter "record" in function "require_json_string"
    Argument type is "dict[Unknown, Unknown]" (reportUnknownArgumentType)
  /github/workspace/mindgarden/scripts/validate_garden.py:410:46 - error: Argument type is partially unknown
    Argument corresponds to parameter "record" in function "require_json_string"
    Argument type is "dict[Unknown, Unknown]" (reportUnknownArgumentType)
  /github/workspace/mindgarden/scripts/validate_garden.py:423:38 - error: Argument type is partially unknown
    Argument corresponds to parameter "record" in function "require_json_string"
    Argument type is "dict[Unknown, Unknown]" (reportUnknownArgumentType)
  /github/workspace/mindgarden/scripts/validate_garden.py:427:29 - error: Argument type is partially unknown
    Argument corresponds to parameter "record" in function "require_json_string"
    Argument type is "dict[Unknown, Unknown]" (reportUnknownArgumentType)
  /github/workspace/mindgarden/scripts/validate_garden.py:428:48 - error: Argument type is partially unknown
    Argument corresponds to parameter "record" in function "require_json_string"
    Argument type is "dict[Unknown, Unknown]" (reportUnknownArgumentType)
  /github/workspace/mindgarden/scripts/validate_garden.py:430:42 - error: Argument type is partially unknown
    Argument corresponds to parameter "record" in function "require_json_string"
    Argument type is "dict[Unknown, Unknown]" (reportUnknownArgumentType)
  /github/workspace/mindgarden/scripts/validate_garden.py:444:9 - error: Type of "transformations" is partially unknown
    Type of "transformations" is "Unknown | None" (reportUnknownVariableType)
  /github/workspace/mindgarden/scripts/validate_garden.py:444:27 - error: Type of "get" is partially unknown
    Type of "get" is "Overload[(key: Unknown, default: None = None, /) -> (Unknown | None), (key: Unknown, default: Unknown, /) -> Unknown, (key: Unknown, default: _T@get, /) -> (Unknown | _T@get)]" (reportUnknownMemberType)
  /github/workspace/mindgarden/scripts/validate_garden.py:448:62 - error: Type of "item" is unknown (reportUnknownVariableType)
  /github/workspace/mindgarden/scripts/validate_garden.py:449:20 - error: Argument type is partially unknown
    Argument corresponds to parameter "obj" in function "len"
    Argument type is "list[Unknown]" (reportUnknownArgumentType)
  /github/workspace/mindgarden/scripts/validate_garden.py:449:44 - error: Argument type is partially unknown
    Argument corresponds to parameter "obj" in function "len"
    Argument type is "set[Unknown]" (reportUnknownArgumentType)
  /github/workspace/mindgarden/scripts/validate_garden.py:449:48 - error: Argument type is partially unknown
    Argument corresponds to parameter "iterable" in function "__init__"
    Argument type is "list[Unknown]" (reportUnknownArgumentType)
  /github/workspace/mindgarden/scripts/validate_garden.py:452:32 - error: Argument type is partially unknown
    Argument corresponds to parameter "record" in function "require_json_string"
    Argument type is "dict[Unknown, Unknown]" (reportUnknownArgumentType)
  /github/workspace/mindgarden/scripts/validate_garden.py:454:29 - error: Argument type is partially unknown
    Argument corresponds to parameter "record" in function "require_json_string"
    Argument type is "dict[Unknown, Unknown]" (reportUnknownArgumentType)
/github/workspace/mindgarden/tests/test_garden_agent.py
  /github/workspace/mindgarden/tests/test_garden_agent.py:22:6 - warning: Import "scripts.garden_agent" could not be resolved (reportMissingImports)
  /github/workspace/mindgarden/tests/test_garden_agent.py:23:5 - error: Type of "build_index" is unknown (reportUnknownVariableType)
  /github/workspace/mindgarden/tests/test_garden_agent.py:24:5 - error: Type of "canonical_json" is unknown (reportUnknownVariableType)
  /github/workspace/mindgarden/tests/test_garden_agent.py:25:5 - error: Type of "load_context_pack" is unknown (reportUnknownVariableType)
  /github/workspace/mindgarden/tests/test_garden_agent.py:26:5 - error: Type of "render_context_markdown" is unknown (reportUnknownVariableType)
  /github/workspace/mindgarden/tests/test_garden_agent.py:27:5 - error: Type of "render_llms_txt" is unknown (reportUnknownVariableType)
  /github/workspace/mindgarden/tests/test_garden_agent.py:28:5 - error: Type of "run_ingest" is unknown (reportUnknownVariableType)
  /github/workspace/mindgarden/tests/test_garden_agent.py:29:5 - error: Type of "search_payload" is unknown (reportUnknownVariableType)
  /github/workspace/mindgarden/tests/test_garden_agent.py:31:6 - warning: Import "scripts.validate_garden" could not be resolved (reportMissingImports)
  /github/workspace/mindgarden/tests/test_garden_agent.py:31:37 - error: Type of "ContractError" is unknown (reportUnknownVariableType)
  /github/workspace/mindgarden/tests/test_garden_agent.py:31:52 - error: Type of "validate_repository" is unknown (reportUnknownVariableType)
  /github/workspace/mindgarden/tests/test_garden_agent.py:133:9 - error: Type of "index" is unknown (reportUnknownVariableType)
  /github/workspace/mindgarden/tests/test_garden_agent.py:135:13 - error: Argument type is unknown
    Argument corresponds to parameter "data" in function "write_text" (reportUnknownArgumentType)
  /github/workspace/mindgarden/tests/test_garden_agent.py:167:13 - error: Type of "first" is unknown (reportUnknownVariableType)
  /github/workspace/mindgarden/tests/test_garden_agent.py:168:13 - error: Type of "second" is unknown (reportUnknownVariableType)
  /github/workspace/mindgarden/tests/test_garden_agent.py:171:45 - error: Argument type is unknown
    Argument corresponds to parameter "container" in function "assertNotIn" (reportUnknownArgumentType)
  /github/workspace/mindgarden/tests/test_garden_agent.py:172:41 - error: Argument type is unknown
    Argument corresponds to parameter "container" in function "assertNotIn" (reportUnknownArgumentType)
  /github/workspace/mindgarden/tests/test_garden_agent.py:173:34 - error: Argument type is unknown
    Argument corresponds to parameter "s" in function "loads" (reportUnknownArgumentType)
  /github/workspace/mindgarden/tests/test_garden_agent.py:195:13 - error: Type of "index" is unknown (reportUnknownVariableType)
  /github/workspace/mindgarden/tests/test_garden_agent.py:197:13 - error: Type of "reviewed" is unknown (reportUnknownVariableType)
  /github/workspace/mindgarden/tests/test_garden_agent.py:203:13 - error: Type of "all_results" is unknown (reportUnknownVariableType)
  /github/workspace/mindgarden/tests/test_garden_agent.py:210:63 - error: Type of "item" is unknown (reportUnknownVariableType)
  /github/workspace/mindgarden/tests/test_garden_agent.py:211:60 - error: Type of "item" is unknown (reportUnknownVariableType)
  /github/workspace/mindgarden/tests/test_garden_agent.py:225:13 - error: Type of "index" is unknown (reportUnknownVariableType)
  /github/workspace/mindgarden/tests/test_garden_agent.py:226:13 - error: Type of "_" is unknown (reportUnknownVariableType)
  /github/workspace/mindgarden/tests/test_garden_agent.py:226:16 - error: Type of "profile" is unknown (reportUnknownVariableType)
  /github/workspace/mindgarden/tests/test_garden_agent.py:227:13 - error: Type of "rendered" is unknown (reportUnknownVariableType)
  /github/workspace/mindgarden/tests/test_garden_agent.py:229:38 - error: Argument type is unknown
    Argument corresponds to parameter "obj" in function "len" (reportUnknownArgumentType)
  /github/workspace/mindgarden/tests/test_garden_agent.py:230:47 - error: Argument type is unknown
    Argument corresponds to parameter "container" in function "assertIn" (reportUnknownArgumentType)
  /github/workspace/mindgarden/tests/test_garden_agent.py:231:38 - error: Argument type is unknown
    Argument corresponds to parameter "container" in function "assertIn" (reportUnknownArgumentType)
  /github/workspace/mindgarden/tests/test_garden_agent.py:232:66 - error: Argument type is unknown
    Argument corresponds to parameter "container" in function "assertIn" (reportUnknownArgumentType)
  /github/workspace/mindgarden/tests/test_garden_agent.py:266:40 - error: Argument type is unknown
    Argument corresponds to parameter "expected_exception" in function "assertRaisesRegex" (reportUnknownArgumentType)
  /github/workspace/mindgarden/tests/test_garden_agent.py:285:41 - error: Argument type is unknown
    Argument corresponds to parameter "expected_exception" in function "assertRaisesRegex" (reportUnknownArgumentType)
  /github/workspace/mindgarden/tests/test_garden_agent.py:304:36 - error: Argument type is unknown
    Argument corresponds to parameter "data" in function "write_text" (reportUnknownArgumentType)
  /github/workspace/mindgarden/tests/test_garden_agent.py:306:41 - error: Argument type is unknown
    Argument corresponds to parameter "expected_exception" in function "assertRaisesRegex" (reportUnknownArgumentType)
  /github/workspace/mindgarden/tests/test_garden_agent.py:312:13 - error: Type of "index" is unknown (reportUnknownVariableType)
/github/workspace/mindgarden/tests/test_publish_garden.py
  /github/workspace/mindgarden/tests/test_publish_garden.py:17:6 - warning: Import "scripts.publish_garden" could not be resolved (reportMissingImports)
  /github/workspace/mindgarden/tests/test_publish_garden.py:18:5 - error: Type of "ContractError" is unknown (reportUnknownVariableType)
  /github/workspace/mindgarden/tests/test_publish_garden.py:19:5 - error: Type of "project_garden" is unknown (reportUnknownVariableType)
  /github/workspace/mindgarden/tests/test_publish_garden.py:20:5 - error: Type of "projection_digests" is unknown (reportUnknownVariableType)
  /github/workspace/mindgarden/tests/test_publish_garden.py:21:5 - error: Type of "verify_projection" is unknown (reportUnknownVariableType)
  /github/workspace/mindgarden/tests/test_publish_garden.py:157:13 - error: Type of "first_paths" is unknown (reportUnknownVariableType)
  /github/workspace/mindgarden/tests/test_publish_garden.py:158:13 - error: Type of "second_paths" is unknown (reportUnknownVariableType)
  /github/workspace/mindgarden/tests/test_publish_garden.py:163:18 - error: Type of "as_posix" is unknown (reportUnknownMemberType)
  /github/workspace/mindgarden/tests/test_publish_garden.py:163:38 - error: Type of "path" is unknown (reportUnknownVariableType)
  /github/workspace/mindgarden/tests/test_publish_garden.py:198:41 - error: Argument type is unknown
    Argument corresponds to parameter "expected_exception" in function "assertRaisesRegex" (reportUnknownArgumentType)
  /github/workspace/mindgarden/tests/test_publish_garden.py:208:41 - error: Argument type is unknown
    Argument corresponds to parameter "expected_exception" in function "assertRaisesRegex" (reportUnknownArgumentType)
  /github/workspace/mindgarden/tests/test_publish_garden.py:215:41 - error: Argument type is unknown
    Argument corresponds to parameter "expected_exception" in function "assertRaisesRegex" (reportUnknownArgumentType)
  /github/workspace/mindgarden/tests/test_publish_garden.py:227:41 - error: Argument type is unknown
    Argument corresponds to parameter "expected_exception" in function "assertRaisesRegex" (reportUnknownArgumentType)
/github/workspace/mindgarden/tests/test_validate_garden.py
  /github/workspace/mindgarden/tests/test_validate_garden.py:18:6 - warning: Import "scripts.validate_garden" could not be resolved (reportMissingImports)
  /github/workspace/mindgarden/tests/test_validate_garden.py:18:37 - error: Type of "ContractError" is unknown (reportUnknownVariableType)
  /github/workspace/mindgarden/tests/test_validate_garden.py:18:52 - error: Type of "validate_repository" is unknown (reportUnknownVariableType)
  /github/workspace/mindgarden/tests/test_validate_garden.py:117:41 - error: Argument type is unknown
    Argument corresponds to parameter "expected_exception" in function "assertRaisesRegex" (reportUnknownArgumentType)
  /github/workspace/mindgarden/tests/test_validate_garden.py:127:41 - error: Argument type is unknown
    Argument corresponds to parameter "expected_exception" in function "assertRaisesRegex" (reportUnknownArgumentType)
  /github/workspace/mindgarden/tests/test_validate_garden.py:137:41 - error: Argument type is unknown
    Argument corresponds to parameter "expected_exception" in function "assertRaisesRegex" (reportUnknownArgumentType)
  /github/workspace/mindgarden/tests/test_validate_garden.py:147:41 - error: Argument type is unknown
    Argument corresponds to parameter "expected_exception" in function "assertRaisesRegex" (reportUnknownArgumentType)
  /github/workspace/mindgarden/tests/test_validate_garden.py:157:41 - error: Argument type is unknown
    Argument corresponds to parameter "expected_exception" in function "assertRaisesRegex" (reportUnknownArgumentType)
  /github/workspace/mindgarden/tests/test_validate_garden.py:168:41 - error: Argument type is unknown
    Argument corresponds to parameter "expected_exception" in function "assertRaisesRegex" (reportUnknownArgumentType)
/github/workspace/tests/test_mindgarden_agent_integration.py
  /github/workspace/tests/test_mindgarden_agent_integration.py:16:6 - warning: Import "scripts.garden_agent" could not be resolved (reportMissingImports)
  /github/workspace/tests/test_mindgarden_agent_integration.py:17:5 - error: Type of "build_index" is unknown (reportUnknownVariableType)
  /github/workspace/tests/test_mindgarden_agent_integration.py:18:5 - error: Type of "canonical_json" is unknown (reportUnknownVariableType)
  /github/workspace/tests/test_mindgarden_agent_integration.py:19:5 - error: Type of "load_context_pack" is unknown (reportUnknownVariableType)
  /github/workspace/tests/test_mindgarden_agent_integration.py:20:5 - error: Type of "render_context_markdown" is unknown (reportUnknownVariableType)
  /github/workspace/tests/test_mindgarden_agent_integration.py:21:5 - error: Type of "render_llms_txt" is unknown (reportUnknownVariableType)
  /github/workspace/tests/test_mindgarden_agent_integration.py:23:6 - warning: Import "scripts.validate_garden" could not be resolved (reportMissingImports)
  /github/workspace/tests/test_mindgarden_agent_integration.py:23:37 - error: Type of "validate_repository" is unknown (reportUnknownVariableType)
  /github/workspace/tests/test_mindgarden_agent_integration.py:29:9 - error: Type of "first" is unknown (reportUnknownVariableType)
  /github/workspace/tests/test_mindgarden_agent_integration.py:30:9 - error: Type of "second" is unknown (reportUnknownVariableType)
  /github/workspace/tests/test_mindgarden_agent_integration.py:33:28 - error: Argument type is unknown
    Argument corresponds to parameter "s" in function "loads" (reportUnknownArgumentType)
  /github/workspace/tests/test_mindgarden_agent_integration.py:34:9 - error: Type of "expected_llms" is unknown (reportUnknownVariableType)
  /github/workspace/tests/test_mindgarden_agent_integration.py:41:9 - error: Type of "index" is unknown (reportUnknownVariableType)
  /github/workspace/tests/test_mindgarden_agent_integration.py:42:9 - error: Type of "_" is unknown (reportUnknownVariableType)
  /github/workspace/tests/test_mindgarden_agent_integration.py:42:12 - error: Type of "profile" is unknown (reportUnknownVariableType)
  /github/workspace/tests/test_mindgarden_agent_integration.py:43:9 - error: Type of "rendered" is unknown (reportUnknownVariableType)
  /github/workspace/tests/test_mindgarden_agent_integration.py:45:34 - error: Argument type is unknown
    Argument corresponds to parameter "obj" in function "len" (reportUnknownArgumentType)
  /github/workspace/tests/test_mindgarden_agent_integration.py:45:45 - error: Argument type is unknown
    Argument corresponds to parameter "b" in function "assertLessEqual" (reportUnknownArgumentType)
  /github/workspace/tests/test_mindgarden_agent_integration.py:46:46 - error: Argument type is unknown
    Argument corresponds to parameter "container" in function "assertNotIn" (reportUnknownArgumentType)
  /github/workspace/tests/test_mindgarden_agent_integration.py:47:43 - error: Argument type is unknown
    Argument corresponds to parameter "container" in function "assertIn" (reportUnknownArgumentType)
/github/workspace/tests/test_mindgarden_publishing_integration.py
  /github/workspace/tests/test_mindgarden_publishing_integration.py:19:6 - warning: Import "scripts.publish_garden" could not be resolved (reportMissingImports)
  /github/workspace/tests/test_mindgarden_publishing_integration.py:19:36 - error: Type of "project_garden" is unknown (reportUnknownVariableType)
  /github/workspace/tests/test_mindgarden_publishing_integration.py:19:52 - error: Type of "verify_projection" is unknown (reportUnknownVariableType)
  /github/workspace/tests/test_mindgarden_publishing_integration.py:30:13 - error: Type of "paths" is unknown (reportUnknownVariableType)
  /github/workspace/tests/test_mindgarden_publishing_integration.py:32:18 - error: Type of "as_posix" is unknown (reportUnknownMemberType)
  /github/workspace/tests/test_mindgarden_publishing_integration.py:32:38 - error: Type of "path" is unknown (reportUnknownVariableType)
/github/workspace/tests/test_repository_intelligence_dashboard.py
  /github/workspace/tests/test_repository_intelligence_dashboard.py:252:26 - error: "__getitem__" method not defined on type "object" (reportIndexIssue)
  /github/workspace/tests/test_repository_intelligence_dashboard.py:253:26 - error: "__getitem__" method not defined on type "object" (reportIndexIssue)
  /github/workspace/tests/test_repository_intelligence_dashboard.py:254:26 - error: "__getitem__" method not defined on type "object" (reportIndexIssue)
  /github/workspace/tests/test_repository_intelligence_dashboard.py:255:26 - error: "__getitem__" method not defined on type "object" (reportIndexIssue)
  /github/workspace/tests/test_repository_intelligence_dashboard.py:256:26 - error: "__getitem__" method not defined on type "object" (reportIndexIssue)
  /github/workspace/tests/test_repository_intelligence_dashboard.py:257:26 - error: "__getitem__" method not defined on type "object" (reportIndexIssue)
  /github/workspace/tests/test_repository_intelligence_dashboard.py:258:26 - error: "__getitem__" method not defined on type "object" (reportIndexIssue)
  /github/workspace/tests/test_repository_intelligence_dashboard.py:263:26 - error: "__getitem__" method not defined on type "object" (reportIndexIssue)
  /github/workspace/tests/test_repository_intelligence_dashboard.py:264:26 - error: "__getitem__" method not defined on type "object" (reportIndexIssue)
  /github/workspace/tests/test_repository_intelligence_dashboard.py:265:26 - error: "__getitem__" method not defined on type "object" (reportIndexIssue)
  /github/workspace/tests/test_repository_intelligence_dashboard.py:266:26 - error: "__getitem__" method not defined on type "object" (reportIndexIssue)
  /github/workspace/tests/test_repository_intelligence_dashboard.py:275:26 - error: "__getitem__" method not defined on type "object" (reportIndexIssue)
  /github/workspace/tests/test_repository_intelligence_dashboard.py:292:26 - error: "__getitem__" method not defined on type "object" (reportIndexIssue)
  /github/workspace/tests/test_repository_intelligence_dashboard.py:293:26 - error: "__getitem__" method not defined on type "object" (reportIndexIssue)
  /github/workspace/tests/test_repository_intelligence_dashboard.py:313:26 - error: "__getitem__" method not defined on type "object" (reportIndexIssue)
  /github/workspace/tests/test_repository_intelligence_dashboard.py:328:26 - error: "__getitem__" method not defined on type "object" (reportIndexIssue)
  /github/workspace/tests/test_repository_intelligence_dashboard.py:342:26 - error: "__getitem__" method not defined on type "object" (reportIndexIssue)
  /github/workspace/tests/test_repository_intelligence_dashboard.py:354:9 - error: Type of "scorecard" is unknown (reportUnknownVariableType)
  /github/workspace/tests/test_repository_intelligence_dashboard.py:354:21 - error: "__getitem__" method not defined on type "object" (reportIndexIssue)
  /github/workspace/tests/test_repository_intelligence_dashboard.py:369:26 - error: "__getitem__" method not defined on type "object" (reportIndexIssue)
  /github/workspace/tests/test_repository_intelligence_dashboard.py:414:26 - error: "__getitem__" method not defined on type "object" (reportIndexIssue)
  /github/workspace/tests/test_repository_intelligence_dashboard.py:427:9 - error: Type of "metrics" is unknown (reportUnknownVariableType)
  /github/workspace/tests/test_repository_intelligence_dashboard.py:427:19 - error: "__getitem__" method not defined on type "object" (reportIndexIssue)
815 errors, 10 warnings, 0 informations

::endgroup::
::group::[31m❌ Linted [PYTHON] files with [ruff]: Found 55 error(s) and 0 warning(s) - (0.81s)[0m (expand for details)
- Using [ruff v0.16.2] https://megalinter.io/10.0.0/descriptors/python_ruff
- MegaLinter key: [PYTHON_RUFF]
- Rules config: [egolint/.config/lint/python/ruff.toml]
- Number of files analyzed: [45]
- CWD: [/github/workspace]
- Command: [ruff check --config egolint/.config/lint/python/ruff.toml .github/actions/generate-lint-infographic/generate_lint_infographic.py .github/actions/generate-repository-intelligence-dashboard/generate_repository_intelligence_dashboard.py .github/actions/...(truncated)]
[Pre][PYTHON_RUFF] run: [mkdir -p ".cache/ruff"] in cwd [/github/workspace]
[Pre][PYTHON_RUFF] result:

--Error detail:
[1m[91mPLR2004[0m[1m Magic value used in comparison, consider replacing `10` with a constant variable[0m
   [1m[94m--> [0m.github/actions/generate-repository-intelligence-dashboard/generate_repository_intelligence_dashboard.py:111:55
    [1m[94m|[0m
[1m[94m109[0m [1m[94m|[0m     if isinstance(value, bool) or not isinstance(value, (int, float)):
[1m[94m110[0m [1m[94m|[0m         return None
[1m[94m111[0m [1m[94m|[0m     return value if isfinite(value) and 0 <= value <= 10 else None
    [1m[94m|[0m                                                       [1m[91m^^[0m

[1m[91mPLR0912[0m[1m Too many branches (17 > 12)[0m
   [1m[94m--> [0m.github/actions/generate-repository-intelligence-dashboard/generate_repository_intelligence_dashboard.py:252:5
    [1m[94m|[0m
[1m[94m252[0m [1m[94m|[0m def validate_report(
    [1m[94m|[0m     [1m[91m^^^^^^^^^^^^^^^[0m
[1m[94m253[0m [1m[94m|[0m     document: dict[str, Any], producer: str, repository: str, as_of: datetime
[1m[94m254[0m [1m[94m|[0m ) -> dict[str, Any]:
    [1m[94m|[0m

[1m[91mPLR0915[0m[1m Too many statements (64 > 50)[0m
   [1m[94m--> [0m.github/actions/generate-repository-intelligence-dashboard/generate_repository_intelligence_dashboard.py:252:5
    [1m[94m|[0m
[1m[94m252[0m [1m[94m|[0m def validate_report(
    [1m[94m|[0m     [1m[91m^^^^^^^^^^^^^^^[0m
[1m[94m253[0m [1m[94m|[0m     document: dict[str, Any], producer: str, repository: str, as_of: datetime
[1m[94m254[0m [1m[94m|[0m ) -> dict[str, Any]:
    [1m[94m|[0m

[1m[91mSIM102[0m[1m Use a single `if` statement instead of nested `if` statements[0m
   [1m[94m--> [0m.github/actions/generate-repository-intelligence-dashboard/generate_repository_intelligence_dashboard.py:284:5
    [1m[94m|[0m
[1m[94m282[0m [1m[94m|[0m       blocking = safe_integer(report_findings.get("blocking"), allow_none=allow_none)
[1m[94m283[0m [1m[94m|[0m       advisory = safe_integer(report_findings.get("advisory"), allow_none=allow_none)
[1m[94m284[0m [1m[94m|[0m [1m[91m/[0m     if total is not None and blocking is not None and advisory is not None:
[1m[94m285[0m [1m[94m|[0m [1m[91m|[0m         if blocking + advisory != total:
    [1m[94m|[0m [1m[91m|________________________________________^[0m
[1m[94m286[0m [1m[94m|[0m               raise DashboardInputError("blocking and advisory counts must sum to total.")
[1m[94m287[0m [1m[94m|[0m       by_severity = report_findings.get("by_severity")
    [1m[94m|[0m
[1m[96mhelp[0m[1m: Combine `if` statements using `and`[0m

[1m[91mPLR0912[0m[1m Too many branches (13 > 12)[0m
   [1m[94m--> [0m.github/actions/generate-repository-intelligence-dashboard/generate_repository_intelligence_dashboard.py:439:5
    [1m[94m|[0m
[1m[94m439[0m [1m[94m|[0m def validate_analytics(document: dict[str, Any], source_commit: str) -> dict[str, Any]:
    [1m[94m|[0m     [1m[91m^^^^^^^^^^^^^^^^^^[0m
[1m[94m440[0m [1m[94m|[0m     """Project the versioned public analytics contract used by the charts."""
    [1m[94m|[0m

[1m[91mPLR0912[0m[1m Too many branches (19 > 12)[0m
   [1m[94m--> [0m.github/actions/generate-repository-intelligence-dashboard/generate_repository_intelligence_dashboard.py:640:5
    [1m[94m|[0m
[1m[94m640[0m [1m[94m|[0m def validate_tree_node(
    [1m[94m|[0m     [1m[91m^^^^^^^^^^^^^^^^^^[0m
[1m[94m641[0m [1m[94m|[0m     candidate: Any,
[1m[94m642[0m [1m[94m|[0m     *,
    [1m[94m|[0m

[1m[91mPLR0915[0m[1m Too many statements (55 > 50)[0m
   [1m[94m--> [0m.github/actions/generate-repository-intelligence-dashboard/generate_repository_intelligence_dashboard.py:640:5
    [1m[94m|[0m
[1m[94m640[0m [1m[94m|[0m def validate_tree_node(
    [1m[94m|[0m     [1m[91m^^^^^^^^^^^^^^^^^^[0m
[1m[94m641[0m [1m[94m|[0m     candidate: Any,
[1m[94m642[0m [1m[94m|[0m     *,
    [1m[94m|[0m

[1m[91mS603[0m[1m `subprocess` call: check for execution of untrusted input[0m
   [1m[94m--> [0m.github/actions/generate-repository-intelligence-dashboard/generate_repository_intelligence_dashboard.py:805:14
    [1m[94m|[0m
[1m[94m803[0m [1m[94m|[0m     """Run a read-only Git query and return normalized stdout."""
[1m[94m804[0m [1m[94m|[0m
[1m[94m805[0m [1m[94m|[0m     result = subprocess.run(
    [1m[94m|[0m              [1m[91m^^^^^^^^^^^^^^[0m
[1m[94m806[0m [1m[94m|[0m         ["git", "-C", str(repository_root), *arguments],
[1m[94m807[0m [1m[94m|[0m         check=True,
    [1m[94m|[0m

[1m[91mS607[0m[1m Starting a process with a partial executable path[0m
   [1m[94m--> [0m.github/actions/generate-repository-intelligence-dashboard/generate_repository_intelligence_dashboard.py:806:9
    [1m[94m|[0m
[1m[94m805[0m [1m[94m|[0m     result = subprocess.run(
[1m[94m806[0m [1m[94m|[0m         ["git", "-C", str(repository_root), *arguments],
    [1m[94m|[0m         [1m[91m^^^^^^^^^^^^^^^^^^^^^^^^^^^^^^^^^^^^^^^^^^^^^^^[0m
[1m[94m807[0m [1m[94m|[0m         check=True,
[1m[94m808[0m [1m[94m|[0m         capture_output=True,
    [1m[94m|[0m

[1m[91mTRY301[0m[1m Abstract `raise` to an inner function[0m
   [1m[94m--> [0m.github/actions/generate-repository-intelligence-dashboard/generate_repository_intelligence_dashboard.py:826:13
    [1m[94m|[0m
[1m[94m824[0m [1m[94m|[0m         resolved_commit = run_git(repository_root, "rev-parse", source_commit)
[1m[94m825[0m [1m[94m|[0m         if not FULL_SHA_PATTERN.fullmatch(resolved_commit):
[1m[94m826[0m [1m[94m|[0m             raise DashboardInputError("Git did not resolve a full source commit.")
    [1m[94m|[0m             [1m[91m^^^^^^^^^^^^^^^^^^^^^^^^^^^^^^^^^^^^^^^^^^^^^^^^^^^^^^^^^^^^^^^^^^^^^^[0m
[1m[94m827[0m [1m[94m|[0m         committed_at = run_git(
[1m[94m828[0m [1m[94m|[0m             repository_root, "show", "--no-patch", "--format=%cI", resolved_commit
    [1m[94m|[0m

[1m[91mPLR2004[0m[1m Magic value used in comparison, consider replacing `3` with a constant variable[0m
   [1m[94m--> [0m.github/actions/generate-repository-intelligence-dashboard/generate_repository_intelligence_dashboard.py:875:36
    [1m[94m|[0m
[1m[94m873[0m [1m[94m|[0m             path.startswith(".github/actions/")
[1m[94m874[0m [1m[94m|[0m             and path.endswith("/action.yml")
[1m[94m875[0m [1m[94m|[0m             and path.count("/") == 3
    [1m[94m|[0m                                    [1m[91m^[0m
[1m[94m876[0m [1m[94m|[0m             for path in tracked_paths
[1m[94m877[0m [1m[94m|[0m         )
    [1m[94m|[0m

[1m[91mC420[0m [[1m[96m*[0m][1m Unnecessary dict comprehension for iterable; use `dict.fromkeys` instead[0m
   [1m[94m--> [0m.github/actions/generate-repository-intelligence-dashboard/generate_repository_intelligence_dashboard.py:924:25
    [1m[94m|[0m
[1m[94m923[0m [1m[94m|[0m     counts = {
[1m[94m924[0m [1m[94m|[0m         "availability": {state: 0 for state in sorted(AVAILABILITY_STATES)},
    [1m[94m|[0m                         [1m[91m^^^^^^^^^^^^^^^^^^^^^^^^^^^^^^^^^^^^^^^^^^^^^^^^^^^[0m
[1m[94m925[0m [1m[94m|[0m         "execution": {state: 0 for state in sorted(EXECUTION_STATES)},
[1m[94m926[0m [1m[94m|[0m         "findings": {state: 0 for state in sorted(FINDING_STATES)},
    [1m[94m|[0m
[1m[96mhelp[0m[1m: Replace with `dict.fromkeys(iterable)`)[0m
[1m[94m   [0m [1m[94m|[0m
[1m[94m923[0m [1m[94m|[0m     counts = {
[1m[94m   [0m [1m[31m-[0m [31m        "availability": {state: 0 for state in sorted(AVAILABILITY_STATES)},
[0m[1m[94m924[0m [1m[32m+[0m [32m        "availability": dict.fromkeys(sorted(AVAILABILITY_STATES), 0),
[0m[1m[94m925[0m [1m[94m|[0m         "execution": {state: 0 for state in sorted(EXECUTION_STATES)},
[1m[94m   [0m [1m[94m|[0m

[1m[91mC420[0m [[1m[96m*[0m][1m Unnecessary dict comprehension for iterable; use `dict.fromkeys` instead[0m
   [1m[94m--> [0m.github/actions/generate-repository-intelligence-dashboard/generate_repository_intelligence_dashboard.py:925:22
    [1m[94m|[0m
[1m[94m923[0m [1m[94m|[0m     counts = {
[1m[94m924[0m [1m[94m|[0m         "availability": {state: 0 for state in sorted(AVAILABILITY_STATES)},
[1m[94m925[0m [1m[94m|[0m         "execution": {state: 0 for state in sorted(EXECUTION_STATES)},
    [1m[94m|[0m                      [1m[91m^^^^^^^^^^^^^^^^^^^^^^^^^^^^^^^^^^^^^^^^^^^^^^^^[0m
[1m[94m926[0m [1m[94m|[0m         "findings": {state: 0 for state in sorted(FINDING_STATES)},
[1m[94m927[0m [1m[94m|[0m         "freshness": {state: 0 for state in sorted(FRESHNESS_STATES)},
    [1m[94m|[0m
[1m[96mhelp[0m[1m: Replace with `dict.fromkeys(iterable)`)[0m
[1m[94m   [0m [1m[94m|[0m
[1m[94m924[0m [1m[94m|[0m         "availability": {state: 0 for state in sorted(AVAILABILITY_STATES)},
[1m[94m   [0m [1m[31m-[0m [31m        "execution": {state: 0 for state in sorted(EXECUTION_STATES)},
[0m[1m[94m925[0m [1m[32m+[0m [32m        "execution": dict.fromkeys(sorted(EXECUTION_STATES), 0),
[0m[1m[94m926[0m [1m[94m|[0m         "findings": {state: 0 for state in sorted(FINDING_STATES)},
[1m[94m   [0m [1m[94m|[0m

[1m[91mC420[0m [[1m[96m*[0m][1m Unnecessary dict comprehension for iterable; use `dict.fromkeys` instead[0m
   [1m[94m--> [0m.github/actions/generate-repository-intelligence-dashboard/generate_repository_intelligence_dashboard.py:926:21
    [1m[94m|[0m
[1m[94m924[0m [1m[94m|[0m         "availability": {state: 0 for state in sorted(AVAILABILITY_STATES)},
[1m[94m925[0m [1m[94m|[0m         "execution": {state: 0 for state in sorted(EXECUTION_STATES)},
[1m[94m926[0m [1m[94m|[0m         "findings": {state: 0 for state in sorted(FINDING_STATES)},
    [1m[94m|[0m                     [1m[91m^^^^^^^^^^^^^^^^^^^^^^^^^^^^^^^^^^^^^^^^^^^^^^[0m
[1m[94m927[0m [1m[94m|[0m         "freshness": {state: 0 for state in sorted(FRESHNESS_STATES)},
[1m[94m928[0m [1m[94m|[0m     }
    [1m[94m|[0m
[1m[96mhelp[0m[1m: Replace with `dict.fromkeys(iterable)`)[0m
[1m[94m   [0m [1m[94m|[0m
[1m[94m925[0m [1m[94m|[0m         "execution": {state: 0 for state in sorted(EXECUTION_STATES)},
[1m[94m   [0m [1m[31m-[0m [31m        "findings": {state: 0 for state in sorted(FINDING_STATES)},
[0m[1m[94m926[0m [1m[32m+[0m [32m        "findings": dict.fromkeys(sorted(FINDING_STATES), 0),
[0m[1m[94m927[0m [1m[94m|[0m         "freshness": {state: 0 for state in sorted(FRESHNESS_STATES)},
[1m[94m   [0m [1m[94m|[0m

[1m[91mC420[0m [[1m[96m*[0m][1m Unnecessary dict comprehension for iterable; use `dict.fromkeys` instead[0m
   [1m[94m--> [0m.github/actions/generate-repository-intelligence-dashboard/generate_repository_intelligence_dashboard.py:927:22
    [1m[94m|[0m
[1m[94m925[0m [1m[94m|[0m         "execution": {state: 0 for state in sorted(EXECUTION_STATES)},
[1m[94m926[0m [1m[94m|[0m         "findings": {state: 0 for state in sorted(FINDING_STATES)},
[1m[94m927[0m [1m[94m|[0m         "freshness": {state: 0 for state in sorted(FRESHNESS_STATES)},
    [1m[94m|[0m                      [1m[91m^^^^^^^^^^^^^^^^^^^^^^^^^^^^^^^^^^^^^^^^^^^^^^^^[0m
[1m[94m928[0m [1m[94m|[0m     }
[1m[94m929[0m [1m[94m|[0m     for projection in producers.values():
    [1m[94m|[0m
[1m[96mhelp[0m[1m: Replace with `dict.fromkeys(iterable)`)[0m
[1m[94m   [0m [1m[94m|[0m
[1m[94m926[0m [1m[94m|[0m         "findings": {state: 0 for state in sorted(FINDING_STATES)},
[1m[94m   [0m [1m[31m-[0m [31m        "freshness": {state: 0 for state in sorted(FRESHNESS_STATES)},
[0m[1m[94m927[0m [1m[32m+[0m [32m        "freshness": dict.fromkeys(sorted(FRESHNESS_STATES), 0),
[0m[1m[94m928[0m [1m[94m|[0m     }
[1m[94m   [0m [1m[94m|[0m

[1m[91mPLR0913[0m[1m Too many arguments in function definition (8 > 5)[0m
   [1m[94m--> [0m.github/actions/generate-repository-intelligence-dashboard/generate_repository_intelligence_dashboard.py:937:5
    [1m[94m|[0m
[1m[94m937[0m [1m[94m|[0m def build_dashboard(
    [1m[94m|[0m     [1m[91m^^^^^^^^^^^^^^^[0m
[1m[94m938[0m [1m[94m|[0m     *,
[1m[94m939[0m [1m[94m|[0m     repository_root: Path,
    [1m[94m|[0m

[1m[91mPLR2004[0m[1m Magic value used in comparison, consider replacing `1_000` with a constant variable[0m
    [1m[94m--> [0m.github/actions/generate-repository-intelligence-dashboard/generate_repository_intelligence_dashboard.py:1095:21
     [1m[94m|[0m
[1m[94m1093[0m [1m[94m|[0m     """Render a compact, deterministic integer label."""
[1m[94m1094[0m [1m[94m|[0m
[1m[94m1095[0m [1m[94m|[0m     if abs(value) < 1_000:
     [1m[94m|[0m                     [1m[91m^^^^^[0m
[1m[94m1096[0m [1m[94m|[0m         return str(value)
[1m[94m1097[0m [1m[94m|[0m     for divisor, suffix in ((1_000_000_000, "B"), (1_000_000, "M"), (1_000, "K")):
     [1m[94m|[0m

[1m[91mPLR2004[0m[1m Magic value used in comparison, consider replacing `10` with a constant variable[0m
    [1m[94m--> [0m.github/actions/generate-repository-intelligence-dashboard/generate_repository_intelligence_dashboard.py:1100:45
     [1m[94m|[0m
[1m[94m1098[0m [1m[94m|[0m         if abs(value) >= divisor:
[1m[94m1099[0m [1m[94m|[0m             scaled = value / divisor
[1m[94m1100[0m [1m[94m|[0m             precision = 0 if abs(scaled) >= 10 else 1
     [1m[94m|[0m                                             [1m[91m^^[0m
[1m[94m1101[0m [1m[94m|[0m             return f"{scaled:.{precision}f}{suffix}".replace(".0", "")
[1m[94m1102[0m [1m[94m|[0m     return str(value)
     [1m[94m|[0m

[1m[91mPLR0913[0m[1m Too many arguments in function definition (7 > 5)[0m
    [1m[94m--> [0m.github/actions/generate-repository-intelligence-dashboard/generate_repository_intelligence_dashboard.py:1134:5
     [1m[94m|[0m
[1m[94m1134[0m [1m[94m|[0m def chart_card(
     [1m[94m|[0m     [1m[91m^^^^^^^^^^[0m
[1m[94m1135[0m [1m[94m|[0m     *,
[1m[94m1136[0m [1m[94m|[0m     identifier: str,
     [1m[94m|[0m

[1m[91mPLR2004[0m[1m Magic value used in comparison, consider replacing `20` with a constant variable[0m
    [1m[94m--> [0m.github/actions/generate-repository-intelligence-dashboard/generate_repository_intelligence_dashboard.py:1342:59
     [1m[94m|[0m
[1m[94m1340[0m [1m[94m|[0m         y = 28 + index * row_height
[1m[94m1341[0m [1m[94m|[0m         rendered_width = bar_width * row["commit_touches"] / maximum
[1m[94m1342[0m [1m[94m|[0m         display_name = row["name"] if len(row["name"]) <= 20 else row["name"][:18] + "…"
     [1m[94m|[0m                                                           [1m[91m^^[0m
[1m[94m1343[0m [1m[94m|[0m         bars.append(
[1m[94m1344[0m [1m[94m|[0m             f'<text class="bar-label" x="0" y="{y + 17}">{escaped(display_name)}</text>'
     [1m[94m|[0m

[1m[91mPLR2004[0m[1m Magic value used in comparison, consider replacing `2` with a constant variable[0m
    [1m[94m--> [0m.github/actions/generate-repository-intelligence-dashboard/generate_repository_intelligence_dashboard.py:1558:22
     [1m[94m|[0m
[1m[94m1557[0m [1m[94m|[0m     parts = repository.split("/")
[1m[94m1558[0m [1m[94m|[0m     if len(parts) != 2 or not all(re.fullmatch(r"[A-Za-z0-9_.-]+", part) for part in parts):
     [1m[94m|[0m                      [1m[91m^[0m
[1m[94m1559[0m [1m[94m|[0m         return ""
[1m[94m1560[0m [1m[94m|[0m     owner, name = (quote(part, safe="") for part in parts)
     [1m[94m|[0m

[1m[91mS603[0m[1m `subprocess` call: check for execution of untrusted input[0m
  [1m[94m--> [0m.github/actions/generate-repository-intelligence/generate_repository_analytics.py:68:17
   [1m[94m|[0m
[1m[94m67[0m [1m[94m|[0m def run_git(repo_root: Path, arguments: Sequence[str]) -> bytes:
[1m[94m68[0m [1m[94m|[0m     completed = subprocess.run(
   [1m[94m|[0m                 [1m[91m^^^^^^^^^^^^^^[0m
[1m[94m69[0m [1m[94m|[0m         ["git", "-C", str(repo_root), *arguments],
[1m[94m70[0m [1m[94m|[0m         check=True,
   [1m[94m|[0m

[1m[91mS607[0m[1m Starting a process with a partial executable path[0m
  [1m[94m--> [0m.github/actions/generate-repository-intelligence/generate_repository_analytics.py:69:9
   [1m[94m|[0m
[1m[94m67[0m [1m[94m|[0m def run_git(repo_root: Path, arguments: Sequence[str]) -> bytes:
[1m[94m68[0m [1m[94m|[0m     completed = subprocess.run(
[1m[94m69[0m [1m[94m|[0m         ["git", "-C", str(repo_root), *arguments],
   [1m[94m|[0m         [1m[91m^^^^^^^^^^^^^^^^^^^^^^^^^^^^^^^^^^^^^^^^^[0m
[1m[94m70[0m [1m[94m|[0m         check=True,
[1m[94m71[0m [1m[94m|[0m         capture_output=True,
   [1m[94m|[0m

[1m[91mFURB110[0m [[1m[96m*[0m][1m Replace ternary `if` expression with `or` operator[0m
   [1m[94m--> [0m.github/actions/generate-repository-intelligence/generate_repository_analytics.py:161:12
    [1m[94m|[0m
[1m[94m159[0m [1m[94m|[0m def extension_name(relative_path: str) -> str:
[1m[94m160[0m [1m[94m|[0m     suffix = Path(relative_path).suffix.casefold()
[1m[94m161[0m [1m[94m|[0m     return suffix if suffix else "[no extension]"
    [1m[94m|[0m            [1m[91m^^^^^^^^^^^^^^^^^^^^^^^^^^^^^^^^^^^^^^[0m
[1m[96mhelp[0m[1m: Replace with `or` operator[0m
[1m[94m   [0m [1m[94m|[0m
[1m[94m160[0m [1m[94m|[0m     suffix = Path(relative_path).suffix.casefold()
[1m[94m   [0m [1m[31m-[0m [31m    return suffix [0m[1m[31mif suffix else[0m[0m[31m "[no extension]"
[0m[1m[94m161[0m [1m[32m+[0m [32m    return suffix [0m[1m[32mor[0m[0m[32m "[no extension]"
[0m[1m[94m162[0m [1m[94m|[0m
[1m[94m   [0m [1m[94m|[0m

[1m[91mPLR2004[0m[1m Magic value used in comparison, consider replacing `3` with a constant variable[0m
   [1m[94m--> [0m.github/actions/generate-repository-intelligence/generate_repository_analytics.py:267:27
    [1m[94m|[0m
[1m[94m265[0m [1m[94m|[0m             continue
[1m[94m266[0m [1m[94m|[0m         fields = record.split(b"\t", maxsplit=2)
[1m[94m267[0m [1m[94m|[0m         if len(fields) != 3:
    [1m[94m|[0m                           [1m[91m^[0m
[1m[94m268[0m [1m[94m|[0m             continue
[1m[94m269[0m [1m[94m|[0m         raw_insertions, raw_deletions, raw_path = fields
    [1m[94m|[0m

[1m[91mS603[0m[1m `subprocess` call: check for execution of untrusted input[0m
  [1m[94m--> [0m.github/actions/generate-repository-intelligence/generate_repository_intelligence.py:89:17
   [1m[94m|[0m
[1m[94m88[0m [1m[94m|[0m def run_git(repo_root: Path, arguments: Sequence[str]) -> bytes:
[1m[94m89[0m [1m[94m|[0m     completed = subprocess.run(
   [1m[94m|[0m                 [1m[91m^^^^^^^^^^^^^^[0m
[1m[94m90[0m [1m[94m|[0m         ["git", "-C", str(repo_root), *arguments],
[1m[94m91[0m [1m[94m|[0m         check=True,
   [1m[94m|[0m

[1m[91mS607[0m[1m Starting a process with a partial executable path[0m
  [1m[94m--> [0m.github/actions/generate-repository-intelligence/generate_repository_intelligence.py:90:9
   [1m[94m|[0m
[1m[94m88[0m [1m[94m|[0m def run_git(repo_root: Path, arguments: Sequence[str]) -> bytes:
[1m[94m89[0m [1m[94m|[0m     completed = subprocess.run(
[1m[94m90[0m [1m[94m|[0m         ["git", "-C", str(repo_root), *arguments],
   [1m[94m|[0m         [1m[91m^^^^^^^^^^^^^^^^^^^^^^^^^^^^^^^^^^^^^^^^^[0m
[1m[94m91[0m [1m[94m|[0m         check=True,
[1m[94m92[0m [1m[94m|[0m         capture_output=True,
   [1m[94m|[0m

[1m[91mPLR0913[0m[1m Too many arguments in function definition (6 > 5)[0m
   [1m[94m--> [0m.github/actions/normalize-repository-report/normalize_repository_report.py:112:5
    [1m[94m|[0m
[1m[94m112[0m [1m[94m|[0m def default_links(
    [1m[94m|[0m     [1m[91m^^^^^^^^^^^^^[0m
[1m[94m113[0m [1m[94m|[0m     *,
[1m[94m114[0m [1m[94m|[0m     producer: str,
    [1m[94m|[0m

[1m[91mPLR0913[0m[1m Too many arguments in function definition (11 > 5)[0m
   [1m[94m--> [0m.github/actions/normalize-repository-report/normalize_repository_report.py:139:5
    [1m[94m|[0m
[1m[94m139[0m [1m[94m|[0m def common_summary(
    [1m[94m|[0m     [1m[91m^^^^^^^^^^^^^^[0m
[1m[94m140[0m [1m[94m|[0m     *,
[1m[94m141[0m [1m[94m|[0m     producer: str,
    [1m[94m|[0m

[1m[91mPLR0911[0m[1m Too many return statements (7 > 6)[0m
   [1m[94m--> [0m.github/actions/normalize-repository-report/normalize_repository_report.py:310:5
    [1m[94m|[0m
[1m[94m310[0m [1m[94m|[0m def risk_from_rule(rule: dict[str, Any]) -> str:
    [1m[94m|[0m     [1m[91m^^^^^^^^^^^^^^[0m
[1m[94m311[0m [1m[94m|[0m     """Translate SARIF's numeric security severity into a compact risk label."""
    [1m[94m|[0m

[1m[91mPLR2004[0m[1m Magic value used in comparison, consider replacing `9` with a constant variable[0m
   [1m[94m--> [0m.github/actions/normalize-repository-report/normalize_repository_report.py:320:20
    [1m[94m|[0m
[1m[94m318[0m [1m[94m|[0m     except (TypeError, ValueError):
[1m[94m319[0m [1m[94m|[0m         return "unknown"
[1m[94m320[0m [1m[94m|[0m     if severity >= 9:
    [1m[94m|[0m                    [1m[91m^[0m
[1m[94m321[0m [1m[94m|[0m         return "critical"
[1m[94m322[0m [1m[94m|[0m     if severity >= 7:
    [1m[94m|[0m

[1m[91mPLR2004[0m[1m Magic value used in comparison, consider replacing `7` with a constant variable[0m
   [1m[94m--> [0m.github/actions/normalize-repository-report/normalize_repository_report.py:322:20
    [1m[94m|[0m
[1m[94m320[0m [1m[94m|[0m     if severity >= 9:
[1m[94m321[0m [1m[94m|[0m         return "critical"
[1m[94m322[0m [1m[94m|[0m     if severity >= 7:
    [1m[94m|[0m                    [1m[91m^[0m
[1m[94m323[0m [1m[94m|[0m         return "high"
[1m[94m324[0m [1m[94m|[0m     if severity >= 4:
    [1m[94m|[0m

[1m[91mPLR2004[0m[1m Magic value used in comparison, consider replacing `4` with a constant variable[0m
   [1m[94m--> [0m.github/actions/normalize-repository-report/normalize_repository_report.py:324:20
    [1m[94m|[0m
[1m[94m322[0m [1m[94m|[0m     if severity >= 7:
[1m[94m323[0m [1m[94m|[0m         return "high"
[1m[94m324[0m [1m[94m|[0m     if severity >= 4:
    [1m[94m|[0m                    [1m[91m^[0m
[1m[94m325[0m [1m[94m|[0m         return "medium"
[1m[94m326[0m [1m[94m|[0m     if severity > 0:
    [1m[94m|[0m

[1m[91mPLR2004[0m[1m Magic value used in comparison, consider replacing `10` with a constant variable[0m
   [1m[94m--> [0m.github/actions/normalize-repository-report/normalize_repository_report.py:421:38
    [1m[94m|[0m
[1m[94m419[0m [1m[94m|[0m                 continue
[1m[94m420[0m [1m[94m|[0m             score = int(check["score"])
[1m[94m421[0m [1m[94m|[0m             if score < 0 or score >= 10:
    [1m[94m|[0m                                      [1m[91m^^[0m
[1m[94m422[0m [1m[94m|[0m                 continue
[1m[94m423[0m [1m[94m|[0m             documentation = check.get("documentation", {})
    [1m[94m|[0m

[1m[91mC420[0m [[1m[96m*[0m][1m Unnecessary dict comprehension for iterable; use `dict.fromkeys` instead[0m
   [1m[94m--> [0m.github/actions/normalize-repository-report/normalize_repository_report.py:447:19
    [1m[94m|[0m
[1m[94m445[0m [1m[94m|[0m         source = "api"
[1m[94m446[0m [1m[94m|[0m
[1m[94m447[0m [1m[94m|[0m     by_severity = {name: 0 for name in SEVERITY_ORDER}
    [1m[94m|[0m                   [1m[91m^^^^^^^^^^^^^^^^^^^^^^^^^^^^^^^^^^^^[0m
[1m[94m448[0m [1m[94m|[0m     for check in checks:
[1m[94m449[0m [1m[94m|[0m         risk = str(check.get("risk", "unknown"))
    [1m[94m|[0m
[1m[96mhelp[0m[1m: Replace with `dict.fromkeys(iterable)`)[0m
[1m[94m   [0m [1m[94m|[0m
[1m[94m446[0m [1m[94m|[0m
[1m[94m   [0m [1m[31m-[0m [31m    by_severity = [0m[1m[31m{name:[0m[0m[31m [0m[1m[31m0 for name in SEVERITY_ORDER}[0m[0m[31m
[0m[1m[94m447[0m [1m[32m+[0m [32m    by_severity = [0m[1m[32mdict.fromkeys(SEVERITY_ORDER,[0m[0m[32m [0m[1m[32m0)[0m[0m[32m
[0m[1m[94m448[0m [1m[94m|[0m     for check in checks:
[1m[94m   [0m [1m[94m|[0m

[1m[91mTRY301[0m[1m Abstract `raise` to an inner function[0m
   [1m[94m--> [0m.github/actions/normalize-repository-report/normalize_repository_report.py:490:17
    [1m[94m|[0m
[1m[94m488[0m [1m[94m|[0m         elif args.producer == "megalinter":
[1m[94m489[0m [1m[94m|[0m             if not args.policy_input:
[1m[94m490[0m [1m[94m|[0m                 raise ReportInputError("MegaLinter normalization requires --policy-input")
    [1m[94m|[0m                 [1m[91m^^^^^^^^^^^^^^^^^^^^^^^^^^^^^^^^^^^^^^^^^^^^^^^^^^^^^^^^^^^^^^^^^^^^^^^^^^[0m
[1m[94m491[0m [1m[94m|[0m             policy = load_object(Path(args.policy_input), "MegaLinter policy input")
[1m[94m492[0m [1m[94m|[0m             normalize_megalinter(document, policy, summary)
    [1m[94m|[0m

[1m[91mI001[0m [[1m[96m*[0m][1m Import block is un-sorted or un-formatted[0m
  [1m[94m--> [0mbeacon/scripts/validate_templates.py:4:1
   [1m[94m|[0m
[1m[94m 2[0m [1m[94m|[0m   """Validate Beacon template packages using only the Python standard library."""
[1m[94m 3[0m [1m[94m|[0m
[1m[94m 4[0m [1m[94m|[0m [1m[91m/[0m from __future__ import annotations
[1m[94m 5[0m [1m[94m|[0m [1m[91m|[0m
[1m[94m 6[0m [1m[94m|[0m [1m[91m|[0m import argparse
[1m[94m 7[0m [1m[94m|[0m [1m[91m|[0m import re
[1m[94m 8[0m [1m[94m|[0m [1m[91m|[0m import sys
[1m[94m 9[0m [1m[94m|[0m [1m[91m|[0m import tomllib
[1m[94m10[0m [1m[94m|[0m [1m[91m|[0m from pathlib import Path
   [1m[94m|[0m [1m[91m|________________________^[0m
[1m[94m11[0m [1m[94m|[0m
[1m[94m12[0m [1m[94m|[0m   REQUIRED_TOP_LEVEL_KEYS = {
   [1m[94m|[0m
[1m[96mhelp[0m[1m: Organize imports[0m
[1m[94m  [0m [1m[94m|[0m
[1m[94m6 [0m [1m[94m|[0m import argparse
[1m[94m7 [0m [1m[32m+[0m [32mfrom pathlib import Path
[0m[1m[94m8 [0m [1m[94m|[0m import re
[1m[94m9 [0m [1m[94m|[0m import sys
[1m[94m10[0m [1m[94m|[0m import tomllib
[1m[94m  [0m [1m[31m-[0m [31mfrom pathlib import Path
[0m[1m[94m11[0m [1m[94m|[0m
[1m[94m  [0m [1m[94m|[0m

[1m[91mPLR0912[0m[1m Too many branches (26 > 12)[0m
  [1m[94m--> [0mbeacon/scripts/validate_templates.py:27:5
   [1m[94m|[0m
[1m[94m27[0m [1m[94m|[0m def validate_package(package_directory: Path) -> list[str]:
   [1m[94m|[0m     [1m[91m^^^^^^^^^^^^^^^^[0m
[1m[94m28[0m [1m[94m|[0m     """Return validation errors for one Beacon template package."""
   [1m[94m|[0m

[1m[91mPLR0915[0m[1m Too many statements (58 > 50)[0m
  [1m[94m--> [0mbeacon/scripts/validate_templates.py:27:5
   [1m[94m|[0m
[1m[94m27[0m [1m[94m|[0m def validate_package(package_directory: Path) -> list[str]:
   [1m[94m|[0m     [1m[91m^^^^^^^^^^^^^^^^[0m
[1m[94m28[0m [1m[94m|[0m     """Return validation errors for one Beacon template package."""
   [1m[94m|[0m

[1m[91mPERF401[0m[1m Use `list.extend` to create a transformed list[0m
  [1m[94m--> [0mbeacon/scripts/validate_templates.py:73:17
   [1m[94m|[0m
[1m[94m71[0m [1m[94m|[0m         for key in ("format", "renderer", "template"):
[1m[94m72[0m [1m[94m|[0m             if not isinstance(output.get(key), str) or not output[key].strip():
[1m[94m73[0m [1m[94m|[0m                 errors.append(f"{manifest_path}: outputs[{index}].{key} is required")
   [1m[94m|[0m                 [1m[91m^^^^^^^^^^^^^^^^^^^^^^^^^^^^^^^^^^^^^^^^^^^^^^^^^^^^^^^^^^^^^^^^^^^^^[0m
[1m[94m74[0m [1m[94m|[0m
[1m[94m75[0m [1m[94m|[0m         template_name = output.get("template")
   [1m[94m|[0m
[1m[96mhelp[0m[1m: Replace for loop with list.extend[0m

[1m[91mPERF401[0m[1m Use `list.extend` to create a transformed list[0m
   [1m[94m--> [0mbeacon/scripts/validate_templates.py:108:17
    [1m[94m|[0m
[1m[94m106[0m [1m[94m|[0m         for placeholder in ("$title$", "$author$", "$body$"):
[1m[94m107[0m [1m[94m|[0m             if placeholder not in tex:
[1m[94m108[0m [1m[94m|[0m                 errors.append(f"{tex_path}: missing Pandoc placeholder {placeholder}")
    [1m[94m|[0m                 [1m[91m^^^^^^^^^^^^^^^^^^^^^^^^^^^^^^^^^^^^^^^^^^^^^^^^^^^^^^^^^^^^^^^^^^^^^^[0m
[1m[94m109[0m [1m[94m|[0m         if "\\begin{document}" not in tex or "\\end{document}" not in tex:
[1m[94m110[0m [1m[94m|[0m             errors.append(f"{tex_path}: incomplete LaTeX document boundary")
    [1m[94m|[0m
[1m[96mhelp[0m[1m: Replace for loop with list.extend[0m

[1m[91mPERF401[0m[1m Use `list.extend` to create a transformed list[0m
   [1m[94m--> [0mbeacon/scripts/validate_templates.py:117:17
    [1m[94m|[0m
[1m[94m115[0m [1m[94m|[0m         for placeholder in ("{{ title", "{{ body"):
[1m[94m116[0m [1m[94m|[0m             if placeholder not in html:
[1m[94m117[0m [1m[94m|[0m                 errors.append(f"{html_path}: missing Tera placeholder {placeholder}")
    [1m[94m|[0m                 [1m[91m^^^^^^^^^^^^^^^^^^^^^^^^^^^^^^^^^^^^^^^^^^^^^^^^^^^^^^^^^^^^^^^^^^^^^[0m
[1m[94m118[0m [1m[94m|[0m
[1m[94m119[0m [1m[94m|[0m     return errors
    [1m[94m|[0m
[1m[96mhelp[0m[1m: Replace for loop with list.extend[0m

[1m[91mT201[0m[1m `print` found[0m
   [1m[94m--> [0mbeacon/scripts/validate_templates.py:161:13
    [1m[94m|[0m
[1m[94m159[0m [1m[94m|[0m     if errors:
[1m[94m160[0m [1m[94m|[0m         for error in errors:
[1m[94m161[0m [1m[94m|[0m             print(f"ERROR: {error}", file=sys.stderr)
    [1m[94m|[0m             [1m[91m^^^^^[0m
[1m[94m162[0m [1m[94m|[0m         return 1
    [1m[94m|[0m
[1m[96mhelp[0m[1m: Remove `print`[0m

[1m[91mT201[0m[1m `print` found[0m
   [1m[94m--> [0mbeacon/scripts/validate_templates.py:164:5
    [1m[94m|[0m
[1m[94m162[0m [1m[94m|[0m         return 1
[1m[94m163[0m [1m[94m|[0m
[1m[94m164[0m [1m[94m|[0m     print("Beacon template validation passed.")
    [1m[94m|[0m     [1m[91m^^^^^[0m
[1m[94m165[0m [1m[94m|[0m     return 0
    [1m[94m|[0m
[1m[96mhelp[0m[1m: Remove `print`[0m

[1m[91mINP001[0m[1m File `beacon/tests/test_templates.py` is part of an implicit namespace package. Add an `__init__.py`.[0m
[1m[94m--> [0mbeacon/tests/test_templates.py:1:1

[1m[91mI001[0m [[1m[96m*[0m][1m Import block is un-sorted or un-formatted[0m
 [1m[94m--> [0mbeacon/tests/test_templates.py:1:1
  [1m[94m|[0m
[1m[94m1[0m [1m[94m|[0m [1m[91m/[0m from __future__ import annotations
[1m[94m2[0m [1m[94m|[0m [1m[91m|[0m
[1m[94m3[0m [1m[94m|[0m [1m[91m|[0m import importlib.util
[1m[94m4[0m [1m[94m|[0m [1m[91m|[0m import tempfile
[1m[94m5[0m [1m[94m|[0m [1m[91m|[0m import unittest
[1m[94m6[0m [1m[94m|[0m [1m[91m|[0m from pathlib import Path
  [1m[94m|[0m [1m[91m|________________________^[0m
[1m[94m7[0m [1m[94m|[0m
[1m[94m8[0m [1m[94m|[0m   VALIDATOR_PATH = Path(__file__).parents[1] / "scripts" / "validate_templates.py"
  [1m[94m|[0m
[1m[96mhelp[0m[1m: Organize imports[0m
[1m[94m [0m [1m[94m|[0m
[1m[94m3[0m [1m[94m|[0m import importlib.util
[1m[94m4[0m [1m[32m+[0m [32mfrom pathlib import Path
[0m[1m[94m5[0m [1m[94m|[0m import tempfile
[1m[94m6[0m [1m[94m|[0m import unittest
[1m[94m [0m [1m[31m-[0m [31mfrom pathlib import Path
[0m[1m[94m7[0m [1m[94m|[0m
[1m[94m [0m [1m[94m|[0m

[1m[91mPT018[0m[1m Assertion should be broken down into multiple parts[0m
  [1m[94m--> [0mbeacon/tests/test_templates.py:10:1
   [1m[94m|[0m
[1m[94m 8[0m [1m[94m|[0m VALIDATOR_PATH = Path(__file__).parents[1] / "scripts" / "validate_templates.py"
[1m[94m 9[0m [1m[94m|[0m SPEC = importlib.util.spec_from_file_location("beacon_validate_templates", VALIDATOR_PATH)
[1m[94m10[0m [1m[94m|[0m assert SPEC is not None and SPEC.loader is not None
   [1m[94m|[0m [1m[91m^^^^^^^^^^^^^^^^^^^^^^^^^^^^^^^^^^^^^^^^^^^^^^^^^^^[0m
[1m[94m11[0m [1m[94m|[0m VALIDATOR = importlib.util.module_from_spec(SPEC)
[1m[94m12[0m [1m[94m|[0m SPEC.loader.exec_module(VALIDATOR)
   [1m[94m|[0m
[1m[96mhelp[0m[1m: Break down assertion into multiple parts[0m

[1m[91mS603[0m[1m `subprocess` call: check for execution of untrusted input[0m
  [1m[94m--> [0mtests/test_repository_analytics.py:30:12
   [1m[94m|[0m
[1m[94m28[0m [1m[94m|[0m         environment["GIT_AUTHOR_DATE"] = date
[1m[94m29[0m [1m[94m|[0m         environment["GIT_COMMITTER_DATE"] = date
[1m[94m30[0m [1m[94m|[0m     return subprocess.run(
   [1m[94m|[0m            [1m[91m^^^^^^^^^^^^^^[0m
[1m[94m31[0m [1m[94m|[0m         ["git", "-C", str(repository_root), *arguments],
[1m[94m32[0m [1m[94m|[0m         check=True,
   [1m[94m|[0m

[1m[91mS607[0m[1m Starting a process with a partial executable path[0m
  [1m[94m--> [0mtests/test_repository_analytics.py:31:9
   [1m[94m|[0m
[1m[94m29[0m [1m[94m|[0m         environment["GIT_COMMITTER_DATE"] = date
[1m[94m30[0m [1m[94m|[0m     return subprocess.run(
[1m[94m31[0m [1m[94m|[0m         ["git", "-C", str(repository_root), *arguments],
   [1m[94m|[0m         [1m[91m^^^^^^^^^^^^^^^^^^^^^^^^^^^^^^^^^^^^^^^^^^^^^^^[0m
[1m[94m32[0m [1m[94m|[0m         check=True,
[1m[94m33[0m [1m[94m|[0m         capture_output=True,
   [1m[94m|[0m

[1m[91mS603[0m[1m `subprocess` call: check for execution of untrusted input[0m
   [1m[94m--> [0mtests/test_repository_analytics.py:141:13
    [1m[94m|[0m
[1m[94m139[0m [1m[94m|[0m             create_repository(repository_root)
[1m[94m140[0m [1m[94m|[0m
[1m[94m141[0m [1m[94m|[0m             subprocess.run(
    [1m[94m|[0m             [1m[91m^^^^^^^^^^^^^^[0m
[1m[94m142[0m [1m[94m|[0m                 [
[1m[94m143[0m [1m[94m|[0m                     "bash",
    [1m[94m|[0m

[1m[91mS607[0m[1m Starting a process with a partial executable path[0m
   [1m[94m--> [0mtests/test_repository_analytics.py:142:17
    [1m[94m|[0m
[1m[94m141[0m [1m[94m|[0m               subprocess.run(
[1m[94m142[0m [1m[94m|[0m [1m[91m/[0m                 [
[1m[94m143[0m [1m[94m|[0m [1m[91m|[0m                     "bash",
[1m[94m144[0m [1m[94m|[0m [1m[91m|[0m                     str(ACTION_ROOT / "repo-activity"),
[1m[94m145[0m [1m[94m|[0m [1m[91m|[0m                     "--repo",
[1m[94m146[0m [1m[94m|[0m [1m[91m|[0m                     str(repository_root),
[1m[94m147[0m [1m[94m|[0m [1m[91m|[0m                     "--output",
[1m[94m148[0m [1m[94m|[0m [1m[91m|[0m                     ".cache/activity",
[1m[94m149[0m [1m[94m|[0m [1m[91m|[0m                     "--since",
[1m[94m150[0m [1m[94m|[0m [1m[91m|[0m                     "2 years ago",
[1m[94m151[0m [1m[94m|[0m [1m[91m|[0m                     "--ref",
[1m[94m152[0m [1m[94m|[0m [1m[91m|[0m                     "HEAD",
[1m[94m153[0m [1m[94m|[0m [1m[91m|[0m                     "--color",
[1m[94m154[0m [1m[94m|[0m [1m[91m|[0m                     "never",
[1m[94m155[0m [1m[94m|[0m [1m[91m|[0m                     "--quiet",
[1m[94m156[0m [1m[94m|[0m [1m[91m|[0m                 ],
    [1m[94m|[0m [1m[91m|_________________^[0m
[1m[94m157[0m [1m[94m|[0m                   check=True,
[1m[94m158[0m [1m[94m|[0m                   capture_output=True,
    [1m[94m|[0m

[1m[91mS603[0m[1m `subprocess` call: check for execution of untrusted input[0m
  [1m[94m--> [0mtests/test_repository_intelligence.py:28:12
   [1m[94m|[0m
[1m[94m27[0m [1m[94m|[0m def git(repository_root: Path, *arguments: str) -> str:
[1m[94m28[0m [1m[94m|[0m     return subprocess.run(
   [1m[94m|[0m            [1m[91m^^^^^^^^^^^^^^[0m
[1m[94m29[0m [1m[94m|[0m         ["git", "-C", str(repository_root), *arguments],
[1m[94m30[0m [1m[94m|[0m         check=True,
   [1m[94m|[0m

[1m[91mS607[0m[1m Starting a process with a partial executable path[0m
  [1m[94m--> [0mtests/test_repository_intelligence.py:29:9
   [1m[94m|[0m
[1m[94m27[0m [1m[94m|[0m def git(repository_root: Path, *arguments: str) -> str:
[1m[94m28[0m [1m[94m|[0m     return subprocess.run(
[1m[94m29[0m [1m[94m|[0m         ["git", "-C", str(repository_root), *arguments],
   [1m[94m|[0m         [1m[91m^^^^^^^^^^^^^^^^^^^^^^^^^^^^^^^^^^^^^^^^^^^^^^^[0m
[1m[94m30[0m [1m[94m|[0m         check=True,
[1m[94m31[0m [1m[94m|[0m         capture_output=True,
   [1m[94m|[0m

[1m[91mS603[0m[1m `subprocess` call: check for execution of untrusted input[0m
  [1m[94m--> [0mtests/test_repository_intelligence_dashboard.py:37:14
   [1m[94m|[0m
[1m[94m35[0m [1m[94m|[0m     """Run one deterministic Git command in a fixture repository."""
[1m[94m36[0m [1m[94m|[0m
[1m[94m37[0m [1m[94m|[0m     result = subprocess.run(
   [1m[94m|[0m              [1m[91m^^^^^^^^^^^^^^[0m
[1m[94m38[0m [1m[94m|[0m         ["git", "-C", str(repository), *arguments],
[1m[94m39[0m [1m[94m|[0m         check=True,
   [1m[94m|[0m

[1m[91mS607[0m[1m Starting a process with a partial executable path[0m
  [1m[94m--> [0mtests/test_repository_intelligence_dashboard.py:38:9
   [1m[94m|[0m
[1m[94m37[0m [1m[94m|[0m     result = subprocess.run(
[1m[94m38[0m [1m[94m|[0m         ["git", "-C", str(repository), *arguments],
   [1m[94m|[0m         [1m[91m^^^^^^^^^^^^^^^^^^^^^^^^^^^^^^^^^^^^^^^^^^[0m
[1m[94m39[0m [1m[94m|[0m         check=True,
[1m[94m40[0m [1m[94m|[0m         capture_output=True,
   [1m[94m|[0m

Found 55 errors.
[[36m*[0m] 8 fixable with the `--fix` option (3 hidden fixes can be enabled with the `--unsafe-fixes` option).

::endgroup::
::group::[31m❌ Linted [PYTHON] files with [ruff-format]: Found 1 error(s) and 0 warning(s) - (0.07s)[0m (expand for details)
- Using [ruff-format v0.16.2] https://megalinter.io/10.0.0/descriptors/python_ruff_format
- MegaLinter key: [PYTHON_RUFF_FORMAT]
- Rules config: [egolint/.config/lint/python/ruff.toml]
- Number of files analyzed: [45]
- CWD: [/github/workspace]
- Command: [ruff format --check --config egolint/.config/lint/python/ruff.toml .github/actions/generate-lint-infographic/generate_lint_infographic.py .github/actions/generate-repository-intelligence-dashboard/generate_repository_intelligence_dashboard.py .github...(truncated)]
--Error detail:
[1m[91munformatted:[0m[1m File would be reformatted[0m
   [1m[94m--> [0mbeacon/scripts/validate_templates.py:52:72
[1m[94m   [0m [1m[94m|[0m
[1m[94m51 [0m [1m[94m|[0m         errors.append(
[1m[94m   [0m [1m[31m-[0m [31m            f"{manifest_path}: id '{template_id}' must match directory [0m[1m[31m"[0m[0m[31m
[0m[1m[94m   [0m [1m[31m-[0m [1m[31m            f"'{package_directory.name}'"[0m[0m[31m
[0m[1m[94m52 [0m [1m[32m+[0m [32m            f"{manifest_path}: id '{template_id}' must match directory [0m[1m[32m'{package_directory.name}'"[0m[0m[32m
[0m[1m[94m53 [0m [1m[94m|[0m         )
--------------------------------------------------------------------------------
[1m[94m82 [0m [1m[94m|[0m             if package_root not in candidate.parents:
[1m[94m   [0m [1m[31m-[0m [31m                [0m[1m[31merrors.append([0m[0m[31m
[0m[1m[94m   [0m [1m[31m-[0m [1m[31m                    f"{manifest_path}:[0m[0m[31m output template escapes package: [0m[1m[31m{template_name}"[0m[0m[31m
[0m[1m[94m   [0m [1m[31m-[0m [1m[31m                )[0m[0m[31m
[0m[1m[94m83 [0m [1m[32m+[0m [32m                [0m[1m[32merrors.append(f"{manifest_path}:[0m[0m[32m output template escapes package: [0m[1m[32m{template_name}")[0m[0m[32m
[0m[1m[94m84 [0m [1m[94m|[0m             elif not candidate.is_file():
[1m[94m   [0m [1m[31m-[0m [31m                [0m[1m[31merrors.append([0m[0m[31m
[0m[1m[94m   [0m [1m[31m-[0m [1m[31m                    f"{manifest_path}:[0m[0m[31m output template does not exist: [0m[1m[31m{template_name}"[0m[0m[31m
[0m[1m[94m   [0m [1m[31m-[0m [1m[31m                )[0m[0m[31m
[0m[1m[94m85 [0m [1m[32m+[0m [32m                [0m[1m[32merrors.append(f"{manifest_path}:[0m[0m[32m output template does not exist: [0m[1m[32m{template_name}")[0m[0m[32m
[0m[1m[94m86 [0m [1m[94m|[0m
--------------------------------------------------------------------------------
[1m[94m123[0m [1m[94m|[0m
[1m[94m   [0m [1m[31m-[0m [31m    package_directories = [0m[1m[31msorted([0m[0m[31m
[0m[1m[94m   [0m [1m[31m-[0m [1m[31m        path[0m[0m[31m for path in templates_directory.iterdir() if [0m[1m[31mpath.is_dir()[0m[0m[31m
[0m[1m[94m   [0m [1m[31m-[0m [1m[31m    )[0m[0m[31m
[0m[1m[94m124[0m [1m[32m+[0m [32m    package_directories = [0m[1m[32msorted(path[0m[0m[32m for path in templates_directory.iterdir() if [0m[1m[32mpath.is_dir())[0m[0m[32m
[0m[1m[94m125[0m [1m[94m|[0m     if not package_directories:
[1m[94m   [0m [1m[94m|[0m

1 file would be reformatted, 44 files already formatted

::endgroup::
::group::[32m✅ Linted [REPOSITORY] files with [betterleaks] successfully - (1.3s)[0m (expand for details)
- Using [betterleaks v1.7.3] https://megalinter.io/10.0.0/descriptors/repository_betterleaks
- MegaLinter key: [REPOSITORY_BETTERLEAKS]
- Rules config: [egolint/.config/security/gitleaks/.gitleaks.toml]
- CWD: [/github/workspace]
- Command: [betterleaks --redact --verbose -c .reports/megalinter/betterleaks-config.toml dir .]
[Excluded directories] Generated .reports/megalinter/betterleaks-config.toml extending egolint/.config/security/gitleaks/.gitleaks.toml with EXCLUDED_DIRECTORIES as allowlist paths (disable with REPOSITORY_BETTERLEAKS_FORWARD_EXCLUDED_DIRECTORIES: false)
::endgroup::
::group::[33m⚠️ Linted [REPOSITORY] files with [checkov]: Found 57 non blocking error(s) and 0 non blocking warning(s) - (41.89s)[0m (expand for details)
- Using [checkov v3.3.9] https://megalinter.io/10.0.0/descriptors/repository_checkov
- MegaLinter key: [REPOSITORY_CHECKOV]
- Rules config: [egolint/.config/security/checkov/.checkov.yml]
- CWD: [/github/workspace]
- Command: [checkov --config-file egolint/.config/security/checkov/.checkov.yml --skip-path (^|/)\.git(/|$) --skip-path (^|/)node_modules(/|$) --skip-path (^|/)vendor(/|$) --skip-path (^|/)\.venv(/|$) --skip-path (^|/)venv(/|$) --skip-path (^|/)\.cache(/|$) --sk...(truncated)]
[Excluded directories] Forwarded EXCLUDED_DIRECTORIES to checkov through --skip-path (disable with REPOSITORY_CHECKOV_FORWARD_EXCLUDED_DIRECTORIES: false)
--Error detail:
2026-08-15 16:27:22,057 [MainThread  ] [INFO ]  Checking necessary system dependencies for helm checks.
2026-08-15 16:27:22,376 [MainThread  ] [INFO ]  Found working version of helm dependencies: v3.19.0
2026-08-15 16:27:22,377 [MainThread  ] [INFO ]  Checking necessary system dependencies for kustomize checks.
2026-08-15 16:27:22,378 [MainThread  ] [INFO ]  Could not find usable tools locally to process kustomize checks. Framework will be disabled for this run.
2026-08-15 16:27:22,382 [MainThread  ] [INFO ]  The following frameworks will automatically be disabled due to missing system dependencies: kustomize
2026-08-15 16:27:23,340 [MainThread  ] [INFO ]  The framework "sca_image" is part of the "SCA" module, which is not enabled in the platform
2026-08-15 16:27:23,340 [MainThread  ] [INFO ]  The framework "sca_package" is part of the "SCA" module, which is not enabled in the platform
2026-08-15 16:27:23,340 [MainThread  ] [INFO ]  The framework "sast" is part of the "SAST" module, which is not enabled in the platform
2026-08-15 16:27:23,340 [MainThread  ] [INFO ]  The framework "cdk" is part of the "SAST" module, which is not enabled in the platform
2026-08-15 16:27:23,360 [MainThread  ] [INFO ]  Scanning root folder and producing fresh tf_definitions and context
2026-08-15 16:27:23,361 [MainThread  ] [INFO ]  Parsing HCL files in source dir to graph
2026-08-15 16:27:23,369 [MainThread  ] [WARNI]  /venvs/checkov/lib/python3.14/site-packages/checkov/terraform/module_loading/module_finder.py:63: FutureWarning: Possible set union at position 9
  excluded_paths_regex = re.compile('|'.join(f"({excluded_paths})")) if excluded_paths else None

2026-08-15 16:27:23,372 [MainThread  ] [WARNI]  /venvs/checkov/lib/python3.14/site-packages/checkov/terraform/module_loading/module_finder.py:63: FutureWarning: Possible set union at position 10
  excluded_paths_regex = re.compile('|'.join(f"({excluded_paths})")) if excluded_paths else None

2026-08-15 16:27:23,372 [MainThread  ] [WARNI]  /venvs/checkov/lib/python3.14/site-packages/checkov/terraform/module_loading/module_finder.py:63: FutureWarning: Possible set union at position 31
  excluded_paths_regex = re.compile('|'.join(f"({excluded_paths})")) if excluded_paths else None

2026-08-15 16:27:23,372 [MainThread  ] [WARNI]  /venvs/checkov/lib/python3.14/site-packages/checkov/terraform/module_loading/module_finder.py:63: FutureWarning: Possible set union at position 32
  excluded_paths_regex = re.compile('|'.join(f"({excluded_paths})")) if excluded_paths else None

2026-08-15 16:27:23,372 [MainThread  ] [WARNI]  /venvs/checkov/lib/python3.14/site-packages/checkov/terraform/module_loading/module_finder.py:63: FutureWarning: Possible set union at position 49
  excluded_paths_regex = re.compile('|'.join(f"({excluded_paths})")) if excluded_paths else None

2026-08-15 16:27:23,372 [MainThread  ] [WARNI]  /venvs/checkov/lib/python3.14/site-packages/checkov/terraform/module_loading/module_finder.py:63: FutureWarning: Possible set union at position 50
  excluded_paths_regex = re.compile('|'.join(f"({excluded_paths})")) if excluded_paths else None

2026-08-15 16:27:23,372 [MainThread  ] [WARNI]  /venvs/checkov/lib/python3.14/site-packages/checkov/terraform/module_loading/module_finder.py:63: FutureWarning: Possible set union at position 83
  excluded_paths_regex = re.compile('|'.join(f"({excluded_paths})")) if excluded_paths else None

2026-08-15 16:27:23,373 [MainThread  ] [WARNI]  /venvs/checkov/lib/python3.14/site-packages/checkov/terraform/module_loading/module_finder.py:63: FutureWarning: Possible set union at position 84
  excluded_paths_regex = re.compile('|'.join(f"({excluded_paths})")) if excluded_paths else None

2026-08-15 16:27:23,373 [MainThread  ] [WARNI]  /venvs/checkov/lib/python3.14/site-packages/checkov/terraform/module_loading/module_finder.py:63: FutureWarning: Possible set union at position 101
  excluded_paths_regex = re.compile('|'.join(f"({excluded_paths})")) if excluded_paths else None

2026-08-15 16:27:23,373 [MainThread  ] [WARNI]  /venvs/checkov/lib/python3.14/site-packages/checkov/terraform/module_loading/module_finder.py:63: FutureWarning: Possible set union at position 102
  excluded_paths_regex = re.compile('|'.join(f"({excluded_paths})")) if excluded_paths else None

2026-08-15 16:27:23,373 [MainThread  ] [WARNI]  /venvs/checkov/lib/python3.14/site-packages/checkov/terraform/module_loading/module_finder.py:63: FutureWarning: Possible set union at position 123
  excluded_paths_regex = re.compile('|'.join(f"({excluded_paths})")) if excluded_paths else None

2026-08-15 16:27:23,373 [MainThread  ] [WARNI]  /venvs/checkov/lib/python3.14/site-packages/checkov/terraform/module_loading/module_finder.py:63: FutureWarning: Possible set union at position 124
  excluded_paths_regex = re.compile('|'.join(f"({excluded_paths})")) if excluded_paths else None

2026-08-15 16:27:23,373 [MainThread  ] [WARNI]  /venvs/checkov/lib/python3.14/site-packages/checkov/terraform/module_loading/module_finder.py:63: FutureWarning: Possible set union at position 141
  excluded_paths_regex = re.compile('|'.join(f"({excluded_paths})")) if excluded_paths else None

2026-08-15 16:27:23,377 [MainThread  ] [WARNI]  /venvs/checkov/lib/python3.14/site-packages/checkov/terraform/module_loading/module_finder.py:63: FutureWarning: Possible set union at position 142
  excluded_paths_regex = re.compile('|'.join(f"({excluded_paths})")) if excluded_paths else None

2026-08-15 16:27:23,377 [MainThread  ] [WARNI]  /venvs/checkov/lib/python3.14/site-packages/checkov/terraform/module_loading/module_finder.py:63: FutureWarning: Possible set union at position 165
  excluded_paths_regex = re.compile('|'.join(f"({excluded_paths})")) if excluded_paths else None

2026-08-15 16:27:23,377 [MainThread  ] [WARNI]  /venvs/checkov/lib/python3.14/site-packages/checkov/terraform/module_loading/module_finder.py:63: FutureWarning: Possible set union at position 166
  excluded_paths_regex = re.compile('|'.join(f"({excluded_paths})")) if excluded_paths else None

2026-08-15 16:27:23,377 [MainThread  ] [WARNI]  /venvs/checkov/lib/python3.14/site-packages/checkov/terraform/module_loading/module_finder.py:63: FutureWarning: Possible set union at position 183
  excluded_paths_regex = re.compile('|'.join(f"({excluded_paths})")) if excluded_paths else None

2026-08-15 16:27:23,377 [MainThread  ] [WARNI]  /venvs/checkov/lib/python3.14/site-packages/checkov/terraform/module_loading/module_finder.py:63: FutureWarning: Possible set union at position 184
  excluded_paths_regex = re.compile('|'.join(f"({excluded_paths})")) if excluded_paths else None

2026-08-15 16:27:23,377 [MainThread  ] [WARNI]  /venvs/checkov/lib/python3.14/site-packages/checkov/terraform/module_loading/module_finder.py:63: FutureWarning: Possible set union at position 201
  excluded_paths_regex = re.compile('|'.join(f"({excluded_paths})")) if excluded_paths else None

2026-08-15 16:27:23,377 [MainThread  ] [WARNI]  /venvs/checkov/lib/python3.14/site-packages/checkov/terraform/module_loading/module_finder.py:63: FutureWarning: Possible set union at position 202
  excluded_paths_regex = re.compile('|'.join(f"({excluded_paths})")) if excluded_paths else None

2026-08-15 16:27:23,378 [MainThread  ] [WARNI]  /venvs/checkov/lib/python3.14/site-packages/checkov/terraform/module_loading/module_finder.py:63: FutureWarning: Possible set union at position 219
  excluded_paths_regex = re.compile('|'.join(f"({excluded_paths})")) if excluded_paths else None

2026-08-15 16:27:23,378 [MainThread  ] [WARNI]  /venvs/checkov/lib/python3.14/site-packages/checkov/terraform/module_loading/module_finder.py:63: FutureWarning: Possible set union at position 220
  excluded_paths_regex = re.compile('|'.join(f"({excluded_paths})")) if excluded_paths else None

2026-08-15 16:27:23,378 [MainThread  ] [WARNI]  /venvs/checkov/lib/python3.14/site-packages/checkov/terraform/module_loading/module_finder.py:63: FutureWarning: Possible set union at position 245
  excluded_paths_regex = re.compile('|'.join(f"({excluded_paths})")) if excluded_paths else None

2026-08-15 16:27:23,378 [MainThread  ] [WARNI]  /venvs/checkov/lib/python3.14/site-packages/checkov/terraform/module_loading/module_finder.py:63: FutureWarning: Possible set union at position 246
  excluded_paths_regex = re.compile('|'.join(f"({excluded_paths})")) if excluded_paths else None

2026-08-15 16:27:23,378 [MainThread  ] [WARNI]  /venvs/checkov/lib/python3.14/site-packages/checkov/terraform/module_loading/module_finder.py:63: FutureWarning: Possible set union at position 263
  excluded_paths_regex = re.compile('|'.join(f"({excluded_paths})")) if excluded_paths else None

2026-08-15 16:27:23,379 [MainThread  ] [WARNI]  /venvs/checkov/lib/python3.14/site-packages/checkov/terraform/module_loading/module_finder.py:63: FutureWarning: Possible set union at position 264
  excluded_paths_regex = re.compile('|'.join(f"({excluded_paths})")) if excluded_paths else None

2026-08-15 16:27:23,379 [MainThread  ] [WARNI]  /venvs/checkov/lib/python3.14/site-packages/checkov/terraform/module_loading/module_finder.py:63: FutureWarning: Possible set union at position 283
  excluded_paths_regex = re.compile('|'.join(f"({excluded_paths})")) if excluded_paths else None

2026-08-15 16:27:23,379 [MainThread  ] [WARNI]  /venvs/checkov/lib/python3.14/site-packages/checkov/terraform/module_loading/module_finder.py:63: FutureWarning: Possible set union at position 284
  excluded_paths_regex = re.compile('|'.join(f"({excluded_paths})")) if excluded_paths else None

2026-08-15 16:27:23,379 [MainThread  ] [WARNI]  /venvs/checkov/lib/python3.14/site-packages/checkov/terraform/module_loading/module_finder.py:63: FutureWarning: Possible set union at position 301
  excluded_paths_regex = re.compile('|'.join(f"({excluded_paths})")) if excluded_paths else None

2026-08-15 16:27:23,379 [MainThread  ] [WARNI]  /venvs/checkov/lib/python3.14/site-packages/checkov/terraform/module_loading/module_finder.py:63: FutureWarning: Possible set union at position 302
  excluded_paths_regex = re.compile('|'.join(f"({excluded_paths})")) if excluded_paths else None

2026-08-15 16:27:23,380 [MainThread  ] [WARNI]  /venvs/checkov/lib/python3.14/site-packages/checkov/terraform/module_loading/module_finder.py:63: FutureWarning: Possible set union at position 319
  excluded_paths_regex = re.compile('|'.join(f"({excluded_paths})")) if excluded_paths else None

2026-08-15 16:27:23,380 [MainThread  ] [WARNI]  /venvs/checkov/lib/python3.14/site-packages/checkov/terraform/module_loading/module_finder.py:63: FutureWarning: Possible set union at position 320
  excluded_paths_regex = re.compile('|'.join(f"({excluded_paths})")) if excluded_paths else None

2026-08-15 16:27:23,380 [MainThread  ] [WARNI]  /venvs/checkov/lib/python3.14/site-packages/checkov/terraform/module_loading/module_finder.py:63: FutureWarning: Possible set union at position 337
  excluded_paths_regex = re.compile('|'.join(f"({excluded_paths})")) if excluded_paths else None

2026-08-15 16:27:23,383 [MainThread  ] [WARNI]  /venvs/checkov/lib/python3.14/site-packages/checkov/terraform/module_loading/module_finder.py:63: FutureWarning: Possible set union at position 338
  excluded_paths_regex = re.compile('|'.join(f"({excluded_paths})")) if excluded_paths else None

2026-08-15 16:27:23,383 [MainThread  ] [WARNI]  /venvs/checkov/lib/python3.14/site-packages/checkov/terraform/module_loading/module_finder.py:63: FutureWarning: Possible set union at position 363
  excluded_paths_regex = re.compile('|'.join(f"({excluded_paths})")) if excluded_paths else None

2026-08-15 16:27:23,383 [MainThread  ] [WARNI]  /venvs/checkov/lib/python3.14/site-packages/checkov/terraform/module_loading/module_finder.py:63: FutureWarning: Possible set union at position 364
  excluded_paths_regex = re.compile('|'.join(f"({excluded_paths})")) if excluded_paths else None

2026-08-15 16:27:23,383 [MainThread  ] [WARNI]  /venvs/checkov/lib/python3.14/site-packages/checkov/terraform/module_loading/module_finder.py:63: FutureWarning: Possible set union at position 381
  excluded_paths_regex = re.compile('|'.join(f"({excluded_paths})")) if excluded_paths else None

2026-08-15 16:27:23,383 [MainThread  ] [WARNI]  /venvs/checkov/lib/python3.14/site-packages/checkov/terraform/module_loading/module_finder.py:63: FutureWarning: Possible set union at position 382
  excluded_paths_regex = re.compile('|'.join(f"({excluded_paths})")) if excluded_paths else None

2026-08-15 16:27:23,384 [MainThread  ] [WARNI]  /venvs/checkov/lib/python3.14/site-packages/checkov/terraform/module_loading/module_finder.py:63: FutureWarning: Possible set union at position 409
  excluded_paths_regex = re.compile('|'.join(f"({excluded_paths})")) if excluded_paths else None

2026-08-15 16:27:23,384 [MainThread  ] [WARNI]  /venvs/checkov/lib/python3.14/site-packages/checkov/terraform/module_loading/module_finder.py:63: FutureWarning: Possible set union at position 410
  excluded_paths_regex = re.compile('|'.join(f"({excluded_paths})")) if excluded_paths else None

2026-08-15 16:27:23,384 [MainThread  ] [WARNI]  /venvs/checkov/lib/python3.14/site-packages/checkov/terraform/module_loading/module_finder.py:63: FutureWarning: Possible set union at position 427
  excluded_paths_regex = re.compile('|'.join(f"({excluded_paths})")) if excluded_paths else None

2026-08-15 16:27:23,384 [MainThread  ] [WARNI]  /venvs/checkov/lib/python3.14/site-packages/checkov/terraform/module_loading/module_finder.py:63: FutureWarning: Possible set union at position 428
  excluded_paths_regex = re.compile('|'.join(f"({excluded_paths})")) if excluded_paths else None

2026-08-15 16:27:23,384 [MainThread  ] [WARNI]  /venvs/checkov/lib/python3.14/site-packages/checkov/terraform/module_loading/module_finder.py:63: FutureWarning: Possible set union at position 457
  excluded_paths_regex = re.compile('|'.join(f"({excluded_paths})")) if excluded_paths else None

2026-08-15 16:27:23,384 [MainThread  ] [WARNI]  /venvs/checkov/lib/python3.14/site-packages/checkov/terraform/module_loading/module_finder.py:63: FutureWarning: Possible set union at position 458
  excluded_paths_regex = re.compile('|'.join(f"({excluded_paths})")) if excluded_paths else None

2026-08-15 16:27:23,473 [MainThread  ] [INFO ]  Starting download of modules of length 0
2026-08-15 16:27:23,508 [MainThread  ] [INFO ]  creating CloudFormation graph
2026-08-15 16:27:23,513 [MainThread  ] [INFO ]  [CloudformationLocalGraph] created 1 vertices
2026-08-15 16:27:23,516 [MainThread  ] [INFO ]  [CloudformationLocalGraph] created 0 edges
2026-08-15 16:27:23,516 [MainThread  ] [INFO ]  Rendering variables, graph has 1 vertices and 0 edges
2026-08-15 16:27:23,521 [MainThread  ] [INFO ]  Successfully created CloudFormation graph
2026-08-15 16:27:23,546 [MainThread  ] [INFO ]  Creating ARM graph
2026-08-15 16:27:23,548 [MainThread  ] [INFO ]  Successfully created ARM graph
2026-08-15 16:27:23,587 [MainThread  ] [INFO ]  Creating Serverless graph
2026-08-15 16:27:23,587 [MainThread  ] [INFO ]  Successfully created Serverless graph (0 vertices)
2026-08-15 16:27:23,614 [MainThread  ] [INFO ]  Creating vertices
2026-08-15 16:27:23,614 [MainThread  ] [INFO ]  [TerraformLocalGraph] created 0 vertices
2026-08-15 16:27:23,614 [MainThread  ] [INFO ]  Creating edges
2026-08-15 16:27:23,614 [MainThread  ] [INFO ]  [TerraformLocalGraph] created 0 edges
2026-08-15 16:27:23,668 [MainThread  ] [INFO ]  creating Kubernetes graph
2026-08-15 16:27:23,687 [MainThread  ] [INFO ]  Successfully created Kubernetes graph
2026-08-15 16:27:23,698 [MainThread  ] [INFO ]  Creating Dockerfile graph
2026-08-15 16:27:23,708 [MainThread  ] [INFO ]  Successfully created Dockerfile graph
2026-08-15 16:27:24,199 [MainThread  ] [INFO ]  Building graph from parsed module
2026-08-15 16:27:24,214 [MainThread  ] [INFO ]  Creating vertices
2026-08-15 16:27:24,214 [MainThread  ] [INFO ]  [TerraformLocalGraph] created 12 vertices
2026-08-15 16:27:24,214 [MainThread  ] [INFO ]  Creating edges
2026-08-15 16:27:24,216 [MainThread  ] [INFO ]  [TerraformLocalGraph] created 4 edges
2026-08-15 16:27:24,219 [MainThread  ] [INFO ]  Rendering variables, graph has 12 vertices and 4 edges
2026-08-15 16:27:24,279 [MainThread  ] [INFO ]  Building cross variable edges
2026-08-15 16:27:24,279 [MainThread  ] [INFO ]  Found 0 cross variable edges
2026-08-15 16:27:24,280 [MainThread  ] [INFO ]  Building S3 edges name references
2026-08-15 16:27:24,280 [MainThread  ] [INFO ]  Found 0 S3 name references edges
2026-08-15 16:27:31,846 [MainThread  ] [INFO ]  Creating GitHubActions graph
2026-08-15 16:27:31,850 [MainThread  ] [INFO ]  Successfully created GitHubActions graph
2026-08-15 16:27:32,103 [MainThread  ] [INFO ]  File ./egolint/tests/fixtures/vacuum/openapi.yml has the wrong type <class 'dict'>
2026-08-15 16:27:32,104 [MainThread  ] [INFO ]  File ./egolint/tests/fixtures/tekton-lint/task.yaml has the wrong type <class 'dict'>
2026-08-15 16:27:32,104 [MainThread  ] [INFO ]  File ./egolint/tests/fixtures/negative/kubernetes/privileged-pod.yml has the wrong type <class 'dict'>
2026-08-15 16:27:32,104 [MainThread  ] [INFO ]  File ./egolint/tests/fixtures/kubernetes/valid-deployment.yml has the wrong type <class 'dict'>
2026-08-15 16:27:32,104 [MainThread  ] [INFO ]  Creating Ansible graph
2026-08-15 16:27:32,105 [MainThread  ] [INFO ]  Successfully created Ansible graph
terraform scan results:

Passed checks: 9, Failed checks: 6, Skipped checks: 0

Check: CKV2_AWS_62: "Ensure S3 buckets should have event notifications enabled"
	FAILED for resource: aws_s3_bucket.fixture
	File: /egolint/tests/fixtures/kics/terraform/main.tf:12-14
	Guide: https://docs.prismacloud.io/en/enterprise-edition/policy-reference/aws-policies/aws-logging-policies/bc-aws-2-62
Check: CKV_AWS_144: "Ensure that S3 bucket has cross-region replication enabled"
	FAILED for resource: aws_s3_bucket.fixture
	File: /egolint/tests/fixtures/kics/terraform/main.tf:12-14
	Guide: https://docs.prismacloud.io/en/enterprise-edition/policy-reference/aws-policies/aws-general-policies/ensure-that-s3-bucket-has-cross-region-replication-enabled
Check: CKV_AWS_21: "Ensure all data stored in the S3 bucket have versioning enabled"
	FAILED for resource: aws_s3_bucket.fixture
	File: /egolint/tests/fixtures/kics/terraform/main.tf:12-14
	Guide: https://docs.prismacloud.io/en/enterprise-edition/policy-reference/aws-policies/s3-policies/s3-16-enable-versioning
Check: CKV_AWS_18: "Ensure the S3 bucket has access logging enabled"
	FAILED for resource: aws_s3_bucket.fixture
	File: /egolint/tests/fixtures/kics/terraform/main.tf:12-14
	Guide: https://docs.prismacloud.io/en/enterprise-edition/policy-reference/aws-policies/s3-policies/s3-13-enable-logging
Check: CKV2_AWS_61: "Ensure that an S3 bucket has a lifecycle configuration"
	FAILED for resource: aws_s3_bucket.fixture
	File: /egolint/tests/fixtures/kics/terraform/main.tf:12-14
	Guide: https://docs.prismacloud.io/en/enterprise-edition/policy-reference/aws-policies/aws-logging-policies/bc-aws-2-61
Check: CKV_AWS_145: "Ensure that S3 buckets are encrypted with KMS by default"
	FAILED for resource: aws_s3_bucket.fixture
	File: /egolint/tests/fixtures/kics/terraform/main.tf:12-14
	Guide: https://docs.prismacloud.io/en/enterprise-edition/policy-reference/aws-policies/aws-general-policies/ensure-that-s3-buckets-are-encrypted-with-kms-by-default
cloudformation scan results:

Passed checks: 7, Failed checks: 2, Skipped checks: 0

Check: CKV_AWS_18: "Ensure the S3 bucket has access logging enabled"
	FAILED for resource: AWS::S3::Bucket.ExampleBucket
	File: /egolint/tests/fixtures/cloudformation/valid-template.yml:7-20
	Guide: https://docs.prismacloud.io/en/enterprise-edition/policy-reference/aws-policies/s3-policies/s3-13-enable-logging
Check: CKV_AWS_21: "Ensure the S3 bucket has versioning enabled"
	FAILED for resource: AWS::S3::Bucket.ExampleBucket
	File: /egolint/tests/fixtures/cloudformation/valid-template.yml:7-20
	Guide: https://docs.prismacloud.io/en/enterprise-edition/policy-reference/aws-policies/s3-policies/s3-16-enable-versioning
kubernetes scan results:

Passed checks: 164, Failed checks: 44, Skipped checks: 0

Check: CKV_K8S_40: "Containers should run as a high UID to avoid host conflict"
	FAILED for resource: Deployment.default.healthy
	File: /egolint/tests/fixtures/conftest/valid.yml:2-7
	Guide: https://docs.prismacloud.io/en/enterprise-edition/policy-reference/kubernetes-policies/kubernetes-policy-index/bc-k8s-37
Check: CKV_K8S_31: "Ensure that the seccomp profile is set to docker/default or runtime/default"
	FAILED for resource: Deployment.default.healthy
	File: /egolint/tests/fixtures/conftest/valid.yml:2-7
	Guide: https://docs.prismacloud.io/en/enterprise-edition/policy-reference/kubernetes-policies/kubernetes-policy-index/bc-k8s-29
Check: CKV_K8S_38: "Ensure that Service Account Tokens are only mounted where necessary"
	FAILED for resource: Deployment.default.healthy
	File: /egolint/tests/fixtures/conftest/valid.yml:2-7
	Guide: https://docs.prismacloud.io/en/enterprise-edition/policy-reference/kubernetes-policies/kubernetes-policy-index/bc-k8s-35
Check: CKV_K8S_29: "Apply security context to your pods and containers"
	FAILED for resource: Deployment.default.healthy
	File: /egolint/tests/fixtures/conftest/valid.yml:2-7
	Guide: https://docs.prismacloud.io/en/enterprise-edition/policy-reference/kubernetes-policies/kubernetes-policy-index/ensure-securitycontext-is-applied-to-pods-and-containers
Check: CKV_K8S_21: "The default namespace should not be used"
	FAILED for resource: Deployment.default.healthy
	File: /egolint/tests/fixtures/conftest/valid.yml:2-7
	Guide: https://docs.prismacloud.io/en/enterprise-edition/policy-reference/kubernetes-policies/kubernetes-policy-index/bc-k8s-20
Check: CKV_K8S_23: "Minimize the admission of root containers"
	FAILED for resource: Deployment.default.healthy
	File: /egolint/tests/fixtures/conftest/valid.yml:2-7
	Guide: https://docs.prismacloud.io/en/enterprise-edition/policy-reference/kubernetes-policies/kubernetes-policy-index/bc-k8s-22
Check: CKV_K8S_40: "Containers should run as a high UID to avoid host conflict"
	FAILED for resource: Deployment.default.fragile
	File: /egolint/tests/fixtures/negative/conftest/invalid.yml:2-7
	Guide: https://docs.prismacloud.io/en/enterprise-edition/policy-reference/kubernetes-policies/kubernetes-policy-index/bc-k8s-37
Check: CKV_K8S_31: "Ensure that the seccomp profile is set to docker/default or runtime/default"
	FAILED for resource: Deployment.default.fragile
	File: /egolint/tests/fixtures/negative/conftest/invalid.yml:2-7
	Guide: https://docs.prismacloud.io/en/enterprise-edition/policy-reference/kubernetes-policies/kubernetes-policy-index/bc-k8s-29
Check: CKV_K8S_38: "Ensure that Service Account Tokens are only mounted where necessary"
	FAILED for resource: Deployment.default.fragile
	File: /egolint/tests/fixtures/negative/conftest/invalid.yml:2-7
	Guide: https://docs.prismacloud.io/en/enterprise-edition/policy-reference/kubernetes-policies/kubernetes-policy-index/bc-k8s-35
Check: CKV_K8S_29: "Apply security context to your pods and containers"
	FAILED for resource: Deployment.default.fragile
	File: /egolint/tests/fixtures/negative/conftest/invalid.yml:2-7
	Guide: https://docs.prismacloud.io/en/enterprise-edition/policy-reference/kubernetes-policies/kubernetes-policy-index/ensure-securitycontext-is-applied-to-pods-and-containers
Check: CKV_K8S_21: "The default namespace should not be used"
	FAILED for resource: Deployment.default.fragile
	File: /egolint/tests/fixtures/negative/conftest/invalid.yml:2-7
	Guide: https://docs.prismacloud.io/en/enterprise-edition/policy-reference/kubernetes-policies/kubernetes-policy-index/bc-k8s-20
Check: CKV_K8S_23: "Minimize the admission of root containers"
	FAILED for resource: Deployment.default.fragile
	File: /egolint/tests/fixtures/negative/conftest/invalid.yml:2-7
	Guide: https://docs.prismacloud.io/en/enterprise-edition/policy-reference/kubernetes-policies/kubernetes-policy-index/bc-k8s-22
Check: CKV_K8S_40: "Containers should run as a high UID to avoid host conflict"
	FAILED for resource: Deployment.default.invalid-deployment
	File: /egolint/tests/fixtures/negative/kubernetes/invalid-deployment.yml:2-7
	Guide: https://docs.prismacloud.io/en/enterprise-edition/policy-reference/kubernetes-policies/kubernetes-policy-index/bc-k8s-37
Check: CKV_K8S_31: "Ensure that the seccomp profile is set to docker/default or runtime/default"
	FAILED for resource: Deployment.default.invalid-deployment
	File: /egolint/tests/fixtures/negative/kubernetes/invalid-deployment.yml:2-7
	Guide: https://docs.prismacloud.io/en/enterprise-edition/policy-reference/kubernetes-policies/kubernetes-policy-index/bc-k8s-29
Check: CKV_K8S_38: "Ensure that Service Account Tokens are only mounted where necessary"
	FAILED for resource: Deployment.default.invalid-deployment
	File: /egolint/tests/fixtures/negative/kubernetes/invalid-deployment.yml:2-7
	Guide: https://docs.prismacloud.io/en/enterprise-edition/policy-reference/kubernetes-policies/kubernetes-policy-index/bc-k8s-35
Check: CKV_K8S_29: "Apply security context to your pods and containers"
	FAILED for resource: Deployment.default.invalid-deployment
	File: /egolint/tests/fixtures/negative/kubernetes/invalid-deployment.yml:2-7
	Guide: https://docs.prismacloud.io/en/enterprise-edition/policy-reference/kubernetes-policies/kubernetes-policy-index/ensure-securitycontext-is-applied-to-pods-and-containers
Check: CKV_K8S_21: "The default namespace should not be used"
	FAILED for resource: Deployment.default.invalid-deployment
	File: /egolint/tests/fixtures/negative/kubernetes/invalid-deployment.yml:2-7
	Guide: https://docs.prismacloud.io/en/enterprise-edition/policy-reference/kubernetes-policies/kubernetes-policy-index/bc-k8s-20
Check: CKV_K8S_23: "Minimize the admission of root containers"
	FAILED for resource: Deployment.default.invalid-deployment
	File: /egolint/tests/fixtures/negative/kubernetes/invalid-deployment.yml:2-7
	Guide: https://docs.prismacloud.io/en/enterprise-edition/policy-reference/kubernetes-policies/kubernetes-policy-index/bc-k8s-22
Check: CKV_K8S_40: "Containers should run as a high UID to avoid host conflict"
	FAILED for resource: Pod.default.privileged-pod
	File: /egolint/tests/fixtures/negative/kubernetes/privileged-pod.yml:2-11
	Guide: https://docs.prismacloud.io/en/enterprise-edition/policy-reference/kubernetes-policies/kubernetes-policy-index/bc-k8s-37
Check: CKV_K8S_31: "Ensure that the seccomp profile is set to docker/default or runtime/default"
	FAILED for resource: Pod.default.privileged-pod
	File: /egolint/tests/fixtures/negative/kubernetes/privileged-pod.yml:2-11
	Guide: https://docs.prismacloud.io/en/enterprise-edition/policy-reference/kubernetes-policies/kubernetes-policy-index/bc-k8s-29
Check: CKV_K8S_8: "Liveness Probe Should be Configured"
	FAILED for resource: Pod.default.privileged-pod
	File: /egolint/tests/fixtures/negative/kubernetes/privileged-pod.yml:2-11
	Guide: https://docs.prismacloud.io/en/enterprise-edition/policy-reference/kubernetes-policies/kubernetes-policy-index/bc-k8s-7
Check: CKV_K8S_38: "Ensure that Service Account Tokens are only mounted where necessary"
	FAILED for resource: Pod.default.privileged-pod
	File: /egolint/tests/fixtures/negative/kubernetes/privileged-pod.yml:2-11
	Guide: https://docs.prismacloud.io/en/enterprise-edition/policy-reference/kubernetes-policies/kubernetes-policy-index/bc-k8s-35
Check: CKV_K8S_13: "Memory limits should be set"
	FAILED for resource: Pod.default.privileged-pod
	File: /egolint/tests/fixtures/negative/kubernetes/privileged-pod.yml:2-11
	Guide: https://docs.prismacloud.io/en/enterprise-edition/policy-reference/kubernetes-policies/kubernetes-policy-index/bc-k8s-12
Check: CKV_K8S_16: "Container should not be privileged"
	FAILED for resource: Pod.default.privileged-pod
	File: /egolint/tests/fixtures/negative/kubernetes/privileged-pod.yml:2-11
	Guide: https://docs.prismacloud.io/en/enterprise-edition/policy-reference/kubernetes-policies/kubernetes-policy-index/bc-k8s-15
Check: CKV_K8S_22: "Use read-only filesystem for containers where possible"
	FAILED for resource: Pod.default.privileged-pod
	File: /egolint/tests/fixtures/negative/kubernetes/privileged-pod.yml:2-11
	Guide: https://docs.prismacloud.io/en/enterprise-edition/policy-reference/kubernetes-policies/kubernetes-policy-index/bc-k8s-21
Check: CKV_K8S_20: "Containers should not run with allowPrivilegeEscalation"
	FAILED for resource: Pod.default.privileged-pod
	File: /egolint/tests/fixtures/negative/kubernetes/privileged-pod.yml:2-11
	Guide: https://docs.prismacloud.io/en/enterprise-edition/policy-reference/kubernetes-policies/kubernetes-policy-index/bc-k8s-19
Check: CKV_K8S_29: "Apply security context to your pods and containers"
	FAILED for resource: Pod.default.privileged-pod
	File: /egolint/tests/fixtures/negative/kubernetes/privileged-pod.yml:2-11
	Guide: https://docs.prismacloud.io/en/enterprise-edition/policy-reference/kubernetes-policies/kubernetes-policy-index/ensure-securitycontext-is-applied-to-pods-and-containers
Check: CKV_K8S_37: "Minimize the admission of containers with capabilities assigned"
	FAILED for resource: Pod.default.privileged-pod
	File: /egolint/tests/fixtures/negative/kubernetes/privileged-pod.yml:2-11
	Guide: https://docs.prismacloud.io/en/enterprise-edition/policy-reference/kubernetes-policies/kubernetes-policy-index/bc-k8s-34
Check: CKV_K8S_12: "Memory requests should be set"
	FAILED for resource: Pod.default.privileged-pod
	File: /egolint/tests/fixtures/negative/kubernetes/privileged-pod.yml:2-11
	Guide: https://docs.prismacloud.io/en/enterprise-edition/policy-reference/kubernetes-policies/kubernetes-policy-index/bc-k8s-11
Check: CKV_K8S_21: "The default namespace should not be used"
	FAILED for resource: Pod.default.privileged-pod
	File: /egolint/tests/fixtures/negative/kubernetes/privileged-pod.yml:2-11
	Guide: https://docs.prismacloud.io/en/enterprise-edition/policy-reference/kubernetes-policies/kubernetes-policy-index/bc-k8s-20
Check: CKV_K8S_10: "CPU requests should be set"
	FAILED for resource: Pod.default.privileged-pod
	File: /egolint/tests/fixtures/negative/kubernetes/privileged-pod.yml:2-11
	Guide: https://docs.prismacloud.io/en/enterprise-edition/policy-reference/kubernetes-policies/kubernetes-policy-index/bc-k8s-9
Check: CKV_K8S_15: "Image Pull Policy should be Always"
	FAILED for resource: Pod.default.privileged-pod
	File: /egolint/tests/fixtures/negative/kubernetes/privileged-pod.yml:2-11
	Guide: https://docs.prismacloud.io/en/enterprise-edition/policy-reference/kubernetes-policies/kubernetes-policy-index/bc-k8s-14
Check: CKV_K8S_11: "CPU limits should be set"
	FAILED for resource: Pod.default.privileged-pod
	File: /egolint/tests/fixtures/negative/kubernetes/privileged-pod.yml:2-11
	Guide: https://docs.prismacloud.io/en/enterprise-edition/policy-reference/kubernetes-policies/kubernetes-policy-index/bc-k8s-10
Check: CKV_K8S_23: "Minimize the admission of root containers"
	FAILED for resource: Pod.default.privileged-pod
	File: /egolint/tests/fixtures/negative/kubernetes/privileged-pod.yml:2-11
	Guide: https://docs.prismacloud.io/en/enterprise-edition/policy-reference/kubernetes-policies/kubernetes-policy-index/bc-k8s-22
Check: CKV_K8S_9: "Readiness Probe Should be Configured"
	FAILED for resource: Pod.default.privileged-pod
	File: /egolint/tests/fixtures/negative/kubernetes/privileged-pod.yml:2-11
	Guide: https://docs.prismacloud.io/en/enterprise-edition/policy-reference/kubernetes-policies/kubernetes-policy-index/bc-k8s-8
Check: CKV_K8S_28: "Minimize the admission of containers with the NET_RAW capability"
	FAILED for resource: Pod.default.privileged-pod
	File: /egolint/tests/fixtures/negative/kubernetes/privileged-pod.yml:2-11
	Guide: https://docs.prismacloud.io/en/enterprise-edition/policy-reference/kubernetes-policies/kubernetes-policy-index/bc-k8s-27
Check: CKV_K8S_43: "Image should use digest"
	FAILED for resource: Pod.default.privileged-pod
	File: /egolint/tests/fixtures/negative/kubernetes/privileged-pod.yml:2-11
	Guide: https://docs.prismacloud.io/en/enterprise-edition/policy-reference/kubernetes-policies/kubernetes-policy-index/bc-k8s-39
Check: CKV_K8S_8: "Liveness Probe Should be Configured"
	FAILED for resource: Deployment.default.greeting-service
	File: /egolint/tests/fixtures/kubernetes/valid-deployment.yml:2-38
	Guide: https://docs.prismacloud.io/en/enterprise-edition/policy-reference/kubernetes-policies/kubernetes-policy-index/bc-k8s-7
Check: CKV_K8S_21: "The default namespace should not be used"
	FAILED for resource: Deployment.default.greeting-service
	File: /egolint/tests/fixtures/kubernetes/valid-deployment.yml:2-38
	Guide: https://docs.prismacloud.io/en/enterprise-edition/policy-reference/kubernetes-policies/kubernetes-policy-index/bc-k8s-20
Check: CKV_K8S_15: "Image Pull Policy should be Always"
	FAILED for resource: Deployment.default.greeting-service
	File: /egolint/tests/fixtures/kubernetes/valid-deployment.yml:2-38
	Guide: https://docs.prismacloud.io/en/enterprise-edition/policy-reference/kubernetes-policies/kubernetes-policy-index/bc-k8s-14
Check: CKV_K8S_9: "Readiness Probe Should be Configured"
	FAILED for resource: Deployment.default.greeting-service
	File: /egolint/tests/fixtures/kubernetes/valid-deployment.yml:2-38
	Guide: https://docs.prismacloud.io/en/enterprise-edition/policy-reference/kubernetes-policies/kubernetes-policy-index/bc-k8s-8
Check: CKV_K8S_43: "Image should use digest"
	FAILED for resource: Deployment.default.greeting-service
	File: /egolint/tests/fixtures/kubernetes/valid-deployment.yml:2-38
	Guide: https://docs.prismacloud.io/en/enterprise-edition/policy-reference/kubernetes-policies/kubernetes-policy-index/bc-k8s-39
Check: CKV2_K8S_6: "Minimize the admission of pods which lack an associated NetworkPolicy"
	FAILED for resource: Pod.default.privileged-pod
	File: /egolint/tests/fixtures/negative/kubernetes/privileged-pod.yml:2-11
Check: CKV2_K8S_6: "Minimize the admission of pods which lack an associated NetworkPolicy"
	FAILED for resource: Pod.default.greeting-service.app-greeting-service
	File: /egolint/tests/fixtures/kubernetes/valid-deployment.yml:2-38
dockerfile scan results:

Passed checks: 30, Failed checks: 1, Skipped checks: 0

Check: CKV_DOCKER_2: "Ensure that HEALTHCHECK instructions have been added to container images"
	FAILED for resource: /egolint/tests/fixtures/hadolint/Dockerfile.
	File: /egolint/tests/fixtures/hadolint/Dockerfile:1-14
	Guide: https://docs.prismacloud.io/en/enterprise-edition/policy-reference/docker-policies/docker-policy-index/ensure-that-healthcheck-instructions-have-been-added-to-container-images
openapi scan results:

Passed checks: 6, Failed checks: 4, Skipped checks: 0

Check: CKV_OPENAPI_4: "Ensure that the global security field has rules defined"
	FAILED for resource: security
	File: /egolint/tests/fixtures/vacuum/openapi.yml:2-35
	Guide: https://docs.prismacloud.io/en/enterprise-edition/policy-reference/api-policies/openapi-policies/ensure-that-the-global-security-field-has-rules-defined
Check: CKV_OPENAPI_5: "Ensure that security operations is not empty."
	FAILED for resource: security
	File: /egolint/tests/fixtures/vacuum/openapi.yml:2-35
	Guide: https://docs.prismacloud.io/en/enterprise-edition/policy-reference/api-policies/openapi-policies/ensure-that-security-operations-is-not-empty
Check: CKV_OPENAPI_4: "Ensure that the global security field has rules defined"
	FAILED for resource: security
	File: /egolint/tests/fixtures/negative/vacuum/openapi.yml:2-9
	Guide: https://docs.prismacloud.io/en/enterprise-edition/policy-reference/api-policies/openapi-policies/ensure-that-the-global-security-field-has-rules-defined
Check: CKV_OPENAPI_5: "Ensure that security operations is not empty."
	FAILED for resource: security
	File: /egolint/tests/fixtures/negative/vacuum/openapi.yml:2-9
	Guide: https://docs.prismacloud.io/en/enterprise-edition/policy-reference/api-policies/openapi-policies/ensure-that-security-operations-is-not-empty


::endgroup::
::group::[32m✅ Linted [REPOSITORY] files with [dustilock] successfully - (2.49s)[0m (expand for details)
- Using [dustilock v1.2.0] https://megalinter.io/10.0.0/descriptors/repository_dustilock
- MegaLinter key: [REPOSITORY_DUSTILOCK]
- Rules config: identified by [dustilock]
- CWD: [/github/workspace]
- Command: [dustilock --recursive]
::endgroup::
::group::[33m⚠️ Linted [REPOSITORY] files with [grype]: Found 13 non blocking error(s) and 0 non blocking warning(s) - (95.67s)[0m (expand for details)
- Using [grype v0.116.1] https://megalinter.io/10.0.0/descriptors/repository_grype
- MegaLinter key: [REPOSITORY_GRYPE]
- Rules config: [egolint/.config/security/grype/.grype.yaml]
- CWD: [/github/workspace]
- Command: [grype --config egolint/.config/security/grype/.grype.yaml --exclude ./.git/** --exclude ./.cache/** --exclude ./**/node_modules/** --exclude ./**/vendor/** --exclude ./**/.venv/** --exclude ./**/venv/** --exclude ./**/build/** --exclude ./**/dist/** ...(truncated)]
[Pre][REPOSITORY_GRYPE] run: [mkdir -p ".cache/grype/db" ".reports/megalinter/grype"] in cwd [/github/workspace]
[Pre][REPOSITORY_GRYPE] result:

[Excluded directories] Forwarded EXCLUDED_DIRECTORIES to grype through --exclude (disable with REPOSITORY_GRYPE_FORWARD_EXCLUDED_DIRECTORIES: false)
--Error detail:
[0000]  WARN no explicit name and version provided for directory source, deriving artifact ID from the given path (which is not ideal) from=syft
NAME                         INSTALLED                                 FIXED IN  TYPE           VULNERABILITY        SEVERITY  EPSS         RISK   
step-security/harden-runner  bf7454d06d71f1098171f2acdf0cd4708d7b5920  2.10.2    github-action  GHSA-g85v-wf27-67xc  Low       2.7% (84th)  1.2    
ecdsa                        0.19.2                                              python         GHSA-wj6h-64fc-37mp  High      1.0% (59th)  0.7    
decompress                   4.2.1                                               npm            GHSA-mp2f-45pm-3cg9  Critical  0.6% (47th)  0.6    
image-size                   2.0.2                                               npm            GHSA-5p2g-fcmc-qvqq  High      0.4% (35th)  0.3    
image-size                   2.0.2                                               npm            GHSA-w3rx-r6r6-pgpr  High      0.4% (35th)  0.3    
decompress                   4.2.1                                               npm            GHSA-h39j-r5qq-r9mm  Medium    0.5% (41st)  0.3    
vue-template-compiler        2.7.16                                              npm            GHSA-g3ch-rx76-35fx  Medium    0.5% (40th)  0.2    
decompress                   4.2.1                                               npm            GHSA-jwp9-9v96-94mx  Medium    0.3% (25th)  0.2    
step-security/harden-runner  bf7454d06d71f1098171f2acdf0cd4708d7b5920  2.14.2    github-action  GHSA-cpmj-h4f6-r6pq  Medium    0.3% (23rd)  0.2    
step-security/harden-runner  bf7454d06d71f1098171f2acdf0cd4708d7b5920  2.16.0    github-action  GHSA-46g3-37rh-v698  Medium    0.3% (22nd)  0.1    
step-security/harden-runner  bf7454d06d71f1098171f2acdf0cd4708d7b5920  2.16.0    github-action  GHSA-g699-3x6g-wm3g  Medium    0.3% (16th)  0.1    
step-security/harden-runner  bf7454d06d71f1098171f2acdf0cd4708d7b5920  2.12.0    github-action  GHSA-mxr3-8whj-j74r  Medium    0.2% (12th)  0.1    
elliptic                     6.6.1                                               npm            GHSA-848j-6mx2-7j84  Low       0.2% (6th)   < 0.1
[0095] ERROR [31mdiscovered vulnerabilities at or above the severity threshold[0m

::endgroup::
::group::[32m✅ Linted [REPOSITORY] files with [ls-lint] successfully - (0.61s)[0m (expand for details)
- Using [ls-lint v2.3.1] https://megalinter.io/10.0.0/descriptors/repository_ls_lint
- MegaLinter key: [REPOSITORY_LS_LINT]
- Rules config: [egolint/.config/lint/repo/.ls-lint.yml]
- CWD: [/github/workspace]
- Command: [ls-lint --config egolint/.config/lint/repo/.ls-lint.yml]
::endgroup::
::group::[32m✅ Linted [REPOSITORY] files with [secretlint] successfully - (29.62s)[0m (expand for details)
- Using [secretlint v13.0.4] https://megalinter.io/10.0.0/descriptors/repository_secretlint
- MegaLinter key: [REPOSITORY_SECRETLINT]
- Rules config: [egolint/.config/security/secretlint/.secretlintrc.json]
- Ignore file: [egolint/.config/security/secretlint/.secretlintignore]
- CWD: [/github/workspace]
- Command: [secretlint --secretlintignore egolint/.config/security/secretlint/.secretlintignore --secretlintrc egolint/.config/security/secretlint/.secretlintrc.json --no-gitignore **/*]
::endgroup::
::group::[32m✅ Linted [REPOSITORY] files with [syft] successfully - (6.04s)[0m (expand for details)
- Using [syft v1.50.0] https://megalinter.io/10.0.0/descriptors/repository_syft
- MegaLinter key: [REPOSITORY_SYFT]
- Rules config: [egolint/.config/security/syft/.syft.yaml]
- CWD: [/github/workspace]
- Command: [syft scan --config egolint/.config/security/syft/.syft.yaml --exclude ./.git/** --exclude ./.cache/** --exclude ./.reports/** --exclude ./**/node_modules/** --exclude ./**/vendor/** --exclude ./**/.venv/** --exclude ./**/venv/** --exclude ./**/__pyca...(truncated)]
[Pre][REPOSITORY_SYFT] run: [mkdir -p ".cache/syft" ".reports/megalinter/syft"] in cwd [/github/workspace]
[Pre][REPOSITORY_SYFT] result:

[Excluded directories] Forwarded EXCLUDED_DIRECTORIES to syft through --exclude (disable with REPOSITORY_SYFT_FORWARD_EXCLUDED_DIRECTORIES: false)
::endgroup::
::group::[33m⚠️ Linted [REPOSITORY] files with [trivy]: Found 1 non blocking error(s) and 0 non blocking warning(s) - (16.27s)[0m (expand for details)
- Using [trivy v0.73.0] https://megalinter.io/10.0.0/descriptors/repository_trivy
- MegaLinter key: [REPOSITORY_TRIVY]
- Rules config: [egolint/.config/security/trivy/trivy.yaml]
- CWD: [/github/workspace]
- Command: [trivy fs --scanners vuln,misconfig --exit-code 1 --config egolint/.config/security/trivy/trivy.yaml --skip-dirs .git --skip-dirs .cache --skip-dirs .reports --skip-dirs node_modules --skip-dirs vendor --skip-dirs .venv --skip-dirs venv --skip-dirs .n...(truncated)]
[Pre][REPOSITORY_TRIVY] run: [mkdir -p ".cache/trivy" ".reports/megalinter/trivy"] in cwd [/github/workspace]
[Pre][REPOSITORY_TRIVY] result:

[Excluded directories] Forwarded EXCLUDED_DIRECTORIES to trivy through --skip-dirs (disable with REPOSITORY_TRIVY_FORWARD_EXCLUDED_DIRECTORIES: false)
--Error detail:
2026-08-15T16:27:03Z	INFO	Loaded	file_path="egolint/.config/security/trivy/trivy.yaml"
2026-08-15T16:27:03Z	INFO	[vulndb] Need to update DB
2026-08-15T16:27:03Z	INFO	[vulndb] Downloading vulnerability DB...
2026-08-15T16:27:03Z	INFO	[vulndb] Downloading artifact...	repo="mirror.gcr.io/aquasec/trivy-db:2"
9.83 MiB / 107.50 MiB [----->________________________________________________________] 9.14% ? p/s ?39.92 MiB / 107.50 MiB [---------------------->_____________________________________] 37.14% ? p/s ?67.74 MiB / 107.50 MiB [------------------------------------->______________________] 63.01% ? p/s ?96.49 MiB / 107.50 MiB [----------------------------------------->____] 89.76% 144.58 MiB p/s ETA 0s107.50 MiB / 107.50 MiB [------------------------------------------->] 100.00% 144.58 MiB p/s ETA 0s107.50 MiB / 107.50 MiB [------------------------------------------->] 100.00% 144.58 MiB p/s ETA 0s107.50 MiB / 107.50 MiB [------------------------------------------->] 100.00% 136.43 MiB p/s ETA 0s107.50 MiB / 107.50 MiB [------------------------------------------->] 100.00% 136.43 MiB p/s ETA 0s107.50 MiB / 107.50 MiB [------------------------------------------->] 100.00% 136.43 MiB p/s ETA 0s107.50 MiB / 107.50 MiB [------------------------------------------->] 100.00% 127.63 MiB p/s ETA 0s107.50 MiB / 107.50 MiB [------------------------------------------->] 100.00% 127.63 MiB p/s ETA 0s107.50 MiB / 107.50 MiB [------------------------------------------->] 100.00% 127.63 MiB p/s ETA 0s107.50 MiB / 107.50 MiB [------------------------------------------->] 100.00% 119.40 MiB p/s ETA 0s107.50 MiB / 107.50 MiB [------------------------------------------->] 100.00% 119.40 MiB p/s ETA 0s107.50 MiB / 107.50 MiB [------------------------------------------->] 100.00% 119.40 MiB p/s ETA 0s107.50 MiB / 107.50 MiB [------------------------------------------->] 100.00% 111.69 MiB p/s ETA 0s107.50 MiB / 107.50 MiB [------------------------------------------->] 100.00% 111.69 MiB p/s ETA 0s107.50 MiB / 107.50 MiB [------------------------------------------->] 100.00% 111.69 MiB p/s ETA 0s107.50 MiB / 107.50 MiB [------------------------------------------->] 100.00% 104.49 MiB p/s ETA 0s107.50 MiB / 107.50 MiB [------------------------------------------->] 100.00% 104.49 MiB p/s ETA 0s107.50 MiB / 107.50 MiB [------------------------------------------->] 100.00% 104.49 MiB p/s ETA 0s107.50 MiB / 107.50 MiB [-------------------------------------------->] 100.00% 97.75 MiB p/s ETA 0s107.50 MiB / 107.50 MiB [-------------------------------------------->] 100.00% 97.75 MiB p/s ETA 0s107.50 MiB / 107.50 MiB [-------------------------------------------->] 100.00% 97.75 MiB p/s ETA 0s107.50 MiB / 107.50 MiB [-------------------------------------------->] 100.00% 91.44 MiB p/s ETA 0s107.50 MiB / 107.50 MiB [-------------------------------------------->] 100.00% 91.44 MiB p/s ETA 0s107.50 MiB / 107.50 MiB [-------------------------------------------->] 100.00% 91.44 MiB p/s ETA 0s107.50 MiB / 107.50 MiB [-------------------------------------------->] 100.00% 85.54 MiB p/s ETA 0s107.50 MiB / 107.50 MiB [-------------------------------------------->] 100.00% 85.54 MiB p/s ETA 0s107.50 MiB / 107.50 MiB [-------------------------------------------->] 100.00% 85.54 MiB p/s ETA 0s107.50 MiB / 107.50 MiB [-------------------------------------------->] 100.00% 80.02 MiB p/s ETA 0s107.50 MiB / 107.50 MiB [-------------------------------------------->] 100.00% 80.02 MiB p/s ETA 0s107.50 MiB / 107.50 MiB [-------------------------------------------->] 100.00% 80.02 MiB p/s ETA 0s107.50 MiB / 107.50 MiB [-------------------------------------------->] 100.00% 74.86 MiB p/s ETA 0s107.50 MiB / 107.50 MiB [-------------------------------------------->] 100.00% 74.86 MiB p/s ETA 0s107.50 MiB / 107.50 MiB [-----------------------------------------------] 100.00% 15.55 MiB p/s 7.1s2026-08-15T16:27:12Z	INFO	[vulndb] Artifact successfully downloaded	repo="mirror.gcr.io/aquasec/trivy-db:2"
2026-08-15T16:27:12Z	INFO	[vuln] Vulnerability scanning is enabled
2026-08-15T16:27:12Z	INFO	[misconfig] Misconfiguration scanning is enabled
2026-08-15T16:27:12Z	INFO	[checks-client] Need to update the checks bundle
2026-08-15T16:27:12Z	INFO	[checks-client] Downloading the checks bundle...
234.65 KiB / 234.65 KiB [--------------------------------------------------------->] 100.00% ? p/s ?234.65 KiB / 234.65 KiB [--------------------------------------------------------->] 100.00% ? p/s ?234.65 KiB / 234.65 KiB [-----------------------------------------------] 100.00% 1.12 MiB p/s 400ms2026-08-15T16:27:17Z	INFO	[terraform scanner] Scanning root module	file_path="egolint/tests/fixtures/kics/terraform"
2026-08-15T16:27:17Z	INFO	[terraform scanner] Scanning root module	file_path="egolint/tests/fixtures/negative/terraform-fmt"
2026-08-15T16:27:17Z	INFO	[terraform scanner] Scanning root module	file_path="egolint/tests/fixtures/tflint"
2026-08-15T16:27:17Z	INFO	[pnpm] Run "pnpm install" to collect the license information of packages	dir="egolint/node_modules"
2026-08-15T16:27:19Z	INFO	Number of language-specific files	num=4
2026-08-15T16:27:19Z	INFO	[cargo] Detecting vulnerabilities...
2026-08-15T16:27:19Z	INFO	[gomod] Detecting vulnerabilities...
2026-08-15T16:27:19Z	INFO	[pnpm] Detecting vulnerabilities...
2026-08-15T16:27:19Z	INFO	[uv] Detecting vulnerabilities...
2026-08-15T16:27:19Z	INFO	Detected config files	num=13

Report Summary

┌───────────────────────────────────────────────────────────────────┬────────────────┬─────────────────┬───────────────────┐
│                              Target                               │      Type      │ Vulnerabilities │ Misconfigurations │
├───────────────────────────────────────────────────────────────────┼────────────────┼─────────────────┼───────────────────┤
│ egolint/Cargo.lock                                                │     cargo      │        0        │         -         │
├───────────────────────────────────────────────────────────────────┼────────────────┼─────────────────┼───────────────────┤
│ egolint/pnpm-lock.yaml                                            │      pnpm      │        3        │         -         │
├───────────────────────────────────────────────────────────────────┼────────────────┼─────────────────┼───────────────────┤
│ egolint/tests/fixtures/govulncheck/go.mod                         │     gomod      │        0        │         -         │
├───────────────────────────────────────────────────────────────────┼────────────────┼─────────────────┼───────────────────┤
│ egolint/uv.lock                                                   │       uv       │        1        │         -         │
├───────────────────────────────────────────────────────────────────┼────────────────┼─────────────────┼───────────────────┤
│ egolint/tests/fixtures/checkov/Dockerfile                         │   dockerfile   │        -        │         0         │
├───────────────────────────────────────────────────────────────────┼────────────────┼─────────────────┼───────────────────┤
│ egolint/tests/fixtures/cloudformation/valid-template.yml          │ cloudformation │        -        │         1         │
├───────────────────────────────────────────────────────────────────┼────────────────┼─────────────────┼───────────────────┤
│ egolint/tests/fixtures/conftest/valid.yml                         │   kubernetes   │        -        │         0         │
├───────────────────────────────────────────────────────────────────┼────────────────┼─────────────────┼───────────────────┤
│ egolint/tests/fixtures/hadolint/Dockerfile                        │   dockerfile   │        -        │         0         │
├───────────────────────────────────────────────────────────────────┼────────────────┼─────────────────┼───────────────────┤
│ egolint/tests/fixtures/kics/terraform                             │   terraform    │        -        │         0         │
├───────────────────────────────────────────────────────────────────┼────────────────┼─────────────────┼───────────────────┤
│ egolint/tests/fixtures/kics/terraform/main.tf                     │   terraform    │        -        │         1         │
├───────────────────────────────────────────────────────────────────┼────────────────┼─────────────────┼───────────────────┤
│ egolint/tests/fixtures/kubernetes/valid-deployment.yml            │   kubernetes   │        -        │         0         │
├───────────────────────────────────────────────────────────────────┼────────────────┼─────────────────┼───────────────────┤
│ egolint/tests/fixtures/negative/conftest/invalid.yml              │   kubernetes   │        -        │         0         │
├───────────────────────────────────────────────────────────────────┼────────────────┼─────────────────┼───────────────────┤
│ egolint/tests/fixtures/negative/kubernetes/invalid-deployment.yml │   kubernetes   │        -        │         0         │
├───────────────────────────────────────────────────────────────────┼────────────────┼─────────────────┼───────────────────┤
│ egolint/tests/fixtures/negative/kubernetes/privileged-pod.yml     │   kubernetes   │        -        │         3         │
├───────────────────────────────────────────────────────────────────┼────────────────┼─────────────────┼───────────────────┤
│ egolint/tests/fixtures/negative/terraform-fmt                     │   terraform    │        -        │         0         │
├───────────────────────────────────────────────────────────────────┼────────────────┼─────────────────┼───────────────────┤
│ egolint/tests/fixtures/tekton-lint/task.yaml                      │   kubernetes   │        -        │         0         │
├───────────────────────────────────────────────────────────────────┼────────────────┼─────────────────┼───────────────────┤
│ egolint/tests/fixtures/tflint                                     │   terraform    │        -        │         0         │
└───────────────────────────────────────────────────────────────────┴────────────────┴─────────────────┴───────────────────┘
Legend:
- '-': Not scanned
- '0': Clean (no security findings detected)


For OSS Maintainers: VEX Notice
--------------------------------
If you're an OSS maintainer and Trivy has detected vulnerabilities in your project that you believe are not actually exploitable, consider issuing a VEX (Vulnerability Exploitability eXchange) statement.
VEX allows you to communicate the actual status of vulnerabilities in your project, improving security transparency and reducing false positives for your users.
Learn more and start using VEX: https://trivy.dev/docs/v0.73/guide/supply-chain/vex/repo#publishing-vex-documents

To disable this notice, set the TRIVY_DISABLE_VEX_NOTICE environment variable.


egolint/pnpm-lock.yaml (pnpm)
=============================
Total: 3 (HIGH: 2, CRITICAL: 1)

┌────────────┬────────────────┬──────────┬──────────┬───────────────────┬───────────────┬──────────────────────────────────────────────────────────────┐
│  Library   │ Vulnerability  │ Severity │  Status  │ Installed Version │ Fixed Version │                            Title                             │
├────────────┼────────────────┼──────────┼──────────┼───────────────────┼───────────────┼──────────────────────────────────────────────────────────────┤
│ decompress │ CVE-2026-53486 │ CRITICAL │ affected │ 4.2.1             │               │ decompress: @xhmikosr/decompress: Decompress: Arbitrary file │
│            │                │          │          │                   │               │ read/write via crafted archive extraction                    │
│            │                │          │          │                   │               │ https://avd.aquasec.com/nvd/cve-2026-53486                   │
├────────────┼────────────────┼──────────┤          ├───────────────────┼───────────────┼──────────────────────────────────────────────────────────────┤
│ image-size │ CVE-2025-71329 │ HIGH     │          │ 2.0.2             │               │ image-size: image-size: Denial of Service via crafted image  │
│            │                │          │          │                   │               │ buffer with zero-valued size...                              │
│            │                │          │          │                   │               │ https://avd.aquasec.com/nvd/cve-2025-71329                   │
│            ├────────────────┤          │          │                   ├───────────────┼──────────────────────────────────────────────────────────────┤
│            │ CVE-2025-71330 │          │          │                   │               │ image-size: image-size: Denial of Service via crafted ICNS   │
│            │                │          │          │                   │               │ image buffer                                                 │
│            │                │          │          │                   │               │ https://avd.aquasec.com/nvd/cve-2025-71330                   │
└────────────┴────────────────┴──────────┴──────────┴───────────────────┴───────────────┴──────────────────────────────────────────────────────────────┘

egolint/uv.lock (uv)
====================
Total: 1 (HIGH: 1, CRITICAL: 0)

┌─────────┬────────────────┬──────────┬──────────┬───────────────────┬───────────────┬────────────────────────────────────────────────┐
│ Library │ Vulnerability  │ Severity │  Status  │ Installed Version │ Fixed Version │                     Title                      │
├─────────┼────────────────┼──────────┼──────────┼───────────────────┼───────────────┼────────────────────────────────────────────────┤
│ ecdsa   │ CVE-2024-23342 │ HIGH     │ affected │ 0.19.2            │               │ python-ecdsa: vulnerable to the Minerva attack │
│         │                │          │          │                   │               │ https://avd.aquasec.com/nvd/cve-2024-23342     │
└─────────┴────────────────┴──────────┴──────────┴───────────────────┴───────────────┴────────────────────────────────────────────────┘

egolint/tests/fixtures/cloudformation/valid-template.yml (cloudformation)
=========================================================================
Tests: 13 (SUCCESSES: 12, FAILURES: 1)
Failures: 1 (HIGH: 1, CRITICAL: 0)

AWS-0132 (HIGH): Bucket does not encrypt data with a customer managed key.
════════════════════════════════════════
Encryption using AWS keys provides protection for your S3 buckets. To gain greater control over encryption, such as key rotation, access policies, and auditability, use customer managed keys (CMKs) with SSE-KMS.
Note that SSE-KMS is not supported for S3 server access logging destination buckets; in such cases, use SSE-S3 instead.


See https://avd.aquasec.com/misconfig/aws-0132
────────────────────────────────────────
 egolint/tests/fixtures/cloudformation/valid-template.yml:7-20
────────────────────────────────────────
   7 ┌   ExampleBucket:
   8 │     Type: AWS::S3::Bucket
   9 │     DeletionPolicy: Delete
  10 │     UpdateReplacePolicy: Delete
  11 │     Properties:
  12 │       BucketEncryption:
  13 │         ServerSideEncryptionConfiguration:
  14 │           - ServerSideEncryptionByDefault:
  15 └               SSEAlgorithm: AES256
  ..   
────────────────────────────────────────



egolint/tests/fixtures/kics/terraform/main.tf (terraform)
=========================================================
Tests: 1 (SUCCESSES: 0, FAILURES: 1)
Failures: 1 (HIGH: 1, CRITICAL: 0)

AWS-0132 (HIGH): Bucket does not encrypt data with a customer managed key.
════════════════════════════════════════
Encryption using AWS keys provides protection for your S3 buckets. To gain greater control over encryption, such as key rotation, access policies, and auditability, use customer managed keys (CMKs) with SSE-KMS.
Note that SSE-KMS is not supported for S3 server access logging destination buckets; in such cases, use SSE-S3 instead.


See https://avd.aquasec.com/misconfig/aws-0132
────────────────────────────────────────
 egolint/tests/fixtures/kics/terraform/main.tf:25-33
────────────────────────────────────────
  25 ┌ resource "aws_s3_bucket_server_side_encryption_configuration" "fixture" {
  26 │   bucket = aws_s3_bucket.fixture.id
  27 │ 
  28 │   rule {
  29 │     apply_server_side_encryption_by_default {
  30 │       sse_algorithm = "AES256"
  31 │     }
  32 │   }
  33 └ }
────────────────────────────────────────



egolint/tests/fixtures/negative/kubernetes/privileged-pod.yml (kubernetes)
==========================================================================
Tests: 22 (SUCCESSES: 19, FAILURES: 3)
Failures: 3 (HIGH: 3, CRITICAL: 0)

KSV-0014 (HIGH): Container 'privileged' of Pod 'privileged-pod' should set 'securityContext.readOnlyRootFilesystem' to true
════════════════════════════════════════
An immutable root file system prevents applications from writing to their local disk. This can limit intrusions, as attackers will not be able to tamper with the file system or write foreign executables to disk.

See https://avd.aquasec.com/misconfig/ksv-0014
────────────────────────────────────────
 egolint/tests/fixtures/negative/kubernetes/privileged-pod.yml:8-11
────────────────────────────────────────
   8 ┌     - name: privileged
   9 │       image: "ghcr.io/example/privileged:1.0.0"
  10 │       securityContext:
  11 └         privileged: true
────────────────────────────────────────


KSV-0017 (HIGH): Container 'privileged' of Pod 'privileged-pod' should set 'securityContext.privileged' to false
════════════════════════════════════════
Privileged containers share namespaces with the host system and do not offer any security. They should be used exclusively for system containers that require high privileges.

See https://avd.aquasec.com/misconfig/ksv-0017
────────────────────────────────────────
 egolint/tests/fixtures/negative/kubernetes/privileged-pod.yml:8-11
────────────────────────────────────────
   8 ┌     - name: privileged
   9 │       image: "ghcr.io/example/privileged:1.0.0"
  10 │       securityContext:
  11 └         privileged: true
────────────────────────────────────────


KSV-0118 (HIGH): pod privileged-pod in default namespace is using the default security context, which allows root privileges
════════════════════════════════════════
Security context controls the allocation of security parameters for the pod/container/volume, ensuring the appropriate level of protection. Relying on default security context may expose vulnerabilities to potential attacks that rely on privileged access.

See https://avd.aquasec.com/misconfig/ksv-0118
────────────────────────────────────────
 egolint/tests/fixtures/negative/kubernetes/privileged-pod.yml:6-11
────────────────────────────────────────
   6 ┌ spec:
   7 │   containers:
   8 │     - name: privileged
   9 │       image: "ghcr.io/example/privileged:1.0.0"
  10 │       securityContext:
  11 └         privileged: true
────────────────────────────────────────



📣 [34mNotices:[0m
  - Version 0.74.0 of Trivy is now available, current version is 0.73.0

To suppress version checks, run Trivy scans with the --skip-version-check flag


::endgroup::
::group::[32m✅ Linted [REPOSITORY] files with [trivy-sbom] successfully - (40.78s)[0m (expand for details)
- Using [trivy-sbom v0.73.0] https://megalinter.io/10.0.0/descriptors/repository_trivy_sbom
- MegaLinter key: [REPOSITORY_TRIVY_SBOM]
- Rules config: [egolint/.config/security/trivy/trivy-sbom.yaml]
- CWD: [/github/workspace]
- Command: [trivy fs --format cyclonedx --config egolint/.config/security/trivy/trivy-sbom.yaml --skip-dirs .git --skip-dirs .cache --skip-dirs .reports --skip-dirs node_modules --skip-dirs vendor --skip-dirs .venv --skip-dirs venv --skip-dirs .next --skip-dirs ...(truncated)]
[Pre][REPOSITORY_TRIVY_SBOM] run: [mkdir -p ".cache/trivy" ".reports/megalinter/trivy-sbom"] in cwd [/github/workspace]
[Pre][REPOSITORY_TRIVY_SBOM] result:

[Excluded directories] Forwarded EXCLUDED_DIRECTORIES to trivy-sbom through --skip-dirs (disable with REPOSITORY_TRIVY_SBOM_FORWARD_EXCLUDED_DIRECTORIES: false)
::endgroup::
::group::[31m❌ Linted [REPOSITORY] files with [trufflehog]: Found 1 error(s) and 0 warning(s) - (11.99s)[0m (expand for details)
- Using [trufflehog v3.96.0] https://megalinter.io/10.0.0/descriptors/repository_trufflehog
- MegaLinter key: [REPOSITORY_TRUFFLEHOG]
- Rules config: [egolint/.config/security/trufflehog/.trufflehog.yml]
- CWD: [/github/workspace]
- Command: [trufflehog --fail --only-verified --no-update filesystem --exclude-paths=egolint/.config/security/trufflehog/.trufflehogignore --fail-on-scan-errors --no-color --force-skip-binaries --archive-max-depth=1 --archive-max-size=100MB --archive-timeout=30s...(truncated)]
--Error detail:
🐷🔑🐷  TruffleHog. Unearth your secrets. 🐷🔑🐷

2026-08-15T16:27:33Z	info-0	trufflehog	running source	{"source_manager_worker_id": "bpWR9", "with_units": true}
✅ Found verified result 🐷🔑
Detector Type: Lob
Decoder Type: PLAIN
Raw result: test_commit_tools_share_the_emoji_policy
Environment: test
File: egolint/.config/security/trufflehog/.trufflehogignore
Line: 36
Analyze: Run `trufflehog analyze` to analyze this key's permissions

✅ Found verified result 🐷🔑
Detector Type: Lob
Decoder Type: PLAIN
Raw result: test_normalizes_git_rename_display_paths
Environment: test
File: tests/test_repository_analytics.py
Line: 84
Analyze: Run `trufflehog analyze` to analyze this key's permissions

2026-08-15T16:27:34Z	info-0	trufflehog	finished scanning	{"chunks": 1373, "bytes": 7731494, "verified_secrets": 2, "unverified_secrets": 0, "scan_duration": "1.015667947s", "trufflehog_version": "3.96.0", "verification_caching": {"Hits":0,"Misses":3,"HitsWasted":0,"AttemptsSaved":0,"VerificationTimeSpentMS":452}}

::endgroup::
::group::[31m❌ Linted [RUST] files with [clippy]: Found 1 error(s) and 0 warning(s) - (0.46s)[0m (expand for details)
- Using [clippy v0.1.97] https://megalinter.io/10.0.0/descriptors/rust_clippy
- MegaLinter key: [RUST_CLIPPY]
- Rules config: [egolint/.config/lint/rust/.clippy.toml]
- CWD: [/github/workspace]
- Command: [cargo-clippy --manifest-path identity/Cargo.toml --workspace --all-targets --all-features -- -D warnings -W clippy::pedantic -D clippy::unwrap_used -D clippy::expect_used -A clippy::module_name_repetitions -A clippy::missing_errors_doc -A clippy::mis...(truncated)]
[Pre][RUST_CLIPPY] run: [echo "Init RUST toolkit" && rustup default stable] in cwd [/github/workspace]
[Pre][RUST_CLIPPY] result:
Init RUST toolkit
info: using existing install for stable-x86_64-unknown-linux-musl
info: default toolchain set to stable-x86_64-unknown-linux-musl

  stable-x86_64-unknown-linux-musl unchanged - rustc 1.97.1 (8bab26f4f 2026-07-14)


--Error detail:
error: unexpected argument 'identity/Cargo.toml' found

Usage: cargo check [OPTIONS]

For more information, try '--help'.

::endgroup::
::group::[31m❌ Linted [SPELL] files with [lychee]: Found 35 error(s) and 0 warning(s) - (14.55s)[0m (expand for details)
- Using [lychee v0.24.2] https://megalinter.io/10.0.0/descriptors/spell_lychee
- MegaLinter key: [SPELL_LYCHEE]
- Rules config: [egolint/.config/lint/prose/spell/lychee.toml]
- Number of files analyzed: [471]
- CWD: [/github/workspace]
- Command: [lychee --format detailed --no-progress --config egolint/.config/lint/prose/spell/lychee.toml .audits/egolint/2026-08-11-complementary-toolchain-audit.md .audits/egolint/2026-08-11-integration-audit.md .audits/egolint/2026-08-11-megalinter-v10-policy-...(truncated)]
--Error detail:
[200] file:///github/workspace/.github/actions/normalize-repository-report/repository-report-summary.schema.json (at 8:1)
[200] file:///github/workspace/egolint/.agents/skills/publishing/prepare-arxiv-release/SKILL.md (at 31:11)
[200] file:///github/workspace/egolint/.agents/specs/publishing/arxiv.spec.md (at 31:110)
[200] file:///github/workspace/EPISTEMOLOGY.md (at 42:43)
[200] file:///github/workspace/AI_CONSTITUTION.md (at 145:1)
[200] file:///github/workspace/.mega-linter.yml (at 15:10)
[200] file:///github/workspace/egolint/.mega-linter.fast.yml (at 16:22)
[200] file:///github/workspace/.czrc (at 52:33)
[200] file:///github/workspace/.secrets.baseline (at 56:34)
[200] file:///github/workspace/REUSE.toml (at 58:12)
[200] file:///github/workspace/.audits (at 71:7)
[200] file:///github/workspace/mantle/LICENSE (at 18:43)
[200] https://raw.githubusercontent.com/devcontainers/spec/main/schemas/devContainer.schema.json (at 2:15)
[200] file:///github/workspace/.obsidian/README.md (at 10:35)
[200] file:///github/workspace/.garden/dashboard.md (at 35:12)
[200] file:///github/workspace/.garden/home.md (at 36:1)
[200] file:///github/workspace/llms.txt (at 38:21)
[200] file:///github/workspace/mindgarden/profiles/agent/README.md (at 39:1)
[200] https://api.github.com/ (at 32:10)
[200] https://www.schemastore.org/markdown-link-check.json (at 2:15)
[200] file:///github/workspace/mindgarden/profiles/quartz/README.md (at 44:1)
[200] https://github.com/ (at 31:10)
[200] https://github.com/ (at 35:20)
[200] https://raw.githubusercontent.com/DavidAnson/markdownlint/main/schema/markdownlint-config-schema.json (at 2:15)
[200] https://raw.githubusercontent.com/ (at 33:10) | 200 OK | Followed 1 redirect. Redirects: https://raw.githubusercontent.com/ --[301]--> https://github.com/
[200] file:///github/workspace/egolint/.agents/skills/architecture/architecture-authoring/SKILL.md (at 30:11)
[200] file:///github/workspace/egolint/.agents/specs/architecture (at 30:153)
[404] https://docs.github.com/en/copilot/customizing-copilot/using-github-copilot-extensions/about-github-copilot-agents (at 13:2) | Rejected status code: 404 Not Found
[200] https://json-schema.org/draft/2020-12/schema (at 2:15)
[200] https://json-schema.org/draft/2020-12/schema (at 2:15)
[404] https://egohygiene.github.io/identity/contracts/candidate-manifest.schema.json (at 3:11) | Rejected status code: 404 Not Found
[404] https://egohygiene.github.io/identity/contracts/profile.schema.json (at 3:11) | Rejected status code: 404 Not Found
[200] https://www.schemastore.org/github-action.json (at 2:33)
[200] https://quartz.jzhao.xyz/configuration (at 6:19)
[200] https://json.schemastore.org/github-workflow.json (at 2:33) | 200 OK | Followed 1 redirect. Redirects: https://json.schemastore.org/github-workflow.json --[301]--> https://www.schemastore.org/github-workflow.json
[200] https://json.schemastore.org/github-workflow.json (at 2:33) | 200 OK | Followed 1 redirect. Redirects: https://json.schemastore.org/github-workflow.json --[301]--> https://www.schemastore.org/github-workflow.json
[200] file:///github/workspace/README.md (at 96:32)
[200] https://json.schemastore.org/github-workflow.json (at 2:33) | 200 OK | Followed 1 redirect. Redirects: https://json.schemastore.org/github-workflow.json --[301]--> https://www.schemastore.org/github-workflow.json
[200] file:///github/workspace/pyproject.toml (at 96:58)
[200] file:///github/workspace/.staging/github/README.md (at 97:48)
[200] https://json-schema.org/draft/2020-12/schema (at 2:15) | OK (cached)
[200] https://json-schema.org/draft/2020-12/schema (at 2:15) | OK (cached)
[200] https://egohygiene.github.io/empathy/ (at 42:24)
[200] https://google.github.io/osv-scanner/ (at 27:5)
[200] https://taskfile.dev/schema.json (at 2:33)
[ERROR] https://egohygiene.dev/schemas/repository-report-summary/v1.json (at 3:11) | Connection failed. Check network connectivity and firewall settings
[200] https://osv.dev/ (at 426:58)
[200] file:///github/workspace/egolint/.agents/skills/architecture/create-architecture-document/references/validation-checklist.md (at 96:5)
[200] file:///github/workspace/egolint/.agents/skills/architecture/create-architecture-document/references/authoring-guide.md (at 98:1)
[200] file:///github/workspace/VISION.md (at 195:26)
[200] file:///github/workspace/PILLARS.md (at 195:52)
[200] https://raw.githubusercontent.com/chris48s/v8r/main/config-schema.json (at 15:11)
[200] https://json.schemastore.org/remarkrc.json (at 2:15) | 200 OK | Followed 1 redirect. Redirects: https://json.schemastore.org/remarkrc.json --[301]--> https://www.schemastore.org/remarkrc.json
[200] https://json.schemastore.org/sarif-2.1.0.json (at 419:35) | 200 OK | Followed 1 redirect. Redirects: https://json.schemastore.org/sarif-2.1.0.json --[301]--> https://www.schemastore.org/sarif-2.1.0.json
[200] https://chris48s.github.io/v8r/ (at 12:5)
[200] https://raw.githubusercontent.com/streetsidesoftware/cspell/main/cspell.schema.json (at 2:15)
[200] https://realm.github.io/SwiftLint/rule-directory.html (at 12:5)
[200] https://json-schema.org/draft/2020-12/schema (at 2:15) | OK (cached)
[200] https://json.schemastore.org/github-issue-config.json (at 2:33) | 200 OK | Followed 1 redirect. Redirects: https://json.schemastore.org/github-issue-config.json --[301]--> https://www.schemastore.org/github-issue-config.json
[404] https://egohygiene.github.io/contracts/repository-tree/v1/schema.json (at 3:11) | Rejected status code: 404 Not Found
[200] file:///github/workspace/egolint/.agents/skills/architecture/create-foundations-document/references/validation-checklist.md (at 95:5)
[200] file:///github/workspace/egolint/.agents/skills/architecture/create-foundations-document/references/authoring-guide.md (at 97:1)
[200] https://docs.github.com/issues/tracking-your-work-with-issues (at 18:5) | 200 OK | Followed 1 redirect. Redirects: https://docs.github.com/issues/tracking-your-work-with-issues --[302]--> https://docs.github.com/en/issues/tracking-your-work-with-issues
[200] https://github.com/StepanKropachev/obsidian-pm (at 17:18)
[200] https://raw.githubusercontent.com/editorconfig-checker/editorconfig-checker/main/.editorconfig-checker.schema.json (at 2:15)
[200] https://raw.githubusercontent.com/ansible/ansible-lint/main/src/ansiblelint/schemas/ansible-lint-config.json (at 2:33)
[200] https://docs.ansible.com/projects/lint/rules/ (at 22:3)
[200] https://raw.githubusercontent.com/hadolint/hadolint/master/contrib/hadolint.json (at 2:33)
[200] https://json-schema.org/draft/2020-12/schema (at 2:15) | OK (cached)
[200] https://docs.ansible.com/projects/lint/configuring/ (at 19:3)
[200] file:///github/workspace/README.md (at 38:40)
[200] file:///github/workspace/PRINCIPLES.md (at 38:77)
[200] file:///github/workspace/.garden/README.md (at 39:3)
[200] file:///github/workspace/ARCHITECTURE.md (at 39:40)
[200] file:///github/workspace/METHODOLOGY.md (at 39:77)
[200] file:///github/workspace/.garden/templates/note.md (at 40:3)
[200] file:///github/workspace/SYSTEM.md (at 40:40)
[200] file:///github/workspace/DECISIONS.md (at 40:77)
[200] file:///github/workspace/ROADMAP.md (at 41:40)
[200] file:///github/workspace/EPISTEMOLOGY.md (at 41:77)
[404] https://egohygiene.github.io/identity/contracts/project.schema.json (at 3:11) | Rejected status code: 404 Not Found
[200] file:///github/workspace/.garden/views/knowledge.base#Knowledge (at 55:1)
[200] https://github.com/blacksmithgu/obsidian-dataview (at 24:18)
[200] file:///github/workspace/.garden/views/knowledge.base#Needs%20review (at 62:1)
[200] file:///github/workspace/.garden/views/knowledge.base#Projects (at 70:1)
[200] https://oss.anchore.com/docs/reference/syft/configuration/ (at 11:5)
[200] https://egohygiene.github.io/empathy/intelligence/ (at 45:1)
[200] https://github.com/bats-core/bats-core (at 12:3)
[404] https://docs.github.com/en/sponsors/receiving-sponsorships-through-github-sponsors/about-funding-files (at 10:3) | Rejected status code: 404 Not Found
[200] file:///github/workspace/mantle/config/architecture/layers.tsv (at 14:1)
[200] https://oss.anchore.com/docs/reference/grype/configuration/ (at 11:5)
[200] https://megalinter.io/latest/descriptors/repository_syft/ (at 12:5)
[200] https://www.checkov.io/ (at 11:5)
[200] https://www.checkov.io/2.Basics/CLI%20Command%20Reference.html (at 12:5)
[200] https://json-schema.org/draft/2020-12/schema (at 2:15) | OK (cached)
[200] file:///github/workspace/PURPOSE.md (at 103:33)
[200] https://json.schemastore.org/github-action.json (at 2:33) | 200 OK | Followed 1 redirect. Redirects: https://json.schemastore.org/github-action.json --[301]--> https://www.schemastore.org/github-action.json
[404] https://github.com/egohygiene/empathy/security/code-scanning (at 25:18) | Rejected status code: 404 Not Found
[404] https://github.com/egohygiene/empathy/tree/1111111111111111111111111111111111111111/.reports/osv (at 24:16) | Rejected status code: 404 Not Found
[200] https://latexindentpl.readthedocs.io/ (at 10:5) | 200 OK | Followed 1 redirect. Redirects: https://latexindentpl.readthedocs.io/ --[302]--> https://latexindentpl.readthedocs.io/en/latest/
[200] https://raw.githubusercontent.com/jackyzha0/quartz/v5/quartz/plugins/quartz-plugins.schema.json (at 1:33)
[200] https://github.com/oxsecurity/megalinter/tree/v10.0.0 (at 3130:14)
[200] https://json.schemastore.org/github-action.json (at 2:33) | OK (cached)
[404] https://github.com/egohygiene/empathy/commit/1111111111111111111111111111111111111111 (at 26:16) | Rejected status code: 404 Not Found
[200] https://github.com/errata-ai/write-good/releases.atom (at 2:12) | 200 OK | Followed 1 redirect. Redirects: https://github.com/errata-ai/write-good/releases.atom --[301]--> https://github.com/vale-cli/write-good/releases.atom
[200] https://json.schemastore.org/github-issue-forms.json (at 2:33) | 200 OK | Followed 1 redirect. Redirects: https://json.schemastore.org/github-issue-forms.json --[301]--> https://www.schemastore.org/github-issue-forms.json
[200] https://megalinter.io/latest/descriptors/tekton_tekton_lint/ (at 12:5)
[404] https://github.com/egohygiene/empathy/actions/runs/101 (at 27:18) | Rejected status code: 404 Not Found
[200] https://megalinter.io/latest/configuration/ (at 7:3)
[200] https://github.com/rhysd/actionlint/blob/main/docs/config.md (at 17:3)
[200] https://raw.githubusercontent.com/oxsecurity/megalinter/v10.0.0/megalinter/descriptors/schemas/megalinter-configuration.jsonschema.json (at 2:33)
[200] https://megalinter.io/latest/descriptors/action_actionlint/ (at 324:3)
[200] https://github.com/chris48s/v8r (at 11:5)
[200] https://zizmor.sh/ (at 329:3)
[200] https://github.com/egohygiene/empathy/discussions (at 27:10)
[200] https://megalinter.io/10.0.0/descriptors/action_zizmor/ (at 330:3)
[200] https://github.com/realm/SwiftLint (at 11:5)
[200] https://megalinter.io/latest/descriptors/ansible_ansible_lint/ (at 340:3)
[200] https://ansible.readthedocs.io/projects/lint/ (at 339:3) | 200 OK | Followed 1 redirect. Redirects: https://ansible.readthedocs.io/projects/lint/ --[302]--> https://docs.ansible.com/projects/lint/
[200] https://megalinter.io/latest/descriptors/clojure_cljstyle/ (at 395:3)
[200] https://github.com/egohygiene/empathy/discussions/categories/ideas (at 31:10)
[200] https://github.com/egohygiene/empathy/discussions/categories/documentation (at 35:10)
[200] https://megalinter.io/latest/descriptors/cloudformation_cfn_lint/ (at 424:3)
[200] https://github.com/egohygiene/empathy/security/advisories/new (at 39:10) | 200 OK | Followed 1 redirect. Redirects: https://github.com/egohygiene/empathy/security/advisories/new --[302]--> https://github.com/login?return_to=https%3A%2F%2Fgithub.com%2Fegohygiene%2Fempathy%2Fsecurity%2Fadvisories%2Fnew
[404] https://megalinter.io/latest/descriptors/coffee_coffee_lint/ (at 434:3) | Rejected status code: 404 Not Found
[200] https://megalinter.io/latest/config-variables/ (at 10:3)
[200] https://megalinter.io/latest/descriptors/arm_arm_ttk/ (at 364:3)
[200] https://github.com/btford/write-good (at 1:12)
[200] https://megalinter.io/latest/descriptors/clojure_clj_kondo/ (at 409:3)
[200] https://github.com/anchore/grype (at 12:5)
[200] https://clang.llvm.org/docs/ClangFormat.html (at 453:3)
[200] https://clang.llvm.org/docs/ClangFormat.html (at 471:3)
[200] https://dart.dev/tools/dart-analyze (at 497:3)
[200] https://megalinter.io/latest/descriptors/cpp_clang_format/ (at 454:3)
[200] https://github.com/cmhughes/latexindent.pl (at 11:5)
[200] https://stylelint.io/ (at 487:3)
[200] https://megalinter.io/latest/descriptors/dart_dartanalyzer/ (at 498:3)
[200] https://github.com/hadolint/hadolint#configure (at 21:3)
[200] https://github.com/hadolint/hadolint#rules (at 24:3)
[200] https://github.com/hadolint/hadolint (at 510:3)
[200] https://megalinter.io/latest/descriptors/c_clang_format/ (at 472:3)
[200] https://megalinter.io/latest/descriptors/css_stylelint/ (at 488:3)
[200] https://github.com/egohygiene/empathy (at 191:17)
[200] https://megalinter.io/latest/descriptors/copypaste_jscpd/ (at 444:3)
[200] https://github.com/egohygiene/empathy/blob/main/mindgarden/profiles/agent/README.md (at 192:22)
[200] https://megalinter.io/latest/descriptors/dockerfile_hadolint/ (at 511:3)
[404] https://github.com/google/osv-scanner/releases/download/v$%7BOSV_SCANNER_VERSION%7D/osv-scanner_linux_amd64 (at 57:12) | Rejected status code: 404 Not Found
[200] https://github.com/IBM/tekton-lint (at 11:5)
[200] https://megalinter.io/latest/descriptors/go_revive/ (at 550:3)
[200] https://htmlhint.com/ (at 588:3)
[200] https://megalinter.io/latest/descriptors/groovy_npm_groovy_lint/ (at 579:3)
[200] https://prettier.io/ (at 626:3)
[200] https://eslint.org/ (at 606:3)
[200] https://github.com/Azure/arm-ttk (at 363:3)
[200] https://megalinter.io/latest/descriptors/gherkin_gherkin_lint/ (at 540:3)
[200] https://checkstyle.org/ (at 636:3)
[200] https://github.com/rhysd/actionlint (at 323:3)
[200] https://megalinter.io/latest/descriptors/javascript_eslint/ (at 607:3)
[200] https://prettier.io/ (at 666:3) | OK (cached)
[200] https://pmd.github.io/ (at 646:3)
[200] https://eslint.org/ (at 681:3) | OK (cached)
[200] https://megalinter.io/latest/descriptors/graphql_graphql_schema_linter/ (at 565:3)
[200] https://github.com/greglook/cljstyle (at 394:3)
[200] https://megalinter.io/latest/descriptors/javascript_prettier/ (at 627:3)
[200] https://megalinter.io/latest/descriptors/editorconfig_editorconfig_checker/ (at 521:3)
[200] https://github.com/clj-kondo/clj-kondo (at 408:3)
[200] https://megalinter.io/latest/descriptors/java_pmd/ (at 647:3)
[200] https://github.com/aws-cloudformation/cfn-lint (at 423:3)
[200] https://github.com/coffeelint/coffeelint (at 433:3)
[200] https://megalinter.io/latest/descriptors/json_prettier/ (at 667:3)
[200] https://megalinter.io/latest/descriptors/html_htmlhint/ (at 589:3)
[200] https://github.com/kucherenko/jscpd (at 443:3)
[200] https://phpstan.org/ (at 752:3)
[200] https://megalinter.io/latest/descriptors/latex_chktex/ (at 702:3)
[200] https://github.com/editorconfig-checker/editorconfig-checker (at 520:3)
[200] https://megalinter.io/latest/descriptors/json_jsonlint/ (at 657:3)
[200] https://megalinter.io/latest/descriptors/jsx_eslint/ (at 682:3)
[200] https://psalm.dev/ (at 759:3)
[200] https://megalinter.io/latest/descriptors/php_phpcs/ (at 739:3)
[200] https://github.com/mgechev/revive (at 549:3)
[200] https://megalinter.io/latest/descriptors/lua_luacheck/ (at 712:3)
[200] https://github.com/cjoudrey/graphql-schema-linter (at 564:3)
[200] https://github.com/gherkin-lint/gherkin-lint (at 539:3)
[200] https://megalinter.io/latest/descriptors/php_phpstan/ (at 753:3)
[200] https://megalinter.io/latest/descriptors/php_psalm/ (at 760:3)
[200] https://megalinter.io/latest/descriptors/powershell_powershell/ (at 771:3)
[200] https://github.com/nvuillam/npm-groovy-lint (at 578:3)
[200] https://megalinter.io/latest/descriptors/powershell_powershell_formatter/ (at 778:3)
[200] https://www.checkov.io/ (at 874:3) | OK (cached)
[200] https://github.com/prantlf/jsonlint (at 656:3)
[200] https://megalinter.io/latest/descriptors/protobuf_protolint/ (at 789:3)
[200] https://megalinter.io/latest/descriptors/markdown_markdownlint/ (at 722:3)
[200] https://github.com/anchore/grype (at 894:3) | OK (cached)
[200] https://github.com/lunarmodules/luacheck (at 711:3)
[200] https://megalinter.io/latest/descriptors/repository_ls_lint/ (at 809:3)
[200] https://www.nongnu.org/chktex/ (at 701:3)
[200] https://megalinter.io/latest/descriptors/spell_cspell/ (at 824:3)
[200] https://github.com/DavidAnson/markdownlint (at 721:3)
[200] https://megalinter.io/latest/descriptors/repository_checkov/ (at 875:3)
[200] https://github.com/overtrue/phplint (at 745:3)
[200] https://github.com/PHPCSStandards/PHP_CodeSniffer/ (at 738:3)
[200] https://megalinter.io/latest/descriptors/repository_syft/ (at 961:3) | OK (cached)
[200] https://megalinter.io/latest/descriptors/java_checkstyle/ (at 637:3)
[200] https://megalinter.io/latest/descriptors/repository_grype/ (at 895:3)
[200] https://github.com/PowerShell/PSScriptAnalyzer (at 770:3)
[200] https://github.com/PowerShell/PSScriptAnalyzer (at 777:3)
[200] https://raku.org/ (at 799:3)
[200] https://megalinter.io/latest/descriptors/repository_trivy/ (at 912:3)
[200] https://rubocop.org/ (at 988:3)
[200] https://github.com/yoheimuta/protolint (at 788:3)
[200] https://github.com/chris48s/v8r (at 1078:3) | OK (cached)
[200] https://megalinter.io/latest/descriptors/raku_raku/ (at 800:3)
[200] https://github.com/loeffel-io/ls-lint (at 808:3)
[200] https://yamllint.readthedocs.io/en/stable/ (at 1089:3)
[200] https://megalinter.io/latest/descriptors/repository_trufflehog/ (at 942:3)
[200] https://megalinter.io/latest/descriptors/rst_rstcheck/ (at 978:3)
[200] https://github.com/streetsidesoftware/cspell (at 823:3)
[200] https://megalinter.io/latest/descriptors/php_phplint/ (at 746:3)
[200] https://github.com/IBM/tekton-lint (at 1140:3) | OK (cached)
[200] https://megalinter.io/latest/descriptors/tekton_tekton_lint/ (at 1141:3) | OK (cached)
[200] https://github.com/realm/SwiftLint (at 1157:3) | OK (cached)
[200] https://github.com/microsoft/DevSkim (at 884:3)
[200] https://github.com/aquasecurity/trivy (at 911:3)
[200] https://github.com/aquasecurity/trivy (at 924:3)
[200] https://megalinter.io/latest/descriptors/rust_clippy/ (at 1006:3)
[403] https://developer.salesforce.com/docs/platform/salesforce-code-analyzer/ (at 1177:3) | Rejected status code: 403 Forbidden
[200] https://megalinter.io/latest/descriptors/r_lintr/ (at 1030:3)
[200] https://github.com/trufflesecurity/trufflehog (at 941:3)
[200] https://megalinter.io/latest/descriptors/yaml_v8r/ (at 1079:3)
[200] https://megalinter.io/latest/descriptors/repository_devskim/ (at 885:3)
[200] https://github.com/anchore/syft (at 960:3)
[200] https://megalinter.io/latest/descriptors/yaml_yamllint/ (at 1090:3)
[200] https://megalinter.io/latest/descriptors/terraform_terragrunt/ (at 1125:3)
[200] https://github.com/rust-lang/rust-clippy (at 1005:3)
[200] https://megalinter.io/latest/descriptors/swift_swiftlint/ (at 1158:3)
[200] https://github.com/rstcheck/rstcheck (at 977:3)
[200] https://megalinter.io/latest/descriptors/scala_scalafix/ (at 1168:3)
[200] https://megalinter.io/latest/descriptors/salesforce_code_analyzer_apex/ (at 1178:3)
[200] https://github.com/r-lib/lintr (at 1029:3)
[200] https://github.com/gruntwork-io/terragrunt (at 1124:3)
[200] file:///github/workspace/egolint/.agents/skills/quality/bug-fixing/SKILL.md (at 30:11)
[200] https://json.schemastore.org/github-workflow.json (at 2:33) | OK (cached)
[200] https://github.com/terraform-linters/tflint (at 1118:3)
[200] https://json-schema.org/draft/2020-12/schema (at 2:15) | OK (cached)
[ERROR] https://egohygiene.dev/beacon/contracts/template-manifest.schema.json (at 3:11) | Connection failed. Check network connectivity and firewall settings
[200] https://dart.dev/tools/analysis (at 17:3)
[200] https://megalinter.io/latest/descriptors/snakemake_snakefmt/ (at 1195:3)
[200] https://dart.dev/tools/linter-rules (at 20:3)
[200] https://raw.githubusercontent.com/nvuillam/npm-groovy-lint/refs/heads/main/docs/groovy-lint.jsonschema.json (at 2:15)
[200] https://github.com/loeffel-io/ls-lint (at 12:5) | OK (cached)
[200] file:///github/workspace/EPISTEMOLOGY.md (at 54:35)
[200] file:///github/workspace/PRINCIPLES.md (at 159:18)
[200] file:///github/workspace/EPISTEMOLOGY.md (at 160:3)
[200] https://megalinter.io/latest/descriptors/ruby_rubocop/ (at 989:3)
[200] https://json.schemastore.org/github-issue-forms.json (at 2:33) | OK (cached)
[200] https://json.schemastore.org/github-issue-forms.json (at 2:33) | OK (cached)
[200] https://json.schemastore.org/github-issue-forms.json (at 2:33) | OK (cached)
[200] file:///github/workspace/egolint/.agents/skills/architecture/create-roadmap-document/references/validation-checklist.md (at 96:5)
[200] file:///github/workspace/egolint/.agents/skills/architecture/create-roadmap-document/references/authoring-guide.md (at 98:1)
[200] https://json.schemastore.org/github-action.json (at 2:33) | OK (cached)
[200] https://ls-lint.org/ (at 11:5)
[200] https://json.schemastore.org/github-action.json (at 2:33) | OK (cached)
[200] https://json.schemastore.org/github-action.json (at 2:33) | OK (cached)
[200] file:///github/workspace/PURPOSE.md (at 54:3)
[200] file:///github/workspace/VISION.md (at 55:3)
[200] file:///github/workspace/PRINCIPLES.md (at 56:3)
[200] file:///github/workspace/PILLARS.md (at 57:3)
[200] file:///github/workspace/MANIFESTO.md (at 58:3)
[200] file:///github/workspace/EPISTEMOLOGY.md (at 59:3)
[200] file:///github/workspace/AI_CONSTITUTION.md (at 60:3)
[200] file:///github/workspace/ONTOLOGY.md (at 61:3)
[200] file:///github/workspace/PERSONAL_MODEL.md (at 62:3)
[200] file:///github/workspace/FOUNDATIONS.md (at 63:3)
[200] file:///github/workspace/SYSTEM.md (at 64:3)
[200] file:///github/workspace/ARCHITECTURE.md (at 65:3)
[200] file:///github/workspace/DESIGN.md (at 66:3)
[200] file:///github/workspace/DESIGN_SYSTEM.md (at 67:3)
[200] file:///github/workspace/METHODOLOGY.md (at 68:3)
[200] file:///github/workspace/DECISIONS.md (at 69:3)
[200] file:///github/workspace/ROADMAP.md (at 70:3)
[200] file:///github/workspace/META.md (at 71:3)
[200] https://json.schemastore.org/github-issue-forms.json (at 2:33) | OK (cached)
[200] https://www.schemastore.org/stylelintrc.json (at 2:15)
[200] file:///github/workspace/SYSTEM.md (at 34:1)
[200] https://json.schemastore.org/github-workflow.json (at 2:33) | OK (cached)
[200] https://taskfile.dev/schema.json (at 2:33) | OK (cached)
[200] file:///github/workspace/egolint/.agents/skills/quality/repository-cleanup/SKILL.md (at 30:11)
[200] https://taskfile.dev/schema.json (at 2:33) | OK (cached)
[200] https://github.com/oxsecurity/megalinter/tree/v10.0.0 (at 7:19) | OK (cached)
[200] file:///github/workspace/PURPOSE.md (at 128:30)
[200] file:///github/workspace/VISION.md (at 128:61)
[200] https://github.com/scalacenter/scalafix (at 1167:3)
[200] https://megalinter.io/latest/descriptors/sql_sqlfluff/ (at 1221:3)
[200] https://trivy.dev/docs/latest/supply-chain/sbom/ (at 14:5)
[200] https://json-schema.org/draft/2020-12/schema (at 2:15) | OK (cached)
[200] https://www.rubyschema.org/rubocop.json (at 2:33)
[200] https://megalinter.io/latest/descriptors/spell_proselint/ (at 1233:3)
[200] https://json.schemastore.org/github-workflow.json (at 2:33) | OK (cached)
[404] https://egohygiene.github.io/contracts/repository-analytics/v1/schema.json (at 3:11) | Rejected status code: 404 Not Found
[200] https://json-schema.org/draft/2020-12/schema (at 2:15) | OK (cached)
[200] file:///github/workspace/mantle/config/installers.lock.tsv (at 4:1)
[200] https://rubystyle.guide/ (at 14:5)
[200] https://docs.rubocop.org/rubocop/latest/configuration.html (at 13:5)
[200] https://docs.stoplight.io/docs/spectral/e5b9616d6d50c-rulesets (at 16:3)
[EXCLUDED] mailto:szmyty@gmail.com (at 20:15) | This is due to your 'exclude' values
[200] https://json.schemastore.org/package.json (at 2:15) | 200 OK | Followed 1 redirect. Redirects: https://json.schemastore.org/package.json --[301]--> https://www.schemastore.org/package.json
[EXCLUDED] mailto:szmyty@gmail.com (at 29:15) | This is due to your 'exclude' values
[200] https://megalinter.io/latest/descriptors/repository_betterleaks/ (at 1205:3)
[200] https://golangci-lint.run/jsonschema/golangci.jsonschema.json (at 2:33)
[200] https://registry.npmjs.org/ (at 45:18)
[200] https://docs.github.com/en/repositories/managing-your-repositorys-settings-and-features/customizing-your-repository/customizing-your-repositorys-social-media-preview (at 7:6)
[200] https://json.schemastore.org/github-action.json (at 2:33) | OK (cached)
[200] https://taskfile.dev/schema.json (at 2:33) | OK (cached)
[200] file:///github/workspace/mindgarden/profiles/obsidian/profile.json (at 33:1)
[200] https://json-schema.org/draft/2020-12/schema (at 2:15) | OK (cached)
[200] https://github.com/overtrue/phplint (at 9:3) | OK (cached)
[200] https://json.schemastore.org/github-action.json (at 2:33) | OK (cached)
[200] file:///github/workspace/mantle/assets/branding/mantle-banner-placeholder.svg (at 2:13)
[200] https://github.com/snakemake/snakefmt (at 1194:3)
[200] https://megalinter.io/latest/descriptors/spell_lychee/ (at 1286:3)
[404] https://egohygiene.io/ (at 17:16) | Rejected status code: 404 Not Found
[404] https://egohygiene.io/ (at 30:13) | Rejected status code: 404 Not Found
[200] https://github.com/betterleaks/betterleaks (at 1204:3)
[200] https://megalinter.io/latest/descriptors/repository_trivy_sbom/ (at 925:3)
[200] https://megalinter.io/latest/descriptors/repository_trivy_sbom/ (at 15:5)
[200] https://github.com/sqlfluff/sqlfluff (at 1220:3)
[200] https://img.shields.io/badge/workflow-mantle.yml-181717?style=flat-square&logo=githubactions&logoColor=white (at 11:100)
[200] https://megalinter.io/latest/descriptors/spell_vale/ (at 1253:3)
[200] file:///github/workspace/mantle/LICENSE (at 15:12)
[200] https://img.shields.io/badge/license-MIT-blue?style=flat-square (at 15:31)
[200] file:///github/workspace/mantle/README.md#overview (at 21:12)
[200] file:///github/workspace/mantle/README.md#project-status (at 22:12)
[200] file:///github/workspace/mantle/README.md#features (at 23:12)
[200] file:///github/workspace/mantle/README.md#supported-environments (at 24:12)
[200] file:///github/workspace/mantle/README.md#quick-start (at 25:12)
[200] file:///github/workspace/mantle/README.md#cli-usage (at 26:12)
[200] file:///github/workspace/mantle/README.md#configuration (at 27:12)
[200] file:///github/workspace/mantle/README.md#architecture (at 28:12)
[200] file:///github/workspace/mantle/README.md#testing-and-validation (at 29:12)
[200] file:///github/workspace/mantle/README.md#contributing (at 30:12)
[200] file:///github/workspace/mantle/config/example.conf (at 277:19)
[200] file:///github/workspace/mantle/ARCHITECTURE.md (at 354:1)
[200] file:///github/workspace/mantle/PROVENANCE.md (at 355:26)
[200] file:///github/workspace/mantle/config/architecture/layers.tsv (at 357:1)
[200] file:///github/workspace/mantle/INSTALLER_ASSURANCE.md (at 477:101)
[200] file:///github/workspace/mantle/tests/README.md (at 572:91)
[200] file:///github/workspace/mantle/CONTRIBUTING.md (at 578:6)
[200] file:///github/workspace/mantle/CONTRIBUTING.md (at 605:1)
[200] file:///github/workspace/mantle/LICENSE (at 621:31)
[200] https://img.shields.io/badge/shells-Bash%20%7C%20Zsh%20%7C%20Fish-4EAA25?style=flat-square (at 13:87)
[200] https://json.schemastore.org/github-workflow.json (at 2:33) | OK (cached)
[200] https://json.schemastore.org/github-workflow.json (at 2:33) | OK (cached)
[200] file:///github/workspace/egolint/.agents/skills/authoring/implementation-planning/SKILL.md (at 30:11)
[200] https://github.com/yoheimuta/protolint (at 11:5) | OK (cached)
[200] https://megalinter.io/latest/descriptors/terraform_tflint/ (at 1119:3)
[200] https://json-schema.org/draft/2020-12/schema (at 2:15) | OK (cached)
[200] https://www.schemastore.org/coffeelint.json (at 2:15)
[200] https://github.com/amperser/proselint (at 1232:3)
[200] https://json-schema.org/draft/2020-12/schema (at 2:15) | OK (cached)
[403] https://developer.salesforce.com/docs/platform/salesforce-code-analyzer/ (at 11:5) | Error (cached)
[200] https://json.schemastore.org/github-action.json (at 2:33) | OK (cached)
[200] https://json.schemastore.org/github-action.json (at 2:33) | OK (cached)
[200] https://json.schemastore.org/github-workflow.json (at 2:33) | OK (cached)
[200] https://json.schemastore.org/github-workflow.json (at 2:33) | OK (cached)
[200] https://megalinter.io/latest/descriptors/repository_secretlint/ (at 1403:3)
[200] https://github.com/egohygiene/empathy (at 9:13) | OK (cached)
[200] https://unpkg.com/knip@6/schema.json (at 2:15) | 200 OK | Followed 1 redirect. Redirects: https://unpkg.com/knip@6/schema.json --[302]--> https://unpkg.com/knip@6.32.2/schema.json
[200] https://json-schema.org/draft/2020-12/schema (at 2:15) | OK (cached)
[200] https://img.shields.io/badge/tests-Bats%20%2B%20ShellCheck-2E8B57?style=flat-square (at 12:94)
[200] file:///github/workspace/.staging/github/README.md (at 38:35)
[200] file:///github/workspace/egolint/README.md (at 75:5)
[200] file:///github/workspace/.github/actions/README.md (at 76:1)
[200] file:///github/workspace/mindgarden/README.md (at 77:5)
[200] file:///github/workspace/identity/README.md (at 78:1)
[200] file:///github/workspace/META.md (at 84:1)
[200] file:///github/workspace/PURPOSE.md (at 89:4)
[200] file:///github/workspace/VISION.md (at 89:32)
[200] file:///github/workspace/PRINCIPLES.md (at 90:4)
[200] file:///github/workspace/ONTOLOGY.md (at 91:4)
[200] file:///github/workspace/SYSTEM.md (at 92:4)
[200] file:///github/workspace/ARCHITECTURE.md (at 92:33)
[200] file:///github/workspace/DECISIONS.md (at 94:4)
[200] file:///github/workspace/ROADMAP.md (at 94:39)
[200] https://json.schemastore.org/markdownlint.json (at 2:15) | 200 OK | Followed 1 redirect. Redirects: https://json.schemastore.org/markdownlint.json --[301]--> https://www.schemastore.org/markdownlint.json
[ERROR] https://egohygiene.dev/schemas/repository-intelligence-dashboard/v3.json (at 3:11) | Connection failed. Check network connectivity and firewall settings
[200] https://developer.mozilla.org/en-US/docs/Web/Progressive_web_apps/Manifest/Reference/icons (at 7:6)
[200] https://protobuf.dev/programming-guides/style/ (at 12:5)
[200] https://ogp.me/ (at 6:19)
[200] https://img.shields.io/badge/platforms-Linux%20%7C%20macOS%20%7C%20MSYS2%2FGit%20Bash-0A66C2?style=flat-square (at 14:98)
[200] https://developer.mozilla.org/en-US/docs/Web/Progressive_web_apps/Guides/Making_PWAs_installable (at 8:6)
[200] https://github.com/lycheeverse/lychee (at 1285:3)
[200] https://developer.mozilla.org/en-US/docs/Glossary/Favicon (at 7:6)
[200] https://web.dev/articles/maskable-icon (at 9:6)
[200] https://json.schemastore.org/github-workflow.json (at 2:33) | OK (cached)
[200] https://ogp.me/ (at 6:19) | OK (cached)
[200] https://json-schema.org/draft/2020-12/schema (at 2:15) | OK (cached)
[200] https://developer.apple.com/library/archive/documentation/AppleApplications/Reference/SafariWebContent/ConfiguringWebApplications/ConfiguringWebApplications.html (at 8:6)
[200] https://json.schemastore.org/github-issue-forms.json (at 2:33) | OK (cached)
[404] https://egohygiene.github.io/identity/contracts/handoff-manifest.schema.json (at 3:11) | Rejected status code: 404 Not Found
[200] https://github.com/secretlint/secretlint (at 1402:3)
[200] https://yamllint.readthedocs.io/en/stable/ (at 11:5) | OK (cached)
[200] https://megalinter.io/latest/descriptors/yaml_yamllint/ (at 12:5) | OK (cached)
[200] file:///github/workspace/README.md (at 33:3)
[200] file:///github/workspace/ARCHITECTURE.md (at 34:3)
[200] file:///github/workspace/SYSTEM.md (at 35:3)
[200] file:///github/workspace/DECISIONS.md (at 36:3)
[200] file:///github/workspace/ROADMAP.md (at 37:3)
[200] https://egohygiene.github.io/empathy/ (at 41:3) | OK (cached)
[200] https://egohygiene.github.io/empathy/intelligence/ (at 42:3) | OK (cached)
[200] file:///github/workspace/llms.txt (at 43:3)
[200] https://github.com/egohygiene/empathy (at 44:3) | OK (cached)
[200] https://github.com/errata-ai/vale (at 1252:3) | 200 OK | Followed 1 redirect. Redirects: https://github.com/errata-ai/vale --[301]--> https://github.com/vale-cli/vale
[200] https://github.com/egohygiene/empathy.git (at 24:13) | 200 OK | Followed 1 redirect. Redirects: https://github.com/egohygiene/empathy.git --[301]--> https://github.com/egohygiene/empathy
[404] https://github.com/egohygiene/empathy/security/code-scanning (at 21:18) | Error (cached)
[404] https://github.com/egohygiene/empathy/commit/1111111111111111111111111111111111111111 (at 22:16) | Error (cached)
[200] https://github.com/reconquest/shdoc.git (at 95:14) | 200 OK | Followed 1 redirect. Redirects: https://github.com/reconquest/shdoc.git --[301]--> https://github.com/reconquest/shdoc
[200] https://github.com/reconquest/shdoc.git (at 43:50) | 200 OK | Followed 1 redirect. Redirects: https://github.com/reconquest/shdoc.git --[301]--> https://github.com/reconquest/shdoc
[200] https://json.schemastore.org/github-action.json (at 2:33) | OK (cached)
[200] https://json.schemastore.org/github-action.json (at 2:33) | OK (cached)
[200] https://json.schemastore.org/github-action.json (at 2:33) | OK (cached)
[200] https://github.com/egohygiene/empathy/issues (at 19:13)
[200] https://raw.githubusercontent.com/oxsecurity/megalinter/v10.0.0/megalinter/descriptors/schemas/megalinter-configuration.jsonschema.json (at 2:33) | OK (cached)
[200] file:///github/workspace/egolint/.agents/skills/authoring/create-specification-file/SKILL.md (at 30:11)
[200] file:///github/workspace/egolint/.agents/specs/authoring/specfile.spec.md (at 30:117)
[200] https://info.arxiv.org/help/ancillary_files.html (at 8:3)
[200] file:///github/workspace/PURPOSE.md (at 89:46)
[200] file:///github/workspace/VISION.md (at 89:74)
[200] file:///github/workspace/PRINCIPLES.md (at 90:1)
[200] file:///github/workspace/PILLARS.md (at 90:39)
[EXCLUDED] http://localhost:8080/ (at 40:30) | This is due to your 'exclude' values
[200] https://egohygiene.github.io/empathy/intelligence/ (at 62:2) | OK (cached)
[200] https://egohygiene.github.io/empathy/ (at 72:2) | OK (cached)
[200] file:///github/workspace/mindgarden/profiles/quartz/profile.yaml (at 75:42)
[200] file:///github/workspace/ARCHITECTURE.md (at 29:53)
[200] https://json.schemastore.org/github-workflow.json (at 2:33) | OK (cached)
[200] https://www.schemastore.org/npmpackagejsonlintrc.json (at 2:15)
[200] https://json-schema.org/draft/2020-12/schema (at 2:15) | OK (cached)
[ERROR] https://github/ (at 42:20) | Connection failed. Check network connectivity and firewall settings
[200] https://json.schemastore.org/prettierrc.json (at 2:15) | 200 OK | Followed 1 redirect. Redirects: https://json.schemastore.org/prettierrc.json --[301]--> https://www.schemastore.org/prettierrc.json
[200] https://json.schemastore.org/github-action.json (at 2:33) | OK (cached)
[200] https://json.schemastore.org/github-issue-forms.json (at 2:33) | OK (cached)
[404] https://github.com/egohygiene/empathy/security/code-scanning (at 22:16) | Error (cached)
[404] https://github.com/egohygiene/empathy/security/code-scanning (at 23:18) | Error (cached)
[404] https://github.com/egohygiene/empathy/commit/1111111111111111111111111111111111111111 (at 24:16) | Error (cached)
[200] https://github.com/egohygiene/empathy/actions/workflows/mantle.yml/badge.svg?branch=main (at 10:90)
[200] file:///github/workspace/egolint/.config/toolchain/complementary-tools.json (at 15:1)
[404] https://api.scorecard.dev/projects/github.com/$ (at 122:13) | Rejected status code: 404 Not Found
[200] file:///github/workspace/README.md (at 98:23)
[200] file:///github/workspace/PURPOSE.md (at 116:10)
[200] file:///github/workspace/SYSTEM.md (at 116:38)
[200] file:///github/workspace/ARCHITECTURE.md (at 117:1)
[200] file:///github/workspace/egolint/README.md (at 143:31)
[200] file:///github/workspace/SYSTEM.md (at 160:10)
[200] file:///github/workspace/ARCHITECTURE.md (at 160:36)
[200] file:///github/workspace/.reports/egolint/architecture/README.md (at 161:1)
[200] file:///github/workspace/.staging/github/README.md (at 186:1)
[200] file:///github/workspace/FOUNDATIONS.md (at 200:10)
[200] file:///github/workspace/SYSTEM.md (at 200:46)
[200] file:///github/workspace/Taskfile.yml (at 225:1)
[200] file:///github/workspace/METHODOLOGY.md (at 241:10)
[200] file:///github/workspace/.vscode/tasks.json (at 241:46)
[200] file:///github/workspace/egolint/README.md (at 266:34)
[200] file:///github/workspace/.reports/README.md (at 267:1)
[200] file:///github/workspace/EPISTEMOLOGY.md (at 281:10)
[200] file:///github/workspace/.github/actions/publish-report-snapshot/action.yml (at 282:1)
[200] file:///github/workspace/AI_CONSTITUTION.md (at 322:10)
[200] file:///github/workspace/tests/test_report_publication.py (at 323:1)
[200] https://info.arxiv.org/help/submit_tex.html (at 7:3)
[200] https://agentskills.io/specification (at 12:25)
[200] https://github.com/egohygiene/empathy/blob/main/.github/workflows/mantle.yml (at 11:12)
[200] https://github.com/sponsors/szmyty (at 34:13)
[200] https://github.com/egohygiene/empathy/blob/main/mantle/tests/README.md (at 12:12)
[200] https://github.com/egohygiene/empathy/actions/workflows/mantle.yml (at 10:12)
[200] https://github.com/aws-cloudformation/cfn-lint#configuration (at 18:3)
[200] https://github.com/egohygiene/empathy/blob/main/mantle/.shellrc (at 13:12)
[200] https://github.com/egohygiene/empathy/blob/main/mantle/platforms/README.md (at 14:12)
[200] https://github.com/egohygiene/mindgarden (at 5:31)
[404] https://github.com/mvdan/sh/releases/download/v$%7BSHFMT_VERSION%7D/shfmt_v$%7BSHFMT_VERSION%7D_linux_amd64 (at 37:14) | Rejected status code: 404 Not Found
[200] https://github.com/fastfetch-cli/fastfetch/raw/2.67.0/doc/json_schema.json (at 4:15) | 200 OK | Followed 1 redirect. Redirects: https://github.com/fastfetch-cli/fastfetch/raw/2.67.0/doc/json_schema.json --[302]--> https://raw.githubusercontent.com/fastfetch-cli/fastfetch/2.67.0/doc/json_schema.json
[200] https://github.com/hadolint/hadolint (at 255:11) | OK (cached)
[404] https://github.com/bats-core/bats-core/archive/refs/tags/v$%7BBATS_VERSION%7D.tar.gz (at 119:14) | Rejected status code: 404 Not Found | Followed 1 redirect. Redirects: https://github.com/bats-core/bats-core/archive/refs/tags/v$%7BBATS_VERSION%7D.tar.gz --[302]--> https://codeload.github.com/bats-core/bats-core/tar.gz/refs/tags/v%24%7BBATS_VERSION%7D
[404] https://github.com/bats-core/bats-core/archive/refs/tags/v$%7BBATS_VERSION%7D.tar.gz (at 70:14) | Rejected status code: 404 Not Found | Followed 1 redirect. Redirects: https://github.com/bats-core/bats-core/archive/refs/tags/v$%7BBATS_VERSION%7D.tar.gz --[302]--> https://codeload.github.com/bats-core/bats-core/tar.gz/refs/tags/v%24%7BBATS_VERSION%7D
[404] https://github.com/rhysd/actionlint/releases/download/v$%7BACTIONLINT_VERSION%7D/$%7Barchive_name%7D (at 52:12) | Rejected status code: 404 Not Found
[404] https://github.com/egohygiene/empathy/tree/1111111111111111111111111111111111111111/.reports/megalinter (at 20:16) | Rejected status code: 404 Not Found
[404] https://github.com/egohygiene/empathy/actions/runs/103 (at 25:18) | Rejected status code: 404 Not Found
[EXCLUDED] https://example.test/branch-protection (at 4:34) | This is due to your 'exclude' values
[EXCLUDED] https://example.test/security-policy (at 10:34) | This is due to your 'exclude' values
[EXCLUDED] https://example.test/signed-releases (at 16:34) | This is due to your 'exclude' values
[EXCLUDED] mailto:support@errata.ai (at 4:13) | This is due to your 'exclude' values
[200] https://github.com/jackyzha0/quartz.git (at 53:17) | 200 OK | Followed 1 redirect. Redirects: https://github.com/jackyzha0/quartz.git --[301]--> https://github.com/jackyzha0/quartz
[404] https://github.com/egohygiene/empathy/actions/runs/102 (at 23:18) | Rejected status code: 404 Not Found
[200] https://github.com/gitleaks/gitleaks (at 29:11)
[200] https://github.com/amperser/proselint (at 11:16) | OK (cached)
[200] file:///github/workspace/egolint/.agents/skills/authoring/github-issue-authoring/SKILL.md (at 29:11)
[200] file:///github/workspace/egolint/.agents/specs/authoring/specfile.spec.md (at 29:108)
[200] https://www.schemastore.org/htmlhint.json (at 2:15)
[200] file:///github/workspace/DESIGN_SYSTEM.md (at 145:46)
[200] file:///github/workspace/egolint/.agents/skills/architecture/create-methodology-document/references/validation-checklist.md (at 96:5)
[200] file:///github/workspace/egolint/.agents/skills/architecture/create-methodology-document/references/authoring-guide.md (at 98:1)
[200] file:///github/workspace/mindgarden/contracts/garden.schema.json (at 37:3)
[200] file:///github/workspace/mindgarden/contracts/note.schema.json (at 39:3)
[200] file:///github/workspace/mindgarden/contracts/obsidian-profile.schema.json (at 41:3)
[200] file:///github/workspace/mindgarden/contracts/provenance.schema.json (at 43:3)
[200] file:///github/workspace/mindgarden/contracts/context-pack.schema.json (at 45:3)
[200] file:///github/workspace/mindgarden/contracts/index.schema.json (at 46:7)
[200] file:///github/workspace/mindgarden/contracts/publish-profile.schema.json (at 48:3)
[200] file:///github/workspace/mindgarden/scripts/validate_garden.py (at 50:3)
[200] file:///github/workspace/mindgarden/scripts/garden_agent.py (at 52:3)
[200] file:///github/workspace/mindgarden/scripts/publish_garden.py (at 54:3)
[200] file:///github/workspace/mindgarden/scripts/quartz_site.py (at 55:3)
[200] file:///github/workspace/mindgarden/templates/note.md (at 57:3)
[200] file:///github/workspace/mindgarden/PROVENANCE.md (at 74:1)
[200] file:///github/workspace/mindgarden/EXTRACTION.md (at 76:1)
[200] file:///github/workspace/mindgarden/profiles/obsidian (at 80:37)
[200] file:///github/workspace/mindgarden/profiles/agent (at 84:37)
[200] file:///github/workspace/mindgarden/profiles/quartz (at 88:34)
  [WARN] egolint/pnpm-lock.yaml: No files found for this input source
[200] https://json.schemastore.org/dependabot-2.0.json (at 2:33) | 200 OK | Followed 1 redirect. Redirects: https://json.schemastore.org/dependabot-2.0.json --[301]--> https://www.schemastore.org/dependabot-2.0.json
[200] file:///github/workspace/DESIGN.md (at 36:1)
[200] file:///github/workspace/ONTOLOGY.md (at 147:31)
[200] file:///github/workspace/DESIGN.md (at 186:1)
[200] file:///github/workspace/DESIGN.md (at 224:56)
[200] https://github.com/google/addlicense (at 51:11)
[200] https://taskfile.dev/schema.json (at 2:33) | OK (cached)
[200] file:///github/workspace/mindgarden/profiles/obsidian/README.md (at 31:1)
[200] https://raw.githubusercontent.com/oxsecurity/megalinter/v10.0.0/megalinter/descriptors/schemas/megalinter-configuration.jsonschema.json (at 2:33) | OK (cached)
[200] file:///github/workspace/egolint/.agents/skills/architecture/create-system-document/references/validation-checklist.md (at 96:5)
[200] file:///github/workspace/egolint/.agents/skills/architecture/create-system-document/references/authoring-guide.md (at 98:1)
[200] https://json.schemastore.org/github-issue-forms.json (at 2:33) | OK (cached)
[200] https://json.schemastore.org/github-workflow.json (at 2:33) | OK (cached)
[200] https://github.com/egohygiene/empathy (at 7:13) | OK (cached)
[200] https://github.com/jackyzha0/quartz.git (at 10:20) | OK (cached)
[200] file:///github/workspace/egolint/.agents/skills/quality/test-engineering/SKILL.md (at 30:11)
[200] https://megalinter.io/10.0.0/configuration/ (at 283:3)
[200] https://github.com/Yelp/detect-secrets (at 39:11)
[200] https://megalinter.io/10.0.0/removed-linters/ (at 284:3)
[200] https://github.com/pre-commit/pre-commit-hooks (at 71:11)
[200] https://www.designtokens.org/tr/2025.10/format/ (at 6:19)
[200] https://www.schemastore.org/jscpd.json (at 2:15)
[200] https://github.com/trufflesecurity/trufflehog (at 12:5) | OK (cached)
[200] https://github.com/astral-sh/ruff-pre-commit (at 162:11)
[200] https://raw.githubusercontent.com/streetsidesoftware/cspell/main/cspell.schema.json (at 2:15) | OK (cached)
[200] https://json.schemastore.org/github-issue-forms.json (at 2:33) | OK (cached)
[200] https://megalinter.io/10.0.0/descriptors/repository_betterleaks/ (at 285:3)
[200] https://github.com/egohygiene/empathy (at 11:13) | OK (cached)
[200] https://github.com/egohygiene/empathy/issues (at 12:9) | OK (cached)
[200] https://github.com/egohygiene/empathy/discussions (at 13:14) | OK (cached)
[200] https://github.com/nbQA-dev/nbQA (at 179:11)
[200] https://json.schemastore.org/github-workflow.json (at 2:33) | OK (cached)
[200] file:///github/workspace/egolint/.agents/skills/quality/audit-repository/SKILL.md (at 28:11)
[200] file:///github/workspace/egolint/.agents/specs/quality/auditor.spec.md (at 28:97)
[200] https://json.schemastore.org/github-action.json (at 71:6) | OK (cached)
[200] https://json.schemastore.org/github-workflow.json (at 72:6) | OK (cached)
[200] https://taskfile.dev/schema.json (at 73:6) | OK (cached)
[200] file:///github/workspace/mantle/ARCHITECTURE.md (at 69:6)
[200] file:///github/workspace/mantle/config/architecture/layers.tsv (at 71:1)
[200] file:///github/workspace/mantle/PROVENANCE.md (at 80:8)
[200] https://taskfile.dev/docs/guide#including-other-taskfiles (at 286:3)
[200] https://github.com/abravalheri/validate-pyproject (at 196:11)
[200] https://github.com/pre-commit/mirrors-prettier (at 206:11)
[200] https://github.com/biomejs/pre-commit (at 217:11)
[200] https://trufflesecurity.com/docs/configuration-file-reference (at 13:5)
[200] https://github.com/igorshubovych/markdownlint-cli (at 227:11)
[200] https://humanstxt.org/ (at 39:13)
[200] https://github.com/shellcheck-py/shellcheck-py (at 245:11)
[200] https://github.com/executablebooks/mdformat (at 237:11) | 200 OK | Followed 1 redirect. Redirects: https://github.com/executablebooks/mdformat --[301]--> https://github.com/hukkin/mdformat
[200] https://github.com/openstack/bashate (at 265:11)
[200] https://github.com/python-jsonschema/check-jsonschema (at 275:11)
[200] https://github.com/codespell-project/codespell (at 291:11)
[200] https://github.com/crate-ci/typos (at 303:11)
[200] https://github.com/errata-ai/proselint/releases/latest/download/proselint.zip (at 6:11) | 200 OK | Followed 3 redirects. Redirects: https://github.com/errata-ai/proselint/releases/latest/download/proselint.zip --[301]--> https://github.com/vale-cli/proselint/releases/latest/download/proselint.zip --[302]--> https://github.com/vale-cli/proselint/releases/download/v0.3.4/proselint.zip --[302]--> https://release-assets.githubusercontent.com/github-production-release-asset/189305362/4395a0e6-cc11-4ea3-84a4-25cf080bb429?sp=r&sv=2018-11-09&sr=b&spr=https&se=2026-08-15T17%3A28%3A21Z&rscd=attachment%3B+filename%3Dproselint.zip&rsct=application%2Foctet-stream&skoid=96c2d410-5711-43a1-aedd-ab1947aa7ab0&sktid=398a6654-997b-47e9-b12b-9515b896b4de&skt=2026-08-15T16%3A27%3A32Z&ske=2026-08-15T17%3A28%3A21Z&sks=b&skv=2018-11-09&sig=kl5UXqtrXtU7XFmARRscHHDMnV9k05zvEyJKh51BljQ%3D&jwt=eyJ0eXAiOiJKV1QiLCJhbGciOiJIUzI1NiJ9.eyJpc3MiOiJnaXRodWIuY29tIiwiYXVkIjoicmVsZWFzZS1hc3NldHMuZ2l0aHVidXNlcmNvbnRlbnQuY29tIiwia2V5Ijoia2V5MSIsImV4cCI6MTc4NjgxMTU3MiwibmJmIjoxNzg2ODExMjcyLCJwYXRoIjoicmVsZWFzZWFzc2V0cHJvZHVjdGlvbi5ibG9iLmNvcmUud2luZG93cy5uZXQifQ.h7VuS5vVfLQ5tb904EXK5O4qJIKIjVRRGt-BA1SoHEg&response-content-disposition=attachment%3B%20filename%3Dproselint.zip&response-content-type=application%2Foctet-stream
[200] https://github.com/fsfe/reuse-tool (at 324:11)
[200] https://github.com/errata-ai/proselint/issues/new (at 8:14) | 200 OK | Followed 2 redirects. Redirects: https://github.com/errata-ai/proselint/issues/new --[301]--> https://github.com/vale-cli/proselint/issues/new --[302]--> https://github.com/login?return_to=https%3A%2F%2Fgithub.com%2Fvale-cli%2Fproselint%2Fissues%2Fnew
[200] https://github.com/errata-ai/proselint/releases.atom (at 7:12) | 200 OK | Followed 1 redirect. Redirects: https://github.com/errata-ai/proselint/releases.atom --[301]--> https://github.com/vale-cli/proselint/releases.atom
[200] https://github.com/wagoid/commitlint-github-action (at 287:3)
[200] https://github.com/szmyty (at 5:9)
📝 Summary
---------------------
🔍 Total..........575
🔗 Unique.........405
✅ Successful.....533
⏳ Timeouts.........0
🔀 Redirected......31
👻 Excluded.........7
❓ Unknown..........0
🚫 Errors..........35
⛔ Unsupported.....35

Errors in .github/actions/generate-repository-intelligence-dashboard/repository-intelligence-dashboard.schema.json
[ERROR] https://egohygiene.dev/schemas/repository-intelligence-dashboard/v3.json (at 3:11) | Connection failed. Check network connectivity and firewall settings

Errors in .github/actions/generate-repository-intelligence/repository-analytics.schema.json
[404] https://egohygiene.github.io/contracts/repository-analytics/v1/schema.json (at 3:11) | Rejected status code: 404 Not Found

Errors in .github/actions/generate-repository-intelligence/repository-tree.schema.json
[404] https://egohygiene.github.io/contracts/repository-tree/v1/schema.json (at 3:11) | Rejected status code: 404 Not Found

Errors in .github/actions/normalize-repository-report/repository-report-summary.schema.json
[ERROR] https://egohygiene.dev/schemas/repository-report-summary/v1.json (at 3:11) | Connection failed. Check network connectivity and firewall settings

Errors in .github/actions/setup-osv-scanner/action.yml
[404] https://github.com/google/osv-scanner/releases/download/v$%7BOSV_SCANNER_VERSION%7D/osv-scanner_linux_amd64 (at 57:12) | Rejected status code: 404 Not Found

Errors in .github/actions/validate-automation/action.yml
[404] https://github.com/rhysd/actionlint/releases/download/v$%7BACTIONLINT_VERSION%7D/$%7Barchive_name%7D (at 52:12) | Rejected status code: 404 Not Found

Errors in .github/FUNDING.yml
[404] https://docs.github.com/en/sponsors/receiving-sponsorships-through-github-sponsors/about-funding-files (at 10:3) | Rejected status code: 404 Not Found

Errors in .github/workflows/ossf-scorecard.yml
[404] https://api.scorecard.dev/projects/github.com/$ (at 122:13) | Rejected status code: 404 Not Found

Errors in beacon/contracts/template-manifest.schema.json
[ERROR] https://egohygiene.dev/beacon/contracts/template-manifest.schema.json (at 3:11) | Connection failed. Check network connectivity and firewall settings

Errors in egolint/.agents/agents/AGENT-CONTRACT.md
[404] https://docs.github.com/en/copilot/customizing-copilot/using-github-copilot-extensions/about-github-copilot-agents (at 13:2) | Rejected status code: 404 Not Found

Errors in egolint/.config/lint/salesforce/code-analyzer.yml
[403] https://developer.salesforce.com/docs/platform/salesforce-code-analyzer/ (at 11:5) | Error (cached)

Errors in egolint/.mega-linter.yml
[403] https://developer.salesforce.com/docs/platform/salesforce-code-analyzer/ (at 1177:3) | Rejected status code: 403 Forbidden
[404] https://megalinter.io/latest/descriptors/coffee_coffee_lint/ (at 434:3) | Rejected status code: 404 Not Found

Redirects in egolint/.mega-linter.yml
https://ansible.readthedocs.io/projects/lint/ --[302]--> https://docs.ansible.com/projects/lint/
https://github.com/errata-ai/vale --[301]--> https://github.com/vale-cli/vale


Errors in egolint/package.json
[404] https://egohygiene.io/ (at 17:16) | Rejected status code: 404 Not Found
[404] https://egohygiene.io/ (at 30:13) | Rejected status code: 404 Not Found

Redirects in egolint/package.json
https://github.com/egohygiene/empathy.git --[301]--> https://github.com/egohygiene/empathy
https://json.schemastore.org/package.json --[301]--> https://www.schemastore.org/package.json


Errors in identity/contracts/candidate-manifest.schema.json
[404] https://egohygiene.github.io/identity/contracts/candidate-manifest.schema.json (at 3:11) | Rejected status code: 404 Not Found

Errors in identity/contracts/handoff-manifest.schema.json
[404] https://egohygiene.github.io/identity/contracts/handoff-manifest.schema.json (at 3:11) | Rejected status code: 404 Not Found

Errors in identity/contracts/profile.schema.json
[404] https://egohygiene.github.io/identity/contracts/profile.schema.json (at 3:11) | Rejected status code: 404 Not Found

Errors in identity/contracts/project.schema.json
[404] https://egohygiene.github.io/identity/contracts/project.schema.json (at 3:11) | Rejected status code: 404 Not Found

Errors in mantle/.github/workflows/test.yml
[404] https://github.com/bats-core/bats-core/archive/refs/tags/v$%7BBATS_VERSION%7D.tar.gz (at 119:14) | Rejected status code: 404 Not Found | Followed 1 redirect. Redirects: https://github.com/bats-core/bats-core/archive/refs/tags/v$%7BBATS_VERSION%7D.tar.gz --[302]--> https://codeload.github.com/bats-core/bats-core/tar.gz/refs/tags/v%24%7BBATS_VERSION%7D
[404] https://github.com/bats-core/bats-core/archive/refs/tags/v$%7BBATS_VERSION%7D.tar.gz (at 70:14) | Rejected status code: 404 Not Found | Followed 1 redirect. Redirects: https://github.com/bats-core/bats-core/archive/refs/tags/v$%7BBATS_VERSION%7D.tar.gz --[302]--> https://codeload.github.com/bats-core/bats-core/tar.gz/refs/tags/v%24%7BBATS_VERSION%7D
[404] https://github.com/mvdan/sh/releases/download/v$%7BSHFMT_VERSION%7D/shfmt_v$%7BSHFMT_VERSION%7D_linux_amd64 (at 37:14) | Rejected status code: 404 Not Found

Redirects in mantle/.github/workflows/test.yml
https://github.com/bats-core/bats-core/archive/refs/tags/v$%7BBATS_VERSION%7D.tar.gz --[302]--> https://codeload.github.com/bats-core/bats-core/tar.gz/refs/tags/v%24%7BBATS_VERSION%7D
https://github.com/reconquest/shdoc.git --[301]--> https://github.com/reconquest/shdoc


Errors in mindgarden/contracts/publish-profile.schema.json
[ERROR] https://github/ (at 42:20) | Connection failed. Check network connectivity and firewall settings

Redirects in mindgarden/contracts/publish-profile.schema.json
https://github.com/jackyzha0/quartz.git --[301]--> https://github.com/jackyzha0/quartz


Errors in tests/fixtures/repository-intelligence-dashboard/megalinter/summary.json
[404] https://github.com/egohygiene/empathy/actions/runs/102 (at 23:18) | Rejected status code: 404 Not Found
[404] https://github.com/egohygiene/empathy/commit/1111111111111111111111111111111111111111 (at 22:16) | Error (cached)
[404] https://github.com/egohygiene/empathy/security/code-scanning (at 21:18) | Error (cached)
[404] https://github.com/egohygiene/empathy/tree/1111111111111111111111111111111111111111/.reports/megalinter (at 20:16) | Rejected status code: 404 Not Found

Errors in tests/fixtures/repository-intelligence-dashboard/osv/summary.json
[404] https://github.com/egohygiene/empathy/actions/runs/101 (at 27:18) | Rejected status code: 404 Not Found
[404] https://github.com/egohygiene/empathy/commit/1111111111111111111111111111111111111111 (at 26:16) | Rejected status code: 404 Not Found
[404] https://github.com/egohygiene/empathy/security/code-scanning (at 25:18) | Rejected status code: 404 Not Found
[404] https://github.com/egohygiene/empathy/tree/1111111111111111111111111111111111111111/.reports/osv (at 24:16) | Rejected status code: 404 Not Found

Errors in tests/fixtures/repository-intelligence-dashboard/scorecard/summary.json
[404] https://github.com/egohygiene/empathy/actions/runs/103 (at 25:18) | Rejected status code: 404 Not Found
[404] https://github.com/egohygiene/empathy/commit/1111111111111111111111111111111111111111 (at 24:16) | Error (cached)
[404] https://github.com/egohygiene/empathy/security/code-scanning (at 22:16) | Error (cached)
[404] https://github.com/egohygiene/empathy/security/code-scanning (at 23:18) | Error (cached)

📊 Per-host Statistics
---------------------

Host: github.com
  Total requests: 135
  Successful: 124 (91.9%)
  Client errors (4xx): 11
  Median response time: 484ms
  Cache hit rate: 22.2%
  Cache hits: 30, misses: 105

Host: megalinter.io
  Total requests: 75
  Successful: 74 (98.7%)
  Client errors (4xx): 1
  Median response time: 97ms
  Cache hit rate: 5.3%
  Cache hits: 4, misses: 71

Host: json.schemastore.org
  Total requests: 45
  Successful: 45 (100.0%)
  Median response time: 82ms
  Cache hit rate: 77.8%
  Cache hits: 35, misses: 10

Host: json-schema.org
  Total requests: 16
  Successful: 16 (100.0%)
  Median response time: 391ms
  Cache hit rate: 93.8%
  Cache hits: 15, misses: 1

Host: raw.githubusercontent.com
  Total requests: 14
  Successful: 14 (100.0%)
  Median response time: 119ms
  Cache hit rate: 21.4%
  Cache hits: 3, misses: 11

Host: egohygiene.github.io
  Total requests: 12
  Successful: 6 (50.0%)
  Client errors (4xx): 6
  Median response time: 96ms
  Cache hit rate: 33.3%
  Cache hits: 4, misses: 8

Host: www.schemastore.org
  Total requests: 7
  Successful: 7 (100.0%)
  Median response time: 97ms

Host: taskfile.dev
  Total requests: 7
  Successful: 7 (100.0%)
  Median response time: 143ms
  Cache hit rate: 71.4%
  Cache hits: 5, misses: 2

Host: img.shields.io
  Total requests: 5
  Successful: 5 (100.0%)
  Median response time: 104ms

Host: docs.github.com
  Total requests: 4
  Successful: 2 (50.0%)
  Client errors (4xx): 2
  Median response time: 106ms

Host: dart.dev
  Total requests: 3
  Successful: 3 (100.0%)
  Median response time: 9ms

Host: www.checkov.io
  Total requests: 3
  Successful: 3 (100.0%)
  Median response time: 122ms
  Cache hit rate: 33.3%
  Cache hits: 1, misses: 2

Host: developer.mozilla.org
  Total requests: 3
  Successful: 3 (100.0%)
  Median response time: 10ms

Host: docs.ansible.com
  Total requests: 2
  Successful: 2 (100.0%)
  Median response time: 102ms

Host: yamllint.readthedocs.io
  Total requests: 2
  Successful: 2 (100.0%)
  Median response time: 80ms
  Cache hit rate: 50.0%
  Cache hits: 1, misses: 1

Host: ogp.me
  Total requests: 2
  Successful: 2 (100.0%)
  Median response time: 62ms
  Cache hit rate: 50.0%
  Cache hits: 1, misses: 1

Host: info.arxiv.org
  Total requests: 2
  Successful: 2 (100.0%)
  Median response time: 287ms

Host: egohygiene.io
  Total requests: 2
  Successful: 1 (50.0%)
  Client errors (4xx): 1
  Median response time: 173ms
  Cache hit rate: 50.0%
  Cache hits: 1, misses: 1

Host: prettier.io
  Total requests: 2
  Successful: 2 (100.0%)
  Median response time: 69ms
  Cache hit rate: 50.0%
  Cache hits: 1, misses: 1

Host: clang.llvm.org
  Total requests: 2
  Successful: 2 (100.0%)
  Median response time: 204ms
  Cache hit rate: 50.0%
  Cache hits: 1, misses: 1

Host: developer.salesforce.com
  Total requests: 2
  Successful: 1 (50.0%)
  Client errors (4xx): 1
  Median response time: 63ms
  Cache hit rate: 50.0%
  Cache hits: 1, misses: 1

Host: oss.anchore.com
  Total requests: 2
  Successful: 2 (100.0%)
  Median response time: 106ms

Host: eslint.org
  Total requests: 2
  Successful: 2 (100.0%)
  Median response time: 145ms
  Cache hit rate: 50.0%
  Cache hits: 1, misses: 1

Host: docs.rubocop.org
  Total requests: 1
  Successful: 1 (100.0%)
  Median response time: 186ms

Host: protobuf.dev
  Total requests: 1
  Successful: 1 (100.0%)
  Median response time: 219ms

Host: agentskills.io
  Total requests: 1
  Successful: 1 (100.0%)
  Median response time: 170ms

Host: web.dev
  Total requests: 1
  Successful: 1 (100.0%)
  Median response time: 298ms

Host: golangci-lint.run
  Total requests: 1
  Successful: 1 (100.0%)
  Median response time: 137ms

Host: pmd.github.io
  Total requests: 1
  Successful: 1 (100.0%)
  Median response time: 122ms

Host: unpkg.com
  Total requests: 1
  Successful: 1 (100.0%)
  Median response time: 79ms

Host: osv.dev
  Total requests: 1
  Successful: 1 (100.0%)
  Median response time: 180ms

Host: registry.npmjs.org
  Total requests: 1
  Successful: 1 (100.0%)
  Median response time: 46ms

Host: www.designtokens.org
  Total requests: 1
  Successful: 1 (100.0%)
  Median response time: 259ms

Host: www.nongnu.org
  Total requests: 1
  Successful: 1 (100.0%)
  Median response time: 1757ms

Host: stylelint.io
  Total requests: 1
  Successful: 1 (100.0%)
  Median response time: 180ms

Host: raku.org
  Total requests: 1
  Successful: 1 (100.0%)
  Median response time: 1148ms

Host: chris48s.github.io
  Total requests: 1
  Successful: 1 (100.0%)
  Median response time: 151ms

Host: google.github.io
  Total requests: 1
  Successful: 1 (100.0%)
  Median response time: 111ms

Host: htmlhint.com
  Total requests: 1
  Successful: 1 (100.0%)
  Median response time: 168ms

Host: trivy.dev
  Total requests: 1
  Successful: 1 (100.0%)
  Median response time: 171ms

Host: checkstyle.org
  Total requests: 1
  Successful: 1 (100.0%)
  Median response time: 112ms

Host: docs.stoplight.io
  Total requests: 1
  Successful: 1 (100.0%)
  Median response time: 267ms

Host: api.scorecard.dev
  Total requests: 1
  Successful: 0 (0.0%)
  Client errors (4xx): 1
  Median response time: 168ms

Host: realm.github.io
  Total requests: 1
  Successful: 1 (100.0%)
  Median response time: 113ms

Host: ansible.readthedocs.io
  Total requests: 1
  Successful: 1 (100.0%)
  Median response time: 209ms

Host: phpstan.org
  Total requests: 1
  Successful: 1 (100.0%)
  Median response time: 91ms

Host: api.github.com
  Total requests: 1
  Successful: 1 (100.0%)
  Median response time: 292ms

Host: zizmor.sh
  Total requests: 1
  Successful: 1 (100.0%)
  Median response time: 166ms

Host: developer.apple.com
  Total requests: 1
  Successful: 1 (100.0%)
  Median response time: 138ms

Host: latexindentpl.readthedocs.io
  Total requests: 1
  Successful: 1 (100.0%)
  Median response time: 280ms

Host: rubystyle.guide
  Total requests: 1
  Successful: 1 (100.0%)
  Median response time: 151ms

Host: www.rubyschema.org
  Total requests: 1
  Successful: 1 (100.0%)
  Median response time: 152ms

Host: humanstxt.org
  Total requests: 1
  Successful: 1 (100.0%)
  Median response time: 754ms

Host: psalm.dev
  Total requests: 1
  Successful: 1 (100.0%)
  Median response time: 275ms

Host: rubocop.org
  Total requests: 1
  Successful: 1 (100.0%)
  Median response time: 135ms

Host: trufflesecurity.com
  Total requests: 1
  Successful: 1 (100.0%)
  Median response time: 596ms

Host: quartz.jzhao.xyz
  Total requests: 1
  Successful: 1 (100.0%)
  Median response time: 392ms

Host: ls-lint.org
  Total requests: 1
  Successful: 1 (100.0%)
  Median response time: 101ms

Host: github
  Total requests: 0
  Successful: 0 (100.0%)

Host: egohygiene.dev
  Total requests: 0
  Successful: 0 (100.0%)


::endgroup::
::group::[33m⚠️ Linted [SPELL] files with [proselint]: Found 421 non blocking error(s) and 0 non blocking warning(s) - (6.41s)[0m (expand for details)
- Using [proselint v0.16.0] https://megalinter.io/10.0.0/descriptors/spell_proselint
- MegaLinter key: [SPELL_PROSELINT]
- Rules config: [egolint/.config/lint/prose/.proselintrc]
- Number of files analyzed: [236]
- CWD: [/github/workspace]
- Command: [proselint check --config egolint/.config/lint/prose/.proselintrc .audits/egolint/2026-08-11-complementary-toolchain-audit.md .audits/egolint/2026-08-11-integration-audit.md .audits/egolint/2026-08-11-megalinter-v10-policy-audit.md .audits/egolint/202...(truncated)]
--Error detail:
/github/workspace/.audits/egolint/2026-08-11-complementary-toolchain-audit.md:6:18: misc.phrasal_adjectives.ly: No hyphen is necessary in phrasal adjectives with an adverb ending in -ly, unless the -ly adverb is part of a longer phrase.
/github/workspace/.audits/egolint/2026-08-11-complementary-toolchain-audit.md:28:66: typography.symbols.sentence_spacing: More than two spaces after the period; use 1 or 2.
/github/workspace/.audits/egolint/2026-08-11-complementary-toolchain-audit.md:29:69: typography.symbols.sentence_spacing: More than two spaces after the period; use 1 or 2.
/github/workspace/.audits/egolint/2026-08-11-complementary-toolchain-audit.md:31:78: typography.symbols.sentence_spacing: More than two spaces after the period; use 1 or 2.
/github/workspace/.audits/egolint/2026-08-11-complementary-toolchain-audit.md:32:74: typography.symbols.sentence_spacing: More than two spaces after the period; use 1 or 2.
/github/workspace/.audits/egolint/2026-08-11-complementary-toolchain-audit.md:33:70: typography.symbols.sentence_spacing: More than two spaces after the period; use 1 or 2.
/github/workspace/.audits/egolint/2026-08-11-complementary-toolchain-audit.md:34:68: typography.symbols.sentence_spacing: More than two spaces after the period; use 1 or 2.
/github/workspace/.audits/egolint/2026-08-11-complementary-toolchain-audit.md:35:69: typography.symbols.sentence_spacing: More than two spaces after the period; use 1 or 2.
/github/workspace/.audits/egolint/2026-08-11-complementary-toolchain-audit.md:91:4: misc.phrasal_adjectives.ly: No hyphen is necessary in phrasal adjectives with an adverb ending in -ly, unless the -ly adverb is part of a longer phrase.
/github/workspace/.audits/egolint/2026-08-11-integration-audit.md:128:21: misc.phrasal_adjectives.ly: No hyphen is necessary in phrasal adjectives with an adverb ending in -ly, unless the -ly adverb is part of a longer phrase.
/github/workspace/.audits/egolint/2026-08-11-megalinter-v10-policy-audit.md:64:17: misc.phrasal_adjectives.ly: No hyphen is necessary in phrasal adjectives with an adverb ending in -ly, unless the -ly adverb is part of a longer phrase.
/github/workspace/.audits/egolint/2026-08-11-megalinter-v10-policy-audit.md:98:13: dates_times.dates.decade_apostrophes: Apostrophes aren't needed for decades.
/github/workspace/.audits/egolint/2026-08-11-reporting-and-dependency-audit.md:70:8: misc.phrasal_adjectives.ly: No hyphen is necessary in phrasal adjectives with an adverb ending in -ly, unless the -ly adverb is part of a longer phrase.
/github/workspace/.garden/dashboard.md:6:9: lexical_illusions: There's a lexical illusion in 'reviewed
reviewed' - a phrase is repeated.
/github/workspace/.garden/dashboard.md:46:44: misc.phrasal_adjectives.ly: No hyphen is necessary in phrasal adjectives with an adverb ending in -ly, unless the -ly adverb is part of a longer phrase.
/github/workspace/.garden/home.md:6:9: lexical_illusions: There's a lexical illusion in 'reviewed
reviewed' - a phrase is repeated.
/github/workspace/.garden/projects/README.md:6:9: lexical_illusions: There's a lexical illusion in 'reviewed
reviewed' - a phrase is repeated.
/github/workspace/.garden/projects/repository-intelligence-dashboard.md:6:9: lexical_illusions: There's a lexical illusion in 'reviewed
reviewed' - a phrase is repeated.
/github/workspace/.garden/projects/repository-intelligence-dashboard.md:59:142: typography.symbols.sentence_spacing: More than two spaces after the period; use 1 or 2.
/github/workspace/.garden/projects/repository-intelligence-dashboard.md:60:141: typography.symbols.sentence_spacing: More than two spaces after the period; use 1 or 2.
/github/workspace/.garden/projects/repository-intelligence-dashboard.md:61:3: misc.phrasal_adjectives.ly: No hyphen is necessary in phrasal adjectives with an adverb ending in -ly, unless the -ly adverb is part of a longer phrase.
/github/workspace/.garden/projects/repository-intelligence-dashboard.md:61:129: typography.symbols.sentence_spacing: More than two spaces after the period; use 1 or 2.
/github/workspace/.garden/projects/repository-intelligence-dashboard.md:78:3: typography.symbols.curly_quotes: Use curly quotes “”, not straight quotes "".
/github/workspace/.garden/projects/repository-intelligence-dashboard.md:79:3: typography.symbols.curly_quotes: Use curly quotes “”, not straight quotes "".
/github/workspace/.garden/projects/repository-intelligence-dashboard.md:80:3: typography.symbols.curly_quotes: Use curly quotes “”, not straight quotes "".
/github/workspace/.garden/projects/repository-intelligence-dashboard.md:80:15: typography.symbols.curly_quotes: Use curly quotes “”, not straight quotes "".
/github/workspace/.garden/projects/repository-intelligence-dashboard.md:81:3: typography.symbols.curly_quotes: Use curly quotes “”, not straight quotes "".
/github/workspace/.garden/projects/repository-intelligence-dashboard.md:82:3: typography.symbols.curly_quotes: Use curly quotes “”, not straight quotes "".
/github/workspace/.garden/projects/repository-intelligence-dashboard.md:83:3: typography.symbols.curly_quotes: Use curly quotes “”, not straight quotes "".
/github/workspace/.garden/projects/repository-intelligence-dashboard.md:84:3: typography.symbols.curly_quotes: Use curly quotes “”, not straight quotes "".
/github/workspace/.garden/projects/repository-intelligence-dashboard.md:85:5: typography.symbols.curly_quotes: Use curly quotes “”, not straight quotes "".
/github/workspace/.garden/projects/repository-intelligence-dashboard.md:86:5: typography.symbols.curly_quotes: Use curly quotes “”, not straight quotes "".
/github/workspace/.garden/projects/repository-intelligence-dashboard.md:88:3: typography.symbols.curly_quotes: Use curly quotes “”, not straight quotes "".
/github/workspace/.garden/projects/repository-intelligence-dashboard.md:89:5: typography.symbols.curly_quotes: Use curly quotes “”, not straight quotes "".
/github/workspace/.garden/projects/repository-intelligence-dashboard.md:89:14: typography.symbols.curly_quotes: Use curly quotes “”, not straight quotes "".
/github/workspace/.garden/projects/repository-intelligence-dashboard.md:90:5: typography.symbols.curly_quotes: Use curly quotes “”, not straight quotes "".
/github/workspace/.garden/projects/repository-intelligence-dashboard.md:92:3: typography.symbols.curly_quotes: Use curly quotes “”, not straight quotes "".
/github/workspace/.garden/projects/repository-intelligence-dashboard.md:93:5: typography.symbols.curly_quotes: Use curly quotes “”, not straight quotes "".
/github/workspace/.garden/projects/repository-intelligence-dashboard.md:93:14: typography.symbols.curly_quotes: Use curly quotes “”, not straight quotes "".
/github/workspace/.garden/projects/repository-intelligence-dashboard.md:94:5: typography.symbols.curly_quotes: Use curly quotes “”, not straight quotes "".
/github/workspace/.garden/projects/repository-intelligence-dashboard.md:95:5: typography.symbols.curly_quotes: Use curly quotes “”, not straight quotes "".
/github/workspace/.garden/projects/repository-intelligence-dashboard.md:96:5: typography.symbols.curly_quotes: Use curly quotes “”, not straight quotes "".
/github/workspace/.garden/projects/repository-intelligence-dashboard.md:97:5: typography.symbols.curly_quotes: Use curly quotes “”, not straight quotes "".
/github/workspace/.garden/projects/repository-intelligence-dashboard.md:97:22: typography.symbols.curly_quotes: Use curly quotes “”, not straight quotes "".
/github/workspace/.garden/projects/repository-intelligence-dashboard.md:99:3: typography.symbols.curly_quotes: Use curly quotes “”, not straight quotes "".
/github/workspace/.garden/projects/repository-intelligence-dashboard.md:100:5: typography.symbols.curly_quotes: Use curly quotes “”, not straight quotes "".
/github/workspace/.garden/projects/repository-intelligence-dashboard.md:100:14: typography.symbols.curly_quotes: Use curly quotes “”, not straight quotes "".
/github/workspace/.garden/projects/repository-intelligence-dashboard.md:101:5: typography.symbols.curly_quotes: Use curly quotes “”, not straight quotes "".
/github/workspace/.garden/projects/repository-intelligence-dashboard.md:101:17: typography.symbols.curly_quotes: Use curly quotes “”, not straight quotes "".
/github/workspace/.garden/projects/repository-intelligence-dashboard.md:102:5: typography.symbols.curly_quotes: Use curly quotes “”, not straight quotes "".
/github/workspace/.garden/projects/repository-intelligence-dashboard.md:102:15: typography.symbols.curly_quotes: Use curly quotes “”, not straight quotes "".
/github/workspace/.garden/projects/repository-intelligence-dashboard.md:103:5: typography.symbols.curly_quotes: Use curly quotes “”, not straight quotes "".
/github/workspace/.garden/projects/repository-intelligence-dashboard.md:105:3: typography.symbols.curly_quotes: Use curly quotes “”, not straight quotes "".
/github/workspace/.garden/projects/repository-intelligence-dashboard.md:106:5: typography.symbols.curly_quotes: Use curly quotes “”, not straight quotes "".
/github/workspace/.garden/projects/repository-intelligence-dashboard.md:107:5: typography.symbols.curly_quotes: Use curly quotes “”, not straight quotes "".
/github/workspace/.garden/projects/repository-intelligence-dashboard.md:108:5: typography.symbols.curly_quotes: Use curly quotes “”, not straight quotes "".
/github/workspace/.garden/projects/repository-intelligence-dashboard.md:109:5: typography.symbols.curly_quotes: Use curly quotes “”, not straight quotes "".
/github/workspace/.garden/projects/repository-intelligence-dashboard.md:111:3: typography.symbols.curly_quotes: Use curly quotes “”, not straight quotes "".
/github/workspace/.github/actions/generate-repository-intelligence/README.md:38:19: typography.symbols.curly_quotes: Use curly quotes “”, not straight quotes "".
/github/workspace/.github/actions/generate-repository-intelligence/README.md:39:21: typography.symbols.curly_quotes: Use curly quotes “”, not straight quotes "".
/github/workspace/.github/actions/generate-repository-intelligence/README.md:40:27: typography.symbols.curly_quotes: Use curly quotes “”, not straight quotes "".
/github/workspace/.github/actions/normalize-repository-report/README.md:30:138: typography.symbols.sentence_spacing: More than two spaces after the period; use 1 or 2.
/github/workspace/.github/actions/normalize-repository-report/README.md:31:142: typography.symbols.sentence_spacing: More than two spaces after the period; use 1 or 2.
/github/workspace/.github/security/dependabot-dismissals.md:12:29: dates_times.am_pm.lowercase_periods: It's standard to use periods for lowercase 'a.m.' or 'p.m.'.
/github/workspace/.github/security/dependabot-dismissals.md:12:29: dates_times.am_pm.spacing: It's standard to put a space before 'a.m.' or 'p.m.'.
/github/workspace/ARCHITECTURE.md:105:10: typography.symbols.curly_quotes: Use curly quotes “”, not straight quotes "".
/github/workspace/ARCHITECTURE.md:105:46: typography.symbols.curly_quotes: Use curly quotes “”, not straight quotes "".
/github/workspace/ARCHITECTURE.md:106:26: typography.symbols.curly_quotes: Use curly quotes “”, not straight quotes "".
/github/workspace/ARCHITECTURE.md:107:29: typography.symbols.curly_quotes: Use curly quotes “”, not straight quotes "".
/github/workspace/ARCHITECTURE.md:108:30: typography.symbols.curly_quotes: Use curly quotes “”, not straight quotes "".
/github/workspace/ARCHITECTURE.md:109:32: typography.symbols.curly_quotes: Use curly quotes “”, not straight quotes "".
/github/workspace/ARCHITECTURE.md:121:29: typography.symbols.ellipsis: '...' is an approximation, use the ellipsis symbol '…'.
/github/workspace/DECISIONS.md:313:87: misc.phrasal_adjectives.ly: No hyphen is necessary in phrasal adjectives with an adverb ending in -ly, unless the -ly adverb is part of a longer phrase.
/github/workspace/DESIGN.md:128:1: misc.preferred_forms: 'sans serif' is the preferred form.
/github/workspace/DESIGN_SYSTEM.md:68:38: misc.preferred_forms: 'sans serif' is the preferred form.
/github/workspace/EPISTEMOLOGY.md:109:22: lexical_illusions: There's a lexical illusion in 'Knowledge

Knowledge' - a phrase is repeated.
/github/workspace/LICENSES/BSD-3-Clause.txt:3:11: typography.symbols.copyright: (c) is a goofy alphabetic approximation, use the symbol ©.
/github/workspace/LICENSES/BSD-3-Clause.txt:20:69: typography.symbols.curly_quotes: Use curly quotes “”, not straight quotes "".
/github/workspace/LICENSES/MIT.txt:3:11: typography.symbols.copyright: (c) is a goofy alphabetic approximation, use the symbol ©.
/github/workspace/LICENSES/MIT.txt:6:58: typography.symbols.curly_quotes: Use curly quotes “”, not straight quotes "".
/github/workspace/LICENSES/MIT.txt:15:26: typography.symbols.curly_quotes: Use curly quotes “”, not straight quotes "".
/github/workspace/MANIFESTO.md:34:9: lexical_illusions: There's a lexical illusion in 'We Believe

We believe' - a phrase is repeated.
/github/workspace/MANIFESTO.md:49:9: lexical_illusions: There's a lexical illusion in 'We Commit To

We commit to' - a phrase is repeated.
/github/workspace/MANIFESTO.md:64:9: lexical_illusions: There's a lexical illusion in 'We Refuse to Normalize

We refuse to normalize' - a phrase is repeated.
/github/workspace/META.md:114:19: lexical_illusions: There's a lexical illusion in 'system
  system' - a phrase is repeated.
/github/workspace/METHODOLOGY.md:76:5: lexical_illusions: There's a lexical illusion in 'Review

Review' - a phrase is repeated.
/github/workspace/PERSONAL_MODEL.md:106:4: lexical_illusions: There's a lexical illusion in 'Consent

Consent' - a phrase is repeated.
/github/workspace/PILLARS.md:68:38: lexical_illusions: There's a lexical illusion in 'Automation

Automation' - a phrase is repeated.
/github/workspace/README.md:19:40: misc.phrasal_adjectives.ly: No hyphen is necessary in phrasal adjectives with an adverb ending in -ly, unless the -ly adverb is part of a longer phrase.
/github/workspace/SYSTEM.md:58:17: misc.phrasal_adjectives.ly: No hyphen is necessary in phrasal adjectives with an adverb ending in -ly, unless the -ly adverb is part of a longer phrase.
/github/workspace/SYSTEM.md:174:71: misc.phrasal_adjectives.ly: No hyphen is necessary in phrasal adjectives with an adverb ending in -ly, unless the -ly adverb is part of a longer phrase.
/github/workspace/beacon/ARCHITECTURE.md:55:8: lexical_illusions: There's a lexical illusion in 'v             v' - a phrase is repeated.
/github/workspace/beacon/CLI.md:12:36: typography.symbols.curly_quotes: Use curly quotes “”, not straight quotes "".
/github/workspace/beacon/CLI.md:13:36: typography.symbols.curly_quotes: Use curly quotes “”, not straight quotes "".
/github/workspace/beacon/CLI.md:14:36: typography.symbols.curly_quotes: Use curly quotes “”, not straight quotes "".
/github/workspace/beacon/CLI.md:15:36: typography.symbols.curly_quotes: Use curly quotes “”, not straight quotes "".
/github/workspace/beacon/CLI.md:16:36: typography.symbols.curly_quotes: Use curly quotes “”, not straight quotes "".
/github/workspace/beacon/CLI.md:17:11: typography.symbols.curly_quotes: Use curly quotes “”, not straight quotes "".
/github/workspace/beacon/CLI.md:18:12: typography.symbols.curly_quotes: Use curly quotes “”, not straight quotes "".
/github/workspace/beacon/CLI.md:51:12: typography.symbols.curly_quotes: Use curly quotes “”, not straight quotes "".
/github/workspace/beacon/templates/research-paper/example/paper.md:2:8: typography.symbols.curly_quotes: Use curly quotes “”, not straight quotes "".
/github/workspace/beacon/templates/research-paper/example/paper.md:3:9: typography.symbols.curly_quotes: Use curly quotes “”, not straight quotes "".
/github/workspace/egolint/.agents/agents/architect/AGENT.md:3:7: typography.symbols.curly_quotes: Use curly quotes “”, not straight quotes "".
/github/workspace/egolint/.agents/agents/architect/AGENT.md:12:18: typography.symbols.curly_quotes: Use curly quotes “”, not straight quotes "".
/github/workspace/egolint/.agents/agents/architect/AGENT.md:13:17: typography.symbols.curly_quotes: Use curly quotes “”, not straight quotes "".
/github/workspace/egolint/.agents/agents/architect/AGENT.md:14:18: typography.symbols.curly_quotes: Use curly quotes “”, not straight quotes "".
/github/workspace/egolint/.agents/agents/architect/AGENT.md:15:18: typography.symbols.curly_quotes: Use curly quotes “”, not straight quotes "".
/github/workspace/egolint/.agents/agents/arxiv-publisher/AGENT.md:3:7: typography.symbols.curly_quotes: Use curly quotes “”, not straight quotes "".
/github/workspace/egolint/.agents/agents/arxiv-publisher/AGENT.md:13:18: typography.symbols.curly_quotes: Use curly quotes “”, not straight quotes "".
/github/workspace/egolint/.agents/agents/arxiv-publisher/AGENT.md:14:17: typography.symbols.curly_quotes: Use curly quotes “”, not straight quotes "".
/github/workspace/egolint/.agents/agents/arxiv-publisher/AGENT.md:15:18: typography.symbols.curly_quotes: Use curly quotes “”, not straight quotes "".
/github/workspace/egolint/.agents/agents/arxiv-publisher/AGENT.md:16:18: typography.symbols.curly_quotes: Use curly quotes “”, not straight quotes "".
/github/workspace/egolint/.agents/agents/auditor/AGENT.md:3:7: typography.symbols.curly_quotes: Use curly quotes “”, not straight quotes "".
/github/workspace/egolint/.agents/agents/auditor/AGENT.md:10:18: typography.symbols.curly_quotes: Use curly quotes “”, not straight quotes "".
/github/workspace/egolint/.agents/agents/auditor/AGENT.md:11:17: typography.symbols.curly_quotes: Use curly quotes “”, not straight quotes "".
/github/workspace/egolint/.agents/agents/auditor/AGENT.md:12:18: typography.symbols.curly_quotes: Use curly quotes “”, not straight quotes "".
/github/workspace/egolint/.agents/agents/auditor/AGENT.md:13:18: typography.symbols.curly_quotes: Use curly quotes “”, not straight quotes "".
/github/workspace/egolint/.agents/agents/bug-fix-teammate/AGENT.md:3:7: typography.symbols.curly_quotes: Use curly quotes “”, not straight quotes "".
/github/workspace/egolint/.agents/agents/bug-fix-teammate/AGENT.md:12:18: typography.symbols.curly_quotes: Use curly quotes “”, not straight quotes "".
/github/workspace/egolint/.agents/agents/bug-fix-teammate/AGENT.md:13:17: typography.symbols.curly_quotes: Use curly quotes “”, not straight quotes "".
/github/workspace/egolint/.agents/agents/bug-fix-teammate/AGENT.md:14:18: typography.symbols.curly_quotes: Use curly quotes “”, not straight quotes "".
/github/workspace/egolint/.agents/agents/bug-fix-teammate/AGENT.md:15:18: typography.symbols.curly_quotes: Use curly quotes “”, not straight quotes "".
/github/workspace/egolint/.agents/agents/cleanup-specialist/AGENT.md:3:7: typography.symbols.curly_quotes: Use curly quotes “”, not straight quotes "".
/github/workspace/egolint/.agents/agents/cleanup-specialist/AGENT.md:12:18: typography.symbols.curly_quotes: Use curly quotes “”, not straight quotes "".
/github/workspace/egolint/.agents/agents/cleanup-specialist/AGENT.md:13:17: typography.symbols.curly_quotes: Use curly quotes “”, not straight quotes "".
/github/workspace/egolint/.agents/agents/cleanup-specialist/AGENT.md:14:18: typography.symbols.curly_quotes: Use curly quotes “”, not straight quotes "".
/github/workspace/egolint/.agents/agents/cleanup-specialist/AGENT.md:15:18: typography.symbols.curly_quotes: Use curly quotes “”, not straight quotes "".
/github/workspace/egolint/.agents/agents/github-issue-creator/AGENT.md:3:7: typography.symbols.curly_quotes: Use curly quotes “”, not straight quotes "".
/github/workspace/egolint/.agents/agents/github-issue-creator/AGENT.md:11:18: typography.symbols.curly_quotes: Use curly quotes “”, not straight quotes "".
/github/workspace/egolint/.agents/agents/github-issue-creator/AGENT.md:12:17: typography.symbols.curly_quotes: Use curly quotes “”, not straight quotes "".
/github/workspace/egolint/.agents/agents/github-issue-creator/AGENT.md:13:18: typography.symbols.curly_quotes: Use curly quotes “”, not straight quotes "".
/github/workspace/egolint/.agents/agents/github-issue-creator/AGENT.md:14:18: typography.symbols.curly_quotes: Use curly quotes “”, not straight quotes "".
/github/workspace/egolint/.agents/agents/implementation-planner/AGENT.md:3:7: typography.symbols.curly_quotes: Use curly quotes “”, not straight quotes "".
/github/workspace/egolint/.agents/agents/implementation-planner/AGENT.md:12:18: typography.symbols.curly_quotes: Use curly quotes “”, not straight quotes "".
/github/workspace/egolint/.agents/agents/implementation-planner/AGENT.md:13:17: typography.symbols.curly_quotes: Use curly quotes “”, not straight quotes "".
/github/workspace/egolint/.agents/agents/implementation-planner/AGENT.md:14:18: typography.symbols.curly_quotes: Use curly quotes “”, not straight quotes "".
/github/workspace/egolint/.agents/agents/implementation-planner/AGENT.md:15:18: typography.symbols.curly_quotes: Use curly quotes “”, not straight quotes "".
/github/workspace/egolint/.agents/agents/implementation-planner/AGENT.md:47:14: needless_variants: Needless variant. 'oversize' is the preferred form.
/github/workspace/egolint/.agents/agents/specfile-creator/AGENT.md:3:7: typography.symbols.curly_quotes: Use curly quotes “”, not straight quotes "".
/github/workspace/egolint/.agents/agents/specfile-creator/AGENT.md:12:18: typography.symbols.curly_quotes: Use curly quotes “”, not straight quotes "".
/github/workspace/egolint/.agents/agents/specfile-creator/AGENT.md:13:17: typography.symbols.curly_quotes: Use curly quotes “”, not straight quotes "".
/github/workspace/egolint/.agents/agents/specfile-creator/AGENT.md:14:18: typography.symbols.curly_quotes: Use curly quotes “”, not straight quotes "".
/github/workspace/egolint/.agents/agents/specfile-creator/AGENT.md:15:18: typography.symbols.curly_quotes: Use curly quotes “”, not straight quotes "".
/github/workspace/egolint/.agents/agents/test-specialist/AGENT.md:3:7: typography.symbols.curly_quotes: Use curly quotes “”, not straight quotes "".
/github/workspace/egolint/.agents/agents/test-specialist/AGENT.md:12:18: typography.symbols.curly_quotes: Use curly quotes “”, not straight quotes "".
/github/workspace/egolint/.agents/agents/test-specialist/AGENT.md:13:17: typography.symbols.curly_quotes: Use curly quotes “”, not straight quotes "".
/github/workspace/egolint/.agents/agents/test-specialist/AGENT.md:14:18: typography.symbols.curly_quotes: Use curly quotes “”, not straight quotes "".
/github/workspace/egolint/.agents/agents/test-specialist/AGENT.md:15:18: typography.symbols.curly_quotes: Use curly quotes “”, not straight quotes "".
/github/workspace/egolint/.agents/skills/SKILL-CONTRACT.md:60:88: typography.symbols.sentence_spacing: More than two spaces after the period; use 1 or 2.
/github/workspace/egolint/.agents/skills/SKILL-CONTRACT.md:101:18: typography.symbols.curly_quotes: Use curly quotes “”, not straight quotes "".
/github/workspace/egolint/.agents/skills/SKILL-CONTRACT.md:103:17: typography.symbols.curly_quotes: Use curly quotes “”, not straight quotes "".
/github/workspace/egolint/.agents/skills/SKILL-CONTRACT.md:104:18: typography.symbols.curly_quotes: Use curly quotes “”, not straight quotes "".
/github/workspace/egolint/.agents/skills/SKILL-CONTRACT.md:105:18: typography.symbols.curly_quotes: Use curly quotes “”, not straight quotes "".
/github/workspace/egolint/.agents/skills/architecture/architecture-authoring/SKILL.md:7:18: typography.symbols.curly_quotes: Use curly quotes “”, not straight quotes "".
/github/workspace/egolint/.agents/skills/architecture/architecture-authoring/SKILL.md:9:17: typography.symbols.curly_quotes: Use curly quotes “”, not straight quotes "".
/github/workspace/egolint/.agents/skills/architecture/architecture-authoring/SKILL.md:10:18: typography.symbols.curly_quotes: Use curly quotes “”, not straight quotes "".
/github/workspace/egolint/.agents/skills/architecture/architecture-authoring/SKILL.md:11:18: typography.symbols.curly_quotes: Use curly quotes “”, not straight quotes "".
/github/workspace/egolint/.agents/skills/architecture/architecture-authoring/SKILL.md:27:4: lexical_illusions: There's a lexical illusion in 'Use This Skill When

Use this skill when' - a phrase is repeated.
/github/workspace/egolint/.agents/skills/architecture/create-ai-constitution-document/SKILL.md:7:18: typography.symbols.curly_quotes: Use curly quotes “”, not straight quotes "".
/github/workspace/egolint/.agents/skills/architecture/create-ai-constitution-document/SKILL.md:9:17: typography.symbols.curly_quotes: Use curly quotes “”, not straight quotes "".
/github/workspace/egolint/.agents/skills/architecture/create-ai-constitution-document/SKILL.md:10:18: typography.symbols.curly_quotes: Use curly quotes “”, not straight quotes "".
/github/workspace/egolint/.agents/skills/architecture/create-ai-constitution-document/SKILL.md:11:18: typography.symbols.curly_quotes: Use curly quotes “”, not straight quotes "".
/github/workspace/egolint/.agents/skills/architecture/create-architecture-document/SKILL.md:7:18: typography.symbols.curly_quotes: Use curly quotes “”, not straight quotes "".
/github/workspace/egolint/.agents/skills/architecture/create-architecture-document/SKILL.md:9:17: typography.symbols.curly_quotes: Use curly quotes “”, not straight quotes "".
/github/workspace/egolint/.agents/skills/architecture/create-architecture-document/SKILL.md:10:18: typography.symbols.curly_quotes: Use curly quotes “”, not straight quotes "".
/github/workspace/egolint/.agents/skills/architecture/create-architecture-document/SKILL.md:11:18: typography.symbols.curly_quotes: Use curly quotes “”, not straight quotes "".
/github/workspace/egolint/.agents/skills/architecture/create-decisions-document/SKILL.md:7:18: typography.symbols.curly_quotes: Use curly quotes “”, not straight quotes "".
/github/workspace/egolint/.agents/skills/architecture/create-decisions-document/SKILL.md:9:17: typography.symbols.curly_quotes: Use curly quotes “”, not straight quotes "".
/github/workspace/egolint/.agents/skills/architecture/create-decisions-document/SKILL.md:10:18: typography.symbols.curly_quotes: Use curly quotes “”, not straight quotes "".
/github/workspace/egolint/.agents/skills/architecture/create-decisions-document/SKILL.md:11:18: typography.symbols.curly_quotes: Use curly quotes “”, not straight quotes "".
/github/workspace/egolint/.agents/skills/architecture/create-decisions-document/references/decision-record-guide.md:63:17: lexical_illusions: There's a lexical illusion in 'superseded
        superseded' - a phrase is repeated.
/github/workspace/egolint/.agents/skills/architecture/create-decisions-document/templates/ADR.template.md:6:9: lexical_illusions: There's a lexical illusion in 'accepted
accepted' - a phrase is repeated.
/github/workspace/egolint/.agents/skills/architecture/create-design-document/SKILL.md:7:18: typography.symbols.curly_quotes: Use curly quotes “”, not straight quotes "".
/github/workspace/egolint/.agents/skills/architecture/create-design-document/SKILL.md:9:17: typography.symbols.curly_quotes: Use curly quotes “”, not straight quotes "".
/github/workspace/egolint/.agents/skills/architecture/create-design-document/SKILL.md:10:18: typography.symbols.curly_quotes: Use curly quotes “”, not straight quotes "".
/github/workspace/egolint/.agents/skills/architecture/create-design-document/SKILL.md:11:18: typography.symbols.curly_quotes: Use curly quotes “”, not straight quotes "".
/github/workspace/egolint/.agents/skills/architecture/create-design-system-document/SKILL.md:7:18: typography.symbols.curly_quotes: Use curly quotes “”, not straight quotes "".
/github/workspace/egolint/.agents/skills/architecture/create-design-system-document/SKILL.md:9:17: typography.symbols.curly_quotes: Use curly quotes “”, not straight quotes "".
/github/workspace/egolint/.agents/skills/architecture/create-design-system-document/SKILL.md:10:18: typography.symbols.curly_quotes: Use curly quotes “”, not straight quotes "".
/github/workspace/egolint/.agents/skills/architecture/create-design-system-document/SKILL.md:11:18: typography.symbols.curly_quotes: Use curly quotes “”, not straight quotes "".
/github/workspace/egolint/.agents/skills/architecture/create-epistemology-document/SKILL.md:7:18: typography.symbols.curly_quotes: Use curly quotes “”, not straight quotes "".
/github/workspace/egolint/.agents/skills/architecture/create-epistemology-document/SKILL.md:9:17: typography.symbols.curly_quotes: Use curly quotes “”, not straight quotes "".
/github/workspace/egolint/.agents/skills/architecture/create-epistemology-document/SKILL.md:10:18: typography.symbols.curly_quotes: Use curly quotes “”, not straight quotes "".
/github/workspace/egolint/.agents/skills/architecture/create-epistemology-document/SKILL.md:11:18: typography.symbols.curly_quotes: Use curly quotes “”, not straight quotes "".
/github/workspace/egolint/.agents/skills/architecture/create-foundations-document/SKILL.md:7:18: typography.symbols.curly_quotes: Use curly quotes “”, not straight quotes "".
/github/workspace/egolint/.agents/skills/architecture/create-foundations-document/SKILL.md:9:17: typography.symbols.curly_quotes: Use curly quotes “”, not straight quotes "".
/github/workspace/egolint/.agents/skills/architecture/create-foundations-document/SKILL.md:10:18: typography.symbols.curly_quotes: Use curly quotes “”, not straight quotes "".
/github/workspace/egolint/.agents/skills/architecture/create-foundations-document/SKILL.md:11:18: typography.symbols.curly_quotes: Use curly quotes “”, not straight quotes "".
/github/workspace/egolint/.agents/skills/architecture/create-foundations-document/references/authoring-guide.md:21:40: redundancy.misc.after_the_deadline: Redundancy. Use 'evolve' instead of 'evolve over time'.
/github/workspace/egolint/.agents/skills/architecture/create-manifesto-document/SKILL.md:7:18: typography.symbols.curly_quotes: Use curly quotes “”, not straight quotes "".
/github/workspace/egolint/.agents/skills/architecture/create-manifesto-document/SKILL.md:9:17: typography.symbols.curly_quotes: Use curly quotes “”, not straight quotes "".
/github/workspace/egolint/.agents/skills/architecture/create-manifesto-document/SKILL.md:10:18: typography.symbols.curly_quotes: Use curly quotes “”, not straight quotes "".
/github/workspace/egolint/.agents/skills/architecture/create-manifesto-document/SKILL.md:11:18: typography.symbols.curly_quotes: Use curly quotes “”, not straight quotes "".
/github/workspace/egolint/.agents/skills/architecture/create-meta-architecture-document/SKILL.md:7:18: typography.symbols.curly_quotes: Use curly quotes “”, not straight quotes "".
/github/workspace/egolint/.agents/skills/architecture/create-meta-architecture-document/SKILL.md:9:17: typography.symbols.curly_quotes: Use curly quotes “”, not straight quotes "".
/github/workspace/egolint/.agents/skills/architecture/create-meta-architecture-document/SKILL.md:10:18: typography.symbols.curly_quotes: Use curly quotes “”, not straight quotes "".
/github/workspace/egolint/.agents/skills/architecture/create-meta-architecture-document/SKILL.md:11:18: typography.symbols.curly_quotes: Use curly quotes “”, not straight quotes "".
/github/workspace/egolint/.agents/skills/architecture/create-methodology-document/SKILL.md:7:18: typography.symbols.curly_quotes: Use curly quotes “”, not straight quotes "".
/github/workspace/egolint/.agents/skills/architecture/create-methodology-document/SKILL.md:9:17: typography.symbols.curly_quotes: Use curly quotes “”, not straight quotes "".
/github/workspace/egolint/.agents/skills/architecture/create-methodology-document/SKILL.md:10:18: typography.symbols.curly_quotes: Use curly quotes “”, not straight quotes "".
/github/workspace/egolint/.agents/skills/architecture/create-methodology-document/SKILL.md:11:18: typography.symbols.curly_quotes: Use curly quotes “”, not straight quotes "".
/github/workspace/egolint/.agents/skills/architecture/create-ontology-document/SKILL.md:7:18: typography.symbols.curly_quotes: Use curly quotes “”, not straight quotes "".
/github/workspace/egolint/.agents/skills/architecture/create-ontology-document/SKILL.md:9:17: typography.symbols.curly_quotes: Use curly quotes “”, not straight quotes "".
/github/workspace/egolint/.agents/skills/architecture/create-ontology-document/SKILL.md:10:18: typography.symbols.curly_quotes: Use curly quotes “”, not straight quotes "".
/github/workspace/egolint/.agents/skills/architecture/create-ontology-document/SKILL.md:11:18: typography.symbols.curly_quotes: Use curly quotes “”, not straight quotes "".
/github/workspace/egolint/.agents/skills/architecture/create-ontology-document/references/concept-modeling-guide.md:11:10: lexical_illusions: There's a lexical illusion in 'gardens
    gardens' - a phrase is repeated.
/github/workspace/egolint/.agents/skills/architecture/create-personal-model-document/SKILL.md:7:18: typography.symbols.curly_quotes: Use curly quotes “”, not straight quotes "".
/github/workspace/egolint/.agents/skills/architecture/create-personal-model-document/SKILL.md:9:17: typography.symbols.curly_quotes: Use curly quotes “”, not straight quotes "".
/github/workspace/egolint/.agents/skills/architecture/create-personal-model-document/SKILL.md:10:18: typography.symbols.curly_quotes: Use curly quotes “”, not straight quotes "".
/github/workspace/egolint/.agents/skills/architecture/create-personal-model-document/SKILL.md:11:18: typography.symbols.curly_quotes: Use curly quotes “”, not straight quotes "".
/github/workspace/egolint/.agents/skills/architecture/create-pillars-document/SKILL.md:7:18: typography.symbols.curly_quotes: Use curly quotes “”, not straight quotes "".
/github/workspace/egolint/.agents/skills/architecture/create-pillars-document/SKILL.md:9:17: typography.symbols.curly_quotes: Use curly quotes “”, not straight quotes "".
/github/workspace/egolint/.agents/skills/architecture/create-pillars-document/SKILL.md:10:18: typography.symbols.curly_quotes: Use curly quotes “”, not straight quotes "".
/github/workspace/egolint/.agents/skills/architecture/create-pillars-document/SKILL.md:11:18: typography.symbols.curly_quotes: Use curly quotes “”, not straight quotes "".
/github/workspace/egolint/.agents/skills/architecture/create-principles-document/SKILL.md:7:18: typography.symbols.curly_quotes: Use curly quotes “”, not straight quotes "".
/github/workspace/egolint/.agents/skills/architecture/create-principles-document/SKILL.md:9:17: typography.symbols.curly_quotes: Use curly quotes “”, not straight quotes "".
/github/workspace/egolint/.agents/skills/architecture/create-principles-document/SKILL.md:10:18: typography.symbols.curly_quotes: Use curly quotes “”, not straight quotes "".
/github/workspace/egolint/.agents/skills/architecture/create-principles-document/SKILL.md:11:18: typography.symbols.curly_quotes: Use curly quotes “”, not straight quotes "".
/github/workspace/egolint/.agents/skills/architecture/create-purpose-document/SKILL.md:7:18: typography.symbols.curly_quotes: Use curly quotes “”, not straight quotes "".
/github/workspace/egolint/.agents/skills/architecture/create-purpose-document/SKILL.md:9:17: typography.symbols.curly_quotes: Use curly quotes “”, not straight quotes "".
/github/workspace/egolint/.agents/skills/architecture/create-purpose-document/SKILL.md:10:18: typography.symbols.curly_quotes: Use curly quotes “”, not straight quotes "".
/github/workspace/egolint/.agents/skills/architecture/create-purpose-document/SKILL.md:11:18: typography.symbols.curly_quotes: Use curly quotes “”, not straight quotes "".
/github/workspace/egolint/.agents/skills/architecture/create-roadmap-document/SKILL.md:7:18: typography.symbols.curly_quotes: Use curly quotes “”, not straight quotes "".
/github/workspace/egolint/.agents/skills/architecture/create-roadmap-document/SKILL.md:9:17: typography.symbols.curly_quotes: Use curly quotes “”, not straight quotes "".
/github/workspace/egolint/.agents/skills/architecture/create-roadmap-document/SKILL.md:10:18: typography.symbols.curly_quotes: Use curly quotes “”, not straight quotes "".
/github/workspace/egolint/.agents/skills/architecture/create-roadmap-document/SKILL.md:11:18: typography.symbols.curly_quotes: Use curly quotes “”, not straight quotes "".
/github/workspace/egolint/.agents/skills/architecture/create-roadmap-document/SKILL.md:25:27: redundancy.misc.after_the_deadline: Redundancy. Use 'evolve' instead of 'evolve over time'.
/github/workspace/egolint/.agents/skills/architecture/create-roadmap-document/references/authoring-guide.md:5:29: redundancy.misc.after_the_deadline: Redundancy. Use 'evolve' instead of 'evolve over time'.
/github/workspace/egolint/.agents/skills/architecture/create-roadmap-document/references/validation-checklist.md:12:31: redundancy.misc.after_the_deadline: Redundancy. Use 'evolve' instead of 'evolve over time'.
/github/workspace/egolint/.agents/skills/architecture/create-system-document/SKILL.md:7:18: typography.symbols.curly_quotes: Use curly quotes “”, not straight quotes "".
/github/workspace/egolint/.agents/skills/architecture/create-system-document/SKILL.md:9:17: typography.symbols.curly_quotes: Use curly quotes “”, not straight quotes "".
/github/workspace/egolint/.agents/skills/architecture/create-system-document/SKILL.md:10:18: typography.symbols.curly_quotes: Use curly quotes “”, not straight quotes "".
/github/workspace/egolint/.agents/skills/architecture/create-system-document/SKILL.md:11:18: typography.symbols.curly_quotes: Use curly quotes “”, not straight quotes "".
/github/workspace/egolint/.agents/skills/architecture/create-vision-document/SKILL.md:7:18: typography.symbols.curly_quotes: Use curly quotes “”, not straight quotes "".
/github/workspace/egolint/.agents/skills/architecture/create-vision-document/SKILL.md:9:17: typography.symbols.curly_quotes: Use curly quotes “”, not straight quotes "".
/github/workspace/egolint/.agents/skills/architecture/create-vision-document/SKILL.md:10:18: typography.symbols.curly_quotes: Use curly quotes “”, not straight quotes "".
/github/workspace/egolint/.agents/skills/architecture/create-vision-document/SKILL.md:11:18: typography.symbols.curly_quotes: Use curly quotes “”, not straight quotes "".
/github/workspace/egolint/.agents/skills/authoring/create-specification-file/SKILL.md:7:18: typography.symbols.curly_quotes: Use curly quotes “”, not straight quotes "".
/github/workspace/egolint/.agents/skills/authoring/create-specification-file/SKILL.md:8:19: typography.symbols.curly_quotes: Use curly quotes “”, not straight quotes "".
/github/workspace/egolint/.agents/skills/authoring/create-specification-file/SKILL.md:9:17: typography.symbols.curly_quotes: Use curly quotes “”, not straight quotes "".
/github/workspace/egolint/.agents/skills/authoring/create-specification-file/SKILL.md:10:18: typography.symbols.curly_quotes: Use curly quotes “”, not straight quotes "".
/github/workspace/egolint/.agents/skills/authoring/create-specification-file/SKILL.md:11:18: typography.symbols.curly_quotes: Use curly quotes “”, not straight quotes "".
/github/workspace/egolint/.agents/skills/authoring/github-issue-authoring/SKILL.md:7:18: typography.symbols.curly_quotes: Use curly quotes “”, not straight quotes "".
/github/workspace/egolint/.agents/skills/authoring/github-issue-authoring/SKILL.md:8:17: typography.symbols.curly_quotes: Use curly quotes “”, not straight quotes "".
/github/workspace/egolint/.agents/skills/authoring/github-issue-authoring/SKILL.md:9:18: typography.symbols.curly_quotes: Use curly quotes “”, not straight quotes "".
/github/workspace/egolint/.agents/skills/authoring/github-issue-authoring/SKILL.md:10:18: typography.symbols.curly_quotes: Use curly quotes “”, not straight quotes "".
/github/workspace/egolint/.agents/skills/authoring/implementation-planning/SKILL.md:7:18: typography.symbols.curly_quotes: Use curly quotes “”, not straight quotes "".
/github/workspace/egolint/.agents/skills/authoring/implementation-planning/SKILL.md:8:17: typography.symbols.curly_quotes: Use curly quotes “”, not straight quotes "".
/github/workspace/egolint/.agents/skills/authoring/implementation-planning/SKILL.md:9:18: typography.symbols.curly_quotes: Use curly quotes “”, not straight quotes "".
/github/workspace/egolint/.agents/skills/authoring/implementation-planning/SKILL.md:10:18: typography.symbols.curly_quotes: Use curly quotes “”, not straight quotes "".
/github/workspace/egolint/.agents/skills/authoring/skill-authoring/SKILL.md:7:18: typography.symbols.curly_quotes: Use curly quotes “”, not straight quotes "".
/github/workspace/egolint/.agents/skills/authoring/skill-authoring/SKILL.md:8:17: typography.symbols.curly_quotes: Use curly quotes “”, not straight quotes "".
/github/workspace/egolint/.agents/skills/authoring/skill-authoring/SKILL.md:9:18: typography.symbols.curly_quotes: Use curly quotes “”, not straight quotes "".
/github/workspace/egolint/.agents/skills/authoring/skill-authoring/SKILL.md:10:18: typography.symbols.curly_quotes: Use curly quotes “”, not straight quotes "".
/github/workspace/egolint/.agents/skills/authoring/skill-authoring/templates/SKILL.template.md:7:18: typography.symbols.curly_quotes: Use curly quotes “”, not straight quotes "".
/github/workspace/egolint/.agents/skills/authoring/skill-authoring/templates/SKILL.template.md:8:17: typography.symbols.curly_quotes: Use curly quotes “”, not straight quotes "".
/github/workspace/egolint/.agents/skills/authoring/skill-authoring/templates/SKILL.template.md:9:18: typography.symbols.curly_quotes: Use curly quotes “”, not straight quotes "".
/github/workspace/egolint/.agents/skills/authoring/skill-authoring/templates/SKILL.template.md:10:18: typography.symbols.curly_quotes: Use curly quotes “”, not straight quotes "".
/github/workspace/egolint/.agents/skills/methodology/orchestrate-reflective-development/SKILL.md:7:18: typography.symbols.curly_quotes: Use curly quotes “”, not straight quotes "".
/github/workspace/egolint/.agents/skills/methodology/orchestrate-reflective-development/SKILL.md:8:19: typography.symbols.curly_quotes: Use curly quotes “”, not straight quotes "".
/github/workspace/egolint/.agents/skills/methodology/orchestrate-reflective-development/SKILL.md:9:17: typography.symbols.curly_quotes: Use curly quotes “”, not straight quotes "".
/github/workspace/egolint/.agents/skills/methodology/orchestrate-reflective-development/SKILL.md:10:18: typography.symbols.curly_quotes: Use curly quotes “”, not straight quotes "".
/github/workspace/egolint/.agents/skills/methodology/orchestrate-reflective-development/SKILL.md:11:18: typography.symbols.curly_quotes: Use curly quotes “”, not straight quotes "".
/github/workspace/egolint/.agents/skills/methodology/orchestrate-reflective-development/SKILL.md:49:26: typography.diacritical_marks: Use diacritical marks in 'résumé'.
/github/workspace/egolint/.agents/skills/methodology/orchestrate-reflective-development/templates/REFLECTIVE_CYCLE.template.md:39:9: typography.diacritical_marks: Use diacritical marks in 'résumé'.
/github/workspace/egolint/.agents/skills/publishing/prepare-arxiv-release/SKILL.md:7:18: typography.symbols.curly_quotes: Use curly quotes “”, not straight quotes "".
/github/workspace/egolint/.agents/skills/publishing/prepare-arxiv-release/SKILL.md:9:17: typography.symbols.curly_quotes: Use curly quotes “”, not straight quotes "".
/github/workspace/egolint/.agents/skills/publishing/prepare-arxiv-release/SKILL.md:10:18: typography.symbols.curly_quotes: Use curly quotes “”, not straight quotes "".
/github/workspace/egolint/.agents/skills/publishing/prepare-arxiv-release/SKILL.md:11:18: typography.symbols.curly_quotes: Use curly quotes “”, not straight quotes "".
/github/workspace/egolint/.agents/skills/quality/audit-repository/SKILL.md:7:18: typography.symbols.curly_quotes: Use curly quotes “”, not straight quotes "".
/github/workspace/egolint/.agents/skills/quality/audit-repository/SKILL.md:8:19: typography.symbols.curly_quotes: Use curly quotes “”, not straight quotes "".
/github/workspace/egolint/.agents/skills/quality/audit-repository/SKILL.md:9:17: typography.symbols.curly_quotes: Use curly quotes “”, not straight quotes "".
/github/workspace/egolint/.agents/skills/quality/audit-repository/SKILL.md:10:18: typography.symbols.curly_quotes: Use curly quotes “”, not straight quotes "".
/github/workspace/egolint/.agents/skills/quality/audit-repository/SKILL.md:11:18: typography.symbols.curly_quotes: Use curly quotes “”, not straight quotes "".
/github/workspace/egolint/.agents/skills/quality/bug-fixing/SKILL.md:7:18: typography.symbols.curly_quotes: Use curly quotes “”, not straight quotes "".
/github/workspace/egolint/.agents/skills/quality/bug-fixing/SKILL.md:8:17: typography.symbols.curly_quotes: Use curly quotes “”, not straight quotes "".
/github/workspace/egolint/.agents/skills/quality/bug-fixing/SKILL.md:9:18: typography.symbols.curly_quotes: Use curly quotes “”, not straight quotes "".
/github/workspace/egolint/.agents/skills/quality/bug-fixing/SKILL.md:10:18: typography.symbols.curly_quotes: Use curly quotes “”, not straight quotes "".
/github/workspace/egolint/.agents/skills/quality/repository-cleanup/SKILL.md:7:18: typography.symbols.curly_quotes: Use curly quotes “”, not straight quotes "".
/github/workspace/egolint/.agents/skills/quality/repository-cleanup/SKILL.md:8:17: typography.symbols.curly_quotes: Use curly quotes “”, not straight quotes "".
/github/workspace/egolint/.agents/skills/quality/repository-cleanup/SKILL.md:9:18: typography.symbols.curly_quotes: Use curly quotes “”, not straight quotes "".
/github/workspace/egolint/.agents/skills/quality/repository-cleanup/SKILL.md:10:18: typography.symbols.curly_quotes: Use curly quotes “”, not straight quotes "".
/github/workspace/egolint/.agents/skills/quality/test-engineering/SKILL.md:7:18: typography.symbols.curly_quotes: Use curly quotes “”, not straight quotes "".
/github/workspace/egolint/.agents/skills/quality/test-engineering/SKILL.md:8:17: typography.symbols.curly_quotes: Use curly quotes “”, not straight quotes "".
/github/workspace/egolint/.agents/skills/quality/test-engineering/SKILL.md:9:18: typography.symbols.curly_quotes: Use curly quotes “”, not straight quotes "".
/github/workspace/egolint/.agents/skills/quality/test-engineering/SKILL.md:10:18: typography.symbols.curly_quotes: Use curly quotes “”, not straight quotes "".
/github/workspace/egolint/.agents/specs/SCHEMA.md:22:70: typography.symbols.sentence_spacing: More than two spaces after the period; use 1 or 2.
/github/workspace/egolint/.agents/specs/SCHEMA.md:23:96: typography.symbols.sentence_spacing: More than two spaces after the period; use 1 or 2.
/github/workspace/egolint/.agents/specs/SCHEMA.md:24:56: typography.symbols.sentence_spacing: More than two spaces after the period; use 1 or 2.
/github/workspace/egolint/.agents/specs/SCHEMA.md:25:77: typography.symbols.sentence_spacing: More than two spaces after the period; use 1 or 2.
/github/workspace/egolint/.agents/specs/SCHEMA.md:26:77: typography.symbols.sentence_spacing: More than two spaces after the period; use 1 or 2.
/github/workspace/egolint/.agents/specs/SCHEMA.md:27:100: typography.symbols.sentence_spacing: More than two spaces after the period; use 1 or 2.
/github/workspace/egolint/.agents/specs/SCHEMA.md:28:92: typography.symbols.sentence_spacing: More than two spaces after the period; use 1 or 2.
/github/workspace/egolint/.agents/specs/SCHEMA.md:29:77: typography.symbols.sentence_spacing: More than two spaces after the period; use 1 or 2.
/github/workspace/egolint/.agents/specs/SCHEMA.md:30:79: typography.symbols.sentence_spacing: More than two spaces after the period; use 1 or 2.
/github/workspace/egolint/.agents/specs/SCHEMA.md:32:52: typography.symbols.sentence_spacing: More than two spaces after the period; use 1 or 2.
/github/workspace/egolint/.agents/specs/SCHEMA.md:41:113: typography.symbols.sentence_spacing: More than two spaces after the period; use 1 or 2.
/github/workspace/egolint/.agents/specs/SCHEMA.md:42:107: typography.symbols.sentence_spacing: More than two spaces after the period; use 1 or 2.
/github/workspace/egolint/.agents/specs/SCHEMA.md:43:118: typography.symbols.sentence_spacing: More than two spaces after the period; use 1 or 2.
/github/workspace/egolint/.agents/specs/SCHEMA.md:125:3: typography.symbols.ellipsis: '...' is an approximation, use the ellipsis symbol '…'.
/github/workspace/egolint/.agents/specs/architecture/domain/ontology.spec.md:324:11: lexical_illusions: There's a lexical illusion in 'Concept

    Concept' - a phrase is repeated.
/github/workspace/egolint/.agents/specs/architecture/domain/personal-model.spec.md:96:54: lexical_illusions: There's a lexical illusion in 'representation

    Representation' - a phrase is repeated.
/github/workspace/egolint/.agents/specs/architecture/foundation/architecture.spec.md:293:9: lexical_illusions: There's a lexical illusion in 'Related Specifications

Related specifications' - a phrase is repeated.
/github/workspace/egolint/.agents/specs/architecture/foundation/foundations.spec.md:280:9: lexical_illusions: There's a lexical illusion in 'Related Specifications

Related specifications' - a phrase is repeated.
/github/workspace/egolint/.agents/specs/architecture/foundation/methodology.spec.md:287:9: lexical_illusions: There's a lexical illusion in 'Related Specifications

Related specifications' - a phrase is repeated.
/github/workspace/egolint/.agents/specs/architecture/foundation/roadmap.spec.md:60:29: redundancy.misc.after_the_deadline: Redundancy. Use 'evolve' instead of 'evolve over time'.
/github/workspace/egolint/.agents/specs/architecture/foundation/roadmap.spec.md:281:9: lexical_illusions: There's a lexical illusion in 'Related Specifications

Related specifications' - a phrase is repeated.
/github/workspace/egolint/.agents/specs/architecture/foundation/system.spec.md:285:9: lexical_illusions: There's a lexical illusion in 'Related Specifications

Related specifications' - a phrase is repeated.
/github/workspace/egolint/.agents/specs/architecture/governance/decisions.spec.md:494:11: lexical_illusions: There's a lexical illusion in 'Decision

    Decision' - a phrase is repeated.
/github/workspace/egolint/.agents/specs/architecture/meta/epistemology.spec.md:87:48: lexical_illusions: There's a lexical illusion in 'claim

    claim' - a phrase is repeated.
/github/workspace/egolint/.agents/specs/authoring/specfile.spec.md:274:1: needless_variants: Needless variant. 'oversize' is the preferred form.
/github/workspace/egolint/.agents/specs/methodology/reflector.spec.md:68:33: typography.diacritical_marks: Use diacritical marks in 'résumé'.
/github/workspace/egolint/.agents/specs/methodology/reflector.spec.md:186:8: typography.diacritical_marks: Use diacritical marks in 'résumé'.
/github/workspace/egolint/.agents/specs/methodology/reflector.spec.md:198:13: lexical_illusions: There's a lexical illusion in 'Indicators

Indicators' - a phrase is repeated.
/github/workspace/egolint/.agents/specs/methodology/reflector.spec.md:213:14: lexical_illusions: There's a lexical illusion in 'Synchronization

Synchronization' - a phrase is repeated.
/github/workspace/egolint/.agents/specs/methodology/reflector.spec.md:240:28: typography.diacritical_marks: Use diacritical marks in 'résumé'.
/github/workspace/egolint/.agents/specs/publishing/arxiv.spec.md:15:5: misc.phrasal_adjectives.ly: No hyphen is necessary in phrasal adjectives with an adverb ending in -ly, unless the -ly adverb is part of a longer phrase.
/github/workspace/egolint/.agents/specs/publishing/arxiv.spec.md:20:5: misc.phrasal_adjectives.ly: No hyphen is necessary in phrasal adjectives with an adverb ending in -ly, unless the -ly adverb is part of a longer phrase.
/github/workspace/egolint/.config/lint/prose/styles/proselint/README.md:19:69: typography.symbols.curly_quotes: Use curly quotes “”, not straight quotes "".
/github/workspace/egolint/.config/lint/prose/styles/write-good/README.md:8:11: typography.symbols.copyright: (c) is a goofy alphabetic approximation, use the symbol ©.
/github/workspace/egolint/.config/lint/prose/styles/write-good/README.md:11:58: typography.symbols.curly_quotes: Use curly quotes “”, not straight quotes "".
/github/workspace/egolint/.config/lint/prose/styles/write-good/README.md:20:26: typography.symbols.curly_quotes: Use curly quotes “”, not straight quotes "".
/github/workspace/egolint/README.md:3:36: needless_variants: Needless variant. 'extendable' is the preferred form.
/github/workspace/egolint/README.md:22:1: lexical_illusions: There's a lexical illusion in 'task lint
task lint' - a phrase is repeated.
/github/workspace/egolint/README.md:67:5: misc.phrasal_adjectives.ly: No hyphen is necessary in phrasal adjectives with an adverb ending in -ly, unless the -ly adverb is part of a longer phrase.
/github/workspace/egolint/README.md:79:39: misc.phrasal_adjectives.ly: No hyphen is necessary in phrasal adjectives with an adverb ending in -ly, unless the -ly adverb is part of a longer phrase.
/github/workspace/identity/README.md:44:12: typography.symbols.curly_quotes: Use curly quotes “”, not straight quotes "".
/github/workspace/mantle/ARCHITECTURE.md:22:109: typography.symbols.sentence_spacing: More than two spaces after the period; use 1 or 2.
/github/workspace/mantle/ARCHITECTURE.md:23:116: typography.symbols.sentence_spacing: More than two spaces after the period; use 1 or 2.
/github/workspace/mantle/ARCHITECTURE.md:24:117: typography.symbols.sentence_spacing: More than two spaces after the period; use 1 or 2.
/github/workspace/mantle/ARCHITECTURE.md:25:122: typography.symbols.sentence_spacing: More than two spaces after the period; use 1 or 2.
/github/workspace/mantle/ARCHITECTURE.md:26:132: typography.symbols.sentence_spacing: More than two spaces after the period; use 1 or 2.
/github/workspace/mantle/ARCHITECTURE.md:28:141: typography.symbols.sentence_spacing: More than two spaces after the period; use 1 or 2.
/github/workspace/mantle/ARCHITECTURE.md:29:144: typography.symbols.sentence_spacing: More than two spaces after the period; use 1 or 2.
/github/workspace/mantle/ARCHITECTURE.md:30:149: typography.symbols.sentence_spacing: More than two spaces after the period; use 1 or 2.
/github/workspace/mantle/CONTRIBUTING.md:1:19: lexical_illusions: There's a lexical illusion in 'Mantle

Mantle' - a phrase is repeated.
/github/workspace/mantle/README.md:10:184: typography.symbols.curly_quotes: Use curly quotes “”, not straight quotes "".
/github/workspace/mantle/README.md:15:11: typography.symbols.curly_quotes: Use curly quotes “”, not straight quotes "".
/github/workspace/mantle/README.md:15:100: typography.symbols.curly_quotes: Use curly quotes “”, not straight quotes "".
/github/workspace/mantle/README.md:18:49: needless_variants: Needless variant. 'extendable' is the preferred form.
/github/workspace/mantle/README.md:111:149: typography.symbols.sentence_spacing: More than two spaces after the period; use 1 or 2.
/github/workspace/mantle/README.md:112:171: typography.symbols.sentence_spacing: More than two spaces after the period; use 1 or 2.
/github/workspace/mantle/README.md:113:162: typography.symbols.sentence_spacing: More than two spaces after the period; use 1 or 2.
/github/workspace/mantle/README.md:115:152: typography.symbols.sentence_spacing: More than two spaces after the period; use 1 or 2.
/github/workspace/mantle/README.md:116:157: typography.symbols.sentence_spacing: More than two spaces after the period; use 1 or 2.
/github/workspace/mantle/README.md:117:177: typography.symbols.sentence_spacing: More than two spaces after the period; use 1 or 2.
/github/workspace/mantle/README.md:118:180: typography.symbols.sentence_spacing: More than two spaces after the period; use 1 or 2.
/github/workspace/mantle/README.md:153:52: typography.symbols.curly_quotes: Use curly quotes “”, not straight quotes "".
/github/workspace/mantle/README.md:154:11: typography.symbols.curly_quotes: Use curly quotes “”, not straight quotes "".
/github/workspace/mantle/README.md:204:1: lexical_illusions: There's a lexical illusion in 'mantle help
mantle help' - a phrase is repeated.
/github/workspace/mantle/README.md:206:1: lexical_illusions: There's a lexical illusion in 'mantle version
mantle version' - a phrase is repeated.
/github/workspace/mantle/README.md:209:1: lexical_illusions: There's a lexical illusion in 'mantle env
mantle env' - a phrase is repeated.
/github/workspace/mantle/README.md:283:72: typography.symbols.sentence_spacing: More than two spaces after the period; use 1 or 2.
/github/workspace/mantle/README.md:284:83: typography.symbols.sentence_spacing: More than two spaces after the period; use 1 or 2.
/github/workspace/mantle/README.md:286:93: typography.symbols.sentence_spacing: More than two spaces after the period; use 1 or 2.
/github/workspace/mantle/README.md:287:92: typography.symbols.sentence_spacing: More than two spaces after the period; use 1 or 2.
/github/workspace/mantle/README.md:288:95: typography.symbols.sentence_spacing: More than two spaces after the period; use 1 or 2.
/github/workspace/mantle/README.md:302:1: lexical_illusions: There's a lexical illusion in 'mantle config validate
mantle config validate' - a phrase is repeated.
/github/workspace/mantle/README.md:305:1: lexical_illusions: There's a lexical illusion in 'mantle config explain
mantle config explain' - a phrase is repeated.
/github/workspace/mantle/README.md:318:180: typography.symbols.curly_quotes: Use curly quotes “”, not straight quotes "".
/github/workspace/mantle/README.md:319:181: typography.symbols.curly_quotes: Use curly quotes “”, not straight quotes "".
/github/workspace/mantle/README.md:322:189: typography.symbols.curly_quotes: Use curly quotes “”, not straight quotes "".
/github/workspace/mantle/README.md:323:192: typography.symbols.curly_quotes: Use curly quotes “”, not straight quotes "".
/github/workspace/mantle/README.md:324:191: typography.symbols.curly_quotes: Use curly quotes “”, not straight quotes "".
/github/workspace/mantle/README.md:325:191: typography.symbols.curly_quotes: Use curly quotes “”, not straight quotes "".
/github/workspace/mantle/README.md:326:191: typography.symbols.curly_quotes: Use curly quotes “”, not straight quotes "".
/github/workspace/mantle/README.md:327:184: typography.symbols.curly_quotes: Use curly quotes “”, not straight quotes "".
/github/workspace/mantle/README.md:329:187: typography.symbols.curly_quotes: Use curly quotes “”, not straight quotes "".
/github/workspace/mantle/README.md:330:201: typography.symbols.curly_quotes: Use curly quotes “”, not straight quotes "".
/github/workspace/mantle/README.md:331:189: typography.symbols.curly_quotes: Use curly quotes “”, not straight quotes "".
/github/workspace/mantle/README.md:332:192: typography.symbols.curly_quotes: Use curly quotes “”, not straight quotes "".
/github/workspace/mantle/README.md:333:182: typography.symbols.curly_quotes: Use curly quotes “”, not straight quotes "".
/github/workspace/mantle/README.md:334:175: typography.symbols.curly_quotes: Use curly quotes “”, not straight quotes "".
/github/workspace/mantle/README.md:342:192: typography.symbols.curly_quotes: Use curly quotes “”, not straight quotes "".
/github/workspace/mantle/README.md:343:192: typography.symbols.curly_quotes: Use curly quotes “”, not straight quotes "".
/github/workspace/mantle/README.md:502:19: typography.symbols.curly_quotes: Use curly quotes “”, not straight quotes "".
/github/workspace/mantle/README.md:612:3: uncomparables: Comparison of an uncomparable: 'More complete' is not comparable.
/github/workspace/mantle/audits/mantle-holistic-polish-20260806T124442Z.md:51:7: typography.symbols.curly_quotes: Use curly quotes “”, not straight quotes "".
/github/workspace/mantle/audits/mantle-holistic-polish-20260806T124442Z.md:454:23: typography.symbols.curly_quotes: Use curly quotes “”, not straight quotes "".
/github/workspace/mantle/audits/mantle-holistic-polish-20260806T124442Z.md:455:17: typography.symbols.curly_quotes: Use curly quotes “”, not straight quotes "".
/github/workspace/mantle/audits/mantle-holistic-polish-20260806T124442Z.md:455:41: typography.symbols.curly_quotes: Use curly quotes “”, not straight quotes "".
/github/workspace/mantle/audits/mantle-holistic-polish-20260806T124442Z.md:457:17: typography.symbols.curly_quotes: Use curly quotes “”, not straight quotes "".
/github/workspace/mantle/audits/mantle-holistic-polish-20260806T124442Z.md:491:88: typography.symbols.ellipsis: '...' is an approximation, use the ellipsis symbol '…'.
/github/workspace/mantle/audits/mantle-holistic-polish-20260806T124442Z.md:527:21: typography.symbols.curly_quotes: Use curly quotes “”, not straight quotes "".
/github/workspace/mantle/audits/mantle-holistic-polish-20260806T124442Z.md:527:40: typography.symbols.ellipsis: '...' is an approximation, use the ellipsis symbol '…'.
/github/workspace/mantle/audits/mantle-holistic-polish-20260806T124442Z.md:529:21: typography.symbols.curly_quotes: Use curly quotes “”, not straight quotes "".
/github/workspace/mantle/audits/mantle-holistic-polish-20260806T124442Z.md:531:25: typography.symbols.curly_quotes: Use curly quotes “”, not straight quotes "".
/github/workspace/mantle/audits/mantle-holistic-polish-20260806T124442Z.md:569:1: typography.symbols.ellipsis: '...' is an approximation, use the ellipsis symbol '…'.
/github/workspace/mantle/audits/mantle-holistic-polish-20260806T124442Z.md:616:9: typography.symbols.curly_quotes: Use curly quotes “”, not straight quotes "".
/github/workspace/mantle/audits/mantle-holistic-polish-20260806T124442Z.md:703:30: typography.symbols.ellipsis: '...' is an approximation, use the ellipsis symbol '…'.
/github/workspace/mantle/audits/mantle-holistic-polish-20260806T124442Z.md:704:12: typography.symbols.ellipsis: '...' is an approximation, use the ellipsis symbol '…'.
/github/workspace/mantle/audits/mantle-holistic-polish-20260806T124442Z.md:704:32: typography.symbols.ellipsis: '...' is an approximation, use the ellipsis symbol '…'.
/github/workspace/mantle/audits/mantle-holistic-polish-20260806T124442Z.md:975:87: typography.symbols.curly_quotes: Use curly quotes “”, not straight quotes "".
/github/workspace/mantle/lib/install/README.md:75:26: typography.symbols.curly_quotes: Use curly quotes “”, not straight quotes "".
/github/workspace/mantle/lib/install/README.md:77:34: typography.symbols.curly_quotes: Use curly quotes “”, not straight quotes "".
/github/workspace/mantle/runtime/shells/fish/README.md:9:46: typography.symbols.curly_quotes: Use curly quotes “”, not straight quotes "".
/github/workspace/mantle/tests/README.md:81:35: lexical_illusions: There's a lexical illusion in 'bats
bats' - a phrase is repeated.
/github/workspace/mantle/tests/README.md:82:37: lexical_illusions: There's a lexical illusion in 'bats
bats' - a phrase is repeated.
/github/workspace/mantle/tests/README.md:101:15: typography.symbols.curly_quotes: Use curly quotes “”, not straight quotes "".
/github/workspace/mantle/tests/README.md:101:75: lexical_illusions: There's a lexical illusion in 'bats
bats' - a phrase is repeated.
/github/workspace/mantle/tests/README.md:159:34: lexical_illusions: There's a lexical illusion in 'bats
bats' - a phrase is repeated.
/github/workspace/mantle/tests/README.md:215:31: typography.symbols.curly_quotes: Use curly quotes “”, not straight quotes "".
/github/workspace/mantle/tests/README.md:253:39: typography.symbols.ellipsis: '...' is an approximation, use the ellipsis symbol '…'.
/github/workspace/mantle/tests/README.md:253:50: typography.symbols.ellipsis: '...' is an approximation, use the ellipsis symbol '…'.
/github/workspace/mantle/tests/README.md:253:88: typography.symbols.ellipsis: '...' is an approximation, use the ellipsis symbol '…'.
/github/workspace/mantle/tests/README.md:254:18: typography.symbols.ellipsis: '...' is an approximation, use the ellipsis symbol '…'.
/github/workspace/mantle/tests/README.md:269:20: typography.symbols.curly_quotes: Use curly quotes “”, not straight quotes "".
/github/workspace/mantle/tests/README.md:271:19: typography.symbols.curly_quotes: Use curly quotes “”, not straight quotes "".
/github/workspace/mantle/tests/README.md:282:42: lexical_illusions: There's a lexical illusion in 'stub
stub' - a phrase is repeated.
/github/workspace/mantle/tests/README.md:283:48: lexical_illusions: There's a lexical illusion in 'stub
stub' - a phrase is repeated.
/github/workspace/mantle/tests/README.md:367:9: typography.symbols.curly_quotes: Use curly quotes “”, not straight quotes "".
/github/workspace/mantle/tests/README.md:369:9: typography.symbols.curly_quotes: Use curly quotes “”, not straight quotes "".
/github/workspace/mantle/tests/README.md:369:41: typography.symbols.curly_quotes: Use curly quotes “”, not straight quotes "".
/github/workspace/mantle/tests/README.md:371:9: typography.symbols.curly_quotes: Use curly quotes “”, not straight quotes "".
/github/workspace/mantle/tests/README.md:390:38: lexical_illusions: There's a lexical illusion in 'bats
   bats' - a phrase is repeated.
/github/workspace/mindgarden/profiles/agent/README.md:26:4: lexical_illusions: There's a lexical illusion in 'Search

Search' - a phrase is repeated.
/github/workspace/mindgarden/profiles/agent/README.md:36:11: typography.symbols.curly_quotes: Use curly quotes “”, not straight quotes "".
/github/workspace/mindgarden/profiles/agent/README.md:54:12: typography.symbols.curly_quotes: Use curly quotes “”, not straight quotes "".
/github/workspace/mindgarden/profiles/agent/README.md:91:11: typography.symbols.curly_quotes: Use curly quotes “”, not straight quotes "".
/github/workspace/mindgarden/profiles/agent/README.md:94:11: typography.symbols.curly_quotes: Use curly quotes “”, not straight quotes "".
/github/workspace/mindgarden/profiles/agent/README.md:118:50: needless_variants: Needless variant. 'oversize' is the preferred form.

::endgroup::
::group::[33m⚠️ Linted [SPELL] files with [vale]: Found 4 non blocking error(s) and 2017 non blocking warning(s) - (5.14s)[0m (expand for details)
- Using [vale v3.17.1] https://megalinter.io/10.0.0/descriptors/spell_vale
- MegaLinter key: [SPELL_VALE]
- Rules config: [egolint/.config/lint/prose/.vale.ini]
- Number of files analyzed: [236]
- CWD: [/github/workspace]
- Command: [vale --no-global --no-wrap --config egolint/.config/lint/prose/.vale.ini .audits/egolint/2026-08-11-complementary-toolchain-audit.md .audits/egolint/2026-08-11-integration-audit.md .audits/egolint/2026-08-11-megalinter-v10-policy-audit.md .audits/ego...(truncated)]
--Error detail:

 [4m.audits/egolint/2026-08-11-complementary-toolchain-audit.md[0m
 78:35  [33mwarning[0m  'are declared' may be passive voice. Use active voice if you can.     write-good.Passive  
 81:20  [33mwarning[0m  'being installed' may be passive voice. Use active voice if you can.  write-good.Passive  
 86:45  [33mwarning[0m  'are allowed' may be passive voice. Use active voice if you can.      write-good.Passive  
 88:18  [33mwarning[0m  'therefore' is too wordy.                                             write-good.TooWordy 


 [4m.audits/egolint/2026-08-11-integration-audit.md[0m
 17:78   [33mwarning[0m  'is preserved' may be passive voice. Use active voice if you can.    write-good.Passive  
 19:8    [33mwarning[0m  'was removed' may be passive voice. Use active voice if you can.     write-good.Passive  
 54:48   [33mwarning[0m  'were resolved' may be passive voice. Use active voice if you can.   write-good.Passive  
 72:1    [33mwarning[0m  'multiple' is too wordy.                                             write-good.TooWordy 
 75:1    [33mwarning[0m  'It is' is too wordy.                                                write-good.TooWordy 
 80:18   [33mwarning[0m  'were kept' may be passive voice. Use active voice if you can.       write-good.Passive  
 97:22   [33mwarning[0m  'is derived' may be passive voice. Use active voice if you can.      write-good.Passive  
 102:19  [33mwarning[0m  'were rebased' may be passive voice. Use active voice if you can.    write-good.Passive  
 108:72  [33mwarning[0m  'are excluded' may be passive voice. Use active voice if you can.    write-good.Passive  
 113:53  [33mwarning[0m  'were preserved' may be passive voice. Use active voice if you can.  write-good.Passive  
 114:57  [33mwarning[0m  'were added' may be passive voice. Use active voice if you can.      write-good.Passive  
 119:6   [33mwarning[0m  'were aligned' may be passive voice. Use active voice if you can.    write-good.Passive  
 124:35  [33mwarning[0m  'is aligned' may be passive voice. Use active voice if you can.      write-good.Passive  
 149:45  [33mwarning[0m  'is skipped' may be passive voice. Use active voice if you can.      write-good.Passive  
 153:14  [33mwarning[0m  'were applied' may be passive voice. Use active voice if you can.    write-good.Passive  
 153:71  [33mwarning[0m  'was removed' may be passive voice. Use active voice if you can.     write-good.Passive  
 190:44  [33mwarning[0m  'were removed' may be passive voice. Use active voice if you can.    write-good.Passive  
 224:52  [33mwarning[0m  'are covered' may be passive voice. Use active voice if you can.     write-good.Passive  
 236:61  [33mwarning[0m  'are triaged' may be passive voice. Use active voice if you can.     write-good.Passive  
 250:61  [33mwarning[0m  'Evaluate' is too wordy.                                             write-good.TooWordy 
 255:4   [33mwarning[0m  'equivalent' is too wordy.                                           write-good.TooWordy 
 260:3   [33mwarning[0m  'Evaluate' is too wordy.                                             write-good.TooWordy 
 277:37  [33mwarning[0m  'equivalent' is too wordy.                                           write-good.TooWordy 


 [4m.audits/egolint/2026-08-11-megalinter-v10-policy-audit.md[0m
 13:41   [33mwarning[0m  'is represented' may be passive voice. Use active voice if you can.  write-good.Passive  
 31:26   [33mwarning[0m  'retain' is too wordy.                                               write-good.TooWordy 
 69:29   [33mwarning[0m  'previously' is too wordy.                                           write-good.TooWordy 
 71:38   [33mwarning[0m  'retain' is too wordy.                                               write-good.TooWordy 
 74:26   [33mwarning[0m  'are configured' may be passive voice. Use active voice if you can.  write-good.Passive  
 75:28   [33mwarning[0m  'are baselined' may be passive voice. Use active voice if you can.   write-good.Passive  
 89:73   [33mwarning[0m  'are excluded' may be passive voice. Use active voice if you can.    write-good.Passive  
 90:15   [33mwarning[0m  'aggregate' is too wordy.                                            write-good.TooWordy 
 90:53   [33mwarning[0m  'are intended' may be passive voice. Use active voice if you can.    write-good.Passive  
 127:42  [33mwarning[0m  'validate' is too wordy.                                             write-good.TooWordy 
 132:20  [33mwarning[0m  'implement' is too wordy.                                            write-good.TooWordy 


 [4m.audits/egolint/2026-08-11-reporting-and-dependency-audit.md[0m
 20:57  [33mwarning[0m  'retain' is too wordy.                                              write-good.TooWordy 
 21:52  [33mwarning[0m  'are excluded' may be passive voice. Use active voice if you can.   write-good.Passive  
 36:47  [33mwarning[0m  'was removed' may be passive voice. Use active voice if you can.    write-good.Passive  
 44:1   [33mwarning[0m  'are limited' may be passive voice. Use active voice if you can.    write-good.Passive  
 44:53  [33mwarning[0m  'minimum' is too wordy.                                             write-good.TooWordy 
 48:13  [33mwarning[0m  'is ignored' may be passive voice. Use active voice if you can.     write-good.Passive  
 59:7   [33mwarning[0m  'are preserved' may be passive voice. Use active voice if you can.  write-good.Passive  


 [4m.audits/egolint/megalinter-remediation-checklist.md[0m
 3:23     [33mwarning[0m  'validate' is too wordy.                                            write-good.TooWordy 
 9:80     [33mwarning[0m  'been resolved' may be passive voice. Use active voice if you can.  write-good.Passive  
 13:28    [33mwarning[0m  'validate' is too wordy.                                            write-good.TooWordy 
 144:10   [33mwarning[0m  'aggregate' is too wordy.                                           write-good.TooWordy 
 148:29   [33mwarning[0m  'validate' is too wordy.                                            write-good.TooWordy 
 149:25   [33mwarning[0m  'validate' is too wordy.                                            write-good.TooWordy 
 156:120  [33mwarning[0m  'is resolved' may be passive voice. Use active voice if you can.    write-good.Passive  
 158:3    [33mwarning[0m  'Aggregate' is too wordy.                                           write-good.TooWordy 


 [4m.garden/README.md[0m
 4:63   [33mwarning[0m  'be viewed' may be passive voice. Use active voice if you can.       write-good.Passive 
 22:47  [33mwarning[0m  'be committed' may be passive voice. Use active voice if you can.    write-good.Passive 
 43:55  [33mwarning[0m  'are documented' may be passive voice. Use active voice if you can.  write-good.Passive 


 [4m.garden/dashboard.md[0m
 39:78  [33mwarning[0m  'Methodology' is too wordy.                                        write-good.TooWordy 
 67:1   [33mwarning[0m  'be installed' may be passive voice. Use active voice if you can.  write-good.Passive  
 68:24  [33mwarning[0m  'are reviewed' may be passive voice. Use active voice if you can.  write-good.Passive  


 [4m.garden/projects/README.md[0m
 30:42  [33mwarning[0m  'is documented' may be passive voice. Use active voice if you can.  write-good.Passive 


 [4m.garden/projects/repository-intelligence-dashboard.md[0m
 61:68  [33mwarning[0m  'Overall' is too wordy.  write-good.TooWordy 


 [4m.github/PULL_REQUEST_TEMPLATE.md[0m
 26:25  [33mwarning[0m  'is scoped' may be passive voice. Use active voice if you can.      write-good.Passive  
 29:56  [33mwarning[0m  'are included' may be passive voice. Use active voice if you can.   write-good.Passive  
 35:17  [33mwarning[0m  'were added' may be passive voice. Use active voice if you can.     write-good.Passive  
 36:22  [33mwarning[0m  'was performed' may be passive voice. Use active voice if you can.  write-good.Passive  
 40:25  [33mwarning[0m  'been updated' may be passive voice. Use active voice if you can.   write-good.Passive  
 41:22  [33mwarning[0m  'were included' may be passive voice. Use active voice if you can.  write-good.Passive  
 42:50  [33mwarning[0m  'were added' may be passive voice. Use active voice if you can.     write-good.Passive  
 48:26  [33mwarning[0m  'was validated' may be passive voice. Use active voice if you can.  write-good.Passive  
 80:7   [33mwarning[0m  'Additional' is too wordy.                                          write-good.TooWordy 


 [4m.github/actions/README.md[0m
 31:50  [33mwarning[0m  'Aggregate' is too wordy.  write-good.TooWordy 
 48:1   [33mwarning[0m  'multiple' is too wordy.   write-good.TooWordy 


 [4m.github/actions/generate-repository-intelligence-dashboard/README.md[0m
 36:68  [33mwarning[0m  'It is' is too wordy.                                               write-good.TooWordy 
 45:13  [33mwarning[0m  'is derived' may be passive voice. Use active voice if you can.     write-good.Passive  
 48:7   [33mwarning[0m  'aggregate' is too wordy.                                           write-good.TooWordy 
 75:41  [33mwarning[0m  'is introduced' may be passive voice. Use active voice if you can.  write-good.Passive  
 90:10  [33mwarning[0m  'is validated' may be passive voice. Use active voice if you can.   write-good.Passive  
 91:48  [33mwarning[0m  'maximum' is too wordy.                                             write-good.TooWordy 
 91:67  [33mwarning[0m  'maximum' is too wordy.                                             write-good.TooWordy 


 [4m.github/actions/generate-repository-intelligence/README.md[0m
 14:16  [33mwarning[0m  'are pinned' may be passive voice. Use active voice if you can.    write-good.Passive 
 16:49  [33mwarning[0m  'are resolved' may be passive voice. Use active voice if you can.  write-good.Passive 
 20:7   [33mwarning[0m  'are excluded' may be passive voice. Use active voice if you can.  write-good.Passive 
 44:24  [33mwarning[0m  'is enabled' may be passive voice. Use active voice if you can.    write-good.Passive 


 [4m.github/actions/normalize-repository-report/README.md[0m
 7:14    [33mwarning[0m  'is defined' may be passive voice. Use active voice if you can.   write-good.Passive  
 31:97   [33mwarning[0m  'aggregate' is too wordy.                                         write-good.TooWordy 
 31:107  [33mwarning[0m  'is invented' may be passive voice. Use active voice if you can.  write-good.Passive  
 33:15   [33mwarning[0m  'aggregate' is too wordy.                                         write-good.TooWordy 
 33:25   [33mwarning[0m  'is accepted' may be passive voice. Use active voice if you can.  write-good.Passive  


 [4m.github/copilot-instructions.md[0m
 10:3   [33mwarning[0m  'prioritize' is too wordy.  write-good.TooWordy 
 65:3   [33mwarning[0m  'additional' is too wordy.  write-good.TooWordy 
 151:1  [33mwarning[0m  'Prioritize' is too wordy.  write-good.TooWordy 


 [4m.github/security/dependabot-dismissals.md[0m
 4:29    [33mwarning[0m  'It is' is too wordy.                                               write-good.TooWordy 
 5:24    [33mwarning[0m  'is managed' may be passive voice. Use active voice if you can.     write-good.Passive  
 6:1     [33mwarning[0m  'equivalent' is too wordy.                                          write-good.TooWordy 
 12:361  [33mwarning[0m  'is removed' may be passive voice. Use active voice if you can.     write-good.Passive  
 13:287  [33mwarning[0m  'is removed' may be passive voice. Use active voice if you can.     write-good.Passive  
 17:75   [33mwarning[0m  'be remediated' may be passive voice. Use active voice if you can.  write-good.Passive  


 [4m.identity/brief.md[0m
 5:72   [33mwarning[0m  'be built' may be passive voice. Use active voice if you can.  write-good.Passive 
 58:61  [33mwarning[0m  'is read' may be passive voice. Use active voice if you can.   write-good.Passive 


 [4m.identity/candidates/README.md[0m
 3:39  [33mwarning[0m  'be staged' may be passive voice. Use active voice if you can.     write-good.Passive  
 7:55  [33mwarning[0m  'it is' is too wordy.                                              write-good.TooWordy 
 7:58  [33mwarning[0m  'is committed' may be passive voice. Use active voice if you can.  write-good.Passive  


 [4m.identity/sources/README.md[0m
 6:72  [33mwarning[0m  'are reviewed' may be passive voice. Use active voice if you can.  write-good.Passive 
 8:35  [33mwarning[0m  'be promoted' may be passive voice. Use active voice if you can.   write-good.Passive 


 [4m.obsidian/README.md[0m
 17:37  [33mwarning[0m  'it is' is too wordy.                                              write-good.TooWordy 
 29:21  [33mwarning[0m  'is required' may be passive voice. Use active voice if you can.   write-good.Passive  
 39:63  [33mwarning[0m  'was archived' may be passive voice. Use active voice if you can.  write-good.Passive  


 [4mAI_CONSTITUTION.md[0m
 30:66   [33mwarning[0m  'validate' is too wordy.                                               write-good.TooWordy 
 31:23   [33mwarning[0m  'It is' is too wordy.                                                  write-good.TooWordy 
 35:49   [33mwarning[0m  'authorize' is too wordy.                                              write-good.TooWordy 
 36:11   [33mwarning[0m  'are surfaced' may be passive voice. Use active voice if you can.      write-good.Passive  
 40:8    [33mwarning[0m  'retain' is too wordy.                                                 write-good.TooWordy 
 57:42   [33mwarning[0m  'retain' is too wordy.                                                 write-good.TooWordy 
 68:13   [33mwarning[0m  'is bounded' may be passive voice. Use active voice if you can.        write-good.Passive  
 77:13   [33mwarning[0m  'minimum' is too wordy.                                                write-good.TooWordy 
 87:163  [33mwarning[0m  'is requested' may be passive voice. Use active voice if you can.      write-good.Passive  
 88:156  [33mwarning[0m  'clearly' is a weasel word!                                            write-good.Weasel   
 92:6    [33mwarning[0m  'is determined' may be passive voice. Use active voice if you can.     write-good.Passive  
 98:57   [33mwarning[0m  'is distinguished' may be passive voice. Use active voice if you can.  write-good.Passive  
 102:44  [33mwarning[0m  'sufficient' is too wordy.                                             write-good.TooWordy 
 109:89  [33mwarning[0m  'requirement' is too wordy.                                            write-good.TooWordy 
 111:84  [33mwarning[0m  'obtain' is too wordy.                                                 write-good.TooWordy 
 121:98  [33mwarning[0m  'be used' may be passive voice. Use active voice if you can.           write-good.Passive  
 133:70  [33mwarning[0m  'be satisfied' may be passive voice. Use active voice if you can.      write-good.Passive  


 [4mARCHITECTURE.md[0m
 51:69   [33mwarning[0m  'be colocated' may be passive voice. Use active voice if you can.     write-good.Passive  
 80:12   [33mwarning[0m  'validate' is too wordy.                                              write-good.TooWordy 
 87:47   [33mwarning[0m  'implement' is too wordy.                                             write-good.TooWordy 
 87:60   [33mwarning[0m  'evaluate' is too wordy.                                              write-good.TooWordy 
 92:17   [33mwarning[0m  'is derived' may be passive voice. Use active voice if you can.       write-good.Passive  
 113:22  [33mwarning[0m  'is allowed' may be passive voice. Use active voice if you can.       write-good.Passive  
 135:27  [33mwarning[0m  'is read' may be passive voice. Use active voice if you can.          write-good.Passive  
 140:27  [33mwarning[0m  'is preferred' may be passive voice. Use active voice if you can.     write-good.Passive  
 140:74  [33mwarning[0m  'are declared' may be passive voice. Use active voice if you can.     write-good.Passive  
 141:48  [33mwarning[0m  'be reclassified' may be passive voice. Use active voice if you can.  write-good.Passive  
 163:31  [33mwarning[0m  'been adapted' may be passive voice. Use active voice if you can.     write-good.Passive  


 [4mDECISIONS.md[0m
 34:57   [33mwarning[0m  'evidenced' is too wordy.                                            write-good.TooWordy 
 35:35   [33mwarning[0m  'be established' may be passive voice. Use active voice if you can.  write-good.Passive  
 98:10   [33mwarning[0m  'is stated' may be passive voice. Use active voice if you can.       write-good.Passive  
 99:91   [33mwarning[0m  'being defined' may be passive voice. Use active voice if you can.   write-good.Passive  
 143:14  [33mwarning[0m  'is documented' may be passive voice. Use active voice if you can.   write-good.Passive  
 158:24  [33mwarning[0m  'are integrated' may be passive voice. Use active voice if you can.  write-good.Passive  
 266:17  [33mwarning[0m  'is documented' may be passive voice. Use active voice if you can.   write-good.Passive  
 292:77  [33mwarning[0m  'requirement' is too wordy.                                          write-good.TooWordy 
 292:89  [33mwarning[0m  'is proposed' may be passive voice. Use active voice if you can.     write-good.Passive  
 301:54  [33mwarning[0m  'are uploaded' may be passive voice. Use active voice if you can.    write-good.Passive  
 319:83  [33mwarning[0m  'is centralized' may be passive voice. Use active voice if you can.  write-good.Passive  
 331:34  [33mwarning[0m  'sufficient' is too wordy.                                           write-good.TooWordy 
 331:56  [33mwarning[0m  'were found' may be passive voice. Use active voice if you can.      write-good.Passive  
 337:25  [33mwarning[0m  'is relocated' may be passive voice. Use active voice if you can.    write-good.Passive  


 [4mDESIGN.md[0m
 51:1    [33mwarning[0m  'objective' is too wordy.                                            write-good.TooWordy 
 66:45   [33mwarning[0m  'validate' is too wordy.                                             write-good.TooWordy 
 70:24   [33mwarning[0m  'is preferred' may be passive voice. Use active voice if you can.    write-good.Passive  
 77:88   [33mwarning[0m  'is known' may be passive voice. Use active voice if you can.        write-good.Passive  
 87:84   [33mwarning[0m  'sufficient' is too wordy.                                           write-good.TooWordy 
 103:19  [33mwarning[0m  'minimize' is too wordy.                                             write-good.TooWordy 
 107:66  [33mwarning[0m  'be organized' may be passive voice. Use active voice if you can.    write-good.Passive  
 155:85  [33mwarning[0m  'been completed' may be passive voice. Use active voice if you can.  write-good.Passive  
 159:45  [33mwarning[0m  'be required' may be passive voice. Use active voice if you can.     write-good.Passive  
 160:30  [33mwarning[0m  'be tested' may be passive voice. Use active voice if you can.       write-good.Passive  


 [4mDESIGN_SYSTEM.md[0m
 31:87   [33mwarning[0m  'be derived' may be passive voice. Use active voice if you can.      write-good.Passive  
 53:89   [33mwarning[0m  'clearly' is a weasel word!                                          write-good.Weasel   
 58:31   [33mwarning[0m  'is needed' may be passive voice. Use active voice if you can.       write-good.Passive  
 108:82  [33mwarning[0m  'equivalent' is too wordy.                                           write-good.TooWordy 
 109:75  [33mwarning[0m  'equivalent' is too wordy.                                           write-good.TooWordy 
 141:69  [33mwarning[0m  'it is' is too wordy.                                                write-good.TooWordy 
 159:3   [33mwarning[0m  'Sufficient' is too wordy.                                           write-good.TooWordy 
 172:85  [33mwarning[0m  'equivalent' is too wordy.                                           write-good.TooWordy 
 181:26  [33mwarning[0m  'equivalent' is too wordy.                                           write-good.TooWordy 
 187:58  [33mwarning[0m  'requirement' is too wordy.                                          write-good.TooWordy 
 194:21  [33mwarning[0m  'retain' is too wordy.                                               write-good.TooWordy 
 217:52  [33mwarning[0m  'be validated' may be passive voice. Use active voice if you can.    write-good.Passive  
 223:53  [33mwarning[0m  'are addressed' may be passive voice. Use active voice if you can.   write-good.Passive  
 225:52  [33mwarning[0m  'are identified' may be passive voice. Use active voice if you can.  write-good.Passive  


 [4mEPISTEMOLOGY.md[0m
 33:56   [33mwarning[0m  'be accepted' may be passive voice. Use active voice if you can.   write-good.Passive  
 46:16   [33mwarning[0m  'Previously' is too wordy.                                         write-good.TooWordy 
 53:10   [33mwarning[0m  'is evaluated' may be passive voice. Use active voice if you can.  write-good.Passive  
 81:24   [33mwarning[0m  'is labeled' may be passive voice. Use active voice if you can.    write-good.Passive  
 81:36   [33mwarning[0m  'it is' is too wordy.                                              write-good.TooWordy 
 88:59   [33mwarning[0m  'it is' is too wordy.                                              write-good.TooWordy 
 92:12   [33mwarning[0m  'is scoped' may be passive voice. Use active voice if you can.     write-good.Passive  
 92:34   [33mwarning[0m  'It is' is too wordy.                                              write-good.TooWordy 
 105:4   [33mwarning[0m  'retain' is too wordy.                                             write-good.TooWordy 
 128:59  [33mwarning[0m  'it was' is too wordy.                                             write-good.TooWordy 
 132:41  [33mwarning[0m  'is observed' may be passive voice. Use active voice if you can.   write-good.Passive  
 134:38  [33mwarning[0m  'is proposed' may be passive voice. Use active voice if you can.   write-good.Passive  
 137:21  [33mwarning[0m  'be described' may be passive voice. Use active voice if you can.  write-good.Passive  
 138:31  [33mwarning[0m  'be observed' may be passive voice. Use active voice if you can.   write-good.Passive  


 [4mFOUNDATIONS.md[0m
 34:60   [33mwarning[0m  'therefore' is too wordy.                                           write-good.TooWordy 
 42:15   [33mwarning[0m  'Retain' is too wordy.                                              write-good.TooWordy 
 56:75   [33mwarning[0m  'acquire' is too wordy.                                             write-good.TooWordy 
 72:13   [33mwarning[0m  'retain' is too wordy.                                              write-good.TooWordy 
 92:20   [33mwarning[0m  'is namespaced' may be passive voice. Use active voice if you can.  write-good.Passive  
 104:21  [33mwarning[0m  'Validate' is too wordy.                                            write-good.TooWordy 
 116:95  [33mwarning[0m  'be copied' may be passive voice. Use active voice if you can.      write-good.Passive  
 123:84  [33mwarning[0m  'demonstrate' is too wordy.                                         write-good.TooWordy 
 135:25  [33mwarning[0m  'be enforced' may be passive voice. Use active voice if you can.    write-good.Passive  
 136:15  [33mwarning[0m  'minimum' is too wordy.                                             write-good.TooWordy 
 144:53  [33mwarning[0m  'be evaluated' may be passive voice. Use active voice if you can.   write-good.Passive  


 [4mLICENSES/BSD-3-Clause.txt[0m
 7:15   [33mwarning[0m  'are permitted' may be passive voice. Use active voice if you can.   write-good.Passive  
 7:29   [33mwarning[0m  'provided that' is too wordy.                                        write-good.TooWordy 
 7:68   [33mwarning[0m  'are met' may be passive voice. Use active voice if you can.         write-good.Passive  
 9:40   [33mwarning[0m  'retain' is too wordy.                                               write-good.TooWordy 
 17:21  [33mwarning[0m  'be used' may be passive voice. Use active voice if you can.         write-good.Passive  
 20:15  [33mwarning[0m  'IS PROVIDED' may be passive voice. Use active voice if you can.     write-good.Passive  
 22:76  [33mwarning[0m  'ARE DISCLAIMED' may be passive voice. Use active voice if you can.  write-good.Passive  
 23:25  [33mwarning[0m  'SHALL' is too wordy.                                                write-good.TooWordy 
 26:68  [33mwarning[0m  'HOWEVER' is too wordy.                                              write-good.TooWordy 


 [4mLICENSES/MIT.txt[0m
 8:15   [33mwarning[0m  'modify' is too wordy.                                             write-good.TooWordy 
 9:68   [33mwarning[0m  'is furnished' may be passive voice. Use active voice if you can.  write-good.Passive  
 12:55  [33mwarning[0m  'shall' is too wordy.                                              write-good.TooWordy 
 12:61  [33mwarning[0m  'be included' may be passive voice. Use active voice if you can.   write-good.Passive  
 13:11  [33mwarning[0m  'substantial' is too wordy.                                        write-good.TooWordy 
 15:14  [33mwarning[0m  'IS PROVIDED' may be passive voice. Use active voice if you can.   write-good.Passive  
 17:67  [33mwarning[0m  'SHALL' is too wordy.                                              write-good.TooWordy 


 [4mMANIFESTO.md[0m
 29:56  [33mwarning[0m  'It is' is too wordy.                                             write-good.TooWordy 
 40:60  [33mwarning[0m  'it is' is too wordy.                                             write-good.TooWordy 
 47:61  [33mwarning[0m  'is finished' may be passive voice. Use active voice if you can.  write-good.Passive  
 85:13  [33mwarning[0m  'are asked' may be passive voice. Use active voice if you can.    write-good.Passive  
 90:97  [33mwarning[0m  'It is' is too wordy.                                             write-good.TooWordy 


 [4mMETA.md[0m
 142:22  [33mwarning[0m  'was authored' may be passive voice. Use active voice if you can.  write-good.Passive  
 149:15  [33mwarning[0m  'methodology' is too wordy.                                        write-good.TooWordy 
 175:23  [33mwarning[0m  'Minimum' is too wordy.                                            write-good.TooWordy 
 178:75  [33mwarning[0m  'methodology' is too wordy.                                        write-good.TooWordy 
 182:45  [33mwarning[0m  'methodology' is too wordy.                                        write-good.TooWordy 
 183:37  [33mwarning[0m  'methodology' is too wordy.                                        write-good.TooWordy 
 192:3   [31merror[0m    Don't start a sentence with 'There is'.                            write-good.ThereIs  
 193:3   [31merror[0m    Don't start a sentence with 'There is'.                            write-good.ThereIs  
 194:22  [33mwarning[0m  'are omitted' may be passive voice. Use active voice if you can.   write-good.Passive  
 195:86  [33mwarning[0m  'are omitted' may be passive voice. Use active voice if you can.   write-good.Passive  
 205:62  [33mwarning[0m  'be consumed' may be passive voice. Use active voice if you can.   write-good.Passive  
 214:41  [33mwarning[0m  'is checked' may be passive voice. Use active voice if you can.    write-good.Passive  


 [4mMETHODOLOGY.md[0m
 4:16    [33mwarning[0m  'Methodology' is too wordy.                                       write-good.TooWordy 
 26:11   [33mwarning[0m  'Methodology' is too wordy.                                       write-good.TooWordy 
 32:40   [33mwarning[0m  'Implement' is too wordy.                                         write-good.TooWordy 
 32:52   [33mwarning[0m  'Validate' is too wordy.                                          write-good.TooWordy 
 35:11   [33mwarning[0m  'It is' is too wordy.                                             write-good.TooWordy 
 63:5    [33mwarning[0m  'Implement' is too wordy.                                         write-good.TooWordy 
 69:5    [33mwarning[0m  'Validate' is too wordy.                                          write-good.TooWordy 
 97:87   [33mwarning[0m  'methodology' is too wordy.                                       write-good.TooWordy 
 115:65  [33mwarning[0m  'expiration' is too wordy.                                        write-good.TooWordy 
 119:12  [33mwarning[0m  'is layered' may be passive voice. Use active voice if you can.   write-good.Passive  
 144:25  [33mwarning[0m  'accelerate' is too wordy.                                        write-good.TooWordy 
 162:8   [33mwarning[0m  'methodology' is too wordy.                                       write-good.TooWordy 
 164:15  [33mwarning[0m  'authorize' is too wordy.                                         write-good.TooWordy 
 181:9   [33mwarning[0m  'methodology' is too wordy.                                       write-good.TooWordy 
 182:27  [33mwarning[0m  'is required' may be passive voice. Use active voice if you can.  write-good.Passive  
 189:7   [33mwarning[0m  'methodology' is too wordy.                                       write-good.TooWordy 


 [4mONTOLOGY.md[0m
 37:68   [33mwarning[0m  'it is' is too wordy.                                               write-good.TooWordy 
 38:73   [33mwarning[0m  'retain' is too wordy.                                              write-good.TooWordy 
 44:30   [33mwarning[0m  'equivalent' is too wordy.                                          write-good.TooWordy 
 52:178  [33mwarning[0m  'is operated' may be passive voice. Use active voice if you can.    write-good.Passive  
 53:238  [33mwarning[0m  'be realized' may be passive voice. Use active voice if you can.    write-good.Passive  
 54:65   [33mwarning[0m  'minimum' is too wordy.                                             write-good.TooWordy 
 57:89   [33mwarning[0m  'multiple' is too wordy.                                            write-good.TooWordy 
 65:149  [33mwarning[0m  'be derived' may be passive voice. Use active voice if you can.     write-good.Passive  
 69:91   [33mwarning[0m  'is classified' may be passive voice. Use active voice if you can.  write-good.Passive  
 79:107  [33mwarning[0m  'evaluate' is too wordy.                                            write-good.TooWordy 
 114:44  [33mwarning[0m  'minimum' is too wordy.                                             write-good.TooWordy 
 137:66  [33mwarning[0m  'is copied' may be passive voice. Use active voice if you can.      write-good.Passive  
 156:81  [33mwarning[0m  'be described' may be passive voice. Use active voice if you can.   write-good.Passive  
 158:1   [33mwarning[0m  'is generated' may be passive voice. Use active voice if you can.   write-good.Passive  
 158:18  [33mwarning[0m  'is replaced' may be passive voice. Use active voice if you can.    write-good.Passive  


 [4mPERSONAL_MODEL.md[0m
 31:79   [33mwarning[0m  'nevertheless' is too wordy.                                         write-good.TooWordy 
 34:45   [33mwarning[0m  'assistance' is too wordy.                                           write-good.TooWordy 
 39:19   [33mwarning[0m  'several' is a weasel word!                                          write-good.Weasel   
 69:25   [33mwarning[0m  'objective' is too wordy.                                            write-good.TooWordy 
 84:19   [33mwarning[0m  'is interpreted' may be passive voice. Use active voice if you can.  write-good.Passive  
 108:9   [33mwarning[0m  'is informed' may be passive voice. Use active voice if you can.     write-good.Passive  
 118:33  [33mwarning[0m  'minimize' is too wordy.                                             write-good.TooWordy 
 122:68  [33mwarning[0m  'requirement' is too wordy.                                          write-good.TooWordy 
 126:3   [33mwarning[0m  'retain' is too wordy.                                               write-good.TooWordy 


 [4mPILLARS.md[0m
 34:48   [33mwarning[0m  'participate' is too wordy.                                       write-good.TooWordy 
 77:41   [33mwarning[0m  'are read' may be passive voice. Use active voice if you can.     write-good.Passive  
 111:29  [33mwarning[0m  'be gathered' may be passive voice. Use active voice if you can.  write-good.Passive  


 [4mPRINCIPLES.md[0m
 42:67   [33mwarning[0m  'additional' is too wordy.                                           write-good.TooWordy 
 46:39   [33mwarning[0m  'be reported' may be passive voice. Use active voice if you can.     write-good.Passive  
 76:86   [33mwarning[0m  'exclusively' is too wordy.                                          write-good.TooWordy 
 81:36   [33mwarning[0m  'is preferred' may be passive voice. Use active voice if you can.    write-good.Passive  
 88:43   [33mwarning[0m  'acquire' is too wordy.                                              write-good.TooWordy 
 114:81  [33mwarning[0m  'expiration' is too wordy.                                           write-good.TooWordy 
 119:8   [33mwarning[0m  'minimum' is too wordy.                                              write-good.TooWordy 
 119:25  [33mwarning[0m  'is required' may be passive voice. Use active voice if you can.     write-good.Passive  
 121:32  [33mwarning[0m  'be represented' may be passive voice. Use active voice if you can.  write-good.Passive  


 [4mPURPOSE.md[0m
 33:61  [33mwarning[0m  'is duplicated' may be passive voice. Use active voice if you can.    write-good.Passive  
 37:13  [33mwarning[0m  'validate' is too wordy.                                              write-good.TooWordy 
 37:53  [33mwarning[0m  'are distributed' may be passive voice. Use active voice if you can.  write-good.Passive  
 46:85  [33mwarning[0m  'objective' is too wordy.                                             write-good.TooWordy 
 84:42  [33mwarning[0m  'been accepted' may be passive voice. Use active voice if you can.    write-good.Passive  


 [4mREADME.md[0m
 8:53    [33mwarning[0m  'are extracted' may be passive voice. Use active voice if you can.  write-good.Passive  
 38:18   [33mwarning[0m  'are preserved' may be passive voice. Use active voice if you can.  write-good.Passive  
 70:58   [33mwarning[0m  'be authored' may be passive voice. Use active voice if you can.    write-good.Passive  
 97:34   [33mwarning[0m  'validate' is too wordy.                                            write-good.TooWordy 
 102:65  [33mwarning[0m  'is preserved' may be passive voice. Use active voice if you can.   write-good.Passive  
 103:29  [33mwarning[0m  'be treated' may be passive voice. Use active voice if you can.     write-good.Passive  


 [4mROADMAP.md[0m
 29:25   [33mwarning[0m  'substantial' is too wordy.                                        write-good.TooWordy 
 35:73   [33mwarning[0m  'are accepted' may be passive voice. Use active voice if you can.  write-good.Passive  
 41:16   [33mwarning[0m  'validate' is too wordy.                                           write-good.TooWordy 
 47:22   [33mwarning[0m  'is evaluated' may be passive voice. Use active voice if you can.  write-good.Passive  
 70:55   [33mwarning[0m  'is supported' may be passive voice. Use active voice if you can.  write-good.Passive  
 88:3    [33mwarning[0m  'Validate' is too wordy.                                           write-good.TooWordy 
 136:5   [33mwarning[0m  'Validate' is too wordy.                                           write-good.TooWordy 
 180:34  [33mwarning[0m  'sufficient' is too wordy.                                         write-good.TooWordy 
 188:8   [33mwarning[0m  'minimum' is too wordy.                                            write-good.TooWordy 


 [4mSYSTEM.md[0m
 45:23    [33mwarning[0m  'several' is a weasel word!                                          write-good.Weasel   
 84:28    [33mwarning[0m  'be interpreted' may be passive voice. Use active voice if you can.  write-good.Passive  
 124:61   [33mwarning[0m  'are resolved' may be passive voice. Use active voice if you can.    write-good.Passive  
 143:103  [33mwarning[0m  'validate' is too wordy.                                             write-good.TooWordy 
 147:115  [33mwarning[0m  'validate' is too wordy.                                             write-good.TooWordy 
 205:53   [33mwarning[0m  'be mistaken' may be passive voice. Use active voice if you can.     write-good.Passive  
 209:24   [33mwarning[0m  'is derived' may be passive voice. Use active voice if you can.      write-good.Passive  
 210:14   [33mwarning[0m  'several' is a weasel word!                                          write-good.Weasel   


 [4mVISION.md[0m
 43:65   [33mwarning[0m  'are integrated' may be passive voice. Use active voice if you can.  write-good.Passive  
 46:10   [33mwarning[0m  'retain' is too wordy.                                               write-good.TooWordy 
 55:18   [33mwarning[0m  'validate' is too wordy.                                             write-good.TooWordy 
 63:35   [33mwarning[0m  'be reproduced' may be passive voice. Use active voice if you can.   write-good.Passive  
 87:34   [33mwarning[0m  'benefit from' is too wordy.                                         write-good.TooWordy 
 87:56   [33mwarning[0m  'minimum' is too wordy.                                              write-good.TooWordy 
 96:22   [33mwarning[0m  'demonstrate' is too wordy.                                          write-good.TooWordy 
 97:34   [33mwarning[0m  'be generated' may be passive voice. Use active voice if you can.    write-good.Passive  
 105:27  [33mwarning[0m  'evaluate' is too wordy.                                             write-good.TooWordy 


 [4mbeacon/ARCHITECTURE.md[0m
 8:1   [33mwarning[0m  'multiple' is too wordy.  write-good.TooWordy 
 71:3  [33mwarning[0m  'validate' is too wordy.  write-good.TooWordy 


 [4mbeacon/CLI.md[0m
 68:24  [33mwarning[0m  'be added' may be passive voice. Use active voice if you can.   write-good.Passive 
 68:69  [33mwarning[0m  'is proven' may be passive voice. Use active voice if you can.  write-good.Passive 


 [4mbeacon/EXTRACTION.md[0m
 25:27  [33mwarning[0m  'validate' is too wordy.  write-good.TooWordy 


 [4mbeacon/PROVENANCE.md[0m
 5:52   [33mwarning[0m  'is extracted' may be passive voice. Use active voice if you can.   write-good.Passive  
 20:9   [33mwarning[0m  'was preserved' may be passive voice. Use active voice if you can.  write-good.Passive  
 36:14  [33mwarning[0m  'is owned' may be passive voice. Use active voice if you can.       write-good.Passive  
 37:35  [33mwarning[0m  'is treated' may be passive voice. Use active voice if you can.     write-good.Passive  
 38:11  [33mwarning[0m  'requirement' is too wordy.                                         write-good.TooWordy 


 [4mbeacon/README.md[0m
 19:24  [33mwarning[0m  'is described' may be passive voice. Use active voice if you can.  write-good.Passive  
 33:1   [33mwarning[0m  'assistance' is too wordy.                                         write-good.TooWordy 


 [4mbeacon/templates/research-paper/README.md[0m
 3:52  [33mwarning[0m  'It is' is too wordy.                                               write-good.TooWordy 
 3:55  [33mwarning[0m  'is derived' may be passive voice. Use active voice if you can.     write-good.Passive  
 5:40  [33mwarning[0m  'is introduced' may be passive voice. Use active voice if you can.  write-good.Passive  


 [4mbeacon/templates/research-paper/example/paper.md[0m
 5:38  [33mwarning[0m  'validate' is too wordy.  write-good.TooWordy 


 [4megolint/.agents/agents/AGENT-CONTRACT.md[0m
 4:47    [33mwarning[0m  'It is' is too wordy.                                              write-good.TooWordy 
 14:29   [33mwarning[0m  'is defined' may be passive voice. Use active voice if you can.    write-good.Passive  
 29:14   [33mwarning[0m  'is stripped' may be passive voice. Use active voice if you can.   write-good.Passive  
 46:48   [33mwarning[0m  'be omitted' may be passive voice. Use active voice if you can.    write-good.Passive  
 50:53   [33mwarning[0m  'be isolated' may be passive voice. Use active voice if you can.   write-good.Passive  
 57:29   [33mwarning[0m  'is stripped' may be passive voice. Use active voice if you can.   write-good.Passive  
 91:12   [33mwarning[0m  'is performed' may be passive voice. Use active voice if you can.  write-good.Passive  
 93:26   [33mwarning[0m  'is removed' may be passive voice. Use active voice if you can.    write-good.Passive  
 94:32   [33mwarning[0m  'is removed' may be passive voice. Use active voice if you can.    write-good.Passive  
 106:28  [33mwarning[0m  'be published' may be passive voice. Use active voice if you can.  write-good.Passive  
 122:9   [33mwarning[0m  'is permitted' may be passive voice. Use active voice if you can.  write-good.Passive  
 123:35  [33mwarning[0m  'be embedded' may be passive voice. Use active voice if you can.   write-good.Passive  


 [4megolint/.agents/agents/architect/AGENT.md[0m
 42:4   [33mwarning[0m  'Validate' is too wordy.                                      write-good.TooWordy 
 46:10  [33mwarning[0m  'implement' is too wordy.                                     write-good.TooWordy 
 48:37  [33mwarning[0m  'multiple' is too wordy.                                      write-good.TooWordy 
 51:63  [33mwarning[0m  'is read' may be passive voice. Use active voice if you can.  write-good.Passive  


 [4megolint/.agents/agents/arxiv-publisher/AGENT.md[0m
 37:4  [33mwarning[0m  'Validate' is too wordy.  write-good.TooWordy 
 39:4  [33mwarning[0m  'Validate' is too wordy.  write-good.TooWordy 


 [4megolint/.agents/agents/auditor/AGENT.md[0m
 38:4   [33mwarning[0m  'Validate' is too wordy.                                          write-good.TooWordy 
 38:62  [33mwarning[0m  'was changed' may be passive voice. Use active voice if you can.  write-good.Passive  
 42:3   [33mwarning[0m  'Modify' is too wordy.                                            write-good.TooWordy 


 [4megolint/.agents/agents/bug-fix-teammate/AGENT.md[0m
 26:29  [33mwarning[0m  'completely' is a weasel word!                                        write-good.Weasel   
 38:4   [33mwarning[0m  'Implement' is too wordy.                                             write-good.TooWordy 
 45:27  [33mwarning[0m  'is supplied' may be passive voice. Use active voice if you can.      write-good.Passive  
 48:62  [33mwarning[0m  'being corrected' may be passive voice. Use active voice if you can.  write-good.Passive  
 49:28  [33mwarning[0m  'several' is a weasel word!                                           write-good.Weasel   


 [4megolint/.agents/agents/cleanup-specialist/AGENT.md[0m
 51:16  [33mwarning[0m  'was cleaned' may be passive voice. Use active voice if you can.   write-good.Passive 
 51:42  [33mwarning[0m  'is preserved' may be passive voice. Use active voice if you can.  write-good.Passive 


 [4megolint/.agents/agents/github-issue-creator/AGENT.md[0m
 25:177  [33mwarning[0m  'implement' is too wordy.                                          write-good.TooWordy 
 48:24   [33mwarning[0m  'are excluded' may be passive voice. Use active voice if you can.  write-good.Passive  
 48:54   [33mwarning[0m  'is read' may be passive voice. Use active voice if you can.       write-good.Passive  


 [4megolint/.agents/agents/implementation-planner/AGENT.md[0m
 40:4   [33mwarning[0m  'Validate' is too wordy.                                           write-good.TooWordy 
 40:24  [33mwarning[0m  'requirement' is too wordy.                                        write-good.TooWordy 
 40:36  [33mwarning[0m  'is covered' may be passive voice. Use active voice if you can.    write-good.Passive  
 47:68  [33mwarning[0m  'be validated' may be passive voice. Use active voice if you can.  write-good.Passive  
 49:13  [33mwarning[0m  'is excluded' may be passive voice. Use active voice if you can.   write-good.Passive  


 [4megolint/.agents/agents/specfile-creator/AGENT.md[0m
 36:43  [33mwarning[0m  'sufficient' is too wordy.                                        write-good.TooWordy 
 46:17  [33mwarning[0m  'multiple' is too wordy.                                          write-good.TooWordy 
 48:13  [33mwarning[0m  'is excluded' may be passive voice. Use active voice if you can.  write-good.Passive  
 48:41  [33mwarning[0m  'is read' may be passive voice. Use active voice if you can.      write-good.Passive  


 [4megolint/.agents/agents/test-specialist/AGENT.md[0m
 36:47  [33mwarning[0m  'sufficient' is too wordy.  write-good.TooWordy 
 45:64  [33mwarning[0m  'sufficient' is too wordy.  write-good.TooWordy 


 [4megolint/.agents/skills/SKILL-CONTRACT.md[0m
 4:47   [33mwarning[0m  'It is' is too wordy.                                           write-good.TooWordy 
 32:59  [33mwarning[0m  'be loaded' may be passive voice. Use active voice if you can.  write-good.Passive  


 [4megolint/.agents/skills/architecture/architecture-authoring/SKILL.md[0m
 33:13   [33mwarning[0m  'multiple' is too wordy.                                           write-good.TooWordy 
 95:8    [33mwarning[0m  'Validate' is too wordy.                                           write-good.TooWordy 
 101:8   [33mwarning[0m  'Validate' is too wordy.                                           write-good.TooWordy 
 122:58  [33mwarning[0m  'are resolved' may be passive voice. Use active voice if you can.  write-good.Passive  
 123:24  [33mwarning[0m  'is justified' may be passive voice. Use active voice if you can.  write-good.Passive  
 124:1   [33mwarning[0m  'are selected' may be passive voice. Use active voice if you can.  write-good.Passive  
 131:23  [33mwarning[0m  'additional' is too wordy.                                         write-good.TooWordy 


 [4megolint/.agents/skills/architecture/architecture-authoring/references/validation-checklist.md[0m
 24:29  [33mwarning[0m  'is preserved' may be passive voice. Use active voice if you can.     write-good.Passive 
 31:19  [33mwarning[0m  'are labeled' may be passive voice. Use active voice if you can.      write-good.Passive 
 32:24  [33mwarning[0m  'is acknowledged' may be passive voice. Use active voice if you can.  write-good.Passive 


 [4megolint/.agents/skills/architecture/create-ai-constitution-document/SKILL.md[0m
 3:194   [33mwarning[0m  'participate' is too wordy.                                             write-good.TooWordy 
 24:61   [33mwarning[0m  'participate' is too wordy.                                             write-good.TooWordy 
 31:41   [33mwarning[0m  'being established' may be passive voice. Use active voice if you can.  write-good.Passive  
 32:46   [33mwarning[0m  'is needed' may be passive voice. Use active voice if you can.          write-good.Passive  
 49:23   [33mwarning[0m  'be recorded' may be passive voice. Use active voice if you can.        write-good.Passive  
 94:35   [33mwarning[0m  'is identified' may be passive voice. Use active voice if you can.      write-good.Passive  
 95:38   [33mwarning[0m  'been read' may be passive voice. Use active voice if you can.          write-good.Passive  
 97:49   [33mwarning[0m  'are respected' may be passive voice. Use active voice if you can.      write-good.Passive  
 100:31  [33mwarning[0m  'are reported' may be passive voice. Use active voice if you can.       write-good.Passive  


 [4megolint/.agents/skills/architecture/create-ai-constitution-document/references/validation-checklist.md[0m
 5:38   [33mwarning[0m  'is identified' may be passive voice. Use active voice if you can.    write-good.Passive 
 6:44   [33mwarning[0m  'is known' may be passive voice. Use active voice if you can.         write-good.Passive 
 7:40   [33mwarning[0m  'been read' may be passive voice. Use active voice if you can.        write-good.Passive 
 11:20  [33mwarning[0m  'clearly' is a weasel word!                                           write-good.Weasel  
 18:28  [33mwarning[0m  'are respected' may be passive voice. Use active voice if you can.    write-good.Passive 
 20:42  [33mwarning[0m  'are excluded' may be passive voice. Use active voice if you can.     write-good.Passive 
 25:19  [33mwarning[0m  'are labeled' may be passive voice. Use active voice if you can.      write-good.Passive 
 26:24  [33mwarning[0m  'is acknowledged' may be passive voice. Use active voice if you can.  write-good.Passive 
 28:34  [33mwarning[0m  'is fabricated' may be passive voice. Use active voice if you can.    write-good.Passive 
 39:38  [33mwarning[0m  'are recorded' may be passive voice. Use active voice if you can.     write-good.Passive 


 [4megolint/.agents/skills/architecture/create-architecture-document/SKILL.md[0m
 20:20   [33mwarning[0m  'validate' is too wordy.                                              write-good.TooWordy 
 25:49   [33mwarning[0m  'accomplish' is too wordy.                                            write-good.TooWordy 
 62:23   [33mwarning[0m  'be recorded' may be passive voice. Use active voice if you can.      write-good.Passive  
 74:4    [33mwarning[0m  'Validate' is too wordy.                                              write-good.TooWordy 
 103:43  [33mwarning[0m  'is contradicted' may be passive voice. Use active voice if you can.  write-good.Passive  
 104:19  [33mwarning[0m  'be justified' may be passive voice. Use active voice if you can.     write-good.Passive  
 105:21  [33mwarning[0m  'is blocked' may be passive voice. Use active voice if you can.       write-good.Passive  
 109:35  [33mwarning[0m  'is identified' may be passive voice. Use active voice if you can.    write-good.Passive  
 110:38  [33mwarning[0m  'been read' may be passive voice. Use active voice if you can.        write-good.Passive  
 111:28  [33mwarning[0m  'is answered' may be passive voice. Use active voice if you can.      write-good.Passive  
 113:64  [33mwarning[0m  'are respected' may be passive voice. Use active voice if you can.    write-good.Passive  


 [4megolint/.agents/skills/architecture/create-architecture-document/references/authoring-guide.md[0m
 19:40  [33mwarning[0m  'was accepted' may be passive voice. Use active voice if you can.     write-good.Passive 
 43:3   [33mwarning[0m  'Are unsupported' may be passive voice. Use active voice if you can.  write-good.Passive 


 [4megolint/.agents/skills/architecture/create-architecture-document/references/validation-checklist.md[0m
 5:35   [33mwarning[0m  'is identified' may be passive voice. Use active voice if you can.    write-good.Passive  
 6:44   [33mwarning[0m  'is known' may be passive voice. Use active voice if you can.         write-good.Passive  
 7:86   [33mwarning[0m  'been read' may be passive voice. Use active voice if you can.        write-good.Passive  
 11:20  [33mwarning[0m  'clearly' is a weasel word!                                           write-good.Weasel   
 12:53  [33mwarning[0m  'accomplish' is too wordy.                                            write-good.TooWordy 
 23:25  [33mwarning[0m  'are grounded' may be passive voice. Use active voice if you can.     write-good.Passive  
 24:19  [33mwarning[0m  'are labeled' may be passive voice. Use active voice if you can.      write-good.Passive  
 25:24  [33mwarning[0m  'is acknowledged' may be passive voice. Use active voice if you can.  write-good.Passive  
 37:38  [33mwarning[0m  'are recorded' may be passive voice. Use active voice if you can.     write-good.Passive  


 [4megolint/.agents/skills/architecture/create-decisions-document/SKILL.md[0m
 26:30   [33mwarning[0m  'it is' is too wordy.                                                 write-good.TooWordy 
 32:30   [33mwarning[0m  'been accepted' may be passive voice. Use active voice if you can.    write-good.Passive  
 34:18   [33mwarning[0m  'been superseded' may be passive voice. Use active voice if you can.  write-good.Passive  
 71:14   [33mwarning[0m  'validate' is too wordy.                                              write-good.TooWordy 
 77:5    [33mwarning[0m  'validate' is too wordy.                                              write-good.TooWordy 
 85:42   [33mwarning[0m  'is used' may be passive voice. Use active voice if you can.          write-good.Passive  
 116:28  [33mwarning[0m  'is verified' may be passive voice. Use active voice if you can.      write-good.Passive  
 121:25  [33mwarning[0m  'are linked' may be passive voice. Use active voice if you can.       write-good.Passive  


 [4megolint/.agents/skills/architecture/create-decisions-document/references/decision-record-guide.md[0m
 20:22  [33mwarning[0m  'it is' is too wordy.                                               write-good.TooWordy 
 21:29  [33mwarning[0m  'be questioned' may be passive voice. Use active voice if you can.  write-good.Passive  


 [4megolint/.agents/skills/architecture/create-decisions-document/references/validation-checklist.md[0m
 5:32   [33mwarning[0m  'is identified' may be passive voice. Use active voice if you can.    write-good.Passive 
 6:43   [33mwarning[0m  'is known' may be passive voice. Use active voice if you can.         write-good.Passive 
 7:44   [33mwarning[0m  'been read' may be passive voice. Use active voice if you can.        write-good.Passive 
 26:22  [33mwarning[0m  'are separated' may be passive voice. Use active voice if you can.    write-good.Passive 
 34:20  [33mwarning[0m  'are included' may be passive voice. Use active voice if you can.     write-good.Passive 
 36:20  [33mwarning[0m  'are described' may be passive voice. Use active voice if you can.    write-good.Passive 
 43:42  [33mwarning[0m  'been fabricated' may be passive voice. Use active voice if you can.  write-good.Passive 
 47:43  [33mwarning[0m  'are linked' may be passive voice. Use active voice if you can.       write-good.Passive 
 48:65  [33mwarning[0m  'are linked' may be passive voice. Use active voice if you can.       write-good.Passive 
 62:60  [33mwarning[0m  'was made' may be passive voice. Use active voice if you can.         write-good.Passive 


 [4megolint/.agents/skills/architecture/create-design-document/SKILL.md[0m
 3:152  [33mwarning[0m  'validate' is too wordy.                                            write-good.TooWordy 
 46:23  [33mwarning[0m  'be recorded' may be passive voice. Use active voice if you can.    write-good.Passive  
 56:31  [33mwarning[0m  'multiple' is too wordy.                                            write-good.TooWordy 
 91:35  [33mwarning[0m  'is identified' may be passive voice. Use active voice if you can.  write-good.Passive  
 92:40  [33mwarning[0m  'been read' may be passive voice. Use active voice if you can.      write-good.Passive  
 93:28  [33mwarning[0m  'is answered' may be passive voice. Use active voice if you can.    write-good.Passive  
 94:49  [33mwarning[0m  'are respected' may be passive voice. Use active voice if you can.  write-good.Passive  
 95:32  [33mwarning[0m  'are addressed' may be passive voice. Use active voice if you can.  write-good.Passive  
 97:26  [33mwarning[0m  'are reported' may be passive voice. Use active voice if you can.   write-good.Passive  


 [4megolint/.agents/skills/architecture/create-design-document/references/validation-checklist.md[0m
 5:29   [33mwarning[0m  'is identified' may be passive voice. Use active voice if you can.   write-good.Passive 
 6:29   [33mwarning[0m  'is known' may be passive voice. Use active voice if you can.        write-good.Passive 
 7:40   [33mwarning[0m  'been read' may be passive voice. Use active voice if you can.       write-good.Passive 
 16:21  [33mwarning[0m  'is treated' may be passive voice. Use active voice if you can.      write-good.Passive 
 17:37  [33mwarning[0m  'are preserved' may be passive voice. Use active voice if you can.   write-good.Passive 
 18:34  [33mwarning[0m  'are considered' may be passive voice. Use active voice if you can.  write-good.Passive 
 19:44  [33mwarning[0m  'are addressed' may be passive voice. Use active voice if you can.   write-good.Passive 
 25:28  [33mwarning[0m  'are respected' may be passive voice. Use active voice if you can.   write-good.Passive 
 26:30  [33mwarning[0m  'are excluded' may be passive voice. Use active voice if you can.    write-good.Passive 
 39:26  [33mwarning[0m  'are recorded' may be passive voice. Use active voice if you can.    write-good.Passive 


 [4megolint/.agents/skills/architecture/create-design-system-document/SKILL.md[0m
 25:38  [33mwarning[0m  'be expressed' may be passive voice. Use active voice if you can.   write-good.Passive  
 46:23  [33mwarning[0m  'be recorded' may be passive voice. Use active voice if you can.    write-good.Passive  
 59:5   [33mwarning[0m  'validate' is too wordy.                                            write-good.TooWordy 
 92:35  [33mwarning[0m  'is identified' may be passive voice. Use active voice if you can.  write-good.Passive  
 93:40  [33mwarning[0m  'been read' may be passive voice. Use active voice if you can.      write-good.Passive  
 94:28  [33mwarning[0m  'is answered' may be passive voice. Use active voice if you can.    write-good.Passive  
 95:49  [33mwarning[0m  'are respected' may be passive voice. Use active voice if you can.  write-good.Passive  
 96:32  [33mwarning[0m  'are addressed' may be passive voice. Use active voice if you can.  write-good.Passive  
 98:26  [33mwarning[0m  'are reported' may be passive voice. Use active voice if you can.   write-good.Passive  


 [4megolint/.agents/skills/architecture/create-design-system-document/references/validation-checklist.md[0m
 5:36   [33mwarning[0m  'is identified' may be passive voice. Use active voice if you can.   write-good.Passive 
 6:29   [33mwarning[0m  'is known' may be passive voice. Use active voice if you can.        write-good.Passive 
 7:40   [33mwarning[0m  'been read' may be passive voice. Use active voice if you can.       write-good.Passive 
 12:42  [33mwarning[0m  'be expressed' may be passive voice. Use active voice if you can.    write-good.Passive 
 16:21  [33mwarning[0m  'is treated' may be passive voice. Use active voice if you can.      write-good.Passive 
 17:37  [33mwarning[0m  'are preserved' may be passive voice. Use active voice if you can.   write-good.Passive 
 18:34  [33mwarning[0m  'are considered' may be passive voice. Use active voice if you can.  write-good.Passive 
 19:44  [33mwarning[0m  'are addressed' may be passive voice. Use active voice if you can.   write-good.Passive 
 25:28  [33mwarning[0m  'are respected' may be passive voice. Use active voice if you can.   write-good.Passive 
 26:30  [33mwarning[0m  'are excluded' may be passive voice. Use active voice if you can.    write-good.Passive 
 39:26  [33mwarning[0m  'are recorded' may be passive voice. Use active voice if you can.    write-good.Passive 


 [4megolint/.agents/skills/architecture/create-epistemology-document/SKILL.md[0m
 31:41   [33mwarning[0m  'being established' may be passive voice. Use active voice if you can.  write-good.Passive  
 32:46   [33mwarning[0m  'is needed' may be passive voice. Use active voice if you can.          write-good.Passive  
 49:23   [33mwarning[0m  'be recorded' may be passive voice. Use active voice if you can.        write-good.Passive  
 60:4    [33mwarning[0m  'validate' is too wordy.                                                write-good.TooWordy 
 94:35   [33mwarning[0m  'is identified' may be passive voice. Use active voice if you can.      write-good.Passive  
 95:38   [33mwarning[0m  'been read' may be passive voice. Use active voice if you can.          write-good.Passive  
 97:49   [33mwarning[0m  'are respected' may be passive voice. Use active voice if you can.      write-good.Passive  
 100:31  [33mwarning[0m  'are reported' may be passive voice. Use active voice if you can.       write-good.Passive  


 [4megolint/.agents/skills/architecture/create-epistemology-document/references/validation-checklist.md[0m
 5:35   [33mwarning[0m  'is identified' may be passive voice. Use active voice if you can.    write-good.Passive 
 6:44   [33mwarning[0m  'is known' may be passive voice. Use active voice if you can.         write-good.Passive 
 7:40   [33mwarning[0m  'been read' may be passive voice. Use active voice if you can.        write-good.Passive 
 11:20  [33mwarning[0m  'clearly' is a weasel word!                                           write-good.Weasel  
 18:28  [33mwarning[0m  'are respected' may be passive voice. Use active voice if you can.    write-good.Passive 
 20:42  [33mwarning[0m  'are excluded' may be passive voice. Use active voice if you can.     write-good.Passive 
 25:19  [33mwarning[0m  'are labeled' may be passive voice. Use active voice if you can.      write-good.Passive 
 26:24  [33mwarning[0m  'is acknowledged' may be passive voice. Use active voice if you can.  write-good.Passive 
 28:34  [33mwarning[0m  'is fabricated' may be passive voice. Use active voice if you can.    write-good.Passive 
 39:38  [33mwarning[0m  'are recorded' may be passive voice. Use active voice if you can.     write-good.Passive 


 [4megolint/.agents/skills/architecture/create-foundations-document/SKILL.md[0m
 20:20   [33mwarning[0m  'validate' is too wordy.                                             write-good.TooWordy 
 39:11   [33mwarning[0m  'methodology' is too wordy.                                          write-good.TooWordy 
 61:23   [33mwarning[0m  'be recorded' may be passive voice. Use active voice if you can.     write-good.Passive  
 70:25   [33mwarning[0m  'been falsified' may be passive voice. Use active voice if you can.  write-good.Passive  
 72:4    [33mwarning[0m  'Validate' is too wordy.                                             write-good.TooWordy 
 109:34  [33mwarning[0m  'is identified' may be passive voice. Use active voice if you can.   write-good.Passive  
 110:38  [33mwarning[0m  'been read' may be passive voice. Use active voice if you can.       write-good.Passive  
 111:28  [33mwarning[0m  'is answered' may be passive voice. Use active voice if you can.     write-good.Passive  
 113:58  [33mwarning[0m  'methodology' is too wordy.                                          write-good.TooWordy 
 113:70  [33mwarning[0m  'are respected' may be passive voice. Use active voice if you can.   write-good.Passive  
 114:42  [33mwarning[0m  'are handled' may be passive voice. Use active voice if you can.     write-good.Passive  


 [4megolint/.agents/skills/architecture/create-foundations-document/references/authoring-guide.md[0m
 17:41  [33mwarning[0m  'be made' may be passive voice. Use active voice if you can.        write-good.Passive  
 19:34  [33mwarning[0m  'are organized' may be passive voice. Use active voice if you can.  write-good.Passive  
 20:30  [33mwarning[0m  'is performed' may be passive voice. Use active voice if you can.   write-good.Passive  
 38:46  [33mwarning[0m  'it is' is too wordy.                                               write-good.TooWordy 
 52:3   [33mwarning[0m  'Are contested' may be passive voice. Use active voice if you can.  write-good.Passive  


 [4megolint/.agents/skills/architecture/create-foundations-document/references/validation-checklist.md[0m
 5:34   [33mwarning[0m  'is identified' may be passive voice. Use active voice if you can.    write-good.Passive  
 6:44   [33mwarning[0m  'is known' may be passive voice. Use active voice if you can.         write-good.Passive  
 7:49   [33mwarning[0m  'been read' may be passive voice. Use active voice if you can.        write-good.Passive  
 11:20  [33mwarning[0m  'clearly' is a weasel word!                                           write-good.Weasel   
 17:19  [33mwarning[0m  'methodology' is too wordy.                                           write-good.TooWordy 
 18:45  [33mwarning[0m  'are excluded' may be passive voice. Use active voice if you can.     write-good.Passive  
 23:23  [33mwarning[0m  'is supported' may be passive voice. Use active voice if you can.     write-good.Passive  
 23:77  [33mwarning[0m  'clearly' is a weasel word!                                           write-good.Weasel   
 25:24  [33mwarning[0m  'is acknowledged' may be passive voice. Use active voice if you can.  write-good.Passive  
 32:66  [33mwarning[0m  'methodology' is too wordy.                                           write-good.TooWordy 
 37:38  [33mwarning[0m  'are recorded' may be passive voice. Use active voice if you can.     write-good.Passive  


 [4megolint/.agents/skills/architecture/create-manifesto-document/SKILL.md[0m
 31:30  [33mwarning[0m  'being established' may be passive voice. Use active voice if you can.  write-good.Passive  
 44:23  [33mwarning[0m  'be recorded' may be passive voice. Use active voice if you can.        write-good.Passive  
 54:4   [33mwarning[0m  'Validate' is too wordy.                                                write-good.TooWordy 
 83:35  [33mwarning[0m  'is identified' may be passive voice. Use active voice if you can.      write-good.Passive  
 84:38  [33mwarning[0m  'been read' may be passive voice. Use active voice if you can.          write-good.Passive  
 86:28  [33mwarning[0m  'are respected' may be passive voice. Use active voice if you can.      write-good.Passive  
 89:31  [33mwarning[0m  'are reported' may be passive voice. Use active voice if you can.       write-good.Passive  


 [4megolint/.agents/skills/architecture/create-manifesto-document/references/examples-and-antipatterns.md[0m
 30:44  [33mwarning[0m  'evaluate' is too wordy.  write-good.TooWordy 


 [4megolint/.agents/skills/architecture/create-manifesto-document/references/validation-checklist.md[0m
 5:32   [33mwarning[0m  'is identified' may be passive voice. Use active voice if you can.    write-good.Passive 
 6:44   [33mwarning[0m  'is known' may be passive voice. Use active voice if you can.         write-good.Passive 
 7:40   [33mwarning[0m  'been read' may be passive voice. Use active voice if you can.        write-good.Passive 
 11:20  [33mwarning[0m  'clearly' is a weasel word!                                           write-good.Weasel  
 17:28  [33mwarning[0m  'are respected' may be passive voice. Use active voice if you can.    write-good.Passive 
 18:29  [33mwarning[0m  'is excluded' may be passive voice. Use active voice if you can.      write-good.Passive 
 24:19  [33mwarning[0m  'are labeled' may be passive voice. Use active voice if you can.      write-good.Passive 
 25:24  [33mwarning[0m  'is acknowledged' may be passive voice. Use active voice if you can.  write-good.Passive 
 37:38  [33mwarning[0m  'are recorded' may be passive voice. Use active voice if you can.     write-good.Passive 


 [4megolint/.agents/skills/architecture/create-meta-architecture-document/SKILL.md[0m
 31:41   [33mwarning[0m  'being established' may be passive voice. Use active voice if you can.  write-good.Passive  
 32:46   [33mwarning[0m  'is needed' may be passive voice. Use active voice if you can.          write-good.Passive  
 49:23   [33mwarning[0m  'be recorded' may be passive voice. Use active voice if you can.        write-good.Passive  
 56:14   [33mwarning[0m  'validate' is too wordy.                                                write-good.TooWordy 
 94:35   [33mwarning[0m  'is identified' may be passive voice. Use active voice if you can.      write-good.Passive  
 95:38   [33mwarning[0m  'been read' may be passive voice. Use active voice if you can.          write-good.Passive  
 97:49   [33mwarning[0m  'are respected' may be passive voice. Use active voice if you can.      write-good.Passive  
 100:31  [33mwarning[0m  'are reported' may be passive voice. Use active voice if you can.       write-good.Passive  


 [4megolint/.agents/skills/architecture/create-meta-architecture-document/references/validation-checklist.md[0m
 5:27   [33mwarning[0m  'is identified' may be passive voice. Use active voice if you can.    write-good.Passive 
 6:44   [33mwarning[0m  'is known' may be passive voice. Use active voice if you can.         write-good.Passive 
 7:40   [33mwarning[0m  'been read' may be passive voice. Use active voice if you can.        write-good.Passive 
 11:20  [33mwarning[0m  'clearly' is a weasel word!                                           write-good.Weasel  
 18:28  [33mwarning[0m  'are respected' may be passive voice. Use active voice if you can.    write-good.Passive 
 20:42  [33mwarning[0m  'are excluded' may be passive voice. Use active voice if you can.     write-good.Passive 
 25:19  [33mwarning[0m  'are labeled' may be passive voice. Use active voice if you can.      write-good.Passive 
 26:24  [33mwarning[0m  'is acknowledged' may be passive voice. Use active voice if you can.  write-good.Passive 
 28:34  [33mwarning[0m  'is fabricated' may be passive voice. Use active voice if you can.    write-good.Passive 
 39:38  [33mwarning[0m  'are recorded' may be passive voice. Use active voice if you can.     write-good.Passive 


 [4megolint/.agents/skills/architecture/create-methodology-document/SKILL.md[0m
 3:33    [33mwarning[0m  'METHODOLOGY' is too wordy.                                         write-good.TooWordy 
 16:10   [33mwarning[0m  'Methodology' is too wordy.                                         write-good.TooWordy 
 20:20   [33mwarning[0m  'validate' is too wordy.                                            write-good.TooWordy 
 32:44   [33mwarning[0m  'be clarified' may be passive voice. Use active voice if you can.   write-good.Passive  
 33:27   [33mwarning[0m  'methodology' is too wordy.                                         write-good.TooWordy 
 38:44   [33mwarning[0m  'methodology' is too wordy.                                         write-good.TooWordy 
 61:23   [33mwarning[0m  'be recorded' may be passive voice. Use active voice if you can.    write-good.Passive  
 69:49   [33mwarning[0m  'it is' is too wordy.                                               write-good.TooWordy 
 69:82   [33mwarning[0m  'is done' may be passive voice. Use active voice if you can.        write-good.Passive  
 70:13   [33mwarning[0m  'methodology' is too wordy.                                         write-good.TooWordy 
 73:4    [33mwarning[0m  'Validate' is too wordy.                                            write-good.TooWordy 
 88:47   [33mwarning[0m  'is performed' may be passive voice. Use active voice if you can.   write-good.Passive  
 105:8   [33mwarning[0m  'methodology' is too wordy.                                         write-good.TooWordy 
 105:47  [33mwarning[0m  'is blocked' may be passive voice. Use active voice if you can.     write-good.Passive  
 110:34  [33mwarning[0m  'is identified' may be passive voice. Use active voice if you can.  write-good.Passive  
 111:38  [33mwarning[0m  'been read' may be passive voice. Use active voice if you can.      write-good.Passive  
 112:28  [33mwarning[0m  'is answered' may be passive voice. Use active voice if you can.    write-good.Passive  
 114:78  [33mwarning[0m  'are respected' may be passive voice. Use active voice if you can.  write-good.Passive  


 [4megolint/.agents/skills/architecture/create-methodology-document/references/authoring-guide.md[0m
 1:10   [33mwarning[0m  'Methodology' is too wordy.                                          write-good.TooWordy 
 32:11  [33mwarning[0m  'methodology' is too wordy.                                          write-good.TooWordy 
 33:16  [33mwarning[0m  'methodology' is too wordy.                                          write-good.TooWordy 
 43:3   [33mwarning[0m  'Are unresolved' may be passive voice. Use active voice if you can.  write-good.Passive  


 [4megolint/.agents/skills/architecture/create-methodology-document/references/validation-checklist.md[0m
 1:3    [33mwarning[0m  'METHODOLOGY' is too wordy.                                           write-good.TooWordy 
 5:34   [33mwarning[0m  'is identified' may be passive voice. Use active voice if you can.    write-good.Passive  
 6:44   [33mwarning[0m  'is known' may be passive voice. Use active voice if you can.         write-good.Passive  
 7:91   [33mwarning[0m  'been read' may be passive voice. Use active voice if you can.        write-good.Passive  
 11:20  [33mwarning[0m  'clearly' is a weasel word!                                           write-good.Weasel   
 16:11  [33mwarning[0m  'methodology' is too wordy.                                           write-good.TooWordy 
 18:94  [33mwarning[0m  'methodology' is too wordy.                                           write-good.TooWordy 
 19:43  [33mwarning[0m  'are included' may be passive voice. Use active voice if you can.     write-good.Passive  
 23:23  [33mwarning[0m  'are grounded' may be passive voice. Use active voice if you can.     write-good.Passive  
 24:19  [33mwarning[0m  'are labeled' may be passive voice. Use active voice if you can.      write-good.Passive  
 25:24  [33mwarning[0m  'is acknowledged' may be passive voice. Use active voice if you can.  write-good.Passive  
 37:38  [33mwarning[0m  'are recorded' may be passive voice. Use active voice if you can.     write-good.Passive  


 [4megolint/.agents/skills/architecture/create-methodology-document/templates/METHODOLOGY.template.md[0m
 3:18  [33mwarning[0m  'methodology' is too wordy.  write-good.TooWordy 
 4:8   [33mwarning[0m  'Methodology' is too wordy.  write-good.TooWordy 
 21:3  [33mwarning[0m  'Methodology' is too wordy.  write-good.TooWordy 


 [4megolint/.agents/skills/architecture/create-ontology-document/SKILL.md[0m
 3:145  [33mwarning[0m  'validate' is too wordy.                                            write-good.TooWordy 
 39:23  [33mwarning[0m  'be recorded' may be passive voice. Use active voice if you can.    write-good.Passive  
 84:35  [33mwarning[0m  'is identified' may be passive voice. Use active voice if you can.  write-good.Passive  
 85:40  [33mwarning[0m  'been read' may be passive voice. Use active voice if you can.      write-good.Passive  
 86:28  [33mwarning[0m  'is answered' may be passive voice. Use active voice if you can.    write-good.Passive  
 87:18  [33mwarning[0m  'are respected' may be passive voice. Use active voice if you can.  write-good.Passive  
 90:26  [33mwarning[0m  'are reported' may be passive voice. Use active voice if you can.   write-good.Passive  


 [4megolint/.agents/skills/architecture/create-ontology-document/references/validation-checklist.md[0m
 5:31   [33mwarning[0m  'is identified' may be passive voice. Use active voice if you can.    write-good.Passive 
 6:29   [33mwarning[0m  'is known' may be passive voice. Use active voice if you can.         write-good.Passive 
 7:40   [33mwarning[0m  'been read' may be passive voice. Use active voice if you can.        write-good.Passive 
 17:28  [33mwarning[0m  'are respected' may be passive voice. Use active voice if you can.    write-good.Passive 
 18:30  [33mwarning[0m  'are excluded' may be passive voice. Use active voice if you can.     write-good.Passive 
 24:18  [33mwarning[0m  'is preserved' may be passive voice. Use active voice if you can.     write-good.Passive 
 25:24  [33mwarning[0m  'is acknowledged' may be passive voice. Use active voice if you can.  write-good.Passive 
 31:26  [33mwarning[0m  'are recorded' may be passive voice. Use active voice if you can.     write-good.Passive 


 [4megolint/.agents/skills/architecture/create-personal-model-document/SKILL.md[0m
 39:23  [33mwarning[0m  'be recorded' may be passive voice. Use active voice if you can.    write-good.Passive 
 84:35  [33mwarning[0m  'is identified' may be passive voice. Use active voice if you can.  write-good.Passive 
 85:40  [33mwarning[0m  'been read' may be passive voice. Use active voice if you can.      write-good.Passive 
 86:28  [33mwarning[0m  'is answered' may be passive voice. Use active voice if you can.    write-good.Passive 
 87:18  [33mwarning[0m  'are respected' may be passive voice. Use active voice if you can.  write-good.Passive 
 90:26  [33mwarning[0m  'are reported' may be passive voice. Use active voice if you can.   write-good.Passive 


 [4megolint/.agents/skills/architecture/create-personal-model-document/references/human-model-safeguards.md[0m
 27:4  [33mwarning[0m  'Additional' is too wordy.  write-good.TooWordy 


 [4megolint/.agents/skills/architecture/create-personal-model-document/references/validation-checklist.md[0m
 5:37   [33mwarning[0m  'is identified' may be passive voice. Use active voice if you can.    write-good.Passive 
 6:29   [33mwarning[0m  'is known' may be passive voice. Use active voice if you can.         write-good.Passive 
 7:40   [33mwarning[0m  'been read' may be passive voice. Use active voice if you can.        write-good.Passive 
 17:28  [33mwarning[0m  'are respected' may be passive voice. Use active voice if you can.    write-good.Passive 
 18:30  [33mwarning[0m  'are excluded' may be passive voice. Use active voice if you can.     write-good.Passive 
 24:18  [33mwarning[0m  'is preserved' may be passive voice. Use active voice if you can.     write-good.Passive 
 25:24  [33mwarning[0m  'is acknowledged' may be passive voice. Use active voice if you can.  write-good.Passive 
 31:26  [33mwarning[0m  'are recorded' may be passive voice. Use active voice if you can.     write-good.Passive 


 [4megolint/.agents/skills/architecture/create-pillars-document/SKILL.md[0m
 31:30  [33mwarning[0m  'being established' may be passive voice. Use active voice if you can.  write-good.Passive  
 43:23  [33mwarning[0m  'be recorded' may be passive voice. Use active voice if you can.        write-good.Passive  
 48:50  [33mwarning[0m  'multiple' is too wordy.                                                write-good.TooWordy 
 52:4   [33mwarning[0m  'Validate' is too wordy.                                                write-good.TooWordy 
 82:35  [33mwarning[0m  'is identified' may be passive voice. Use active voice if you can.      write-good.Passive  
 83:38  [33mwarning[0m  'been read' may be passive voice. Use active voice if you can.          write-good.Passive  
 85:28  [33mwarning[0m  'are respected' may be passive voice. Use active voice if you can.      write-good.Passive  
 88:31  [33mwarning[0m  'are reported' may be passive voice. Use active voice if you can.       write-good.Passive  


 [4megolint/.agents/skills/architecture/create-pillars-document/references/examples-and-antipatterns.md[0m
 30:44  [33mwarning[0m  'evaluate' is too wordy.  write-good.TooWordy 


 [4megolint/.agents/skills/architecture/create-pillars-document/references/validation-checklist.md[0m
 5:30   [33mwarning[0m  'is identified' may be passive voice. Use active voice if you can.    write-good.Passive 
 6:44   [33mwarning[0m  'is known' may be passive voice. Use active voice if you can.         write-good.Passive 
 7:40   [33mwarning[0m  'been read' may be passive voice. Use active voice if you can.        write-good.Passive 
 11:20  [33mwarning[0m  'clearly' is a weasel word!                                           write-good.Weasel  
 17:28  [33mwarning[0m  'are respected' may be passive voice. Use active voice if you can.    write-good.Passive 
 18:29  [33mwarning[0m  'is excluded' may be passive voice. Use active voice if you can.      write-good.Passive 
 24:19  [33mwarning[0m  'are labeled' may be passive voice. Use active voice if you can.      write-good.Passive 
 25:24  [33mwarning[0m  'is acknowledged' may be passive voice. Use active voice if you can.  write-good.Passive 
 37:38  [33mwarning[0m  'are recorded' may be passive voice. Use active voice if you can.     write-good.Passive 


 [4megolint/.agents/skills/architecture/create-principles-document/SKILL.md[0m
 24:24  [33mwarning[0m  'be evaluated' may be passive voice. Use active voice if you can.       write-good.Passive  
 24:42  [33mwarning[0m  'multiple' is too wordy.                                                write-good.TooWordy 
 31:30  [33mwarning[0m  'being established' may be passive voice. Use active voice if you can.  write-good.Passive  
 42:23  [33mwarning[0m  'be recorded' may be passive voice. Use active voice if you can.        write-good.Passive  
 53:4   [33mwarning[0m  'Validate' is too wordy.                                                write-good.TooWordy 
 81:35  [33mwarning[0m  'is identified' may be passive voice. Use active voice if you can.      write-good.Passive  
 82:38  [33mwarning[0m  'been read' may be passive voice. Use active voice if you can.          write-good.Passive  
 84:28  [33mwarning[0m  'are respected' may be passive voice. Use active voice if you can.      write-good.Passive  
 87:31  [33mwarning[0m  'are reported' may be passive voice. Use active voice if you can.       write-good.Passive  


 [4megolint/.agents/skills/architecture/create-principles-document/references/examples-and-antipatterns.md[0m
 30:44  [33mwarning[0m  'evaluate' is too wordy.  write-good.TooWordy 


 [4megolint/.agents/skills/architecture/create-principles-document/references/validation-checklist.md[0m
 5:33   [33mwarning[0m  'is identified' may be passive voice. Use active voice if you can.    write-good.Passive  
 6:44   [33mwarning[0m  'is known' may be passive voice. Use active voice if you can.         write-good.Passive  
 7:40   [33mwarning[0m  'been read' may be passive voice. Use active voice if you can.        write-good.Passive  
 11:20  [33mwarning[0m  'clearly' is a weasel word!                                           write-good.Weasel   
 12:28  [33mwarning[0m  'be evaluated' may be passive voice. Use active voice if you can.     write-good.Passive  
 12:46  [33mwarning[0m  'multiple' is too wordy.                                              write-good.TooWordy 
 17:28  [33mwarning[0m  'are respected' may be passive voice. Use active voice if you can.    write-good.Passive  
 18:29  [33mwarning[0m  'is excluded' may be passive voice. Use active voice if you can.      write-good.Passive  
 24:19  [33mwarning[0m  'are labeled' may be passive voice. Use active voice if you can.      write-good.Passive  
 25:24  [33mwarning[0m  'is acknowledged' may be passive voice. Use active voice if you can.  write-good.Passive  
 37:38  [33mwarning[0m  'are recorded' may be passive voice. Use active voice if you can.     write-good.Passive  


 [4megolint/.agents/skills/architecture/create-purpose-document/SKILL.md[0m
 31:30  [33mwarning[0m  'being established' may be passive voice. Use active voice if you can.  write-good.Passive 
 42:23  [33mwarning[0m  'be recorded' may be passive voice. Use active voice if you can.        write-good.Passive 
 81:35  [33mwarning[0m  'is identified' may be passive voice. Use active voice if you can.      write-good.Passive 
 82:38  [33mwarning[0m  'been read' may be passive voice. Use active voice if you can.          write-good.Passive 
 84:28  [33mwarning[0m  'are respected' may be passive voice. Use active voice if you can.      write-good.Passive 
 87:31  [33mwarning[0m  'are reported' may be passive voice. Use active voice if you can.       write-good.Passive 


 [4megolint/.agents/skills/architecture/create-purpose-document/references/examples-and-antipatterns.md[0m
 30:44  [33mwarning[0m  'evaluate' is too wordy.  write-good.TooWordy 


 [4megolint/.agents/skills/architecture/create-purpose-document/references/validation-checklist.md[0m
 5:30   [33mwarning[0m  'is identified' may be passive voice. Use active voice if you can.    write-good.Passive 
 6:44   [33mwarning[0m  'is known' may be passive voice. Use active voice if you can.         write-good.Passive 
 7:40   [33mwarning[0m  'been read' may be passive voice. Use active voice if you can.        write-good.Passive 
 11:20  [33mwarning[0m  'clearly' is a weasel word!                                           write-good.Weasel  
 17:28  [33mwarning[0m  'are respected' may be passive voice. Use active voice if you can.    write-good.Passive 
 18:29  [33mwarning[0m  'is excluded' may be passive voice. Use active voice if you can.      write-good.Passive 
 24:19  [33mwarning[0m  'are labeled' may be passive voice. Use active voice if you can.      write-good.Passive 
 25:24  [33mwarning[0m  'is acknowledged' may be passive voice. Use active voice if you can.  write-good.Passive 
 37:38  [33mwarning[0m  'are recorded' may be passive voice. Use active voice if you can.     write-good.Passive 


 [4megolint/.agents/skills/architecture/create-roadmap-document/SKILL.md[0m
 20:20   [33mwarning[0m  'validate' is too wordy.                                            write-good.TooWordy 
 30:23   [33mwarning[0m  'is scattered' may be passive voice. Use active voice if you can.   write-good.Passive  
 32:26   [33mwarning[0m  'be sequenced' may be passive voice. Use active voice if you can.   write-good.Passive  
 33:68   [33mwarning[0m  'methodology' is too wordy.                                         write-good.TooWordy 
 48:80   [33mwarning[0m  'methodology' is too wordy.                                         write-good.TooWordy 
 61:23   [33mwarning[0m  'be recorded' may be passive voice. Use active voice if you can.    write-good.Passive  
 71:38   [33mwarning[0m  'is unresolved' may be passive voice. Use active voice if you can.  write-good.Passive  
 73:4    [33mwarning[0m  'Validate' is too wordy.                                            write-good.TooWordy 
 104:68  [33mwarning[0m  'is settled' may be passive voice. Use active voice if you can.     write-good.Passive  
 105:27  [33mwarning[0m  'is blocked' may be passive voice. Use active voice if you can.     write-good.Passive  
 105:68  [33mwarning[0m  'clearly' is a weasel word!                                         write-good.Weasel   
 110:30  [33mwarning[0m  'is identified' may be passive voice. Use active voice if you can.  write-good.Passive  
 111:38  [33mwarning[0m  'been read' may be passive voice. Use active voice if you can.      write-good.Passive  
 112:28  [33mwarning[0m  'is answered' may be passive voice. Use active voice if you can.    write-good.Passive  
 114:78  [33mwarning[0m  'are respected' may be passive voice. Use active voice if you can.  write-good.Passive  


 [4megolint/.agents/skills/architecture/create-roadmap-document/references/validation-checklist.md[0m
 5:30   [33mwarning[0m  'is identified' may be passive voice. Use active voice if you can.    write-good.Passive  
 6:44   [33mwarning[0m  'is known' may be passive voice. Use active voice if you can.         write-good.Passive  
 7:72   [33mwarning[0m  'methodology' is too wordy.                                           write-good.TooWordy 
 7:99   [33mwarning[0m  'been read' may be passive voice. Use active voice if you can.        write-good.Passive  
 11:20  [33mwarning[0m  'clearly' is a weasel word!                                           write-good.Weasel   
 19:60  [33mwarning[0m  'are excluded' may be passive voice. Use active voice if you can.     write-good.Passive  
 23:28  [33mwarning[0m  'are grounded' may be passive voice. Use active voice if you can.     write-good.Passive  
 24:19  [33mwarning[0m  'are labeled' may be passive voice. Use active voice if you can.      write-good.Passive  
 25:24  [33mwarning[0m  'is acknowledged' may be passive voice. Use active voice if you can.  write-good.Passive  
 37:38  [33mwarning[0m  'are recorded' may be passive voice. Use active voice if you can.     write-good.Passive  


 [4megolint/.agents/skills/architecture/create-system-document/SKILL.md[0m
 20:20   [33mwarning[0m  'validate' is too wordy.                                            write-good.TooWordy 
 32:67   [33mwarning[0m  'be updated' may be passive voice. Use active voice if you can.     write-good.Passive  
 61:23   [33mwarning[0m  'be recorded' may be passive voice. Use active voice if you can.    write-good.Passive  
 73:4    [33mwarning[0m  'Validate' is too wordy.                                            write-good.TooWordy 
 103:71  [33mwarning[0m  'are contested' may be passive voice. Use active voice if you can.  write-good.Passive  
 105:65  [33mwarning[0m  'is blocked' may be passive voice. Use active voice if you can.     write-good.Passive  
 110:29  [33mwarning[0m  'is identified' may be passive voice. Use active voice if you can.  write-good.Passive  
 111:38  [33mwarning[0m  'been read' may be passive voice. Use active voice if you can.      write-good.Passive  
 112:28  [33mwarning[0m  'is answered' may be passive voice. Use active voice if you can.    write-good.Passive  
 114:80  [33mwarning[0m  'are respected' may be passive voice. Use active voice if you can.  write-good.Passive  


 [4megolint/.agents/skills/architecture/create-system-document/references/authoring-guide.md[0m
 35:21  [33mwarning[0m  'tiny' is a weasel word!  write-good.Weasel 


 [4megolint/.agents/skills/architecture/create-system-document/references/validation-checklist.md[0m
 5:29   [33mwarning[0m  'is identified' may be passive voice. Use active voice if you can.    write-good.Passive 
 6:44   [33mwarning[0m  'is known' may be passive voice. Use active voice if you can.         write-good.Passive 
 7:73   [33mwarning[0m  'been read' may be passive voice. Use active voice if you can.        write-good.Passive 
 11:20  [33mwarning[0m  'clearly' is a weasel word!                                           write-good.Weasel  
 16:32  [33mwarning[0m  'clearly' is a weasel word!                                           write-good.Weasel  
 23:28  [33mwarning[0m  'is grounded' may be passive voice. Use active voice if you can.      write-good.Passive 
 24:19  [33mwarning[0m  'are labeled' may be passive voice. Use active voice if you can.      write-good.Passive 
 25:24  [33mwarning[0m  'is acknowledged' may be passive voice. Use active voice if you can.  write-good.Passive 
 37:38  [33mwarning[0m  'are recorded' may be passive voice. Use active voice if you can.     write-good.Passive 


 [4megolint/.agents/skills/architecture/create-vision-document/SKILL.md[0m
 3:174  [33mwarning[0m  'it is' is too wordy.                                                   write-good.TooWordy 
 24:60  [33mwarning[0m  'is fulfilled' may be passive voice. Use active voice if you can.       write-good.Passive  
 31:30  [33mwarning[0m  'being established' may be passive voice. Use active voice if you can.  write-good.Passive  
 42:23  [33mwarning[0m  'be recorded' may be passive voice. Use active voice if you can.        write-good.Passive  
 52:4   [33mwarning[0m  'Validate' is too wordy.                                                write-good.TooWordy 
 52:41  [33mwarning[0m  'be assessed' may be passive voice. Use active voice if you can.        write-good.Passive  
 80:35  [33mwarning[0m  'is identified' may be passive voice. Use active voice if you can.      write-good.Passive  
 81:38  [33mwarning[0m  'been read' may be passive voice. Use active voice if you can.          write-good.Passive  
 83:28  [33mwarning[0m  'are respected' may be passive voice. Use active voice if you can.      write-good.Passive  
 86:31  [33mwarning[0m  'are reported' may be passive voice. Use active voice if you can.       write-good.Passive  


 [4megolint/.agents/skills/architecture/create-vision-document/references/examples-and-antipatterns.md[0m
 30:44  [33mwarning[0m  'evaluate' is too wordy.  write-good.TooWordy 


 [4megolint/.agents/skills/architecture/create-vision-document/references/validation-checklist.md[0m
 5:29   [33mwarning[0m  'is identified' may be passive voice. Use active voice if you can.    write-good.Passive 
 6:44   [33mwarning[0m  'is known' may be passive voice. Use active voice if you can.         write-good.Passive 
 7:40   [33mwarning[0m  'been read' may be passive voice. Use active voice if you can.        write-good.Passive 
 11:20  [33mwarning[0m  'clearly' is a weasel word!                                           write-good.Weasel  
 12:64  [33mwarning[0m  'is fulfilled' may be passive voice. Use active voice if you can.     write-good.Passive 
 17:28  [33mwarning[0m  'are respected' may be passive voice. Use active voice if you can.    write-good.Passive 
 18:29  [33mwarning[0m  'is excluded' may be passive voice. Use active voice if you can.      write-good.Passive 
 24:19  [33mwarning[0m  'are labeled' may be passive voice. Use active voice if you can.      write-good.Passive 
 25:24  [33mwarning[0m  'is acknowledged' may be passive voice. Use active voice if you can.  write-good.Passive 
 37:38  [33mwarning[0m  'are recorded' may be passive voice. Use active voice if you can.     write-good.Passive 


 [4megolint/.agents/skills/authoring/create-specification-file/SKILL.md[0m
 3:141  [33mwarning[0m  'validate' is too wordy.                                            write-good.TooWordy 
 24:32  [33mwarning[0m  'is required' may be passive voice. Use active voice if you can.    write-good.Passive  
 24:70  [33mwarning[0m  'be validated' may be passive voice. Use active voice if you can.   write-good.Passive  
 50:4   [33mwarning[0m  'validate' is too wordy.                                            write-good.TooWordy 
 72:31  [33mwarning[0m  'is resolved' may be passive voice. Use active voice if you can.    write-good.Passive  
 74:25  [33mwarning[0m  'was inspected' may be passive voice. Use active voice if you can.  write-good.Passive  
 75:26  [33mwarning[0m  'was created' may be passive voice. Use active voice if you can.    write-good.Passive  
 76:18  [33mwarning[0m  'was executed' may be passive voice. Use active voice if you can.   write-good.Passive  
 82:61  [33mwarning[0m  'is named' may be passive voice. Use active voice if you can.       write-good.Passive  
 83:33  [33mwarning[0m  'is governed' may be passive voice. Use active voice if you can.    write-good.Passive  


 [4megolint/.agents/skills/authoring/create-specification-file/references/specification-authoring-guide.md[0m
 8:11   [33mwarning[0m  'Requirement' is too wordy.  write-good.TooWordy 
 12:9   [33mwarning[0m  'Requirement' is too wordy.  write-good.TooWordy 
 23:61  [33mwarning[0m  'requirement' is too wordy.  write-good.TooWordy 


 [4megolint/.agents/skills/authoring/create-specification-file/references/validation-checklist.md[0m
 5:18   [33mwarning[0m  'is identified' may be passive voice. Use active voice if you can.    write-good.Passive 
 6:29   [33mwarning[0m  'is known' may be passive voice. Use active voice if you can.         write-good.Passive 
 11:24  [33mwarning[0m  'were inspected' may be passive voice. Use active voice if you can.   write-good.Passive 
 13:24  [33mwarning[0m  'is acknowledged' may be passive voice. Use active voice if you can.  write-good.Passive 
 19:26  [33mwarning[0m  'were produced' may be passive voice. Use active voice if you can.    write-good.Passive 
 26:32  [33mwarning[0m  'is recorded' may be passive voice. Use active voice if you can.      write-good.Passive 


 [4megolint/.agents/skills/authoring/github-issue-authoring/SKILL.md[0m
 3:197  [33mwarning[0m  'clearly' is a weasel word!                                         write-good.Weasel   
 46:4   [33mwarning[0m  'validate' is too wordy.                                            write-good.TooWordy 
 50:10  [33mwarning[0m  'implement' is too wordy.                                           write-good.TooWordy 
 52:14  [33mwarning[0m  'multiple' is too wordy.                                            write-good.TooWordy 
 58:21  [33mwarning[0m  'be executed' may be passive voice. Use active voice if you can.    write-good.Passive  
 61:29  [33mwarning[0m  'is preserved' may be passive voice. Use active voice if you can.   write-good.Passive  
 78:27  [33mwarning[0m  'were reviewed' may be passive voice. Use active voice if you can.  write-good.Passive  


 [4megolint/.agents/skills/authoring/github-issue-authoring/references/copy-ready-checklist.md[0m
 9:27  [33mwarning[0m  'are included' may be passive voice. Use active voice if you can.  write-good.Passive 


 [4megolint/.agents/skills/authoring/github-issue-authoring/templates/GITHUB_ISSUE.template.md[0m
 19:3  [33mwarning[0m  'requirement' is too wordy.  write-good.TooWordy 
 20:3  [33mwarning[0m  'requirement' is too wordy.  write-good.TooWordy 


 [4megolint/.agents/skills/authoring/implementation-planning/SKILL.md[0m
 3:247  [33mwarning[0m  'be decomposed' may be passive voice. Use active voice if you can.  write-good.Passive  
 19:66  [33mwarning[0m  'be executed' may be passive voice. Use active voice if you can.    write-good.Passive  
 43:15  [33mwarning[0m  'requirement' is too wordy.                                         write-good.TooWordy 
 50:19  [33mwarning[0m  'implement' is too wordy.                                           write-good.TooWordy 
 71:64  [33mwarning[0m  'requirement' is too wordy.                                         write-good.TooWordy 


 [4megolint/.agents/skills/authoring/implementation-planning/references/phase-design-checklist.md[0m
 9:49   [33mwarning[0m  'are called' may be passive voice. Use active voice if you can.     write-good.Passive 
 10:30  [33mwarning[0m  'are treated' may be passive voice. Use active voice if you can.    write-good.Passive 
 11:22  [33mwarning[0m  'are separated' may be passive voice. Use active voice if you can.  write-good.Passive 


 [4megolint/.agents/skills/authoring/implementation-planning/templates/IMPLEMENTATION_PLAN.template.md[0m
 5:12  [33mwarning[0m  'requirement' is too wordy.  write-good.TooWordy 
 6:12  [33mwarning[0m  'requirement' is too wordy.  write-good.TooWordy 


 [4megolint/.agents/skills/authoring/skill-authoring/SKILL.md[0m
 50:4   [33mwarning[0m  'validate' is too wordy.                                           write-good.TooWordy 
 64:40  [33mwarning[0m  'are focused' may be passive voice. Use active voice if you can.   write-good.Passive  
 67:48  [33mwarning[0m  'are reported' may be passive voice. Use active voice if you can.  write-good.Passive  


 [4megolint/.agents/skills/authoring/skill-authoring/references/validation-checklist.md[0m
 10:45  [33mwarning[0m  'are documented' may be passive voice. Use active voice if you can.  write-good.Passive 
 12:41  [33mwarning[0m  'are embedded' may be passive voice. Use active voice if you can.    write-good.Passive 


 [4megolint/.agents/skills/authoring/skill-authoring/templates/SKILL.template.md[0m
 3:104  [33mwarning[0m  'be applied' may be passive voice. Use active voice if you can.  write-good.Passive 


 [4megolint/.agents/skills/methodology/orchestrate-reflective-development/SKILL.md[0m
 46:4   [33mwarning[0m  'validate' is too wordy.                                            write-good.TooWordy 
 72:31  [33mwarning[0m  'is resolved' may be passive voice. Use active voice if you can.    write-good.Passive  
 74:25  [33mwarning[0m  'was inspected' may be passive voice. Use active voice if you can.  write-good.Passive  
 75:26  [33mwarning[0m  'was created' may be passive voice. Use active voice if you can.    write-good.Passive  
 76:18  [33mwarning[0m  'was executed' may be passive voice. Use active voice if you can.   write-good.Passive  


 [4megolint/.agents/skills/methodology/orchestrate-reflective-development/references/recursion-and-synchronization-guide.md[0m
 6:20  [33mwarning[0m  'is reached' may be passive voice. Use active voice if you can.   write-good.Passive 
 6:48  [33mwarning[0m  'is needed' may be passive voice. Use active voice if you can.    write-good.Passive 
 7:49  [33mwarning[0m  'is exceeded' may be passive voice. Use active voice if you can.  write-good.Passive 
 8:12  [33mwarning[0m  'is reached' may be passive voice. Use active voice if you can.   write-good.Passive 


 [4megolint/.agents/skills/methodology/orchestrate-reflective-development/references/validation-checklist.md[0m
 5:19   [33mwarning[0m  'is identified' may be passive voice. Use active voice if you can.    write-good.Passive 
 6:29   [33mwarning[0m  'is known' may be passive voice. Use active voice if you can.         write-good.Passive 
 11:24  [33mwarning[0m  'were inspected' may be passive voice. Use active voice if you can.   write-good.Passive 
 13:24  [33mwarning[0m  'is acknowledged' may be passive voice. Use active voice if you can.  write-good.Passive 
 19:26  [33mwarning[0m  'were produced' may be passive voice. Use active voice if you can.    write-good.Passive 
 26:32  [33mwarning[0m  'is recorded' may be passive voice. Use active voice if you can.      write-good.Passive 


 [4megolint/.agents/skills/publishing/prepare-arxiv-release/SKILL.md[0m
 3:131  [33mwarning[0m  'validate' is too wordy.                                             write-good.TooWordy 
 24:19  [33mwarning[0m  'be transformed' may be passive voice. Use active voice if you can.  write-good.Passive  
 48:4   [33mwarning[0m  'validate' is too wordy.                                             write-good.TooWordy 
 73:31  [33mwarning[0m  'is resolved' may be passive voice. Use active voice if you can.     write-good.Passive  
 75:25  [33mwarning[0m  'was inspected' may be passive voice. Use active voice if you can.   write-good.Passive  
 76:26  [33mwarning[0m  'was created' may be passive voice. Use active voice if you can.     write-good.Passive  
 77:18  [33mwarning[0m  'was executed' may be passive voice. Use active voice if you can.    write-good.Passive  
 83:63  [33mwarning[0m  'is named' may be passive voice. Use active voice if you can.        write-good.Passive  
 84:29  [33mwarning[0m  'is governed' may be passive voice. Use active voice if you can.     write-good.Passive  
 87:38  [33mwarning[0m  'requirement' is too wordy.                                          write-good.TooWordy 


 [4megolint/.agents/skills/publishing/prepare-arxiv-release/references/official-arxiv-baseline.md[0m
 15:23  [33mwarning[0m  'is supported' may be passive voice. Use active voice if you can.   write-good.Passive 
 18:23  [33mwarning[0m  'is prohibited' may be passive voice. Use active voice if you can.  write-good.Passive 
 19:52  [33mwarning[0m  'are supported' may be passive voice. Use active voice if you can.  write-good.Passive 
 21:32  [33mwarning[0m  'are deleted' may be passive voice. Use active voice if you can.    write-good.Passive 
 22:38  [33mwarning[0m  'be included' may be passive voice. Use active voice if you can.    write-good.Passive 


 [4megolint/.agents/skills/publishing/prepare-arxiv-release/references/validation-checklist.md[0m
 5:26   [33mwarning[0m  'is identified' may be passive voice. Use active voice if you can.    write-good.Passive 
 6:29   [33mwarning[0m  'is known' may be passive voice. Use active voice if you can.         write-good.Passive 
 11:24  [33mwarning[0m  'were inspected' may be passive voice. Use active voice if you can.   write-good.Passive 
 13:24  [33mwarning[0m  'is acknowledged' may be passive voice. Use active voice if you can.  write-good.Passive 
 19:26  [33mwarning[0m  'were produced' may be passive voice. Use active voice if you can.    write-good.Passive 
 26:32  [33mwarning[0m  'is recorded' may be passive voice. Use active voice if you can.      write-good.Passive 


 [4megolint/.agents/skills/quality/audit-repository/SKILL.md[0m
 50:14  [33mwarning[0m  'validate' is too wordy.                                            write-good.TooWordy 
 72:31  [33mwarning[0m  'is resolved' may be passive voice. Use active voice if you can.    write-good.Passive  
 74:25  [33mwarning[0m  'was inspected' may be passive voice. Use active voice if you can.  write-good.Passive  
 75:26  [33mwarning[0m  'was created' may be passive voice. Use active voice if you can.    write-good.Passive  
 76:18  [33mwarning[0m  'was executed' may be passive voice. Use active voice if you can.   write-good.Passive  
 82:63  [33mwarning[0m  'is named' may be passive voice. Use active voice if you can.       write-good.Passive  
 83:24  [33mwarning[0m  'is governed' may be passive voice. Use active voice if you can.    write-good.Passive  


 [4megolint/.agents/skills/quality/audit-repository/references/validation-checklist.md[0m
 5:17   [33mwarning[0m  'is identified' may be passive voice. Use active voice if you can.    write-good.Passive 
 6:29   [33mwarning[0m  'is known' may be passive voice. Use active voice if you can.         write-good.Passive 
 11:24  [33mwarning[0m  'were inspected' may be passive voice. Use active voice if you can.   write-good.Passive 
 13:24  [33mwarning[0m  'is acknowledged' may be passive voice. Use active voice if you can.  write-good.Passive 
 19:26  [33mwarning[0m  'were produced' may be passive voice. Use active voice if you can.    write-good.Passive 
 26:32  [33mwarning[0m  'is recorded' may be passive voice. Use active voice if you can.      write-good.Passive 


 [4megolint/.agents/skills/quality/audit-repository/templates/AUDIT.template.md[0m
 24:4  [33mwarning[0m  'Methodology' is too wordy.  write-good.TooWordy 
 26:4  [33mwarning[0m  'Overall' is too wordy.      write-good.TooWordy 


 [4megolint/.agents/skills/quality/bug-fixing/SKILL.md[0m
 30:65  [33mwarning[0m  'was requested' may be passive voice. Use active voice if you can.     write-good.Passive  
 36:48  [33mwarning[0m  'feasible' is too wordy.                                               write-good.TooWordy 
 44:4   [33mwarning[0m  'validate' is too wordy.                                               write-good.TooWordy 
 49:10  [33mwarning[0m  'implement' is too wordy.                                              write-good.TooWordy 
 52:22  [33mwarning[0m  'is fixed' may be passive voice. Use active voice if you can.          write-good.Passive  
 58:22  [33mwarning[0m  'is distinguished' may be passive voice. Use active voice if you can.  write-good.Passive  
 61:44  [33mwarning[0m  'are reported' may be passive voice. Use active voice if you can.      write-good.Passive  
 71:6   [33mwarning[0m  'validate' is too wordy.                                               write-good.TooWordy 
 76:24  [33mwarning[0m  'authorize' is too wordy.                                              write-good.TooWordy 


 [4megolint/.agents/skills/quality/bug-fixing/references/regression-checklist.md[0m
 3:44   [33mwarning[0m  'is fixed' may be passive voice. Use active voice if you can.       write-good.Passive 
 5:28   [33mwarning[0m  'is reproduced' may be passive voice. Use active voice if you can.  write-good.Passive 
 9:57   [33mwarning[0m  'were checked' may be passive voice. Use active voice if you can.   write-good.Passive 
 10:56  [33mwarning[0m  'are reported' may be passive voice. Use active voice if you can.   write-good.Passive 


 [4megolint/.agents/skills/quality/repository-cleanup/SKILL.md[0m
 42:4   [33mwarning[0m  'validate' is too wordy.                                             write-good.TooWordy 
 56:29  [33mwarning[0m  'was classified' may be passive voice. Use active voice if you can.  write-good.Passive  
 57:28  [33mwarning[0m  'were changed' may be passive voice. Use active voice if you can.    write-good.Passive  


 [4megolint/.agents/skills/quality/repository-cleanup/references/classification-checklist.md[0m
 14:28  [33mwarning[0m  'were edited' may be passive voice. Use active voice if you can.  write-good.Passive 


 [4megolint/.agents/skills/quality/test-engineering/SKILL.md[0m
 3:239  [33mwarning[0m  'is needed' may be passive voice. Use active voice if you can.     write-good.Passive  
 29:29  [33mwarning[0m  'it is' is too wordy.                                              write-good.TooWordy 
 35:41  [33mwarning[0m  'sufficient' is too wordy.                                         write-good.TooWordy 
 44:4   [33mwarning[0m  'validate' is too wordy.                                           write-good.TooWordy 
 57:29  [33mwarning[0m  'is justified' may be passive voice. Use active voice if you can.  write-good.Passive  
 59:53  [33mwarning[0m  'are covered' may be passive voice. Use active voice if you can.   write-good.Passive  


 [4megolint/.agents/skills/quality/test-engineering/references/determinism-checklist.md[0m
 6:83   [33mwarning[0m  'are controlled' may be passive voice. Use active voice if you can.  write-good.Passive 
 10:22  [33mwarning[0m  'is identified' may be passive voice. Use active voice if you can.   write-good.Passive 


 [4megolint/.agents/skills/quality/test-engineering/templates/TEST_PLAN.template.md[0m
 9:30  [33mwarning[0m  'it is' is too wordy.       write-good.TooWordy 
 9:36  [33mwarning[0m  'sufficient' is too wordy.  write-good.TooWordy 


 [4megolint/.agents/specs/SCHEMA.md[0m
 52:57   [33mwarning[0m  'are permitted' may be passive voice. Use active voice if you can.  write-good.Passive  
 57:53   [33mwarning[0m  'It is' is too wordy.                                               write-good.TooWordy 
 152:55  [33mwarning[0m  'previously' is too wordy.                                          write-good.TooWordy 
 188:11  [33mwarning[0m  'be superseded' may be passive voice. Use active voice if you can.  write-good.Passive  


 [4megolint/.agents/specs/architecture/document.spec.md[0m
 103:6   [33mwarning[0m  'are materialized' may be passive voice. Use active voice if you can.  write-good.Passive  
 124:18  [33mwarning[0m  'is validated' may be passive voice. Use active voice if you can.      write-good.Passive  
 157:77  [33mwarning[0m  'is authored' may be passive voice. Use active voice if you can.       write-good.Passive  
 180:45  [33mwarning[0m  'be understood' may be passive voice. Use active voice if you can.     write-good.Passive  
 181:14  [33mwarning[0m  'be authored' may be passive voice. Use active voice if you can.       write-good.Passive  
 196:1   [33mwarning[0m  'are installed' may be passive voice. Use active voice if you can.     write-good.Passive  
 210:57  [33mwarning[0m  'shall' is too wordy.                                                  write-good.TooWordy 
 215:28  [33mwarning[0m  'shall' is too wordy.                                                  write-good.TooWordy 
 217:64  [33mwarning[0m  'shall' is too wordy.                                                  write-good.TooWordy 
 246:36  [33mwarning[0m  'shall' is too wordy.                                                  write-good.TooWordy 
 246:42  [33mwarning[0m  'be declared' may be passive voice. Use active voice if you can.       write-good.Passive  
 254:11  [33mwarning[0m  'shall' is too wordy.                                                  write-good.TooWordy 
 258:24  [33mwarning[0m  'shall' is too wordy.                                                  write-good.TooWordy 
 270:13  [33mwarning[0m  'shall' is too wordy.                                                  write-good.TooWordy 
 270:19  [33mwarning[0m  'be recorded' may be passive voice. Use active voice if you can.       write-good.Passive  
 279:57  [33mwarning[0m  'methodology' is too wordy.                                            write-good.TooWordy 
 287:34  [33mwarning[0m  'shall' is too wordy.                                                  write-good.TooWordy 
 307:24  [33mwarning[0m  'shall' is too wordy.                                                  write-good.TooWordy 
 309:9   [33mwarning[0m  'shall' is too wordy.                                                  write-good.TooWordy 
 310:26  [33mwarning[0m  'shall' is too wordy.                                                  write-good.TooWordy 
 310:36  [33mwarning[0m  'be fabricated' may be passive voice. Use active voice if you can.     write-good.Passive  
 311:16  [33mwarning[0m  'shall' is too wordy.                                                  write-good.TooWordy 
 312:23  [33mwarning[0m  'shall' is too wordy.                                                  write-good.TooWordy 
 313:45  [33mwarning[0m  'shall' is too wordy.                                                  write-good.TooWordy 
 313:51  [33mwarning[0m  'participate' is too wordy.                                            write-good.TooWordy 
 317:34  [33mwarning[0m  'shall' is too wordy.                                                  write-good.TooWordy 
 334:22  [33mwarning[0m  'Objective' is too wordy.                                              write-good.TooWordy 
 340:28  [33mwarning[0m  'shall' is too wordy.                                                  write-good.TooWordy 
 340:38  [33mwarning[0m  'be added' may be passive voice. Use active voice if you can.          write-good.Passive  
 340:57  [33mwarning[0m  'satisfy' is too wordy.                                                write-good.TooWordy 
 344:33  [33mwarning[0m  'shall' is too wordy.                                                  write-good.TooWordy 
 347:25  [33mwarning[0m  'be bounded' may be passive voice. Use active voice if you can.        write-good.Passive  
 352:33  [33mwarning[0m  'shall' is too wordy.                                                  write-good.TooWordy 
 360:49  [33mwarning[0m  'shall' is too wordy.                                                  write-good.TooWordy 
 361:49  [33mwarning[0m  'shall' is too wordy.                                                  write-good.TooWordy 
 363:49  [33mwarning[0m  'shall' is too wordy.                                                  write-good.TooWordy 
 365:49  [33mwarning[0m  'shall' is too wordy.                                                  write-good.TooWordy 
 367:49  [33mwarning[0m  'shall' is too wordy.                                                  write-good.TooWordy 
 369:49  [33mwarning[0m  'shall' is too wordy.                                                  write-good.TooWordy 
 369:62  [33mwarning[0m  'objective' is too wordy.                                              write-good.TooWordy 
 371:54  [33mwarning[0m  'shall' is too wordy.                                                  write-good.TooWordy 
 373:44  [33mwarning[0m  'shall' is too wordy.                                                  write-good.TooWordy 
 375:49  [33mwarning[0m  'shall' is too wordy.                                                  write-good.TooWordy 
 377:44  [33mwarning[0m  'shall' is too wordy.                                                  write-good.TooWordy 
 379:41  [33mwarning[0m  'shall' is too wordy.                                                  write-good.TooWordy 
 380:44  [33mwarning[0m  'shall' is too wordy.                                                  write-good.TooWordy 
 381:43  [33mwarning[0m  'is considered' may be passive voice. Use active voice if you can.     write-good.Passive  
 382:34  [33mwarning[0m  'shall' is too wordy.                                                  write-good.TooWordy 
 384:53  [33mwarning[0m  'shall' is too wordy.                                                  write-good.TooWordy 
 384:59  [33mwarning[0m  'be surfaced' may be passive voice. Use active voice if you can.       write-good.Passive  
 386:37  [33mwarning[0m  'shall' is too wordy.                                                  write-good.TooWordy 
 390:44  [33mwarning[0m  'shall' is too wordy.                                                  write-good.TooWordy 
 392:39  [33mwarning[0m  'shall' is too wordy.                                                  write-good.TooWordy 
 394:44  [33mwarning[0m  'shall' is too wordy.                                                  write-good.TooWordy 
 396:39  [33mwarning[0m  'shall' is too wordy.                                                  write-good.TooWordy 
 398:39  [33mwarning[0m  'shall' is too wordy.                                                  write-good.TooWordy 
 400:39  [33mwarning[0m  'shall' is too wordy.                                                  write-good.TooWordy 
 402:36  [33mwarning[0m  'shall' is too wordy.                                                  write-good.TooWordy 
 404:36  [33mwarning[0m  'shall' is too wordy.                                                  write-good.TooWordy 
 406:27  [33mwarning[0m  'shall' is too wordy.                                                  write-good.TooWordy 
 406:42  [33mwarning[0m  'exclusively' is too wordy.                                            write-good.TooWordy 
 408:39  [33mwarning[0m  'shall' is too wordy.                                                  write-good.TooWordy 
 412:34  [33mwarning[0m  'shall' is too wordy.                                                  write-good.TooWordy 
 436:45  [33mwarning[0m  'shall' is too wordy.                                                  write-good.TooWordy 
 446:4   [33mwarning[0m  'retain' is too wordy.                                                 write-good.TooWordy 
 446:53  [33mwarning[0m  'is cited' may be passive voice. Use active voice if you can.          write-good.Passive  
 447:5   [33mwarning[0m  'validate' is too wordy.                                               write-good.TooWordy 
 451:12  [33mwarning[0m  'shall' is too wordy.                                                  write-good.TooWordy 
 482:36  [33mwarning[0m  'shall' is too wordy.                                                  write-good.TooWordy 
 482:42  [33mwarning[0m  'be derived' may be passive voice. Use active voice if you can.        write-good.Passive  
 484:12  [33mwarning[0m  'shall' is too wordy.                                                  write-good.TooWordy 
 501:4   [33mwarning[0m  'minimum' is too wordy.                                                write-good.TooWordy 
 503:13  [33mwarning[0m  'shall' is too wordy.                                                  write-good.TooWordy 
 503:23  [33mwarning[0m  'be presented' may be passive voice. Use active voice if you can.      write-good.Passive  
 504:13  [33mwarning[0m  'shall' is too wordy.                                                  write-good.TooWordy 
 504:23  [33mwarning[0m  'be presented' may be passive voice. Use active voice if you can.      write-good.Passive  
 505:15  [33mwarning[0m  'shall' is too wordy.                                                  write-good.TooWordy 
 506:24  [33mwarning[0m  'shall' is too wordy.                                                  write-good.TooWordy 
 506:30  [33mwarning[0m  'be recorded' may be passive voice. Use active voice if you can.       write-good.Passive  
 507:18  [33mwarning[0m  'shall' is too wordy.                                                  write-good.TooWordy 
 529:24  [33mwarning[0m  'are supported' may be passive voice. Use active voice if you can.     write-good.Passive  
 529:66  [33mwarning[0m  'are labeled' may be passive voice. Use active voice if you can.       write-good.Passive  
 530:22  [33mwarning[0m  'is acknowledged' may be passive voice. Use active voice if you can.   write-good.Passive  
 545:18  [33mwarning[0m  'objective' is too wordy.                                              write-good.TooWordy 
 560:7   [33mwarning[0m  'It is' is too wordy.                                                  write-good.TooWordy 
 564:66  [33mwarning[0m  'shall' is too wordy.                                                  write-good.TooWordy 
 606:5   [33mwarning[0m  'Multiple' is too wordy.                                               write-good.TooWordy 


 [4megolint/.agents/specs/architecture/domain/ontology.spec.md[0m
 41:46   [33mwarning[0m  'shall' is too wordy.                                                  write-good.TooWordy 
 41:52   [33mwarning[0m  'be authored' may be passive voice. Use active voice if you can.       write-good.Passive  
 175:36  [33mwarning[0m  'shall' is too wordy.                                                  write-good.TooWordy 
 176:40  [33mwarning[0m  'shall' is too wordy.                                                  write-good.TooWordy 
 177:32  [33mwarning[0m  'shall' is too wordy.                                                  write-good.TooWordy 
 178:51  [33mwarning[0m  'shall' is too wordy.                                                  write-good.TooWordy 
 179:34  [33mwarning[0m  'shall' is too wordy.                                                  write-good.TooWordy 
 179:40  [33mwarning[0m  'be documented' may be passive voice. Use active voice if you can.     write-good.Passive  
 180:28  [33mwarning[0m  'shall' is too wordy.                                                  write-good.TooWordy 
 181:45  [33mwarning[0m  'shall' is too wordy.                                                  write-good.TooWordy 
 182:46  [33mwarning[0m  'shall' is too wordy.                                                  write-good.TooWordy 
 182:52  [33mwarning[0m  'be disambiguated' may be passive voice. Use active voice if you can.  write-good.Passive  
 183:38  [33mwarning[0m  'shall' is too wordy.                                                  write-good.TooWordy 
 183:44  [33mwarning[0m  'be documented' may be passive voice. Use active voice if you can.     write-good.Passive  
 184:32  [33mwarning[0m  'shall' is too wordy.                                                  write-good.TooWordy 
 185:40  [33mwarning[0m  'shall' is too wordy.                                                  write-good.TooWordy 
 186:25  [33mwarning[0m  'shall' is too wordy.                                                  write-good.TooWordy 
 187:37  [33mwarning[0m  'shall' is too wordy.                                                  write-good.TooWordy 
 188:29  [33mwarning[0m  'shall' is too wordy.                                                  write-good.TooWordy 
 192:36  [33mwarning[0m  'shall' is too wordy.                                                  write-good.TooWordy 
 193:32  [33mwarning[0m  'shall' is too wordy.                                                  write-good.TooWordy 
 194:30  [33mwarning[0m  'shall' is too wordy.                                                  write-good.TooWordy 
 195:33  [33mwarning[0m  'shall' is too wordy.                                                  write-good.TooWordy 
 197:25  [33mwarning[0m  'shall' is too wordy.                                                  write-good.TooWordy 
 198:30  [33mwarning[0m  'shall' is too wordy.                                                  write-good.TooWordy 
 198:67  [33mwarning[0m  'be merged' may be passive voice. Use active voice if you can.         write-good.Passive  
 199:42  [33mwarning[0m  'shall' is too wordy.                                                  write-good.TooWordy 
 201:29  [33mwarning[0m  'shall' is too wordy.                                                  write-good.TooWordy 
 202:45  [33mwarning[0m  'shall' is too wordy.                                                  write-good.TooWordy 
 202:55  [33mwarning[0m  'be encoded' may be passive voice. Use active voice if you can.        write-good.Passive  
 259:12  [33mwarning[0m  'shall' is too wordy.                                                  write-good.TooWordy 
 296:1   [33mwarning[0m  'Validate' is too wordy.                                               write-good.TooWordy 
 314:36  [33mwarning[0m  'are mapped' may be passive voice. Use active voice if you can.        write-good.Passive  


 [4megolint/.agents/specs/architecture/domain/personal-model.spec.md[0m
 44:52   [33mwarning[0m  'shall' is too wordy.                                                   write-good.TooWordy 
 44:58   [33mwarning[0m  'be authored' may be passive voice. Use active voice if you can.        write-good.Passive  
 197:34  [33mwarning[0m  'shall' is too wordy.                                                   write-good.TooWordy 
 198:36  [33mwarning[0m  'shall' is too wordy.                                                   write-good.TooWordy 
 198:42  [33mwarning[0m  'be preserved' may be passive voice. Use active voice if you can.       write-good.Passive  
 199:26  [33mwarning[0m  'shall' is too wordy.                                                   write-good.TooWordy 
 201:25  [33mwarning[0m  'shall' is too wordy.                                                   write-good.TooWordy 
 202:66  [33mwarning[0m  'shall' is too wordy.                                                   write-good.TooWordy 
 204:26  [33mwarning[0m  'shall' is too wordy.                                                   write-good.TooWordy 
 205:26  [33mwarning[0m  'shall' is too wordy.                                                   write-good.TooWordy 
 206:25  [33mwarning[0m  'shall' is too wordy.                                                   write-good.TooWordy 
 206:35  [33mwarning[0m  'be treated' may be passive voice. Use active voice if you can.         write-good.Passive  
 207:24  [33mwarning[0m  'shall' is too wordy.                                                   write-good.TooWordy 
 210:26  [33mwarning[0m  'shall' is too wordy.                                                   write-good.TooWordy 
 210:32  [33mwarning[0m  'be recognized' may be passive voice. Use active voice if you can.      write-good.Passive  
 212:59  [33mwarning[0m  'shall' is too wordy.                                                   write-good.TooWordy 
 213:45  [33mwarning[0m  'shall' is too wordy.                                                   write-good.TooWordy 
 215:26  [33mwarning[0m  'shall' is too wordy.                                                   write-good.TooWordy 
 216:61  [33mwarning[0m  'shall' is too wordy.                                                   write-good.TooWordy 
 218:54  [33mwarning[0m  'shall' is too wordy.                                                   write-good.TooWordy 
 218:64  [33mwarning[0m  'be treated' may be passive voice. Use active voice if you can.         write-good.Passive  
 220:41  [33mwarning[0m  'shall' is too wordy.                                                   write-good.TooWordy 
 220:47  [33mwarning[0m  'be addressed' may be passive voice. Use active voice if you can.       write-good.Passive  
 225:29  [33mwarning[0m  'shall' is too wordy.                                                   write-good.TooWordy 
 226:19  [33mwarning[0m  'shall' is too wordy.                                                   write-good.TooWordy 
 227:19  [33mwarning[0m  'shall' is too wordy.                                                   write-good.TooWordy 
 228:19  [33mwarning[0m  'shall' is too wordy.                                                   write-good.TooWordy 
 230:19  [33mwarning[0m  'shall' is too wordy.                                                   write-good.TooWordy 
 232:19  [33mwarning[0m  'shall' is too wordy.                                                   write-good.TooWordy 
 233:19  [33mwarning[0m  'shall' is too wordy.                                                   write-good.TooWordy 
 234:19  [33mwarning[0m  'shall' is too wordy.                                                   write-good.TooWordy 
 235:19  [33mwarning[0m  'shall' is too wordy.                                                   write-good.TooWordy 
 237:32  [33mwarning[0m  'shall' is too wordy.                                                   write-good.TooWordy 
 237:42  [33mwarning[0m  'be treated' may be passive voice. Use active voice if you can.         write-good.Passive  
 289:9   [33mwarning[0m  'substantially' is a weasel word!                                       write-good.Weasel   
 295:12  [33mwarning[0m  'shall' is too wordy.                                                   write-good.TooWordy 
 336:1   [33mwarning[0m  'Validate' is too wordy.                                                write-good.TooWordy 
 351:27  [33mwarning[0m  'are addressed' may be passive voice. Use active voice if you can.      write-good.Passive  
 354:57  [33mwarning[0m  'are distinguished' may be passive voice. Use active voice if you can.  write-good.Passive  
 357:37  [33mwarning[0m  'are addressed' may be passive voice. Use active voice if you can.      write-good.Passive  
 358:17  [33mwarning[0m  'is recognized' may be passive voice. Use active voice if you can.      write-good.Passive  
 383:37  [33mwarning[0m  'be rejected' may be passive voice. Use active voice if you can.        write-good.Passive  
 396:28  [33mwarning[0m  'be reviewed' may be passive voice. Use active voice if you can.        write-good.Passive  


 [4megolint/.agents/specs/architecture/experience/README.md[0m
 14:51  [33mwarning[0m  'be expressed' may be passive voice. Use active voice if you can.  write-good.Passive 


 [4megolint/.agents/specs/architecture/experience/design-system.spec.md[0m
 41:51   [33mwarning[0m  'shall' is too wordy.                                                write-good.TooWordy 
 41:57   [33mwarning[0m  'be authored' may be passive voice. Use active voice if you can.     write-good.Passive  
 45:21   [33mwarning[0m  'is expressed' may be passive voice. Use active voice if you can.    write-good.Passive  
 48:34   [33mwarning[0m  'multiple' is too wordy.                                             write-good.TooWordy 
 52:57   [33mwarning[0m  'is expressed' may be passive voice. Use active voice if you can.    write-good.Passive  
 59:38   [33mwarning[0m  'be expressed' may be passive voice. Use active voice if you can.    write-good.Passive  
 190:29  [33mwarning[0m  'shall' is too wordy.                                                write-good.TooWordy 
 192:33  [33mwarning[0m  'shall' is too wordy.                                                write-good.TooWordy 
 194:33  [33mwarning[0m  'shall' is too wordy.                                                write-good.TooWordy 
 194:39  [33mwarning[0m  'be defined' may be passive voice. Use active voice if you can.      write-good.Passive  
 195:47  [33mwarning[0m  'shall' is too wordy.                                                write-good.TooWordy 
 195:53  [33mwarning[0m  'be documented' may be passive voice. Use active voice if you can.   write-good.Passive  
 196:69  [33mwarning[0m  'shall' is too wordy.                                                write-good.TooWordy 
 197:3   [33mwarning[0m  'be addressed' may be passive voice. Use active voice if you can.    write-good.Passive  
 198:47  [33mwarning[0m  'shall' is too wordy.                                                write-good.TooWordy 
 198:53  [33mwarning[0m  'be documented' may be passive voice. Use active voice if you can.   write-good.Passive  
 199:67  [33mwarning[0m  'shall' is too wordy.                                                write-good.TooWordy 
 200:3   [33mwarning[0m  'be addressed' may be passive voice. Use active voice if you can.    write-good.Passive  
 202:18  [33mwarning[0m  'shall' is too wordy.                                                write-good.TooWordy 
 202:24  [33mwarning[0m  'be addressed' may be passive voice. Use active voice if you can.    write-good.Passive  
 203:23  [33mwarning[0m  'shall' is too wordy.                                                write-good.TooWordy 
 205:43  [33mwarning[0m  'shall' is too wordy.                                                write-good.TooWordy 
 207:57  [33mwarning[0m  'shall' is too wordy.                                                write-good.TooWordy 
 209:43  [33mwarning[0m  'shall' is too wordy.                                                write-good.TooWordy 
 210:29  [33mwarning[0m  'shall' is too wordy.                                                write-good.TooWordy 
 213:16  [33mwarning[0m  'shall' is too wordy.                                                write-good.TooWordy 
 213:22  [33mwarning[0m  'be defined' may be passive voice. Use active voice if you can.      write-good.Passive  
 214:36  [33mwarning[0m  'shall' is too wordy.                                                write-good.TooWordy 
 215:69  [33mwarning[0m  'shall' is too wordy.                                                write-good.TooWordy 
 217:54  [33mwarning[0m  'shall' is too wordy.                                                write-good.TooWordy 
 217:60  [33mwarning[0m  'be defined' may be passive voice. Use active voice if you can.      write-good.Passive  
 223:66  [33mwarning[0m  'shall' is too wordy.                                                write-good.TooWordy 
 225:38  [33mwarning[0m  'shall' is too wordy.                                                write-good.TooWordy 
 227:41  [33mwarning[0m  'shall' is too wordy.                                                write-good.TooWordy 
 228:33  [33mwarning[0m  'shall' is too wordy.                                                write-good.TooWordy 
 229:28  [33mwarning[0m  'shall' is too wordy.                                                write-good.TooWordy 
 230:23  [33mwarning[0m  'shall' is too wordy.                                                write-good.TooWordy 
 230:33  [33mwarning[0m  'be required' may be passive voice. Use active voice if you can.     write-good.Passive  
 232:26  [33mwarning[0m  'shall' is too wordy.                                                write-good.TooWordy 
 234:28  [33mwarning[0m  'shall' is too wordy.                                                write-good.TooWordy 
 236:33  [33mwarning[0m  'shall' is too wordy.                                                write-good.TooWordy 
 236:43  [33mwarning[0m  'be added' may be passive voice. Use active voice if you can.        write-good.Passive  
 238:40  [33mwarning[0m  'shall' is too wordy.                                                write-good.TooWordy 
 294:5   [33mwarning[0m  'validate' is too wordy.                                             write-good.TooWordy 
 294:56  [33mwarning[0m  'implement' is too wordy.                                            write-good.TooWordy 
 307:12  [33mwarning[0m  'shall' is too wordy.                                                write-good.TooWordy 
 346:1   [33mwarning[0m  'Validate' is too wordy.                                             write-good.TooWordy 
 365:58  [33mwarning[0m  'are addressed' may be passive voice. Use active voice if you can.   write-good.Passive  
 367:48  [33mwarning[0m  'are addressed' may be passive voice. Use active voice if you can.   write-good.Passive  
 368:46  [33mwarning[0m  'is defined' may be passive voice. Use active voice if you can.      write-good.Passive  
 371:34  [33mwarning[0m  'are defined' may be passive voice. Use active voice if you can.     write-good.Passive  
 373:7   [33mwarning[0m  'Multiple' is too wordy.                                             write-good.TooWordy 
 373:29  [33mwarning[0m  'implement' is too wordy.                                            write-good.TooWordy 
 382:15  [33mwarning[0m  'be implemented' may be passive voice. Use active voice if you can.  write-good.Passive  
 402:1   [33mwarning[0m  'Evaluate' is too wordy.                                             write-good.TooWordy 
 402:18  [33mwarning[0m  'it is' is too wordy.                                                write-good.TooWordy 


 [4megolint/.agents/specs/architecture/experience/design.spec.md[0m
 43:44   [33mwarning[0m  'shall' is too wordy.                                               write-good.TooWordy 
 43:50   [33mwarning[0m  'be authored' may be passive voice. Use active voice if you can.    write-good.Passive  
 182:29  [33mwarning[0m  'shall' is too wordy.                                               write-good.TooWordy 
 183:47  [33mwarning[0m  'shall' is too wordy.                                               write-good.TooWordy 
 184:31  [33mwarning[0m  'shall' is too wordy.                                               write-good.TooWordy 
 186:30  [33mwarning[0m  'shall' is too wordy.                                               write-good.TooWordy 
 186:36  [33mwarning[0m  'be treated' may be passive voice. Use active voice if you can.     write-good.Passive  
 188:64  [33mwarning[0m  'shall' is too wordy.                                               write-good.TooWordy 
 190:44  [33mwarning[0m  'shall' is too wordy.                                               write-good.TooWordy 
 190:50  [33mwarning[0m  'be documented' may be passive voice. Use active voice if you can.  write-good.Passive  
 191:56  [33mwarning[0m  'shall' is too wordy.                                               write-good.TooWordy 
 194:3   [33mwarning[0m  'shall' is too wordy.                                               write-good.TooWordy 
 194:9   [33mwarning[0m  'be addressed' may be passive voice. Use active voice if you can.   write-good.Passive  
 195:34  [33mwarning[0m  'shall' is too wordy.                                               write-good.TooWordy 
 195:40  [33mwarning[0m  'be defined' may be passive voice. Use active voice if you can.     write-good.Passive  
 197:31  [33mwarning[0m  'shall' is too wordy.                                               write-good.TooWordy 
 198:34  [33mwarning[0m  'shall' is too wordy.                                               write-good.TooWordy 
 200:31  [33mwarning[0m  'shall' is too wordy.                                               write-good.TooWordy 
 203:45  [33mwarning[0m  'shall' is too wordy.                                               write-good.TooWordy 
 205:29  [33mwarning[0m  'shall' is too wordy.                                               write-good.TooWordy 
 210:68  [33mwarning[0m  'shall' is too wordy.                                               write-good.TooWordy 
 212:41  [33mwarning[0m  'shall' is too wordy.                                               write-good.TooWordy 
 213:40  [33mwarning[0m  'shall' is too wordy.                                               write-good.TooWordy 
 214:27  [33mwarning[0m  'shall' is too wordy.                                               write-good.TooWordy 
 214:37  [33mwarning[0m  'be treated' may be passive voice. Use active voice if you can.     write-good.Passive  
 216:62  [33mwarning[0m  'shall' is too wordy.                                               write-good.TooWordy 
 217:3   [33mwarning[0m  'be normalized' may be passive voice. Use active voice if you can.  write-good.Passive  
 218:36  [33mwarning[0m  'shall' is too wordy.                                               write-good.TooWordy 
 220:31  [33mwarning[0m  'shall' is too wordy.                                               write-good.TooWordy 
 222:32  [33mwarning[0m  'shall' is too wordy.                                               write-good.TooWordy 
 224:24  [33mwarning[0m  'shall' is too wordy.                                               write-good.TooWordy 
 225:32  [33mwarning[0m  'shall' is too wordy.                                               write-good.TooWordy 
 273:31  [33mwarning[0m  'multiple' is too wordy.                                            write-good.TooWordy 
 287:12  [33mwarning[0m  'shall' is too wordy.                                               write-good.TooWordy 
 327:1   [33mwarning[0m  'Validate' is too wordy.                                            write-good.TooWordy 
 342:36  [33mwarning[0m  'are defined' may be passive voice. Use active voice if you can.    write-good.Passive  
 345:37  [33mwarning[0m  'are addressed' may be passive voice. Use active voice if you can.  write-good.Passive  
 346:22  [33mwarning[0m  'is addressed' may be passive voice. Use active voice if you can.   write-good.Passive  
 351:7   [33mwarning[0m  'Multiple' is too wordy.                                            write-good.TooWordy 
 365:22  [33mwarning[0m  'It is' is too wordy.                                               write-good.TooWordy 


 [4megolint/.agents/specs/architecture/foundation/README.md[0m
 21:44  [33mwarning[0m  'methodology' is too wordy.                                        write-good.TooWordy 
 21:76  [33mwarning[0m  'be written' may be passive voice. Use active voice if you can.    write-good.Passive  
 24:40  [33mwarning[0m  'be read' may be passive voice. Use active voice if you can.       write-good.Passive  
 57:24  [33mwarning[0m  'are intended' may be passive voice. Use active voice if you can.  write-good.Passive  
 57:40  [33mwarning[0m  'be paired' may be passive voice. Use active voice if you can.     write-good.Passive  


 [4megolint/.agents/specs/architecture/foundation/architecture.spec.md[0m
 34:1    [33mwarning[0m  'shall' is too wordy.                                               write-good.TooWordy 
 34:7    [33mwarning[0m  'be authored' may be passive voice. Use active voice if you can.    write-good.Passive  
 37:32   [33mwarning[0m  'are organized' may be passive voice. Use active voice if you can.  write-good.Passive  
 42:46   [33mwarning[0m  'are organized' may be passive voice. Use active voice if you can.  write-good.Passive  
 53:26   [33mwarning[0m  'shall' is too wordy.                                               write-good.TooWordy 
 107:34  [33mwarning[0m  'shall' is too wordy.                                               write-good.TooWordy 
 109:63  [33mwarning[0m  'shall' is too wordy.                                               write-good.TooWordy 
 109:69  [33mwarning[0m  'be made' may be passive voice. Use active voice if you can.        write-good.Passive  
 111:33  [33mwarning[0m  'shall' is too wordy.                                               write-good.TooWordy 
 111:39  [33mwarning[0m  'be allocated' may be passive voice. Use active voice if you can.   write-good.Passive  
 111:52  [33mwarning[0m  'clearly' is a weasel word!                                         write-good.Weasel   
 112:52  [33mwarning[0m  'shall' is too wordy.                                               write-good.TooWordy 
 112:58  [33mwarning[0m  'be documented' may be passive voice. Use active voice if you can.  write-good.Passive  
 113:40  [33mwarning[0m  'shall' is too wordy.                                               write-good.TooWordy 
 115:33  [33mwarning[0m  'shall' is too wordy.                                               write-good.TooWordy 
 120:41  [33mwarning[0m  'shall' is too wordy.                                               write-good.TooWordy 
 120:51  [33mwarning[0m  'be treated' may be passive voice. Use active voice if you can.     write-good.Passive  
 122:54  [33mwarning[0m  'shall' is too wordy.                                               write-good.TooWordy 
 124:51  [33mwarning[0m  'shall' is too wordy.                                               write-good.TooWordy 
 126:55  [33mwarning[0m  'shall' is too wordy.                                               write-good.TooWordy 
 126:61  [33mwarning[0m  'be avoided' may be passive voice. Use active voice if you can.     write-good.Passive  
 142:42  [33mwarning[0m  'are organized' may be passive voice. Use active voice if you can.  write-good.Passive  
 210:46  [33mwarning[0m  'clearly' is a weasel word!                                         write-good.Weasel   
 213:32  [33mwarning[0m  'are allocated' may be passive voice. Use active voice if you can.  write-good.Passive  
 273:18  [33mwarning[0m  'mostly' is a weasel word!                                          write-good.Weasel   
 277:42  [33mwarning[0m  'it is' is too wordy.                                               write-good.TooWordy 


 [4megolint/.agents/specs/architecture/foundation/foundations.spec.md[0m
 32:75   [33mwarning[0m  'shall' is too wordy.                                               write-good.TooWordy 
 33:1    [33mwarning[0m  'be authored' may be passive voice. Use active voice if you can.    write-good.Passive  
 36:42   [33mwarning[0m  'is allowed' may be passive voice. Use active voice if you can.     write-good.Passive  
 39:54   [33mwarning[0m  'be made' may be passive voice. Use active voice if you can.        write-good.Passive  
 50:26   [33mwarning[0m  'shall' is too wordy.                                               write-good.TooWordy 
 102:33  [33mwarning[0m  'shall' is too wordy.                                               write-good.TooWordy 
 104:32  [33mwarning[0m  'shall' is too wordy.                                               write-good.TooWordy 
 104:38  [33mwarning[0m  'be stated' may be passive voice. Use active voice if you can.      write-good.Passive  
 104:48  [33mwarning[0m  'clearly' is a weasel word!                                         write-good.Weasel   
 105:27  [33mwarning[0m  'shall' is too wordy.                                               write-good.TooWordy 
 105:33  [33mwarning[0m  'be identified' may be passive voice. Use active voice if you can.  write-good.Passive  
 106:28  [33mwarning[0m  'shall' is too wordy.                                               write-good.TooWordy 
 107:28  [33mwarning[0m  'shall' is too wordy.                                               write-good.TooWordy 
 109:28  [33mwarning[0m  'shall' is too wordy.                                               write-good.TooWordy 
 114:48  [33mwarning[0m  'shall' is too wordy.                                               write-good.TooWordy 
 114:58  [33mwarning[0m  'be elevated' may be passive voice. Use active voice if you can.    write-good.Passive  
 116:54  [33mwarning[0m  'shall' is too wordy.                                               write-good.TooWordy 
 116:64  [33mwarning[0m  'be presented' may be passive voice. Use active voice if you can.   write-good.Passive  
 118:44  [33mwarning[0m  'shall' is too wordy.                                               write-good.TooWordy 
 120:3   [33mwarning[0m  'shall' is too wordy.                                               write-good.TooWordy 
 120:13  [33mwarning[0m  'be duplicated' may be passive voice. Use active voice if you can.  write-good.Passive  
 127:28  [33mwarning[0m  'clearly' is a weasel word!                                         write-good.Weasel   
 156:12  [33mwarning[0m  'methodology' is too wordy.                                         write-good.TooWordy 
 201:30  [33mwarning[0m  'clearly' is a weasel word!                                         write-good.Weasel   
 254:58  [33mwarning[0m  'are expected' may be passive voice. Use active voice if you can.   write-good.Passive  


 [4megolint/.agents/specs/architecture/foundation/methodology.spec.md[0m
 4:8     [33mwarning[0m  'Methodology' is too wordy.                                          write-good.TooWordy 
 16:5    [33mwarning[0m  'methodology' is too wordy.                                          write-good.TooWordy 
 32:75   [33mwarning[0m  'shall' is too wordy.                                                write-good.TooWordy 
 33:1    [33mwarning[0m  'be authored' may be passive voice. Use active voice if you can.     write-good.Passive  
 51:26   [33mwarning[0m  'shall' is too wordy.                                                write-good.TooWordy 
 87:5    [33mwarning[0m  'Methodology' is too wordy.                                          write-good.TooWordy 
 87:65   [33mwarning[0m  'validate' is too wordy.                                             write-good.TooWordy 
 101:33  [33mwarning[0m  'shall' is too wordy.                                                write-good.TooWordy 
 103:52  [33mwarning[0m  'shall' is too wordy.                                                write-good.TooWordy 
 103:58  [33mwarning[0m  'be made' may be passive voice. Use active voice if you can.         write-good.Passive  
 104:47  [33mwarning[0m  'be represented' may be passive voice. Use active voice if you can.  write-good.Passive  
 104:62  [33mwarning[0m  'clearly' is a weasel word!                                          write-good.Weasel   
 105:20  [33mwarning[0m  'methodology' is too wordy.                                          write-good.TooWordy 
 105:32  [33mwarning[0m  'shall' is too wordy.                                                write-good.TooWordy 
 107:20  [33mwarning[0m  'methodology' is too wordy.                                          write-good.TooWordy 
 107:32  [33mwarning[0m  'shall' is too wordy.                                                write-good.TooWordy 
 111:43  [33mwarning[0m  'shall' is too wordy.                                                write-good.TooWordy 
 111:61  [33mwarning[0m  'methodology' is too wordy.                                          write-good.TooWordy 
 112:41  [33mwarning[0m  'shall' is too wordy.                                                write-good.TooWordy 
 112:51  [33mwarning[0m  'be mistaken' may be passive voice. Use active voice if you can.     write-good.Passive  
 114:29  [33mwarning[0m  'shall' is too wordy.                                                write-good.TooWordy 
 115:75  [33mwarning[0m  'shall' is too wordy.                                                write-good.TooWordy 
 116:3   [33mwarning[0m  'be avoided' may be passive voice. Use active voice if you can.      write-good.Passive  
 124:59  [33mwarning[0m  'it is' is too wordy.                                                write-good.TooWordy 
 184:29  [33mwarning[0m  'clearly' is a weasel word!                                          write-good.Weasel   
 198:37  [33mwarning[0m  'clearly' is a weasel word!                                          write-good.Weasel   
 201:19  [33mwarning[0m  'methodology' is too wordy.                                          write-good.TooWordy 
 220:16  [33mwarning[0m  'possess' is too wordy.                                              write-good.TooWordy 
 220:36  [33mwarning[0m  'methodology' is too wordy.                                          write-good.TooWordy 
 220:63  [33mwarning[0m  'is documented' may be passive voice. Use active voice if you can.   write-good.Passive  
 223:73  [33mwarning[0m  'be shared' may be passive voice. Use active voice if you can.       write-good.Passive  
 254:3   [33mwarning[0m  'methodology' is too wordy.                                          write-good.TooWordy 
 259:3   [33mwarning[0m  'implement' is too wordy.                                            write-good.TooWordy 
 260:3   [33mwarning[0m  'validate' is too wordy.                                             write-good.TooWordy 
 266:22  [33mwarning[0m  'mostly' is a weasel word!                                           write-good.Weasel   
 270:66  [33mwarning[0m  'it is' is too wordy.                                                write-good.TooWordy 
 279:7   [33mwarning[0m  'methodology' is too wordy.                                          write-good.TooWordy 


 [4megolint/.agents/specs/architecture/foundation/roadmap.spec.md[0m
 32:71   [33mwarning[0m  'shall' is too wordy.                                                write-good.TooWordy 
 32:77   [33mwarning[0m  'be authored' may be passive voice. Use active voice if you can.     write-good.Passive  
 36:23   [33mwarning[0m  'in terms of' is too wordy.                                          write-good.TooWordy 
 50:26   [33mwarning[0m  'shall' is too wordy.                                                write-good.TooWordy 
 84:50   [33mwarning[0m  'is intended' may be passive voice. Use active voice if you can.     write-good.Passive  
 96:29   [33mwarning[0m  'shall' is too wordy.                                                write-good.TooWordy 
 98:34   [33mwarning[0m  'shall' is too wordy.                                                write-good.TooWordy 
 99:28   [33mwarning[0m  'shall' is too wordy.                                                write-good.TooWordy 
 100:28  [33mwarning[0m  'shall' is too wordy.                                                write-good.TooWordy 
 102:40  [33mwarning[0m  'shall' is too wordy.                                                write-good.TooWordy 
 102:46  [33mwarning[0m  'be represented' may be passive voice. Use active voice if you can.  write-good.Passive  
 103:28  [33mwarning[0m  'shall' is too wordy.                                                write-good.TooWordy 
 107:37  [33mwarning[0m  'shall' is too wordy.                                                write-good.TooWordy 
 108:53  [33mwarning[0m  'shall' is too wordy.                                                write-good.TooWordy 
 109:45  [33mwarning[0m  'shall' is too wordy.                                                write-good.TooWordy 
 110:38  [33mwarning[0m  'be avoided' may be passive voice. Use active voice if you can.      write-good.Passive  
 112:29  [33mwarning[0m  'shall' is too wordy.                                                write-good.TooWordy 
 187:59  [33mwarning[0m  'clearly' is a weasel word!                                          write-good.Weasel   
 194:37  [33mwarning[0m  'clearly' is a weasel word!                                          write-good.Weasel   
 261:21  [33mwarning[0m  'mostly' is a weasel word!                                           write-good.Weasel   
 262:18  [33mwarning[0m  'is tied' may be passive voice. Use active voice if you can.         write-good.Passive  
 264:36  [33mwarning[0m  'evaluate' is too wordy.                                             write-good.TooWordy 
 264:56  [33mwarning[0m  'be clarified' may be passive voice. Use active voice if you can.    write-good.Passive  
 277:27  [33mwarning[0m  'are separated' may be passive voice. Use active voice if you can.   write-good.Passive  
 277:41  [33mwarning[0m  'clearly' is a weasel word!                                          write-good.Weasel   


 [4megolint/.agents/specs/architecture/foundation/system.spec.md[0m
 32:70   [33mwarning[0m  'shall' is too wordy.                                               write-good.TooWordy 
 32:76   [33mwarning[0m  'be authored' may be passive voice. Use active voice if you can.    write-good.Passive  
 42:58   [33mwarning[0m  'are organized' may be passive voice. Use active voice if you can.  write-good.Passive  
 53:26   [33mwarning[0m  'shall' is too wordy.                                               write-good.TooWordy 
 105:28  [33mwarning[0m  'shall' is too wordy.                                               write-good.TooWordy 
 106:28  [33mwarning[0m  'shall' is too wordy.                                               write-good.TooWordy 
 106:41  [33mwarning[0m  'clearly' is a weasel word!                                         write-good.Weasel   
 107:28  [33mwarning[0m  'shall' is too wordy.                                               write-good.TooWordy 
 108:34  [33mwarning[0m  'shall' is too wordy.                                               write-good.TooWordy 
 109:35  [33mwarning[0m  'shall' is too wordy.                                               write-good.TooWordy 
 109:41  [33mwarning[0m  'be assigned' may be passive voice. Use active voice if you can.    write-good.Passive  
 110:33  [33mwarning[0m  'shall' is too wordy.                                               write-good.TooWordy 
 111:41  [33mwarning[0m  'shall' is too wordy.                                               write-good.TooWordy 
 116:46  [33mwarning[0m  'shall' is too wordy.                                               write-good.TooWordy 
 116:56  [33mwarning[0m  'be used' may be passive voice. Use active voice if you can.        write-good.Passive  
 118:67  [33mwarning[0m  'shall' is too wordy.                                               write-good.TooWordy 
 120:50  [33mwarning[0m  'shall' is too wordy.                                               write-good.TooWordy 
 122:48  [33mwarning[0m  'shall' is too wordy.                                               write-good.TooWordy 
 122:54  [33mwarning[0m  'be deferred' may be passive voice. Use active voice if you can.    write-good.Passive  
 129:16  [33mwarning[0m  'Minimize' is too wordy.                                            write-good.TooWordy 
 130:58  [33mwarning[0m  'be understood' may be passive voice. Use active voice if you can.  write-good.Passive  
 204:34  [33mwarning[0m  'is identified' may be passive voice. Use active voice if you can.  write-good.Passive  
 205:34  [33mwarning[0m  'clearly' is a weasel word!                                         write-good.Weasel   
 206:49  [33mwarning[0m  'are assigned' may be passive voice. Use active voice if you can.   write-good.Passive  
 268:60  [33mwarning[0m  'be described' may be passive voice. Use active voice if you can.   write-good.Passive  
 278:27  [33mwarning[0m  'significantly' is a weasel word!                                   write-good.Weasel   


 [4megolint/.agents/specs/architecture/governance/README.md[0m
 4:24   [33mwarning[0m  'are preserved' may be passive voice. Use active voice if you can.  write-good.Passive  
 10:47  [33mwarning[0m  'it is' is too wordy.                                               write-good.TooWordy 
 14:48  [33mwarning[0m  'be evaluated' may be passive voice. Use active voice if you can.   write-good.Passive  
 15:60  [33mwarning[0m  'be evaluated' may be passive voice. Use active voice if you can.   write-good.Passive  
 16:48  [33mwarning[0m  'been accepted' may be passive voice. Use active voice if you can.  write-good.Passive  


 [4megolint/.agents/specs/architecture/governance/decisions.spec.md[0m
 42:47   [33mwarning[0m  'shall' is too wordy.                                                 write-good.TooWordy 
 42:53   [33mwarning[0m  'be authored' may be passive voice. Use active voice if you can.      write-good.Passive  
 47:38   [33mwarning[0m  'it is' is too wordy.                                                 write-good.TooWordy 
 53:52   [33mwarning[0m  'be evaluated' may be passive voice. Use active voice if you can.     write-good.Passive  
 54:56   [33mwarning[0m  'be justified' may be passive voice. Use active voice if you can.     write-good.Passive  
 64:30   [33mwarning[0m  'it is' is too wordy.                                                 write-good.TooWordy 
 122:33  [33mwarning[0m  'be appended' may be passive voice. Use active voice if you can.      write-good.Passive  
 127:26  [33mwarning[0m  'be recorded' may be passive voice. Use active voice if you can.      write-good.Passive  
 134:14  [33mwarning[0m  'multiple' is too wordy.                                              write-good.TooWordy 
 138:3   [33mwarning[0m  'it is' is too wordy.                                                 write-good.TooWordy 
 138:19  [33mwarning[0m  'be questioned' may be passive voice. Use active voice if you can.    write-good.Passive  
 179:52  [33mwarning[0m  'shall' is too wordy.                                                 write-good.TooWordy 
 217:47  [33mwarning[0m  'be reconsidered' may be passive voice. Use active voice if you can.  write-good.Passive  
 230:18  [33mwarning[0m  'shall' is too wordy.                                                 write-good.TooWordy 
 249:52  [33mwarning[0m  'shall' is too wordy.                                                 write-good.TooWordy 
 251:31  [33mwarning[0m  'shall' is too wordy.                                                 write-good.TooWordy 
 252:31  [33mwarning[0m  'shall' is too wordy.                                                 write-good.TooWordy 
 252:63  [33mwarning[0m  'clearly' is a weasel word!                                           write-good.Weasel   
 253:31  [33mwarning[0m  'shall' is too wordy.                                                 write-good.TooWordy 
 255:31  [33mwarning[0m  'shall' is too wordy.                                                 write-good.TooWordy 
 256:40  [33mwarning[0m  'shall' is too wordy.                                                 write-good.TooWordy 
 256:46  [33mwarning[0m  'be recorded' may be passive voice. Use active voice if you can.      write-good.Passive  
 257:27  [33mwarning[0m  'shall' is too wordy.                                                 write-good.TooWordy 
 257:33  [33mwarning[0m  'be documented' may be passive voice. Use active voice if you can.    write-good.Passive  
 258:38  [33mwarning[0m  'shall' is too wordy.                                                 write-good.TooWordy 
 258:44  [33mwarning[0m  'be documented' may be passive voice. Use active voice if you can.    write-good.Passive  
 259:55  [33mwarning[0m  'shall' is too wordy.                                                 write-good.TooWordy 
 262:51  [33mwarning[0m  'shall' is too wordy.                                                 write-good.TooWordy 
 262:57  [33mwarning[0m  'be linked' may be passive voice. Use active voice if you can.        write-good.Passive  
 264:37  [33mwarning[0m  'shall' is too wordy.                                                 write-good.TooWordy 
 265:38  [33mwarning[0m  'shall' is too wordy.                                                 write-good.TooWordy 
 266:39  [33mwarning[0m  'shall' is too wordy.                                                 write-good.TooWordy 
 267:37  [33mwarning[0m  'shall' is too wordy.                                                 write-good.TooWordy 
 268:28  [33mwarning[0m  'shall' is too wordy.                                                 write-good.TooWordy 
 270:62  [33mwarning[0m  'shall' is too wordy.                                                 write-good.TooWordy 
 272:32  [33mwarning[0m  'shall' is too wordy.                                                 write-good.TooWordy 
 272:38  [33mwarning[0m  'be documented' may be passive voice. Use active voice if you can.    write-good.Passive  
 275:23  [33mwarning[0m  'shall' is too wordy.                                                 write-good.TooWordy 
 275:29  [33mwarning[0m  'be made' may be passive voice. Use active voice if you can.          write-good.Passive  
 276:46  [33mwarning[0m  'shall' is too wordy.                                                 write-good.TooWordy 
 277:33  [33mwarning[0m  'shall' is too wordy.                                                 write-good.TooWordy 
 282:30  [33mwarning[0m  'shall' is too wordy.                                                 write-good.TooWordy 
 283:30  [33mwarning[0m  'shall' is too wordy.                                                 write-good.TooWordy 
 283:40  [33mwarning[0m  'be copied' may be passive voice. Use active voice if you can.        write-good.Passive  
 284:55  [33mwarning[0m  'shall' is too wordy.                                                 write-good.TooWordy 
 286:37  [33mwarning[0m  'shall' is too wordy.                                                 write-good.TooWordy 
 286:47  [33mwarning[0m  'be backdated' may be passive voice. Use active voice if you can.     write-good.Passive  
 288:35  [33mwarning[0m  'shall' is too wordy.                                                 write-good.TooWordy 
 288:45  [33mwarning[0m  'be deleted' may be passive voice. Use active voice if you can.       write-good.Passive  
 290:33  [33mwarning[0m  'shall' is too wordy.                                                 write-good.TooWordy 
 292:38  [33mwarning[0m  'shall' is too wordy.                                                 write-good.TooWordy 
 293:29  [33mwarning[0m  'shall' is too wordy.                                                 write-good.TooWordy 
 293:39  [33mwarning[0m  'be fabricated' may be passive voice. Use active voice if you can.    write-good.Passive  
 294:29  [33mwarning[0m  'shall' is too wordy.                                                 write-good.TooWordy 
 296:27  [33mwarning[0m  'shall' is too wordy.                                                 write-good.TooWordy 
 296:37  [33mwarning[0m  'be marked' may be passive voice. Use active voice if you can.        write-good.Passive  
 297:12  [33mwarning[0m  'is unresolved' may be passive voice. Use active voice if you can.    write-good.Passive  
 298:38  [33mwarning[0m  'shall' is too wordy.                                                 write-good.TooWordy 
 298:48  [33mwarning[0m  'be exposed' may be passive voice. Use active voice if you can.       write-good.Passive  
 300:49  [33mwarning[0m  'shall' is too wordy.                                                 write-good.TooWordy 
 359:5   [33mwarning[0m  'validate' is too wordy.                                              write-good.TooWordy 
 367:16  [33mwarning[0m  'is required' may be passive voice. Use active voice if you can.      write-good.Passive  
 370:26  [33mwarning[0m  'is accepted' may be passive voice. Use active voice if you can.      write-good.Passive  
 382:22  [33mwarning[0m  'are stored' may be passive voice. Use active voice if you can.       write-good.Passive  
 397:18  [33mwarning[0m  'are stored' may be passive voice. Use active voice if you can.       write-good.Passive  
 403:29  [33mwarning[0m  'shall' is too wordy.                                                 write-good.TooWordy 
 404:11  [33mwarning[0m  'shall' is too wordy.                                                 write-good.TooWordy 
 409:12  [33mwarning[0m  'shall' is too wordy.                                                 write-good.TooWordy 
 422:40  [33mwarning[0m  'shall' is too wordy.                                                 write-good.TooWordy 
 455:1   [33mwarning[0m  'Validate' is too wordy.                                              write-good.TooWordy 
 480:20  [33mwarning[0m  'are documented' may be passive voice. Use active voice if you can.   write-good.Passive  
 482:58  [33mwarning[0m  'are linked' may be passive voice. Use active voice if you can.       write-good.Passive  
 484:3   [33mwarning[0m  'are addressed' may be passive voice. Use active voice if you can.    write-good.Passive  
 488:37  [33mwarning[0m  'been invented' may be passive voice. Use active voice if you can.    write-good.Passive  
 490:59  [33mwarning[0m  'was made' may be passive voice. Use active voice if you can.         write-good.Passive  
 525:56  [33mwarning[0m  'it was' is too wordy.                                                write-good.TooWordy 
 525:59  [33mwarning[0m  'was selected' may be passive voice. Use active voice if you can.     write-good.Passive  
 531:1   [33mwarning[0m  'Retain' is too wordy.                                                write-good.TooWordy 
 549:14  [33mwarning[0m  'is shaped' may be passive voice. Use active voice if you can.        write-good.Passive  


 [4megolint/.agents/specs/architecture/identity/README.md[0m
 12:42  [33mwarning[0m  'be made' may be passive voice. Use active voice if you can.  write-good.Passive 


 [4megolint/.agents/specs/architecture/identity/manifesto.spec.md[0m
 37:47   [33mwarning[0m  'shall' is too wordy.                                                write-good.TooWordy 
 37:53   [33mwarning[0m  'be authored' may be passive voice. Use active voice if you can.     write-good.Passive  
 105:39  [33mwarning[0m  'participate' is too wordy.                                          write-good.TooWordy 
 109:30  [33mwarning[0m  'shall' is too wordy.                                                write-good.TooWordy 
 110:19  [33mwarning[0m  'shall' is too wordy.                                                write-good.TooWordy 
 111:19  [33mwarning[0m  'shall' is too wordy.                                                write-good.TooWordy 
 112:19  [33mwarning[0m  'shall' is too wordy.                                                write-good.TooWordy 
 113:28  [33mwarning[0m  'shall' is too wordy.                                                write-good.TooWordy 
 114:29  [33mwarning[0m  'shall' is too wordy.                                                write-good.TooWordy 
 115:19  [33mwarning[0m  'shall' is too wordy.                                                write-good.TooWordy 
 116:19  [33mwarning[0m  'shall' is too wordy.                                                write-good.TooWordy 
 117:19  [33mwarning[0m  'shall' is too wordy.                                                write-good.TooWordy 
 118:54  [33mwarning[0m  'shall' is too wordy.                                                write-good.TooWordy 
 122:41  [33mwarning[0m  'shall' is too wordy.                                                write-good.TooWordy 
 123:38  [33mwarning[0m  'shall' is too wordy.                                                write-good.TooWordy 
 124:34  [33mwarning[0m  'shall' is too wordy.                                                write-good.TooWordy 
 125:29  [33mwarning[0m  'shall' is too wordy.                                                write-good.TooWordy 
 126:28  [33mwarning[0m  'shall' is too wordy.                                                write-good.TooWordy 
 127:30  [33mwarning[0m  'shall' is too wordy.                                                write-good.TooWordy 
 128:29  [33mwarning[0m  'shall' is too wordy.                                                write-good.TooWordy 
 129:36  [33mwarning[0m  'shall' is too wordy.                                                write-good.TooWordy 
 161:4   [33mwarning[0m  'Validate' is too wordy.                                             write-good.TooWordy 
 171:12  [33mwarning[0m  'shall' is too wordy.                                                write-good.TooWordy 
 180:4   [33mwarning[0m  'validate' is too wordy.                                             write-good.TooWordy 
 182:12  [33mwarning[0m  'shall' is too wordy.                                                write-good.TooWordy 
 203:25  [33mwarning[0m  'is represented' may be passive voice. Use active voice if you can.  write-good.Passive  
 218:12  [33mwarning[0m  'shall' is too wordy.                                                write-good.TooWordy 
 232:47  [33mwarning[0m  'are recorded' may be passive voice. Use active voice if you can.    write-good.Passive  
 247:25  [33mwarning[0m  'be rejected' may be passive voice. Use active voice if you can.     write-good.Passive  


 [4megolint/.agents/specs/architecture/identity/pillars.spec.md[0m
 39:45   [33mwarning[0m  'shall' is too wordy.                                                write-good.TooWordy 
 39:51   [33mwarning[0m  'be authored' may be passive voice. Use active voice if you can.     write-good.Passive  
 111:29  [33mwarning[0m  'shall' is too wordy.                                                write-good.TooWordy 
 112:24  [33mwarning[0m  'shall' is too wordy.                                                write-good.TooWordy 
 113:24  [33mwarning[0m  'shall' is too wordy.                                                write-good.TooWordy 
 114:29  [33mwarning[0m  'shall' is too wordy.                                                write-good.TooWordy 
 115:29  [33mwarning[0m  'shall' is too wordy.                                                write-good.TooWordy 
 116:24  [33mwarning[0m  'shall' is too wordy.                                                write-good.TooWordy 
 117:28  [33mwarning[0m  'shall' is too wordy.                                                write-good.TooWordy 
 118:29  [33mwarning[0m  'shall' is too wordy.                                                write-good.TooWordy 
 119:35  [33mwarning[0m  'be defined' may be passive voice. Use active voice if you can.      write-good.Passive  
 120:24  [33mwarning[0m  'shall' is too wordy.                                                write-good.TooWordy 
 124:35  [33mwarning[0m  'shall' is too wordy.                                                write-good.TooWordy 
 125:35  [33mwarning[0m  'shall' is too wordy.                                                write-good.TooWordy 
 126:24  [33mwarning[0m  'shall' is too wordy.                                                write-good.TooWordy 
 127:24  [33mwarning[0m  'shall' is too wordy.                                                write-good.TooWordy 
 128:24  [33mwarning[0m  'shall' is too wordy.                                                write-good.TooWordy 
 129:59  [33mwarning[0m  'shall' is too wordy.                                                write-good.TooWordy 
 129:65  [33mwarning[0m  'be excluded' may be passive voice. Use active voice if you can.     write-good.Passive  
 131:38  [33mwarning[0m  'shall' is too wordy.                                                write-good.TooWordy 
 157:50  [33mwarning[0m  'multiple' is too wordy.                                             write-good.TooWordy 
 161:4   [33mwarning[0m  'Validate' is too wordy.                                             write-good.TooWordy 
 172:12  [33mwarning[0m  'shall' is too wordy.                                                write-good.TooWordy 
 181:4   [33mwarning[0m  'validate' is too wordy.                                             write-good.TooWordy 
 183:12  [33mwarning[0m  'shall' is too wordy.                                                write-good.TooWordy 
 204:25  [33mwarning[0m  'is represented' may be passive voice. Use active voice if you can.  write-good.Passive  
 218:12  [33mwarning[0m  'shall' is too wordy.                                                write-good.TooWordy 
 231:47  [33mwarning[0m  'are recorded' may be passive voice. Use active voice if you can.    write-good.Passive  
 246:25  [33mwarning[0m  'be rejected' may be passive voice. Use active voice if you can.     write-good.Passive  


 [4megolint/.agents/specs/architecture/identity/principles.spec.md[0m
 38:48   [33mwarning[0m  'shall' is too wordy.                                                write-good.TooWordy 
 38:54   [33mwarning[0m  'be authored' may be passive voice. Use active voice if you can.     write-good.Passive  
 43:24   [33mwarning[0m  'be evaluated' may be passive voice. Use active voice if you can.    write-good.Passive  
 43:42   [33mwarning[0m  'multiple' is too wordy.                                             write-good.TooWordy 
 88:37   [33mwarning[0m  'evaluate' is too wordy.                                             write-good.TooWordy 
 108:32  [33mwarning[0m  'shall' is too wordy.                                                write-good.TooWordy 
 109:27  [33mwarning[0m  'shall' is too wordy.                                                write-good.TooWordy 
 110:27  [33mwarning[0m  'shall' is too wordy.                                                write-good.TooWordy 
 111:32  [33mwarning[0m  'shall' is too wordy.                                                write-good.TooWordy 
 112:32  [33mwarning[0m  'shall' is too wordy.                                                write-good.TooWordy 
 113:31  [33mwarning[0m  'shall' is too wordy.                                                write-good.TooWordy 
 114:27  [33mwarning[0m  'shall' is too wordy.                                                write-good.TooWordy 
 115:27  [33mwarning[0m  'shall' is too wordy.                                                write-good.TooWordy 
 116:27  [33mwarning[0m  'shall' is too wordy.                                                write-good.TooWordy 
 116:33  [33mwarning[0m  'be documented' may be passive voice. Use active voice if you can.   write-good.Passive  
 117:27  [33mwarning[0m  'shall' is too wordy.                                                write-good.TooWordy 
 121:34  [33mwarning[0m  'shall' is too wordy.                                                write-good.TooWordy 
 122:38  [33mwarning[0m  'shall' is too wordy.                                                write-good.TooWordy 
 123:27  [33mwarning[0m  'shall' is too wordy.                                                write-good.TooWordy 
 124:27  [33mwarning[0m  'shall' is too wordy.                                                write-good.TooWordy 
 125:54  [33mwarning[0m  'shall' is too wordy.                                                write-good.TooWordy 
 125:60  [33mwarning[0m  'be excluded' may be passive voice. Use active voice if you can.     write-good.Passive  
 126:39  [33mwarning[0m  'shall' is too wordy.                                                write-good.TooWordy 
 126:49  [33mwarning[0m  'be left' may be passive voice. Use active voice if you can.         write-good.Passive  
 127:27  [33mwarning[0m  'shall' is too wordy.                                                write-good.TooWordy 
 128:29  [33mwarning[0m  'shall' is too wordy.                                                write-good.TooWordy 
 159:4   [33mwarning[0m  'Validate' is too wordy.                                             write-good.TooWordy 
 168:12  [33mwarning[0m  'shall' is too wordy.                                                write-good.TooWordy 
 177:4   [33mwarning[0m  'validate' is too wordy.                                             write-good.TooWordy 
 179:12  [33mwarning[0m  'shall' is too wordy.                                                write-good.TooWordy 
 196:3   [33mwarning[0m  'methodology' is too wordy.                                          write-good.TooWordy 
 200:25  [33mwarning[0m  'is represented' may be passive voice. Use active voice if you can.  write-good.Passive  
 209:31  [33mwarning[0m  'is preserved' may be passive voice. Use active voice if you can.    write-good.Passive  
 211:28  [33mwarning[0m  'are addressed' may be passive voice. Use active voice if you can.   write-good.Passive  
 214:12  [33mwarning[0m  'shall' is too wordy.                                                write-good.TooWordy 
 222:35  [33mwarning[0m  'is preserved' may be passive voice. Use active voice if you can.    write-good.Passive  
 224:32  [33mwarning[0m  'are addressed' may be passive voice. Use active voice if you can.   write-good.Passive  
 227:47  [33mwarning[0m  'are recorded' may be passive voice. Use active voice if you can.    write-good.Passive  
 242:25  [33mwarning[0m  'be rejected' may be passive voice. Use active voice if you can.     write-good.Passive  


 [4megolint/.agents/specs/architecture/identity/purpose.spec.md[0m
 36:45    [33mwarning[0m  'shall' is too wordy.                                                write-good.TooWordy 
 36:51    [33mwarning[0m  'be authored' may be passive voice. Use active voice if you can.     write-good.Passive  
 91:52    [33mwarning[0m  'is pursued' may be passive voice. Use active voice if you can.      write-good.Passive  
 120:30   [33mwarning[0m  'shall' is too wordy.                                                write-good.TooWordy 
 121:35   [33mwarning[0m  'shall' is too wordy.                                                write-good.TooWordy 
 122:38   [33mwarning[0m  'shall' is too wordy.                                                write-good.TooWordy 
 123:30   [33mwarning[0m  'shall' is too wordy.                                                write-good.TooWordy 
 124:35   [33mwarning[0m  'shall' is too wordy.                                                write-good.TooWordy 
 125:24   [33mwarning[0m  'shall' is too wordy.                                                write-good.TooWordy 
 126:29   [33mwarning[0m  'shall' is too wordy.                                                write-good.TooWordy 
 127:24   [33mwarning[0m  'shall' is too wordy.                                                write-good.TooWordy 
 127:34   [33mwarning[0m  'be changed' may be passive voice. Use active voice if you can.      write-good.Passive  
 167:12   [33mwarning[0m  'shall' is too wordy.                                                write-good.TooWordy 
 176:4    [33mwarning[0m  'validate' is too wordy.                                             write-good.TooWordy 
 178:12   [33mwarning[0m  'shall' is too wordy.                                                write-good.TooWordy 
 196:3    [33mwarning[0m  'methodology' is too wordy.                                          write-good.TooWordy 
 199:25   [33mwarning[0m  'is represented' may be passive voice. Use active voice if you can.  write-good.Passive  
 214:12   [33mwarning[0m  'shall' is too wordy.                                                write-good.TooWordy 
 228:47   [33mwarning[0m  'are recorded' may be passive voice. Use active voice if you can.    write-good.Passive  
 243:25   [33mwarning[0m  'be rejected' may be passive voice. Use active voice if you can.     write-good.Passive  
 248:142  [33mwarning[0m  'it was' is too wordy.                                               write-good.TooWordy 
 248:145  [33mwarning[0m  'was created' may be passive voice. Use active voice if you can.     write-good.Passive  


 [4megolint/.agents/specs/architecture/identity/vision.spec.md[0m
 37:44   [33mwarning[0m  'shall' is too wordy.                                                write-good.TooWordy 
 37:50   [33mwarning[0m  'be authored' may be passive voice. Use active voice if you can.     write-good.Passive  
 42:60   [33mwarning[0m  'is fulfilled' may be passive voice. Use active voice if you can.    write-good.Passive  
 115:62  [33mwarning[0m  'be evaluated' may be passive voice. Use active voice if you can.    write-good.Passive  
 120:30  [33mwarning[0m  'shall' is too wordy.                                                write-good.TooWordy 
 121:30  [33mwarning[0m  'shall' is too wordy.                                                write-good.TooWordy 
 122:35  [33mwarning[0m  'shall' is too wordy.                                                write-good.TooWordy 
 123:29  [33mwarning[0m  'shall' is too wordy.                                                write-good.TooWordy 
 124:38  [33mwarning[0m  'shall' is too wordy.                                                write-good.TooWordy 
 125:23  [33mwarning[0m  'shall' is too wordy.                                                write-good.TooWordy 
 126:29  [33mwarning[0m  'shall' is too wordy.                                                write-good.TooWordy 
 127:38  [33mwarning[0m  'shall' is too wordy.                                                write-good.TooWordy 
 157:4   [33mwarning[0m  'Validate' is too wordy.                                             write-good.TooWordy 
 157:41  [33mwarning[0m  'be assessed' may be passive voice. Use active voice if you can.     write-good.Passive  
 166:12  [33mwarning[0m  'shall' is too wordy.                                                write-good.TooWordy 
 175:4   [33mwarning[0m  'validate' is too wordy.                                             write-good.TooWordy 
 177:12  [33mwarning[0m  'shall' is too wordy.                                                write-good.TooWordy 
 194:3   [33mwarning[0m  'methodology' is too wordy.                                          write-good.TooWordy 
 197:25  [33mwarning[0m  'is represented' may be passive voice. Use active voice if you can.  write-good.Passive  
 209:15  [33mwarning[0m  'is labeled' may be passive voice. Use active voice if you can.      write-good.Passive  
 210:26  [33mwarning[0m  'be evaluated' may be passive voice. Use active voice if you can.    write-good.Passive  
 212:12  [33mwarning[0m  'shall' is too wordy.                                                write-good.TooWordy 
 223:19  [33mwarning[0m  'is labeled' may be passive voice. Use active voice if you can.      write-good.Passive  
 224:30  [33mwarning[0m  'be evaluated' may be passive voice. Use active voice if you can.    write-good.Passive  
 226:47  [33mwarning[0m  'are recorded' may be passive voice. Use active voice if you can.    write-good.Passive  
 241:25  [33mwarning[0m  'be rejected' may be passive voice. Use active voice if you can.     write-good.Passive  


 [4megolint/.agents/specs/architecture/meta/README.md[0m
 3:52   [33mwarning[0m  'is justified' may be passive voice. Use active voice if you can.   write-good.Passive  
 4:1    [33mwarning[0m  'participate' is too wordy.                                         write-good.TooWordy 
 4:62   [33mwarning[0m  'is understood' may be passive voice. Use active voice if you can.  write-good.Passive  
 12:45  [33mwarning[0m  'participate' is too wordy.                                         write-good.TooWordy 
 30:35  [33mwarning[0m  'are evaluated' may be passive voice. Use active voice if you can.  write-good.Passive  


 [4megolint/.agents/specs/architecture/meta/ai-constitution.spec.md[0m
 39:53   [33mwarning[0m  'shall' is too wordy.                                                 write-good.TooWordy 
 39:59   [33mwarning[0m  'be authored' may be passive voice. Use active voice if you can.      write-good.Passive  
 43:44   [33mwarning[0m  'modify' is too wordy.                                                write-good.TooWordy 
 43:52   [33mwarning[0m  'validate' is too wordy.                                              write-good.TooWordy 
 54:61   [33mwarning[0m  'participate' is too wordy.                                           write-good.TooWordy 
 98:23   [33mwarning[0m  'shall' is too wordy.                                                 write-good.TooWordy 
 163:24  [33mwarning[0m  'shall' is too wordy.                                                 write-good.TooWordy 
 167:36  [33mwarning[0m  'shall' is too wordy.                                                 write-good.TooWordy 
 172:12  [33mwarning[0m  'shall' is too wordy.                                                 write-good.TooWordy 
 177:28  [33mwarning[0m  'shall' is too wordy.                                                 write-good.TooWordy 
 182:12  [33mwarning[0m  'shall' is too wordy.                                                 write-good.TooWordy 
 186:16  [33mwarning[0m  'shall' is too wordy.                                                 write-good.TooWordy 
 186:22  [33mwarning[0m  'be minimized' may be passive voice. Use active voice if you can.     write-good.Passive  
 191:12  [33mwarning[0m  'shall' is too wordy.                                                 write-good.TooWordy 
 200:35  [33mwarning[0m  'shall' is too wordy.                                                 write-good.TooWordy 
 204:12  [33mwarning[0m  'shall' is too wordy.                                                 write-good.TooWordy 
 215:29  [33mwarning[0m  'Modify' is too wordy.                                                write-good.TooWordy 
 219:54  [33mwarning[0m  'shall' is too wordy.                                                 write-good.TooWordy 
 223:52  [33mwarning[0m  'shall' is too wordy.                                                 write-good.TooWordy 
 224:61  [33mwarning[0m  'shall' is too wordy.                                                 write-good.TooWordy 
 225:33  [33mwarning[0m  'shall' is too wordy.                                                 write-good.TooWordy 
 226:19  [33mwarning[0m  'shall' is too wordy.                                                 write-good.TooWordy 
 227:19  [33mwarning[0m  'shall' is too wordy.                                                 write-good.TooWordy 
 228:19  [33mwarning[0m  'shall' is too wordy.                                                 write-good.TooWordy 
 229:19  [33mwarning[0m  'shall' is too wordy.                                                 write-good.TooWordy 
 230:19  [33mwarning[0m  'shall' is too wordy.                                                 write-good.TooWordy 
 231:19  [33mwarning[0m  'shall' is too wordy.                                                 write-good.TooWordy 
 233:19  [33mwarning[0m  'shall' is too wordy.                                                 write-good.TooWordy 
 234:19  [33mwarning[0m  'shall' is too wordy.                                                 write-good.TooWordy 
 234:61  [33mwarning[0m  'are resolved' may be passive voice. Use active voice if you can.     write-good.Passive  
 235:19  [33mwarning[0m  'shall' is too wordy.                                                 write-good.TooWordy 
 237:19  [33mwarning[0m  'shall' is too wordy.                                                 write-good.TooWordy 
 239:19  [33mwarning[0m  'shall' is too wordy.                                                 write-good.TooWordy 
 243:46  [33mwarning[0m  'shall' is too wordy.                                                 write-good.TooWordy 
 244:45  [33mwarning[0m  'shall' is too wordy.                                                 write-good.TooWordy 
 246:27  [33mwarning[0m  'shall' is too wordy.                                                 write-good.TooWordy 
 247:27  [33mwarning[0m  'shall' is too wordy.                                                 write-good.TooWordy 
 248:27  [33mwarning[0m  'shall' is too wordy.                                                 write-good.TooWordy 
 249:27  [33mwarning[0m  'shall' is too wordy.                                                 write-good.TooWordy 
 250:27  [33mwarning[0m  'shall' is too wordy.                                                 write-good.TooWordy 
 251:60  [33mwarning[0m  'be used' may be passive voice. Use active voice if you can.          write-good.Passive  
 252:27  [33mwarning[0m  'shall' is too wordy.                                                 write-good.TooWordy 
 254:40  [33mwarning[0m  'shall' is too wordy.                                                 write-good.TooWordy 
 256:29  [33mwarning[0m  'shall' is too wordy.                                                 write-good.TooWordy 
 260:40  [33mwarning[0m  'shall' is too wordy.                                                 write-good.TooWordy 
 319:39  [33mwarning[0m  'shall' is too wordy.                                                 write-good.TooWordy 
 361:16  [33mwarning[0m  'is incorporated' may be passive voice. Use active voice if you can.  write-good.Passive  
 362:24  [33mwarning[0m  'are addressed' may be passive voice. Use active voice if you can.    write-good.Passive  
 372:24  [33mwarning[0m  'is defined' may be passive voice. Use active voice if you can.       write-good.Passive  
 373:31  [33mwarning[0m  'are defined' may be passive voice. Use active voice if you can.      write-good.Passive  
 374:23  [33mwarning[0m  'is required' may be passive voice. Use active voice if you can.      write-good.Passive  


 [4megolint/.agents/specs/architecture/meta/epistemology.spec.md[0m
 38:50   [33mwarning[0m  'shall' is too wordy.                                                  write-good.TooWordy 
 38:56   [33mwarning[0m  'be authored' may be passive voice. Use active voice if you can.       write-good.Passive  
 45:35   [33mwarning[0m  'be justified' may be passive voice. Use active voice if you can.      write-good.Passive  
 46:18   [33mwarning[0m  'be reached' may be passive voice. Use active voice if you can.        write-good.Passive  
 104:63  [33mwarning[0m  'It is' is too wordy.                                                  write-good.TooWordy 
 137:22  [33mwarning[0m  'be supported' may be passive voice. Use active voice if you can.      write-good.Passive  
 149:60  [33mwarning[0m  'being described' may be passive voice. Use active voice if you can.   write-good.Passive  
 173:14  [33mwarning[0m  'shall' is too wordy.                                                  write-good.TooWordy 
 187:26  [33mwarning[0m  'be refined' may be passive voice. Use active voice if you can.        write-good.Passive  
 187:55  [33mwarning[0m  'shall' is too wordy.                                                  write-good.TooWordy 
 191:17  [33mwarning[0m  'be evaluated' may be passive voice. Use active voice if you can.      write-good.Passive  
 207:17  [33mwarning[0m  'shall' is too wordy.                                                  write-good.TooWordy 
 207:69  [33mwarning[0m  'shall' is too wordy.                                                  write-good.TooWordy 
 207:79  [33mwarning[0m  'be assumed' may be passive voice. Use active voice if you can.        write-good.Passive  
 212:14  [33mwarning[0m  'shall' is too wordy.                                                  write-good.TooWordy 
 219:12  [33mwarning[0m  'shall' is too wordy.                                                  write-good.TooWordy 
 221:27  [33mwarning[0m  'is used' may be passive voice. Use active voice if you can.           write-good.Passive  
 221:47  [33mwarning[0m  'shall' is too wordy.                                                  write-good.TooWordy 
 221:53  [33mwarning[0m  'be calibrated' may be passive voice. Use active voice if you can.     write-good.Passive  
 222:17  [33mwarning[0m  'shall' is too wordy.                                                  write-good.TooWordy 
 222:23  [33mwarning[0m  'be avoided' may be passive voice. Use active voice if you can.        write-good.Passive  
 227:7   [33mwarning[0m  'it is' is too wordy.                                                  write-good.TooWordy 
 234:29  [33mwarning[0m  'shall' is too wordy.                                                  write-good.TooWordy 
 234:53  [33mwarning[0m  'are classified' may be passive voice. Use active voice if you can.    write-good.Passive  
 235:19  [33mwarning[0m  'shall' is too wordy.                                                  write-good.TooWordy 
 236:19  [33mwarning[0m  'shall' is too wordy.                                                  write-good.TooWordy 
 236:57  [33mwarning[0m  'are evaluated' may be passive voice. Use active voice if you can.     write-good.Passive  
 237:19  [33mwarning[0m  'shall' is too wordy.                                                  write-good.TooWordy 
 238:19  [33mwarning[0m  'shall' is too wordy.                                                  write-good.TooWordy 
 240:19  [33mwarning[0m  'shall' is too wordy.                                                  write-good.TooWordy 
 240:64  [33mwarning[0m  'are preserved' may be passive voice. Use active voice if you can.     write-good.Passive  
 242:19  [33mwarning[0m  'shall' is too wordy.                                                  write-good.TooWordy 
 243:19  [33mwarning[0m  'shall' is too wordy.                                                  write-good.TooWordy 
 243:56  [33mwarning[0m  'is revised' may be passive voice. Use active voice if you can.        write-good.Passive  
 245:19  [33mwarning[0m  'shall' is too wordy.                                                  write-good.TooWordy 
 246:19  [33mwarning[0m  'shall' is too wordy.                                                  write-good.TooWordy 
 247:19  [33mwarning[0m  'shall' is too wordy.                                                  write-good.TooWordy 
 249:19  [33mwarning[0m  'shall' is too wordy.                                                  write-good.TooWordy 
 249:48  [33mwarning[0m  'being mislabeled' may be passive voice. Use active voice if you can.  write-good.Passive  
 250:19  [33mwarning[0m  'shall' is too wordy.                                                  write-good.TooWordy 
 252:19  [33mwarning[0m  'shall' is too wordy.                                                  write-good.TooWordy 
 252:59  [33mwarning[0m  'is considered' may be passive voice. Use active voice if you can.     write-good.Passive  
 257:29  [33mwarning[0m  'shall' is too wordy.                                                  write-good.TooWordy 
 258:19  [33mwarning[0m  'shall' is too wordy.                                                  write-good.TooWordy 
 259:19  [33mwarning[0m  'shall' is too wordy.                                                  write-good.TooWordy 
 261:19  [33mwarning[0m  'shall' is too wordy.                                                  write-good.TooWordy 
 262:19  [33mwarning[0m  'shall' is too wordy.                                                  write-good.TooWordy 
 263:19  [33mwarning[0m  'shall' is too wordy.                                                  write-good.TooWordy 
 264:19  [33mwarning[0m  'shall' is too wordy.                                                  write-good.TooWordy 
 265:19  [33mwarning[0m  'shall' is too wordy.                                                  write-good.TooWordy 
 266:19  [33mwarning[0m  'shall' is too wordy.                                                  write-good.TooWordy 
 268:19  [33mwarning[0m  'shall' is too wordy.                                                  write-good.TooWordy 
 268:55  [33mwarning[0m  'it is' is too wordy.                                                  write-good.TooWordy 
 276:4   [33mwarning[0m  'evaluate' is too wordy.                                               write-good.TooWordy 
 280:47  [33mwarning[0m  'is required' may be passive voice. Use active voice if you can.       write-good.Passive  
 284:24  [33mwarning[0m  'be made' may be passive voice. Use active voice if you can.           write-good.Passive  
 284:69  [33mwarning[0m  'shall' is too wordy.                                                  write-good.TooWordy 
 284:79  [33mwarning[0m  'be presented' may be passive voice. Use active voice if you can.      write-good.Passive  
 324:4   [33mwarning[0m  'validate' is too wordy.                                               write-good.TooWordy 
 333:12  [33mwarning[0m  'shall' is too wordy.                                                  write-good.TooWordy 
 376:20  [33mwarning[0m  'is scoped' may be passive voice. Use active voice if you can.         write-good.Passive  
 383:47  [33mwarning[0m  'are documented' may be passive voice. Use active voice if you can.    write-good.Passive  
 384:31  [33mwarning[0m  'are documented' may be passive voice. Use active voice if you can.    write-good.Passive  
 387:35  [33mwarning[0m  'is scoped' may be passive voice. Use active voice if you can.         write-good.Passive  
 416:16  [33mwarning[0m  'are mixed' may be passive voice. Use active voice if you can.         write-good.Passive  


 [4megolint/.agents/specs/architecture/meta/meta.spec.md[0m
 38:42   [33mwarning[0m  'shall' is too wordy.                                                   write-good.TooWordy 
 38:48   [33mwarning[0m  'be authored' may be passive voice. Use active voice if you can.        write-good.Passive  
 46:1    [33mwarning[0m  'It is' is too wordy.                                                   write-good.TooWordy 
 73:3    [33mwarning[0m  'methodology' is too wordy.                                             write-good.TooWordy 
 91:45   [33mwarning[0m  'be derived' may be passive voice. Use active voice if you can.         write-good.Passive  
 151:43  [33mwarning[0m  'it is' is too wordy.                                                   write-good.TooWordy 
 188:47  [33mwarning[0m  'substantial' is too wordy.                                             write-good.TooWordy 
 192:19  [33mwarning[0m  'are introduced' may be passive voice. Use active voice if you can.     write-good.Passive  
 200:29  [33mwarning[0m  'shall' is too wordy.                                                   write-good.TooWordy 
 202:19  [33mwarning[0m  'shall' is too wordy.                                                   write-good.TooWordy 
 203:19  [33mwarning[0m  'shall' is too wordy.                                                   write-good.TooWordy 
 204:19  [33mwarning[0m  'shall' is too wordy.                                                   write-good.TooWordy 
 205:19  [33mwarning[0m  'shall' is too wordy.                                                   write-good.TooWordy 
 206:19  [33mwarning[0m  'shall' is too wordy.                                                   write-good.TooWordy 
 207:19  [33mwarning[0m  'shall' is too wordy.                                                   write-good.TooWordy 
 208:19  [33mwarning[0m  'shall' is too wordy.                                                   write-good.TooWordy 
 210:19  [33mwarning[0m  'shall' is too wordy.                                                   write-good.TooWordy 
 211:19  [33mwarning[0m  'shall' is too wordy.                                                   write-good.TooWordy 
 212:19  [33mwarning[0m  'shall' is too wordy.                                                   write-good.TooWordy 
 214:19  [33mwarning[0m  'shall' is too wordy.                                                   write-good.TooWordy 
 216:19  [33mwarning[0m  'shall' is too wordy.                                                   write-good.TooWordy 
 218:19  [33mwarning[0m  'shall' is too wordy.                                                   write-good.TooWordy 
 222:26  [33mwarning[0m  'shall' is too wordy.                                                   write-good.TooWordy 
 223:19  [33mwarning[0m  'shall' is too wordy.                                                   write-good.TooWordy 
 224:19  [33mwarning[0m  'shall' is too wordy.                                                   write-good.TooWordy 
 225:19  [33mwarning[0m  'shall' is too wordy.                                                   write-good.TooWordy 
 226:19  [33mwarning[0m  'shall' is too wordy.                                                   write-good.TooWordy 
 228:19  [33mwarning[0m  'shall' is too wordy.                                                   write-good.TooWordy 
 229:19  [33mwarning[0m  'shall' is too wordy.                                                   write-good.TooWordy 
 231:19  [33mwarning[0m  'shall' is too wordy.                                                   write-good.TooWordy 
 233:19  [33mwarning[0m  'shall' is too wordy.                                                   write-good.TooWordy 
 234:19  [33mwarning[0m  'shall' is too wordy.                                                   write-good.TooWordy 
 246:51  [33mwarning[0m  'methodology' is too wordy.                                             write-good.TooWordy 
 278:4   [33mwarning[0m  'validate' is too wordy.                                                write-good.TooWordy 
 317:4   [33mwarning[0m  'validate' is too wordy.                                                write-good.TooWordy 
 326:12  [33mwarning[0m  'shall' is too wordy.                                                   write-good.TooWordy 
 356:18  [33mwarning[0m  'be generated' may be passive voice. Use active voice if you can.       write-good.Passive  
 363:29  [33mwarning[0m  'is inventoried' may be passive voice. Use active voice if you can.     write-good.Passive  
 368:21  [33mwarning[0m  'are distinguished' may be passive voice. Use active voice if you can.  write-good.Passive  
 376:41  [33mwarning[0m  'are inventoried' may be passive voice. Use active voice if you can.    write-good.Passive  
 377:29  [33mwarning[0m  'are explained' may be passive voice. Use active voice if you can.      write-good.Passive  
 380:21  [33mwarning[0m  'is provided' may be passive voice. Use active voice if you can.        write-good.Passive  
 381:23  [33mwarning[0m  'is provided' may be passive voice. Use active voice if you can.        write-good.Passive  
 382:39  [33mwarning[0m  'are represented' may be passive voice. Use active voice if you can.    write-good.Passive  
 384:32  [33mwarning[0m  'are documented' may be passive voice. Use active voice if you can.     write-good.Passive  
 385:52  [33mwarning[0m  'is duplicated' may be passive voice. Use active voice if you can.      write-good.Passive  
 407:73  [33mwarning[0m  'is corrected' may be passive voice. Use active voice if you can.       write-good.Passive  


 [4megolint/.agents/specs/authoring/specfile.spec.md[0m
 36:52   [33mwarning[0m  'shall' is too wordy.                                                  write-good.TooWordy 
 36:58   [33mwarning[0m  'be authored' may be passive voice. Use active voice if you can.       write-good.Passive  
 40:29   [33mwarning[0m  'requirement' is too wordy.                                            write-good.TooWordy 
 57:20   [33mwarning[0m  'validate' is too wordy.                                               write-good.TooWordy 
 96:22   [33mwarning[0m  'indicate' is too wordy.                                               write-good.TooWordy 
 97:30   [33mwarning[0m  'indicate' is too wordy.                                               write-good.TooWordy 
 102:1   [33mwarning[0m  'Requirement' is too wordy.                                            write-good.TooWordy 
 102:22  [33mwarning[0m  'shall' is too wordy.                                                  write-good.TooWordy 
 102:32  [33mwarning[0m  'be exaggerated' may be passive voice. Use active voice if you can.    write-good.Passive  
 106:21  [33mwarning[0m  'shall' is too wordy.                                                  write-good.TooWordy 
 124:21  [33mwarning[0m  'shall' is too wordy.                                                  write-good.TooWordy 
 151:65  [33mwarning[0m  'shall' is too wordy.                                                  write-good.TooWordy 
 168:7   [33mwarning[0m  'Requirement' is too wordy.                                            write-good.TooWordy 
 170:14  [33mwarning[0m  'shall' is too wordy.                                                  write-good.TooWordy 
 191:13  [33mwarning[0m  'shall' is too wordy.                                                  write-good.TooWordy 
 195:16  [33mwarning[0m  'shall' is too wordy.                                                  write-good.TooWordy 
 198:12  [33mwarning[0m  'requirement' is too wordy.                                            write-good.TooWordy 
 205:24  [33mwarning[0m  'shall' is too wordy.                                                  write-good.TooWordy 
 208:23  [33mwarning[0m  'shall' is too wordy.                                                  write-good.TooWordy 
 228:22  [33mwarning[0m  'shall' is too wordy.                                                  write-good.TooWordy 
 240:12  [33mwarning[0m  'shall' is too wordy.                                                  write-good.TooWordy 
 256:21  [33mwarning[0m  'shall' is too wordy.                                                  write-good.TooWordy 
 256:30  [33mwarning[0m  'objective' is too wordy.                                              write-good.TooWordy 
 268:10  [33mwarning[0m  'requirement' is too wordy.                                            write-good.TooWordy 
 273:37  [33mwarning[0m  'multiple' is too wordy.                                               write-good.TooWordy 
 278:9   [33mwarning[0m  'shall' is too wordy.                                                  write-good.TooWordy 
 283:17  [33mwarning[0m  'shall' is too wordy.                                                  write-good.TooWordy 
 287:12  [33mwarning[0m  'shall' is too wordy.                                                  write-good.TooWordy 
 319:16  [33mwarning[0m  'is distinguished' may be passive voice. Use active voice if you can.  write-good.Passive  
 321:23  [33mwarning[0m  'sufficient' is too wordy.                                             write-good.TooWordy 
 323:27  [33mwarning[0m  'is organized' may be passive voice. Use active voice if you can.      write-good.Passive  
 328:25  [33mwarning[0m  'is required' may be passive voice. Use active voice if you can.       write-good.Passive  


 [4megolint/.agents/specs/methodology/reflector.spec.md[0m
 12:9    [33mwarning[0m  'methodology' is too wordy.                                           write-good.TooWordy 
 54:13   [33mwarning[0m  'authorize' is too wordy.                                             write-good.TooWordy 
 62:39   [33mwarning[0m  'authorize' is too wordy.                                             write-good.TooWordy 
 63:12   [33mwarning[0m  'is bounded' may be passive voice. Use active voice if you can.       write-good.Passive  
 64:9    [33mwarning[0m  'is externalized' may be passive voice. Use active voice if you can.  write-good.Passive  
 65:13   [33mwarning[0m  'is escalated' may be passive voice. Use active voice if you can.     write-good.Passive  
 84:43   [33mwarning[0m  'additional' is too wordy.                                            write-good.TooWordy 
 123:13  [33mwarning[0m  'shall' is too wordy.                                                 write-good.TooWordy 
 123:19  [33mwarning[0m  'be recorded' may be passive voice. Use active voice if you can.      write-good.Passive  
 125:11  [33mwarning[0m  'shall' is too wordy.                                                 write-good.TooWordy 
 149:25  [33mwarning[0m  'shall' is too wordy.                                                 write-good.TooWordy 
 151:3   [33mwarning[0m  'maximum' is too wordy.                                               write-good.TooWordy 
 152:3   [33mwarning[0m  'maximum' is too wordy.                                               write-good.TooWordy 
 153:3   [33mwarning[0m  'maximum' is too wordy.                                               write-good.TooWordy 
 154:3   [33mwarning[0m  'maximum' is too wordy.                                               write-good.TooWordy 
 155:3   [33mwarning[0m  'maximum' is too wordy.                                               write-good.TooWordy 
 156:3   [33mwarning[0m  'maximum' is too wordy.                                               write-good.TooWordy 
 160:14  [33mwarning[0m  'is reached' may be passive voice. Use active voice if you can.       write-good.Passive  
 163:9   [33mwarning[0m  'is recorded' may be passive voice. Use active voice if you can.      write-good.Passive  
 164:3   [33mwarning[0m  'additional' is too wordy.                                            write-good.TooWordy 
 165:25  [33mwarning[0m  'is required' may be passive voice. Use active voice if you can.      write-good.Passive  
 187:19  [33mwarning[0m  'requirement' is too wordy.                                           write-good.TooWordy 
 191:19  [33mwarning[0m  'shall' is too wordy.                                                 write-good.TooWordy 
 196:14  [33mwarning[0m  'shall' is too wordy.                                                 write-good.TooWordy 
 215:17  [33mwarning[0m  'shall' is too wordy.                                                 write-good.TooWordy 
 226:9   [33mwarning[0m  'shall' is too wordy.                                                 write-good.TooWordy 
 239:19  [33mwarning[0m  'shall' is too wordy.                                                 write-good.TooWordy 
 247:10  [33mwarning[0m  'shall' is too wordy.                                                 write-good.TooWordy 
 251:17  [33mwarning[0m  'shall' is too wordy.                                                 write-good.TooWordy 
 257:4   [33mwarning[0m  'validate' is too wordy.                                              write-good.TooWordy 
 267:23  [33mwarning[0m  'is bounded' may be passive voice. Use active voice if you can.       write-good.Passive  
 268:25  [33mwarning[0m  'are recorded' may be passive voice. Use active voice if you can.     write-good.Passive  
 269:23  [33mwarning[0m  'is enforced' may be passive voice. Use active voice if you can.      write-good.Passive  
 271:19  [33mwarning[0m  'is externalized' may be passive voice. Use active voice if you can.  write-good.Passive  
 273:24  [33mwarning[0m  'are defined' may be passive voice. Use active voice if you can.      write-good.Passive  
 275:17  [33mwarning[0m  'is escalated' may be passive voice. Use active voice if you can.     write-good.Passive  


 [4megolint/.agents/specs/publishing/arxiv.spec.md[0m
 38:22   [33mwarning[0m  'is treated' may be passive voice. Use active voice if you can.      write-good.Passive  
 43:51   [33mwarning[0m  'shall' is too wordy.                                                write-good.TooWordy 
 43:57   [33mwarning[0m  'be revalidated' may be passive voice. Use active voice if you can.  write-good.Passive  
 50:7    [33mwarning[0m  'shall' is too wordy.                                                write-good.TooWordy 
 50:40   [33mwarning[0m  'be transformed' may be passive voice. Use active voice if you can.  write-good.Passive  
 64:16   [33mwarning[0m  'shall' is too wordy.                                                write-good.TooWordy 
 66:4    [33mwarning[0m  'shall' is too wordy.                                                write-good.TooWordy 
 71:52   [33mwarning[0m  'are derived' may be passive voice. Use active voice if you can.     write-good.Passive  
 73:10   [33mwarning[0m  'shall' is too wordy.                                                write-good.TooWordy 
 77:8    [33mwarning[0m  'shall' is too wordy.                                                write-good.TooWordy 
 88:14   [33mwarning[0m  'Requirement' is too wordy.                                          write-good.TooWordy 
 90:21   [33mwarning[0m  'shall' is too wordy.                                                write-good.TooWordy 
 90:27   [33mwarning[0m  'be recorded' may be passive voice. Use active voice if you can.     write-good.Passive  
 91:1    [33mwarning[0m  'requirement' is too wordy.                                          write-good.TooWordy 
 93:11   [33mwarning[0m  'shall' is too wordy.                                                write-good.TooWordy 
 118:19  [33mwarning[0m  'shall' is too wordy.                                                write-good.TooWordy 
 137:36  [33mwarning[0m  'shall' is too wordy.                                                write-good.TooWordy 
 137:73  [33mwarning[0m  'is required' may be passive voice. Use active voice if you can.     write-good.Passive  
 142:18  [33mwarning[0m  'shall' is too wordy.                                                write-good.TooWordy 
 180:18  [33mwarning[0m  'shall' is too wordy.                                                write-good.TooWordy 
 184:9   [33mwarning[0m  'shall' is too wordy.                                                write-good.TooWordy 
 187:16  [33mwarning[0m  'validate' is too wordy.                                             write-good.TooWordy 
 199:13  [33mwarning[0m  'shall' is too wordy.                                                write-good.TooWordy 
 209:23  [33mwarning[0m  'shall' is too wordy.                                                write-good.TooWordy 
 214:13  [33mwarning[0m  'shall' is too wordy.                                                write-good.TooWordy 
 216:3   [33mwarning[0m  'validate' is too wordy.                                             write-good.TooWordy 
 226:11  [33mwarning[0m  'shall' is too wordy.                                                write-good.TooWordy 
 239:19  [33mwarning[0m  'shall' is too wordy.                                                write-good.TooWordy 
 239:25  [33mwarning[0m  'be treated' may be passive voice. Use active voice if you can.      write-good.Passive  
 246:17  [33mwarning[0m  'shall' is too wordy.                                                write-good.TooWordy 
 267:13  [33mwarning[0m  'shall' is too wordy.                                                write-good.TooWordy 
 267:19  [33mwarning[0m  'be reported' may be passive voice. Use active voice if you can.     write-good.Passive  
 271:14  [33mwarning[0m  'shall' is too wordy.                                                write-good.TooWordy 
 274:4   [33mwarning[0m  'shall' is too wordy.                                                write-good.TooWordy 
 295:1   [33mwarning[0m  'Validate' is too wordy.                                             write-good.TooWordy 
 315:11  [33mwarning[0m  'shall' is too wordy.                                                write-good.TooWordy 
 316:56  [33mwarning[0m  'is found' may be passive voice. Use active voice if you can.        write-good.Passive  
 317:1   [33mwarning[0m  'be generated' may be passive voice. Use active voice if you can.    write-good.Passive  
 317:35  [33mwarning[0m  'was mutated' may be passive voice. Use active voice if you can.     write-good.Passive  
 319:11  [33mwarning[0m  'shall' is too wordy.                                                write-good.TooWordy 
 319:52  [33mwarning[0m  'shall' is too wordy.                                                write-good.TooWordy 
 323:36  [33mwarning[0m  'additional' is too wordy.                                           write-good.TooWordy 
 335:20  [33mwarning[0m  'shall' is too wordy.                                                write-good.TooWordy 
 337:14  [33mwarning[0m  'prioritize' is too wordy.                                           write-good.TooWordy 
 343:23  [33mwarning[0m  'is isolated' may be passive voice. Use active voice if you can.     write-good.Passive  
 346:40  [33mwarning[0m  'are validated' may be passive voice. Use active voice if you can.   write-good.Passive  
 347:47  [33mwarning[0m  'are detected' may be passive voice. Use active voice if you can.    write-good.Passive  
 349:28  [33mwarning[0m  'is preserved' may be passive voice. Use active voice if you can.    write-good.Passive  
 350:28  [33mwarning[0m  'is required' may be passive voice. Use active voice if you can.     write-good.Passive  
 351:37  [33mwarning[0m  'are generated' may be passive voice. Use active voice if you can.   write-good.Passive  


 [4megolint/.agents/specs/quality/auditor.spec.md[0m
 47:7    [33mwarning[0m  'shall' is too wordy.                                                 write-good.TooWordy 
 47:26   [33mwarning[0m  'be audited' may be passive voice. Use active voice if you can.       write-good.Passive  
 54:13   [33mwarning[0m  'authorize' is too wordy.                                             write-good.TooWordy 
 59:13   [33mwarning[0m  'shall' is too wordy.                                                 write-good.TooWordy 
 93:19   [33mwarning[0m  'is required' may be passive voice. Use active voice if you can.      write-good.Passive  
 95:19   [33mwarning[0m  'shall' is too wordy.                                                 write-good.TooWordy 
 95:25   [33mwarning[0m  'be recorded' may be passive voice. Use active voice if you can.      write-good.Passive  
 114:17  [33mwarning[0m  'shall' is too wordy.                                                 write-good.TooWordy 
 114:23  [33mwarning[0m  'be reported' may be passive voice. Use active voice if you can.      write-good.Passive  
 160:13  [33mwarning[0m  'shall' is too wordy.                                                 write-good.TooWordy 
 165:26  [33mwarning[0m  'shall' is too wordy.                                                 write-good.TooWordy 
 222:25  [33mwarning[0m  'shall' is too wordy.                                                 write-good.TooWordy 
 246:3   [33mwarning[0m  'methodology' is too wordy.                                           write-good.TooWordy 
 247:3   [33mwarning[0m  'overall' is too wordy.                                               write-good.TooWordy 
 258:18  [33mwarning[0m  'shall' is too wordy.                                                 write-good.TooWordy 
 258:24  [33mwarning[0m  'be marked' may be passive voice. Use active voice if you can.        write-good.Passive  
 269:20  [33mwarning[0m  'shall' is too wordy.                                                 write-good.TooWordy 
 274:30  [33mwarning[0m  'shall' is too wordy.                                                 write-good.TooWordy 
 292:20  [33mwarning[0m  'shall' is too wordy.                                                 write-good.TooWordy 
 292:30  [33mwarning[0m  'be modified' may be passive voice. Use active voice if you can.      write-good.Passive  
 296:45  [33mwarning[0m  'shall' is too wordy.                                                 write-good.TooWordy 
 298:3   [33mwarning[0m  'modify' is too wordy.                                                write-good.TooWordy 
 309:22  [33mwarning[0m  'be proposed' may be passive voice. Use active voice if you can.      write-good.Passive  
 317:6   [33mwarning[0m  'shall' is too wordy.                                                 write-good.TooWordy 
 317:16  [33mwarning[0m  'be created' may be passive voice. Use active voice if you can.       write-good.Passive  
 321:13  [33mwarning[0m  'shall' is too wordy.                                                 write-good.TooWordy 
 328:17  [33mwarning[0m  'prioritize' is too wordy.                                            write-good.TooWordy 
 336:37  [33mwarning[0m  'are recorded' may be passive voice. Use active voice if you can.     write-good.Passive  
 338:23  [33mwarning[0m  'was followed' may be passive voice. Use active voice if you can.     write-good.Passive  
 339:25  [33mwarning[0m  'were considered' may be passive voice. Use active voice if you can.  write-good.Passive  
 342:56  [33mwarning[0m  'are normalized' may be passive voice. Use active voice if you can.   write-good.Passive  
 343:29  [33mwarning[0m  'are included' may be passive voice. Use active voice if you can.     write-good.Passive  
 345:37  [33mwarning[0m  'is supported' may be passive voice. Use active voice if you can.     write-good.Passive  


 [4megolint/.ansible/inventories/README.md[0m
 3:61  [33mwarning[0m  'validate' is too wordy.                                           write-good.TooWordy 
 5:42  [33mwarning[0m  'be committed' may be passive voice. Use active voice if you can.  write-good.Passive  


 [4megolint/.config/lint/README.md[0m
 14:26  [33mwarning[0m  'are cataloged' may be passive voice. Use active voice if you can.  write-good.Passive 


 [4megolint/.config/lint/prose/styles/proselint/README.md[0m
 6:82   [33mwarning[0m  'are permitted' may be passive voice. Use active voice if you can.   write-good.Passive  
 6:96   [33mwarning[0m  'provided that' is too wordy.                                        write-good.TooWordy 
 7:22   [33mwarning[0m  'are met' may be passive voice. Use active voice if you can.         write-good.Passive  
 9:40   [33mwarning[0m  'retain' is too wordy.                                               write-good.TooWordy 
 16:83  [33mwarning[0m  'be used' may be passive voice. Use active voice if you can.         write-good.Passive  
 19:15  [33mwarning[0m  'IS PROVIDED' may be passive voice. Use active voice if you can.     write-good.Passive  
 21:20  [33mwarning[0m  'ARE DISCLAIMED' may be passive voice. Use active voice if you can.  write-good.Passive  
 21:48  [33mwarning[0m  'SHALL' is too wordy.                                                write-good.TooWordy 
 24:1   [33mwarning[0m  'HOWEVER' is too wordy.                                              write-good.TooWordy 


 [4megolint/.config/megalinter/README.md[0m
 24:52  [33mwarning[0m  'validate' is too wordy.                                          write-good.TooWordy 
 51:17  [33mwarning[0m  'be reported' may be passive voice. Use active voice if you can.  write-good.Passive  


 [4megolint/README.md[0m
 45:7    [33mwarning[0m  'exclusively' is too wordy.                                        write-good.TooWordy 
 48:20   [33mwarning[0m  'is preserved' may be passive voice. Use active voice if you can.  write-good.Passive  
 103:21  [33mwarning[0m  'are skipped' may be passive voice. Use active voice if you can.   write-good.Passive  
 104:10  [33mwarning[0m  'are reported' may be passive voice. Use active voice if you can.  write-good.Passive  


 [4midentity/ARCHITECTURE.md[0m
 22:20  [33mwarning[0m  'are versioned' may be passive voice. Use active voice if you can.  write-good.Passive 


 [4midentity/EXTRACTION.md[0m
 12:21  [33mwarning[0m  'are versioned' may be passive voice. Use active voice if you can.  write-good.Passive 


 [4midentity/PROVENANCE.md[0m
 5:17   [33mwarning[0m  'was designed' may be passive voice. Use active voice if you can.     write-good.Passive 
 10:20  [33mwarning[0m  'was informed' may be passive voice. Use active voice if you can.     write-good.Passive 
 19:44  [33mwarning[0m  'is incorporated' may be passive voice. Use active voice if you can.  write-good.Passive 


 [4mllms.txt[0m
 7:52  [33mwarning[0m  'retain' is too wordy.  write-good.TooWordy 


 [4mmantle/ARCHITECTURE.md[0m
 101:70  [33mwarning[0m  'acquire' is too wordy.  write-good.TooWordy 


 [4mmantle/CONTRIBUTING.md[0m
 39:14  [33mwarning[0m  'are checked' may be passive voice. Use active voice if you can.   write-good.Passive  
 42:34  [33mwarning[0m  'are consumed' may be passive voice. Use active voice if you can.  write-good.Passive  
 62:67  [33mwarning[0m  'equivalent' is too wordy.                                         write-good.TooWordy 


 [4mmantle/INSTALLER_ASSURANCE.md[0m
 32:32  [33mwarning[0m  'are rejected' may be passive voice. Use active voice if you can.  write-good.Passive 
 36:27  [33mwarning[0m  'is pinned' may be passive voice. Use active voice if you can.     write-good.Passive 
 38:27  [33mwarning[0m  'are labeled' may be passive voice. Use active voice if you can.   write-good.Passive 


 [4mmantle/PROVENANCE.md[0m
 12:66  [33mwarning[0m  'was consolidated' may be passive voice. Use active voice if you can.  write-good.Passive  
 13:63  [33mwarning[0m  'subsequent' is too wordy.                                             write-good.TooWordy 
 30:33  [33mwarning[0m  'it is' is too wordy.                                                  write-good.TooWordy 
 40:1   [33mwarning[0m  'substantially' is a weasel word!                                      write-good.Weasel   
 45:22  [33mwarning[0m  'were modified' may be passive voice. Use active voice if you can.     write-good.Passive  
 50:22  [33mwarning[0m  'sufficient' is too wordy.                                             write-good.TooWordy 
 54:14  [33mwarning[0m  'be verified' may be passive voice. Use active voice if you can.       write-good.Passive  


 [4mmantle/README.md[0m
 37:15    [33mwarning[0m  'is composed' may be passive voice. Use active voice if you can.     write-good.Passive  
 47:53    [33mwarning[0m  'is designed' may be passive voice. Use active voice if you can.     write-good.Passive  
 51:124   [33mwarning[0m  'It is' is too wordy.                                                write-good.TooWordy 
 72:3     [33mwarning[0m  'Additional' is too wordy.                                           write-good.TooWordy 
 78:42    [33mwarning[0m  'be sourced' may be passive voice. Use active voice if you can.      write-good.Passive  
 146:59   [33mwarning[0m  'are managed' may be passive voice. Use active voice if you can.     write-good.Passive  
 191:49   [33mwarning[0m  'usually' is a weasel word!                                          write-good.Weasel   
 266:51   [33mwarning[0m  'is parsed' may be passive voice. Use active voice if you can.       write-good.Passive  
 277:1    [33mwarning[0m  'is required' may be passive voice. Use active voice if you can.     write-good.Passive  
 334:92   [33mwarning[0m  'additional' is too wordy.                                           write-good.TooWordy 
 348:168  [33mwarning[0m  'be treated' may be passive voice. Use active voice if you can.      write-good.Passive  
 353:36   [33mwarning[0m  'are documented' may be passive voice. Use active voice if you can.  write-good.Passive  
 355:10   [33mwarning[0m  'are recorded' may be passive voice. Use active voice if you can.    write-good.Passive  
 433:37   [33mwarning[0m  'is sourced' may be passive voice. Use active voice if you can.      write-good.Passive  
 440:25   [33mwarning[0m  'is loaded' may be passive voice. Use active voice if you can.       write-good.Passive  
 447:28   [33mwarning[0m  'is rejected' may be passive voice. Use active voice if you can.     write-good.Passive  
 449:29   [33mwarning[0m  'are sourced' may be passive voice. Use active voice if you can.     write-good.Passive  
 474:27   [33mwarning[0m  'is implemented' may be passive voice. Use active voice if you can.  write-good.Passive  
 480:14   [33mwarning[0m  'are tested' may be passive voice. Use active voice if you can.      write-good.Passive  
 483:27   [33mwarning[0m  'is discovered' may be passive voice. Use active voice if you can.   write-good.Passive  
 518:39   [33mwarning[0m  'several' is a weasel word!                                          write-good.Weasel   
 521:30   [33mwarning[0m  'are enabled' may be passive voice. Use active voice if you can.     write-good.Passive  
 521:100  [33mwarning[0m  'is changed' may be passive voice. Use active voice if you can.      write-good.Passive  
 526:27   [33mwarning[0m  'are created' may be passive voice. Use active voice if you can.     write-good.Passive  
 527:47   [33mwarning[0m  'are validated' may be passive voice. Use active voice if you can.   write-good.Passive  
 545:39   [33mwarning[0m  'equivalent' is too wordy.                                           write-good.TooWordy 
 574:7    [33mwarning[0m  'are intended' may be passive voice. Use active voice if you can.    write-good.Passive  
 609:25   [33mwarning[0m  'be inferred' may be passive voice. Use active voice if you can.     write-good.Passive  


 [4mmantle/audits/mantle-holistic-polish-20260806T124442Z.md[0m
 21:164    [33mwarning[0m  'be executed' may be passive voice. Use active voice if you can.       write-good.Passive  
 29:87     [33mwarning[0m  'prior to' is too wordy.                                               write-good.TooWordy 
 29:124    [33mwarning[0m  'been implemented' may be passive voice. Use active voice if you can.  write-good.Passive  
 31:80     [33mwarning[0m  'are recommended' may be passive voice. Use active voice if you can.   write-good.Passive  
 32:53     [33mwarning[0m  'several' is a weasel word!                                            write-good.Weasel   
 36:19     [33mwarning[0m  'are recorded' may be passive voice. Use active voice if you can.      write-good.Passive  
 133:7     [33mwarning[0m  'Methodology' is too wordy.                                            write-good.TooWordy 
 146:66    [33mwarning[0m  'several' is a weasel word!                                            write-good.Weasel   
 165:7     [33mwarning[0m  'Overall' is too wordy.                                                write-good.TooWordy 
 189:103   [33mwarning[0m  'be resolved' may be passive voice. Use active voice if you can.       write-good.Passive  
 190:139   [33mwarning[0m  'be resolved' may be passive voice. Use active voice if you can.       write-good.Passive  
 193:58    [33mwarning[0m  'is resolved' may be passive voice. Use active voice if you can.       write-good.Passive  
 244:71    [33mwarning[0m  'is computed' may be passive voice. Use active voice if you can.       write-good.Passive  
 293:32    [33mwarning[0m  'be done' may be passive voice. Use active voice if you can.           write-good.Passive  
 309:194   [33mwarning[0m  'However' is too wordy.                                                write-good.TooWordy 
 309:265   [33mwarning[0m  'be captured' may be passive voice. Use active voice if you can.       write-good.Passive  
 320:128   [33mwarning[0m  'be detected' may be passive voice. Use active voice if you can.       write-good.Passive  
 322:114   [33mwarning[0m  'minimum' is too wordy.                                                write-good.TooWordy 
 346:77    [33mwarning[0m  'is produced' may be passive voice. Use active voice if you can.       write-good.Passive  
 383:63    [33mwarning[0m  'equivalent' is too wordy.                                             write-good.TooWordy 
 383:152   [33mwarning[0m  'multiple' is too wordy.                                               write-good.TooWordy 
 415:1     [31merror[0m    Don't start a sentence with 'There are'.                               write-good.ThereIs  
 415:153   [31merror[0m    Don't start a sentence with 'There is'.                                write-good.ThereIs  
 483:241   [33mwarning[0m  'it is' is too wordy.                                                  write-good.TooWordy 
 483:244   [33mwarning[0m  'is sourced' may be passive voice. Use active voice if you can.        write-good.Passive  
 485:68    [33mwarning[0m  'be sourced' may be passive voice. Use active voice if you can.        write-good.Passive  
 501:94    [33mwarning[0m  'equivalent' is too wordy.                                             write-good.TooWordy 
 503:41    [33mwarning[0m  'clearly' is a weasel word!                                            write-good.Weasel   
 539:160   [33mwarning[0m  'is restored' may be passive voice. Use active voice if you can.       write-good.Passive  
 561:120   [33mwarning[0m  'are exported' may be passive voice. Use active voice if you can.      write-good.Passive  
 609:90    [33mwarning[0m  'Several' is a weasel word!                                            write-good.Weasel   
 609:242   [33mwarning[0m  'it is' is too wordy.                                                  write-good.TooWordy 
 625:126   [33mwarning[0m  'was added' may be passive voice. Use active voice if you can.         write-good.Passive  
 643:43    [33mwarning[0m  'is noted' may be passive voice. Use active voice if you can.          write-good.Passive  
 656:120   [33mwarning[0m  'be run' may be passive voice. Use active voice if you can.            write-good.Passive  
 656:155   [33mwarning[0m  'been validated' may be passive voice. Use active voice if you can.    write-good.Passive  
 672:121   [33mwarning[0m  'However' is too wordy.                                                write-good.TooWordy 
 733:37    [33mwarning[0m  'are registered' may be passive voice. Use active voice if you can.    write-good.Passive  
 739:50    [33mwarning[0m  'be sourced' may be passive voice. Use active voice if you can.        write-good.Passive  
 775:165   [33mwarning[0m  'is backed' may be passive voice. Use active voice if you can.         write-good.Passive  
 785:72    [33mwarning[0m  'requirement' is too wordy.                                            write-good.TooWordy 
 790:71    [33mwarning[0m  'requirement' is too wordy.                                            write-good.TooWordy 
 791:50    [33mwarning[0m  'requirement' is too wordy.                                            write-good.TooWordy 
 796:18    [33mwarning[0m  'Validate' is too wordy.                                               write-good.TooWordy 
 803:3     [33mwarning[0m  'Evaluate' is too wordy.                                               write-good.TooWordy 
 824:8     [33mwarning[0m  'are ordered' may be passive voice. Use active voice if you can.       write-good.Passive  
 896:75    [33mwarning[0m  'be produced' may be passive voice. Use active voice if you can.       write-good.Passive  
 915:74    [33mwarning[0m  'requirement' is too wordy.                                            write-good.TooWordy 
 924:35    [33mwarning[0m  'requirement' is too wordy.                                            write-good.TooWordy 
 936:48    [33mwarning[0m  'requirement' is too wordy.                                            write-good.TooWordy 
 937:190   [33mwarning[0m  'is required' may be passive voice. Use active voice if you can.       write-good.Passive  
 948:107   [33mwarning[0m  'be run' may be passive voice. Use active voice if you can.            write-good.Passive  
 960:110   [33mwarning[0m  'evaluate' is too wordy.                                               write-good.TooWordy 
 963:90    [33mwarning[0m  'is expected' may be passive voice. Use active voice if you can.       write-good.Passive  
 963:105   [33mwarning[0m  'be installed' may be passive voice. Use active voice if you can.      write-good.Passive  
 971:58    [33mwarning[0m  'be run' may be passive voice. Use active voice if you can.            write-good.Passive  
 973:196   [33mwarning[0m  'be required' may be passive voice. Use active voice if you can.       write-good.Passive  
 975:125   [33mwarning[0m  'is enabled' may be passive voice. Use active voice if you can.        write-good.Passive  
 977:110   [33mwarning[0m  'be added' may be passive voice. Use active voice if you can.          write-good.Passive  
 1013:163  [33mwarning[0m  'were read' may be passive voice. Use active voice if you can.         write-good.Passive  
 1096:13   [33mwarning[0m  'is marked' may be passive voice. Use active voice if you can.         write-good.Passive  
 1105:69   [33mwarning[0m  'be installed' may be passive voice. Use active voice if you can.      write-good.Passive  


 [4mmantle/lib/install/README.md[0m
 57:66   [33mwarning[0m  'is found' may be passive voice. Use active voice if you can.       write-good.Passive 
 61:12   [33mwarning[0m  'are rejected' may be passive voice. Use active voice if you can.   write-good.Passive 
 62:15   [33mwarning[0m  'are staged' may be passive voice. Use active voice if you can.     write-good.Passive 
 65:21   [33mwarning[0m  'is restricted' may be passive voice. Use active voice if you can.  write-good.Passive 
 108:35  [33mwarning[0m  'be set' may be passive voice. Use active voice if you can.         write-good.Passive 
 109:16  [33mwarning[0m  'is used' may be passive voice. Use active voice if you can.        write-good.Passive 


 [4mmantle/libexec/mantle/README.md[0m
 3:60   [33mwarning[0m  'are dispatched' may be passive voice. Use active voice if you can.  write-good.Passive 
 30:17  [33mwarning[0m  'are named' may be passive voice. Use active voice if you can.       write-good.Passive 
 30:60  [33mwarning[0m  'be executed' may be passive voice. Use active voice if you can.     write-good.Passive 


 [4mmantle/runtime/shells/fish/README.md[0m
 16:71  [33mwarning[0m  'are preserved' may be passive voice. Use active voice if you can.  write-good.Passive 


 [4mmantle/runtime/shells/fish/completions/README.md[0m
 4:54  [33mwarning[0m  'are required' may be passive voice. Use active voice if you can.  write-good.Passive 


 [4mmantle/tests/README.md[0m
 10:57   [33mwarning[0m  'Minimum' is too wordy.                                             write-good.TooWordy 
 20:31   [33mwarning[0m  'be skipped' may be passive voice. Use active voice if you can.     write-good.Passive  
 21:10   [33mwarning[0m  'all of' is too wordy.                                              write-good.TooWordy 
 58:19   [33mwarning[0m  'equivalent' is too wordy.                                          write-good.TooWordy 
 72:33   [33mwarning[0m  'equivalent' is too wordy.                                          write-good.TooWordy 
 154:15  [33mwarning[0m  'are replaced' may be passive voice. Use active voice if you can.   write-good.Passive  
 188:16  [33mwarning[0m  'is added' may be passive voice. Use active voice if you can.       write-good.Passive  
 235:22  [33mwarning[0m  'are isolated' may be passive voice. Use active voice if you can.   write-good.Passive  
 250:20  [33mwarning[0m  'are launched' may be passive voice. Use active voice if you can.   write-good.Passive  
 287:7   [33mwarning[0m  'are isolated' may be passive voice. Use active voice if you can.   write-good.Passive  
 338:49  [33mwarning[0m  'is validated' may be passive voice. Use active voice if you can.   write-good.Passive  
 359:41  [33mwarning[0m  'are installed' may be passive voice. Use active voice if you can.  write-good.Passive  
 379:13  [33mwarning[0m  'are designed' may be passive voice. Use active voice if you can.   write-good.Passive  
 397:60  [33mwarning[0m  'is involved' may be passive voice. Use active voice if you can.    write-good.Passive  


 [4mmindgarden/ARCHITECTURE.md[0m
 30:34  [33mwarning[0m  'are bounded' may be passive voice. Use active voice if you can.   write-good.Passive 
 35:10  [33mwarning[0m  'is committed' may be passive voice. Use active voice if you can.  write-good.Passive 


 [4mmindgarden/EXTRACTION.md[0m
 12:21  [33mwarning[0m  'are versioned' may be passive voice. Use active voice if you can.  write-good.Passive 
 19:76  [33mwarning[0m  'be projected' may be passive voice. Use active voice if you can.   write-good.Passive 


 [4mmindgarden/PROVENANCE.md[0m
 5:12   [33mwarning[0m  'was incubated' may be passive voice. Use active voice if you can.  write-good.Passive 
 14:17  [33mwarning[0m  'is retained' may be passive voice. Use active voice if you can.    write-good.Passive 
 14:50  [33mwarning[0m  'was expanded' may be passive voice. Use active voice if you can.   write-good.Passive 
 35:31  [33mwarning[0m  'be evaluated' may be passive voice. Use active voice if you can.   write-good.Passive 
 40:65  [33mwarning[0m  'are vendored' may be passive voice. Use active voice if you can.   write-good.Passive 


 [4mmindgarden/README.md[0m
 30:35  [33mwarning[0m  'multiple' is too wordy.                                              write-good.TooWordy 
 59:1   [33mwarning[0m  'Validate' is too wordy.                                              write-good.TooWordy 
 73:50  [33mwarning[0m  'are recorded' may be passive voice. Use active voice if you can.     write-good.Passive  
 75:47  [33mwarning[0m  'are defined' may be passive voice. Use active voice if you can.      write-good.Passive  
 78:36  [33mwarning[0m  'is incorporated' may be passive voice. Use active voice if you can.  write-good.Passive  


 [4mmindgarden/profiles/agent/README.md[0m
 4:37   [33mwarning[0m  'It is' is too wordy.                                             write-good.TooWordy 
 8:20   [33mwarning[0m  'acquire' is too wordy.                                           write-good.TooWordy 
 40:31  [33mwarning[0m  'is returned' may be passive voice. Use active voice if you can.  write-good.Passive  
 41:29  [33mwarning[0m  'is required' may be passive voice. Use active voice if you can.  write-good.Passive  


 [4mmindgarden/profiles/obsidian/README.md[0m
 23:69  [33mwarning[0m  'is scoped' may be passive voice. Use active voice if you can.    write-good.Passive 
 28:17  [33mwarning[0m  'is declared' may be passive voice. Use active voice if you can.  write-good.Passive 
 44:49  [33mwarning[0m  'are copied' may be passive voice. Use active voice if you can.   write-good.Passive 


 [4mmindgarden/profiles/quartz/README.md[0m
 12:30  [33mwarning[0m  'are rejected' may be passive voice. Use active voice if you can.   write-good.Passive  
 13:51  [33mwarning[0m  'are omitted' may be passive voice. Use active voice if you can.    write-good.Passive  
 16:45  [33mwarning[0m  'are rejected' may be passive voice. Use active voice if you can.   write-good.Passive  
 26:36  [33mwarning[0m  'are required' may be passive voice. Use active voice if you can.   write-good.Passive  
 52:5   [33mwarning[0m  'equivalent' is too wordy.                                          write-good.TooWordy 
 62:69  [33mwarning[0m  'is generated' may be passive voice. Use active voice if you can.   write-good.Passive  
 66:49  [33mwarning[0m  'are committed' may be passive voice. Use active voice if you can.  write-good.Passive  
 70:57  [33mwarning[0m  'it is' is too wordy.                                               write-good.TooWordy 
 74:32  [33mwarning[0m  'are pinned' may be passive voice. Use active voice if you can.     write-good.Passive  

✖ [31m4 errors[0m, [33m2017 warnings[0m and [34m0 suggestions[0m in 236 files.

::endgroup::
::group::[32m✅ Linted [XML] files with [xmllint] successfully - (0.28s)[0m (expand for details)
- Using [xmllint v21309] https://megalinter.io/10.0.0/descriptors/xml_xmllint
- MegaLinter key: [XML_XMLLINT]
- Rules config: identified by [xmllint]
- Number of files analyzed: [5]
- CWD: [/github/workspace]
- Command: [xmllint egolint/.config/lint/java/checkstyle/checkstyle.xml egolint/.config/lint/java/pmd/java-pmd-ruleset.xml egolint/.config/lint/php/phpcs.xml egolint/.config/lint/php/psalm.xml egolint/.config/lint/salesforce/apex-pmd-ruleset.xml]
::endgroup::
::group::[32m✅ Linted [YAML] files with [prettier] successfully - (4.05s)[0m (expand for details)
- Using [prettier v3.9.6] https://megalinter.io/10.0.0/descriptors/yaml_prettier
- MegaLinter key: [YAML_PRETTIER]
- Rules config: [egolint/.config/lint/javascript/prettier.config.mjs]
- Number of files analyzed: [130]
- CWD: [/github/workspace]
- Command: [prettier --check --config egolint/.config/lint/javascript/prettier.config.mjs .garden/context-packs/agent-default.yaml .garden/garden.yaml .github/FUNDING.yml .github/ISSUE_TEMPLATE/architecture.yml .github/ISSUE_TEMPLATE/bootstrap-repository.yml .gi...(truncated)]
::endgroup::
::group::[32m✅ Linted [YAML] files with [v8r] successfully - (38.61s)[0m (expand for details)
- Using [v8r v6.1.0] https://megalinter.io/10.0.0/descriptors/yaml_v8r
- MegaLinter key: [YAML_V8R]
- Rules config: [egolint/.config/lint/yaml/.v8rrc.yml]
- Number of files analyzed: [130]
- CWD: [/github/workspace]
- Command: [v8r --ignore-errors .garden/context-packs/agent-default.yaml .garden/garden.yaml .github/FUNDING.yml .github/ISSUE_TEMPLATE/architecture.yml .github/ISSUE_TEMPLATE/bootstrap-repository.yml .github/ISSUE_TEMPLATE/bug-report.yml .github/ISSUE_TEMPLATE/...(truncated)]
::endgroup::
::group::[32m✅ Linted [YAML] files with [yamllint] successfully - (11.23s)[0m (expand for details)
- Using [yamllint v1.38.0] https://megalinter.io/10.0.0/descriptors/yaml_yamllint
- MegaLinter key: [YAML_YAMLLINT]
- Rules config: [/github/workspace/.yamllint.yml]
- Number of files analyzed: [130]
- CWD: [/github/workspace]
- Command: [yamllint --format standard -c /github/workspace/.yamllint.yml .garden/context-packs/agent-default.yaml .garden/garden.yaml .github/FUNDING.yml .github/ISSUE_TEMPLATE/architecture.yml .github/ISSUE_TEMPLATE/bootstrap-repository.yml .github/ISSUE_TEMPL...(truncated)]
::endgroup::
[Post] run: [printf '%s\n' "MegaLinter completed successfully."] in cwd [/github/workspace]
[Post] result:
MegaLinter completed successfully.


+----SUMMARY------+--------------------------+---------------+-------+-------+--------+------------+----------+--------------+
| Descriptor      | Linter                   | Mode          | Files | Fixed | Errors | Max errors | Warnings | Elapsed time |
+-----------------+--------------------------+---------------+-------+-------+--------+------------+----------+--------------+
| ✅ ACTION       | actionlint               | list_of_files |    14 |       |      0 |            |        0 | 0.41s        |
| ✅ ANSIBLE      | ansible-lint             | project       |   n/a |       |      0 |            |        0 | 9.19s        |
| ✅ BASH         | bash-exec                | file          |    47 |       |      0 |            |        0 | 0.3s         |
| ✅ BASH         | shellcheck               | list_of_files |   116 |       |      0 |            |        0 | 10.31s       |
| ✅ BASH         | shfmt                    | list_of_files |     4 |       |      0 |            |        0 | 0.04s        |
| ⚠️ COPYPASTE    | jscpd                    | project       |   n/a |       |    340 |            |        0 | 3.92s        |
| ❌ CSS          | stylelint                | list_of_files |     2 |       |    108 |            |        0 | 2.08s        |
| ✅ EDITORCONFIG | editorconfig-checker     | list_of_files |   825 |       |      0 |            |        0 | 1.0s         |
| ✅ HTML         | htmlhint                 | list_of_files |     1 |       |      0 |            |        0 | 0.24s        |
| ❌ JAVASCRIPT   | eslint                   | list_of_files |     1 |       |      1 |            |        0 | 2.29s        |
| ✅ JAVASCRIPT   | prettier                 | list_of_files |     1 |       |      0 |            |        0 | 0.5s         |
| ✅ JSON         | jsonlint                 | list_of_files |   103 |       |      0 |            |        0 | 0.26s        |
| ❌ JSON         | prettier                 | list_of_files |   103 |       |      1 |            |        0 | 2.78s        |
| ✅ JSON         | v8r                      | list_of_files |   103 |       |      0 |            |        0 | 27.48s       |
| ❌ LATEX        | chktex                   | file          |     1 |       |      5 |            |        0 | 0.05s        |
| ✅ MARKDOWN     | markdownlint             | list_of_files |   232 |       |      0 |            |        0 | 4.21s        |
| ⚠️ MARKDOWN     | markdown-table-formatter | list_of_files |   232 |       |      1 |            |        0 | 0.87s        |
| ✅ POWERSHELL   | powershell               | file          |     1 |       |      0 |            |        0 | 1.56s        |
| ✅ POWERSHELL   | powershell_formatter     | file          |     1 |       |      0 |            |        0 | 1.17s        |
| ❌ PYTHON       | bandit                   | list_of_files |    45 |       |     11 |            |        0 | 2.41s        |
| ❌ PYTHON       | mypy                     | project       |   n/a |       |     22 |            |        0 | 13.91s       |
| ⚠️ PYTHON       | pylint                   | list_of_files |    45 |       |     36 |            |        0 | 15.47s       |
| ⚠️ PYTHON       | pyright                  | project       |   n/a |       |    815 |            |        0 | 11.76s       |
| ❌ PYTHON       | ruff                     | list_of_files |    45 |       |     55 |            |        0 | 0.81s        |
| ❌ PYTHON       | ruff-format              | list_of_files |    45 |       |      1 |            |        0 | 0.07s        |
| ✅ REPOSITORY   | betterleaks              | project       |   n/a |       |      0 |            |        0 | 1.3s         |
| ⚠️ REPOSITORY   | checkov                  | project       |   n/a |       |     57 |            |        0 | 41.89s       |
| ✅ REPOSITORY   | dustilock                | project       |   n/a |       |      0 |            |        0 | 2.49s        |
| ⚠️ REPOSITORY   | grype                    | project       |   n/a |       |     13 |            |        0 | 95.67s       |
| ✅ REPOSITORY   | ls-lint                  | project       |   n/a |       |      0 |            |        0 | 0.61s        |
| ✅ REPOSITORY   | secretlint               | project       |   n/a |       |      0 |            |        0 | 29.62s       |
| ✅ REPOSITORY   | syft                     | project       |   n/a |       |      0 |            |        0 | 6.04s        |
| ⚠️ REPOSITORY   | trivy                    | project       |   n/a |       |      1 |            |        0 | 16.27s       |
| ✅ REPOSITORY   | trivy-sbom               | project       |   n/a |       |      0 |            |        0 | 40.78s       |
| ❌ REPOSITORY   | trufflehog               | project       |   n/a |       |      1 |            |        0 | 11.99s       |
| ❌ RUST         | clippy                   | project       |   n/a |       |      1 |            |        0 | 0.46s        |
| ❌ SPELL        | lychee                   | list_of_files |   471 |       |     35 |            |        0 | 14.55s       |
| ⚠️ SPELL        | proselint                | list_of_files |   236 |       |    421 |            |        0 | 6.41s        |
| ⚠️ SPELL        | vale                     | list_of_files |   236 |       |      4 |            |     2017 | 5.14s        |
| ✅ XML          | xmllint                  | list_of_files |     5 |       |      0 |            |        0 | 0.28s        |
| ✅ YAML         | prettier                 | list_of_files |   130 |       |      0 |            |        0 | 4.05s        |
| ✅ YAML         | v8r                      | list_of_files |   130 |       |      0 |            |        0 | 38.61s       |
| ✅ YAML         | yamllint                 | list_of_files |   130 |       |      0 |            |        0 | 11.23s       |
+-----------------+--------------------------+---------------+-------+-------+--------+------------+----------+--------------+

[MARKDOWN_SUMMARY Reporter] Generated MARKDOWN_SUMMARY report: .reports/megalinter/megalinter-summary.md
[MARKDOWN_SUMMARY Reporter] Also appended to GITHUB_STEP_SUMMARY: /github/file_commands/step_summary_5fbef739-b70f-49c3-8b36-0b4ca0d8b5b1
[JSON Reporter] Generated JSON report: .reports/megalinter/mega-linter-report.json
[SARIF Reporter] Generated SARIF report: .reports/megalinter/megalinter-report.sarif
[31m❌ Error(s) have been found during linting[0m
To disable linters or customize their checks, you can use a .mega-linter.yml file at the root of your repository
More info at https://megalinter.io/10.0.0/configuration/
